step,particle_id,from,to
3,28736,FUN_2,FUN_3
21,16655,FUN_5,FUN_4
26,28819,FUN_4,FUN_5
27,11578,FUN_2,FUN_3
52,1874,CUBE_L,RET
52,26083,CUBE_R,FUN_6
54,26247,FUN_1,FUN_2
75,6264,FUN_4,FUN_3
77,16655,FUN_4,FUN_5
79,5694,FUN_3,FUN_4
93,6175,FUN_2,FUN_3
95,23533,FUN_1,CUBE_L
98,13527,FUN_4,FUN_3
104,24057,FUN_2,FUN_1
112,18495,FUN_2,FUN_3
115,27779,FUN_2,FUN_3
126,21105,FUN_4,FUN_5
141,13560,FUN_3,FUN_4
160,26169,FUN_4,FUN_3
161,6123,CUBE_L,FUN_1
166,2004,FUN_2,FUN_3
180,281,FUN_2,FUN_3
193,14287,FUN_3,FUN_4
195,5910,FUN_3,FUN_2
202,22316,FUN_3,FUN_4
206,24564,FUN_5,FUN_6
208,16655,FUN_5,FUN_4
211,23094,FUN_3,FUN_2
214,13527,FUN_3,FUN_4
217,22037,CUBE_L,FUN_1
238,8541,CUBE_R,RET
244,7742,CUBE_L,FUN_1
246,25200,FUN_4,FUN_3
250,15872,CUBE_R,FUN_6
265,8877,CUBE_R,RET
273,2133,FUN_4,FUN_5
283,6873,RET,CUBE_R
283,24082,RET,CUBE_L
311,29028,FUN_2,FUN_3
319,7647,FUN_3,FUN_4
333,23533,CUBE_L,FUN_1
334,8378,FUN_4,FUN_5
341,2025,CUBE_R,RET
347,14454,FUN_3,FUN_4
364,20410,FUN_1,CUBE_L
378,14136,FUN_4,FUN_3
384,16165,FUN_1,FUN_2
385,21042,FUN_2,FUN_3
388,9282,FUN_6,CUBE_R
391,8834,FUN_3,FUN_2
401,15095,FUN_3,FUN_2
406,26110,FUN_2,FUN_3
407,456,RET,CUBE_R
409,25907,FUN_1,FUN_2
416,11853,FUN_4,FUN_3
426,13822,FUN_1,FUN_2
426,19041,FUN_1,FUN_2
429,8834,FUN_2,FUN_3
445,15965,FUN_5,FUN_4
489,25036,CUBE_L,RET
490,6164,FUN_1,FUN_2
493,20348,FUN_2,FUN_3
512,17714,FUN_4,FUN_3
519,8838,FUN_1,CUBE_L
519,14508,FUN_3,FUN_2
520,11063,RET,CUBE_R
528,561,FUN_1,FUN_2
528,26247,FUN_2,FUN_1
536,2184,FUN_6,CUBE_R
544,11210,FUN_3,FUN_4
548,9294,CUBE_L,RET
552,29952,FUN_1,FUN_2
555,20369,FUN_2,FUN_3
568,7474,FUN_1,FUN_2
579,10291,FUN_1,FUN_2
586,17714,FUN_3,FUN_4
591,10286,FUN_5,FUN_4
592,22618,FUN_3,FUN_2
594,15682,FUN_6,FUN_5
611,2782,FUN_1,FUN_2
613,6163,FUN_3,FUN_4
614,21298,FUN_3,FUN_2
619,20682,FUN_5,FUN_6
637,3480,FUN_2,FUN_1
642,3705,FUN_1,FUN_2
654,3210,FUN_5,FUN_4
655,27086,FUN_4,FUN_3
671,5310,FUN_2,FUN_1
711,6944,FUN_2,FUN_1
713,6696,FUN_2,FUN_3
735,10085,FUN_3,FUN_2
740,2133,FUN_5,FUN_4
761,21074,FUN_6,FUN_5
763,23236,FUN_3,FUN_4
771,27459,FUN_1,FUN_2
773,26128,RET,CUBE_R
778,18149,FUN_2,FUN_3
780,2925,FUN_1,FUN_2
785,12387,CUBE_L,RET
786,26862,FUN_1,FUN_2
789,21484,RET,CUBE_R
792,14626,FUN_2,FUN_1
804,6123,FUN_1,CUBE_L
813,824,FUN_4,FUN_5
822,7484,FUN_1,FUN_2
842,3480,FUN_1,FUN_2
852,29432,FUN_4,FUN_3
862,15947,FUN_4,FUN_5
880,10077,FUN_6,FUN_5
880,14831,FUN_4,FUN_5
880,15536,FUN_2,FUN_3
884,3144,FUN_2,FUN_3
888,7455,CUBE_R,FUN_6
899,21829,FUN_2,FUN_3
901,27415,FUN_2,FUN_1
902,2025,RET,CUBE_R
915,29215,FUN_4,FUN_5
922,13455,FUN_2,FUN_3
926,19650,FUN_6,FUN_5
926,20348,FUN_3,FUN_2
936,29028,FUN_3,FUN_2
939,28636,FUN_1,FUN_2
940,14022,FUN_3,FUN_2
954,14885,FUN_2,FUN_1
960,2716,FUN_2,FUN_1
963,5310,FUN_1,FUN_2
974,20537,FUN_3,FUN_2
980,15027,FUN_1,FUN_2
981,2133,FUN_4,FUN_5
987,10086,FUN_5,FUN_4
1000,25442,FUN_1,FUN_2
1016,5310,FUN_2,FUN_1
1020,11767,FUN_4,FUN_5
1037,11235,FUN_2,FUN_3
1045,7499,FUN_1,FUN_2
1045,20348,FUN_2,FUN_3
1048,10929,FUN_3,FUN_2
1057,1566,FUN_3,FUN_2
1062,17552,FUN_5,FUN_6
1065,7349,FUN_3,FUN_4
1068,26169,FUN_3,FUN_4
1071,17714,FUN_4,FUN_3
1078,8536,RET,CUBE_L
1081,14287,FUN_4,FUN_3
1096,28675,FUN_4,FUN_5
1108,26327,FUN_1,CUBE_L
1143,14678,FUN_3,FUN_4
1156,24909,FUN_2,FUN_3
1160,13476,CUBE_L,FUN_1
1160,20991,FUN_4,FUN_3
1162,8839,FUN_3,FUN_2
1166,9571,FUN_3,FUN_2
1166,19536,FUN_2,FUN_3
1173,20391,FUN_1,CUBE_L
1195,6440,FUN_6,FUN_5
1208,7084,FUN_3,FUN_2
1214,29744,FUN_4,FUN_3
1228,5319,RET,CUBE_R
1230,8958,FUN_2,FUN_3
1256,14329,FUN_2,FUN_1
1258,15298,FUN_3,FUN_2
1282,7912,FUN_1,FUN_2
1286,6873,CUBE_R,RET
1286,15027,FUN_2,FUN_1
1299,12161,FUN_2,FUN_3
1301,2659,FUN_4,FUN_5
1303,7536,RET,CUBE_R
1320,8419,FUN_2,FUN_1
1320,17714,FUN_3,FUN_4
1321,29242,FUN_4,FUN_3
1333,24054,FUN_4,FUN_5
1337,7455,FUN_6,CUBE_R
1359,2003,FUN_6,FUN_5
1371,8536,CUBE_L,RET
1372,15298,FUN_2,FUN_3
1376,15705,FUN_3,FUN_2
1385,23440,RET,CUBE_R
1389,9001,CUBE_L,RET
1412,6264,FUN_3,FUN_4
1424,17996,RET,CUBE_L
1474,23436,FUN_1,FUN_2
1486,10012,FUN_2,FUN_3
1501,28394,FUN_4,FUN_5
1507,25256,FUN_5,FUN_4
1513,29182,FUN_1,FUN_2
1519,23820,FUN_2,FUN_1
1519,28919,FUN_2,FUN_1
1520,2364,FUN_2,FUN_3
1526,8089,CUBE_R,FUN_6
1528,3177,FUN_2,FUN_1
1531,22842,FUN_1,FUN_2
1534,7522,RET,CUBE_R
1540,28819,FUN_5,FUN_4
1580,14648,FUN_3,FUN_4
1601,14454,FUN_4,FUN_3
1606,24066,FUN_2,FUN_3
1611,15437,CUBE_L,FUN_1
1626,15286,FUN_3,FUN_4
1630,11578,FUN_3,FUN_2
1639,3210,FUN_4,FUN_5
1642,25126,FUN_2,FUN_3
1643,2025,CUBE_R,RET
1643,21074,FUN_5,FUN_6
1647,2659,FUN_5,FUN_4
1651,10286,FUN_4,FUN_5
1681,3598,FUN_6,FUN_5
1693,6873,RET,CUBE_R
1710,3705,FUN_2,FUN_1
1725,20333,FUN_2,FUN_1
1726,11578,FUN_2,FUN_3
1732,8864,FUN_3,FUN_4
1733,13946,FUN_1,FUN_2
1758,11210,FUN_4,FUN_3
1774,25250,FUN_1,FUN_2
1777,23436,FUN_2,FUN_1
1780,14287,FUN_3,FUN_4
1796,26548,FUN_2,FUN_3
1829,6873,CUBE_R,RET
1831,20333,FUN_1,FUN_2
1837,26921,FUN_2,FUN_1
1860,2003,FUN_5,FUN_6
1873,5310,FUN_1,FUN_2
1878,25691,FUN_2,FUN_1
1881,20333,FUN_2,FUN_1
1893,27919,FUN_2,FUN_3
1895,13380,RET,CUBE_L
1896,12161,FUN_3,FUN_2
1903,23440,CUBE_R,RET
1905,6093,FUN_2,FUN_3
1907,57,FUN_4,FUN_3
1909,15947,FUN_5,FUN_4
1923,8701,FUN_4,FUN_5
1929,3501,FUN_4,FUN_3
1938,17714,FUN_4,FUN_3
1941,28606,FUN_2,FUN_1
1950,28394,FUN_5,FUN_4
1967,1595,FUN_6,FUN_5
1967,6180,FUN_2,FUN_3
1975,2660,FUN_3,FUN_2
1991,26520,FUN_4,FUN_3
2004,11403,RET,CUBE_R
2020,7371,FUN_1,FUN_2
2021,5860,FUN_5,FUN_4
2021,23436,FUN_1,FUN_2
2027,3618,FUN_4,FUN_5
2027,29858,FUN_3,FUN_4
2029,7084,FUN_2,FUN_3
2046,25256,FUN_4,FUN_5
2057,23945,FUN_4,FUN_5
2059,14626,FUN_1,FUN_2
2059,23768,FUN_2,FUN_3
2062,18931,FUN_1,CUBE_L
2066,7647,FUN_4,FUN_3
2072,6172,FUN_6,CUBE_R
2092,2247,FUN_5,FUN_6
2096,25230,CUBE_R,FUN_6
2100,9571,FUN_2,FUN_3
2100,29512,CUBE_R,FUN_6
2101,11747,RET,CUBE_L
2121,26921,FUN_1,FUN_2
2124,17798,FUN_2,FUN_3
2138,6264,FUN_4,FUN_3
2140,17996,CUBE_L,RET
2144,843,RET,CUBE_R
2148,7267,FUN_1,FUN_2
2148,24564,FUN_6,FUN_5
2154,22462,FUN_3,FUN_2
2156,17714,FUN_3,FUN_4
2162,9335,FUN_5,FUN_4
2171,21604,FUN_4,FUN_3
2174,754,FUN_1,FUN_2
2174,18686,FUN_1,FUN_2
2180,6690,FUN_1,FUN_2
2180,18167,FUN_3,FUN_2
2209,16383,FUN_3,FUN_2
2227,5860,FUN_4,FUN_5
2234,20298,FUN_2,FUN_3
2238,2008,FUN_3,FUN_2
2249,5310,FUN_2,FUN_1
2257,16723,FUN_3,FUN_2
2262,27536,FUN_3,FUN_2
2274,9425,FUN_2,FUN_3
2280,7004,FUN_5,FUN_4
2283,19401,FUN_3,FUN_2
2307,560,FUN_4,FUN_5
2312,28722,FUN_4,FUN_3
2315,29825,RET,CUBE_L
2332,26543,FUN_2,FUN_1
2341,2133,FUN_5,FUN_4
2358,16390,CUBE_R,RET
2373,17465,FUN_4,FUN_3
2388,8555,FUN_4,FUN_5
2399,15154,CUBE_L,RET
2401,22061,FUN_1,FUN_2
2403,11747,CUBE_L,RET
2413,11235,FUN_3,FUN_2
2427,6180,FUN_3,FUN_2
2441,6873,RET,CUBE_R
2452,29952,FUN_2,FUN_1
2455,25643,CUBE_R,RET
2462,4004,CUBE_L,RET
2472,22061,FUN_2,FUN_1
2486,16205,FUN_3,FUN_2
2505,6264,FUN_3,FUN_4
2506,19308,FUN_5,FUN_6
2507,16718,FUN_1,FUN_2
2513,8839,FUN_2,FUN_3
2516,26239,FUN_6,CUBE_R
2519,14756,FUN_5,FUN_4
2525,2440,RET,CUBE_L
2535,22797,FUN_2,FUN_3
2535,24798,RET,CUBE_R
2549,560,FUN_5,FUN_4
2568,5709,FUN_6,FUN_5
2576,23436,FUN_2,FUN_1
2579,17465,FUN_3,FUN_4
2595,19632,CUBE_L,RET
2604,25567,FUN_1,FUN_2
2618,1874,RET,CUBE_L
2635,879,FUN_5,FUN_6
2635,2716,FUN_1,FUN_2
2639,25643,RET,CUBE_R
2658,2275,FUN_3,FUN_2
2665,26247,FUN_1,FUN_2
2694,25230,FUN_6,CUBE_R
2697,28832,FUN_3,FUN_2
2707,19308,FUN_6,FUN_5
2725,17996,RET,CUBE_L
2729,16075,FUN_3,FUN_2
2729,19401,FUN_2,FUN_3
2732,2275,FUN_2,FUN_3
2735,10785,CUBE_R,RET
2735,21298,FUN_2,FUN_3
2746,8419,FUN_1,FUN_2
2754,14034,RET,CUBE_R
2763,15872,FUN_6,CUBE_R
2776,20333,FUN_1,FUN_2
2786,12836,FUN_3,FUN_2
2788,17626,RET,CUBE_R
2795,27779,FUN_3,FUN_2
2811,3144,FUN_3,FUN_2
2814,13213,CUBE_R,FUN_6
2818,27459,FUN_2,FUN_1
2820,11115,CUBE_R,FUN_6
2834,24734,FUN_6,FUN_5
2848,22061,FUN_1,FUN_2
2854,6871,FUN_2,FUN_1
2864,13732,FUN_2,FUN_3
2870,29251,FUN_2,FUN_3
2875,8128,FUN_3,FUN_2
2875,11341,CUBE_R,RET
2883,8793,FUN_3,FUN_2
2889,10557,FUN_2,FUN_3
2891,9571,FUN_3,FUN_2
2901,6163,FUN_4,FUN_3
2906,22077,RET,CUBE_R
2910,17465,FUN_4,FUN_3
2910,20075,FUN_2,FUN_1
2916,4800,FUN_4,FUN_3
2927,22588,RET,CUBE_L
2946,1805,FUN_5,FUN_6
2949,29956,FUN_3,FUN_4
2955,560,FUN_4,FUN_5
2958,7627,FUN_3,FUN_2
2975,9676,FUN_4,FUN_5
2976,8378,FUN_5,FUN_4
2978,9571,FUN_2,FUN_3
2979,905,FUN_2,FUN_1
2983,10312,CUBE_L,RET
2987,21074,FUN_6,FUN_5
2998,7484,FUN_2,FUN_1
3015,8521,FUN_3,FUN_2
3026,1113,FUN_1,FUN_2
3029,9571,FUN_3,FUN_2
3056,11403,CUBE_R,RET
3057,6760,FUN_3,FUN_2
3058,9571,FUN_2,FUN_3
3062,9571,FUN_3,FUN_2
3078,544,RET,CUBE_R
3094,7484,FUN_1,FUN_2
3094,10286,FUN_5,FUN_4
3096,9571,FUN_2,FUN_3
3097,22377,FUN_2,FUN_3
3102,28368,CUBE_L,RET
3117,775,FUN_2,FUN_1
3123,13112,FUN_1,FUN_2
3141,19671,FUN_2,FUN_3
3144,19084,FUN_2,FUN_1
3149,21135,FUN_2,FUN_1
3155,1373,FUN_1,FUN_2
3158,27928,FUN_4,FUN_5
3170,4481,FUN_5,FUN_4
3173,10895,FUN_3,FUN_2
3178,2273,CUBE_L,RET
3204,20719,FUN_6,FUN_5
3218,16589,FUN_3,FUN_4
3221,2967,CUBE_R,RET
3221,8301,FUN_1,FUN_2
3221,10424,FUN_2,FUN_1
3227,3629,FUN_2,FUN_3
3235,2275,FUN_3,FUN_2
3239,9247,FUN_6,CUBE_R
3265,25230,CUBE_R,FUN_6
3269,24290,FUN_2,FUN_1
3273,27779,FUN_2,FUN_3
3290,12471,FUN_3,FUN_4
3292,22462,FUN_2,FUN_3
3314,26239,CUBE_R,FUN_6
3320,3144,FUN_2,FUN_3
3332,21817,FUN_1,FUN_2
3334,8793,FUN_2,FUN_3
3335,23794,CUBE_L,RET
3348,28368,RET,CUBE_L
3356,8669,FUN_4,FUN_5
3370,28606,FUN_1,FUN_2
3373,16734,FUN_3,FUN_4
3379,7403,RET,CUBE_L
3380,19739,RET,CUBE_L
3380,25476,FUN_2,FUN_3
3381,10012,FUN_3,FUN_2
3384,25037,FUN_2,FUN_3
3389,21225,FUN_6,FUN_5
3392,29432,FUN_3,FUN_4
3403,3177,FUN_1,FUN_2
3403,7042,RET,CUBE_L
3417,13921,CUBE_L,FUN_1
3418,25126,FUN_3,FUN_2
3420,28460,FUN_6,CUBE_R
3426,18965,FUN_3,FUN_2
3429,28691,FUN_3,FUN_4
3439,18187,CUBE_R,FUN_6
3465,5035,FUN_3,FUN_2
3466,8419,FUN_2,FUN_1
3482,9001,RET,CUBE_L
3491,2211,FUN_1,FUN_2
3497,9001,CUBE_L,RET
3506,27432,CUBE_L,RET
3511,16173,FUN_2,FUN_1
3530,23755,FUN_5,FUN_4
3542,23314,CUBE_R,RET
3546,4408,FUN_3,FUN_2
3555,10424,FUN_1,FUN_2
3560,27928,FUN_5,FUN_4
3567,2250,CUBE_L,RET
3570,10895,FUN_2,FUN_3
3573,5358,RET,CUBE_R
3609,7484,FUN_2,FUN_1
3627,1588,FUN_3,FUN_2
3631,17040,FUN_2,FUN_3
3631,29858,FUN_4,FUN_3
3634,14688,FUN_3,FUN_2
3644,11841,FUN_5,FUN_4
3648,4004,RET,CUBE_L
3649,29744,FUN_3,FUN_4
3651,18972,FUN_5,FUN_4
3670,9700,FUN_6,CUBE_R
3694,4155,FUN_3,FUN_2
3701,9756,FUN_5,FUN_4
3715,11566,FUN_1,FUN_2
3717,28174,FUN_1,FUN_2
3740,5140,FUN_2,FUN_3
3743,18046,CUBE_R,RET
3755,13132,FUN_3,FUN_2
3755,25718,CUBE_L,RET
3766,9247,CUBE_R,FUN_6
3785,12661,FUN_2,FUN_1
3790,1805,FUN_6,FUN_5
3792,1771,FUN_2,FUN_3
3795,29201,FUN_6,FUN_5
3799,27459,FUN_1,FUN_2
3800,25664,CUBE_R,FUN_6
3810,4800,FUN_3,FUN_4
3811,26409,CUBE_R,RET
3827,19039,FUN_4,FUN_3
3832,18526,FUN_4,FUN_5
3834,14329,FUN_1,FUN_2
3850,1008,FUN_1,FUN_2
3855,25952,RET,CUBE_R
3859,7717,RET,CUBE_L
3859,24675,CUBE_R,FUN_6
3860,8521,FUN_2,FUN_3
3862,18167,FUN_2,FUN_3
3863,29245,RET,CUBE_L
3871,12134,FUN_2,FUN_1
3871,17252,CUBE_R,RET
3874,14831,FUN_5,FUN_4
3876,25718,RET,CUBE_L
3900,11584,FUN_4,FUN_5
3925,19476,RET,CUBE_R
3933,23868,FUN_2,FUN_3
3940,8542,FUN_4,FUN_5
3976,6264,FUN_4,FUN_3
3994,23436,FUN_1,FUN_2
3996,17711,FUN_3,FUN_2
4001,13721,FUN_3,FUN_4
4010,15437,FUN_1,CUBE_L
4014,8419,FUN_1,FUN_2
4014,23777,FUN_3,FUN_2
4016,13736,FUN_2,FUN_3
4017,8933,FUN_2,FUN_1
4037,16586,FUN_1,FUN_2
4044,19558,FUN_2,FUN_3
4046,843,CUBE_R,RET
4050,22816,FUN_3,FUN_2
4051,25488,FUN_3,FUN_2
4053,8378,FUN_4,FUN_5
4055,25253,FUN_3,FUN_2
4058,21829,FUN_3,FUN_2
4066,10753,FUN_6,CUBE_R
4068,26036,FUN_6,CUBE_R
4084,8958,FUN_3,FUN_2
4106,12925,FUN_2,FUN_3
4120,13044,FUN_1,FUN_2
4121,25488,FUN_2,FUN_3
4129,20233,FUN_2,FUN_3
4130,5860,FUN_5,FUN_4
4148,19308,FUN_5,FUN_6
4160,23631,FUN_2,FUN_1
4161,29602,FUN_6,FUN_5
4178,7371,FUN_2,FUN_1
4187,7525,FUN_2,FUN_3
4202,9001,RET,CUBE_L
4202,13165,FUN_3,FUN_2
4208,10654,FUN_2,FUN_1
4209,15889,RET,CUBE_L
4225,3937,FUN_2,FUN_1
4230,17240,FUN_3,FUN_4
4246,16718,FUN_2,FUN_1
4271,8078,FUN_3,FUN_2
4281,22934,FUN_3,FUN_2
4290,15027,FUN_1,FUN_2
4308,18490,FUN_5,FUN_4
4312,25718,CUBE_L,RET
4335,5675,FUN_1,FUN_2
4342,23868,FUN_3,FUN_2
4350,8548,FUN_2,FUN_3
4353,28415,FUN_3,FUN_2
4359,3983,FUN_3,FUN_2
4360,22677,CUBE_R,RET
4374,987,FUN_2,FUN_1
4379,4004,CUBE_L,RET
4380,2967,RET,CUBE_R
4390,14626,FUN_2,FUN_1
4390,26921,FUN_2,FUN_1
4400,24256,FUN_4,FUN_5
4415,11698,CUBE_R,RET
4450,21557,FUN_1,CUBE_L
4454,2660,FUN_2,FUN_3
4456,26952,RET,CUBE_R
4459,3501,FUN_3,FUN_4
4466,16804,FUN_3,FUN_4
4483,22800,FUN_1,FUN_2
4485,1129,RET,CUBE_R
4497,29952,FUN_1,FUN_2
4505,10686,FUN_2,FUN_3
4506,5767,FUN_1,FUN_2
4513,23755,FUN_4,FUN_5
4516,26276,RET,CUBE_L
4526,11770,FUN_4,FUN_5
4529,23076,FUN_4,FUN_3
4562,15437,CUBE_L,FUN_1
4583,8078,FUN_2,FUN_3
4583,29858,FUN_3,FUN_4
4594,21105,FUN_5,FUN_4
4594,24945,FUN_2,FUN_1
4600,23945,FUN_5,FUN_4
4614,20538,RET,CUBE_L
4628,16650,FUN_3,FUN_2
4656,1425,FUN_4,FUN_5
4663,20075,FUN_1,FUN_2
4665,7891,FUN_3,FUN_4
4666,19632,RET,CUBE_L
4669,29952,FUN_2,FUN_1
4693,6636,RET,CUBE_R
4694,5898,CUBE_R,FUN_6
4702,15923,FUN_3,FUN_2
4703,27931,FUN_5,FUN_4
4705,18063,FUN_1,FUN_2
4713,13759,FUN_4,FUN_5
4755,25323,CUBE_L,RET
4772,17529,FUN_3,FUN_4
4775,26118,FUN_4,FUN_3
4777,17798,FUN_3,FUN_2
4783,11114,RET,CUBE_R
4795,10424,FUN_2,FUN_1
4802,8131,FUN_3,FUN_2
4802,25567,FUN_2,FUN_1
4810,13450,FUN_2,FUN_1
4817,7499,FUN_2,FUN_1
4824,28678,FUN_1,FUN_2
4846,19929,CUBE_L,RET
4868,10169,CUBE_L,RET
4869,28176,CUBE_R,RET
4884,17240,FUN_4,FUN_3
4934,8541,RET,CUBE_R
4945,16579,FUN_2,FUN_1
4949,5310,FUN_1,FUN_2
4951,18830,FUN_4,FUN_3
4963,10223,FUN_2,FUN_3
4965,7982,FUN_3,FUN_2
4966,16075,FUN_2,FUN_3
4970,28832,FUN_2,FUN_3
4982,24044,FUN_2,FUN_1
4993,17258,FUN_2,FUN_1
4996,19340,FUN_2,FUN_3
4997,20810,FUN_6,FUN_5
5013,5788,CUBE_R,RET
5035,23587,FUN_3,FUN_2
5039,4040,FUN_4,FUN_5
5041,6264,FUN_3,FUN_4
5041,19549,FUN_5,FUN_4
5043,23609,FUN_4,FUN_5
5052,29519,FUN_1,CUBE_L
5063,10291,FUN_2,FUN_1
5073,20233,FUN_3,FUN_2
5100,18223,CUBE_R,RET
5110,14688,FUN_2,FUN_3
5116,18490,FUN_4,FUN_5
5138,22302,FUN_1,FUN_2
5160,10012,FUN_2,FUN_3
5169,6621,FUN_2,FUN_3
5180,7371,FUN_1,FUN_2
5194,15424,FUN_4,FUN_5
5209,24105,RET,CUBE_L
5213,22245,FUN_6,CUBE_R
5215,27107,CUBE_L,RET
5216,8128,FUN_2,FUN_3
5229,23587,FUN_2,FUN_3
5230,6690,FUN_2,FUN_1
5233,10179,FUN_2,FUN_3
5236,18965,FUN_2,FUN_3
5247,13724,RET,CUBE_L
5261,8699,FUN_1,FUN_2
5290,5398,CUBE_R,RET
5293,5358,CUBE_R,RET
5294,23491,FUN_3,FUN_2
5309,21829,FUN_2,FUN_3
5318,25567,FUN_1,FUN_2
5328,24549,CUBE_L,FUN_1
5339,276,FUN_3,FUN_4
5350,11210,FUN_3,FUN_4
5364,11157,FUN_2,FUN_1
5367,10085,FUN_2,FUN_3
5370,6043,FUN_5,FUN_4
5376,20552,FUN_2,FUN_3
5378,19092,FUN_3,FUN_2
5399,10169,RET,CUBE_L
5439,13165,FUN_2,FUN_3
5451,19853,FUN_1,FUN_2
5476,26543,FUN_1,FUN_2
5479,9661,FUN_5,FUN_6
5479,16470,FUN_6,FUN_5
5523,25488,FUN_3,FUN_2
5530,14667,FUN_2,FUN_3
5546,22934,FUN_2,FUN_3
5554,6596,CUBE_L,RET
5554,28509,CUBE_L,RET
5569,15662,FUN_3,FUN_4
5570,2846,FUN_3,FUN_2
5578,8669,FUN_5,FUN_4
5583,4599,CUBE_L,RET
5600,29284,CUBE_R,RET
5601,25253,FUN_2,FUN_3
5616,22934,FUN_3,FUN_2
5632,8548,FUN_3,FUN_2
5633,13044,FUN_2,FUN_1
5640,2247,FUN_6,FUN_5
5643,15923,FUN_2,FUN_3
5644,6621,FUN_3,FUN_2
5658,13732,FUN_3,FUN_2
5680,17988,CUBE_R,RET
5692,22934,FUN_2,FUN_3
5712,15027,FUN_2,FUN_1
5712,17714,FUN_4,FUN_3
5721,22064,FUN_2,FUN_1
5733,11563,FUN_2,FUN_3
5734,19285,FUN_2,FUN_1
5752,26083,FUN_6,CUBE_R
5757,14136,FUN_3,FUN_4
5758,28880,FUN_5,FUN_4
5763,3378,FUN_2,FUN_3
5780,24290,FUN_1,FUN_2
5798,7891,FUN_4,FUN_3
5805,1595,FUN_5,FUN_6
5811,25488,FUN_2,FUN_3
5823,11853,FUN_3,FUN_4
5862,25830,FUN_4,FUN_3
5871,18061,FUN_1,FUN_2
5876,19168,RET,CUBE_R
5879,9294,RET,CUBE_L
5884,14552,FUN_2,FUN_3
5896,7455,CUBE_R,FUN_6
5896,10169,CUBE_L,RET
5906,27468,CUBE_L,RET
5913,13946,FUN_2,FUN_1
5914,3937,FUN_1,FUN_2
5916,14098,FUN_2,FUN_3
5933,1202,FUN_1,FUN_2
5938,27913,FUN_1,FUN_2
5948,29602,FUN_5,FUN_6
5988,23838,FUN_3,FUN_2
5989,19334,FUN_3,FUN_2
5991,25912,FUN_5,FUN_4
6024,24922,FUN_3,FUN_2
6036,213,FUN_6,CUBE_R
6039,5358,RET,CUBE_R
6040,26409,RET,CUBE_R
6041,26905,FUN_3,FUN_4
6051,2247,FUN_5,FUN_6
6058,27481,FUN_2,FUN_1
6062,13736,FUN_3,FUN_2
6067,5035,FUN_2,FUN_3
6067,9489,FUN_6,FUN_5
6070,29825,CUBE_L,RET
6078,4635,CUBE_L,RET
6089,19670,FUN_3,FUN_4
6117,28167,CUBE_L,RET
6120,9631,FUN_5,FUN_6
6127,11563,FUN_3,FUN_2
6141,23937,FUN_2,FUN_3
6152,16383,FUN_2,FUN_3
6154,20649,FUN_2,FUN_1
6156,2396,FUN_3,FUN_4
6164,7499,FUN_1,FUN_2
6180,19109,FUN_2,FUN_1
6181,4059,FUN_5,FUN_4
6191,24636,FUN_1,CUBE_L
6222,20047,FUN_4,FUN_5
6235,19536,FUN_3,FUN_2
6248,15889,CUBE_L,RET
6280,23899,CUBE_L,FUN_1
6285,17171,FUN_3,FUN_2
6314,13834,FUN_2,FUN_1
6330,561,FUN_2,FUN_1
6333,27305,CUBE_R,FUN_6
6343,10343,CUBE_L,RET
6343,29196,RET,CUBE_L
6347,3118,FUN_1,FUN_2
6349,4505,FUN_5,FUN_4
6351,17258,FUN_1,FUN_2
6357,4599,RET,CUBE_L
6357,9247,FUN_6,CUBE_R
6361,18167,FUN_3,FUN_2
6366,2716,FUN_2,FUN_1
6401,20810,FUN_5,FUN_6
6407,5358,CUBE_R,RET
6449,24700,CUBE_L,RET
6497,20773,FUN_3,FUN_2
6515,15317,FUN_6,CUBE_R
6533,26988,FUN_2,FUN_3
6534,2967,CUBE_R,RET
6544,3705,FUN_1,FUN_2
6549,21002,RET,CUBE_L
6551,18929,FUN_2,FUN_1
6566,7627,FUN_2,FUN_3
6569,7474,FUN_2,FUN_1
6569,19290,FUN_2,FUN_1
6574,15269,FUN_4,FUN_5
6585,6557,FUN_5,FUN_4
6587,24051,FUN_2,FUN_1
6592,28722,FUN_3,FUN_4
6595,6478,FUN_3,FUN_2
6607,28549,RET,CUBE_L
6621,24105,CUBE_L,RET
6623,544,CUBE_R,RET
6636,29602,FUN_6,FUN_5
6664,9265,FUN_2,FUN_3
6671,8555,FUN_5,FUN_4
6680,1588,FUN_2,FUN_3
6701,21484,CUBE_R,RET
6711,4206,RET,CUBE_R
6713,25567,FUN_2,FUN_1
6718,8419,FUN_2,FUN_1
6729,13946,FUN_1,FUN_2
6730,20140,FUN_2,FUN_1
6740,24700,RET,CUBE_L
6747,20063,FUN_2,FUN_1
6765,20719,FUN_5,FUN_6
6778,13732,FUN_2,FUN_3
6779,20649,FUN_1,FUN_2
6794,24168,CUBE_R,FUN_6
6800,4279,FUN_3,FUN_2
6823,21557,CUBE_L,FUN_1
6839,6447,FUN_3,FUN_2
6848,8128,FUN_3,FUN_2
6858,15126,FUN_2,FUN_1
6881,25036,RET,CUBE_L
6887,5311,FUN_1,CUBE_L
6892,20719,FUN_6,FUN_5
6904,4124,FUN_3,FUN_2
6905,14089,FUN_4,FUN_5
6922,29401,RET,CUBE_R
6932,25718,RET,CUBE_L
6940,16718,FUN_1,FUN_2
6947,15464,FUN_2,FUN_1
6966,26712,RET,CUBE_R
6987,11551,FUN_2,FUN_1
6988,17739,RET,CUBE_R
6992,11144,FUN_2,FUN_1
6995,5395,RET,CUBE_L
6996,9941,FUN_5,FUN_6
7000,26548,FUN_3,FUN_2
7014,4599,CUBE_L,RET
7015,1459,FUN_3,FUN_4
7032,2261,FUN_4,FUN_5
7038,14301,FUN_2,FUN_1
7076,17533,FUN_3,FUN_4
7085,23491,FUN_2,FUN_3
7085,27930,FUN_3,FUN_4
7088,6810,FUN_2,FUN_3
7090,6447,FUN_2,FUN_3
7118,2396,FUN_4,FUN_3
7124,24290,FUN_2,FUN_1
7128,13732,FUN_3,FUN_2
7139,2716,FUN_1,FUN_2
7139,11978,FUN_3,FUN_2
7143,18851,FUN_2,FUN_1
7152,16585,FUN_2,FUN_1
7152,17225,FUN_3,FUN_4
7161,11426,CUBE_R,FUN_6
7169,9631,FUN_6,FUN_5
7179,28657,RET,CUBE_L
7197,2496,FUN_3,FUN_4
7204,22677,RET,CUBE_R
7209,11833,FUN_1,CUBE_L
7217,15269,FUN_5,FUN_4
7226,22873,FUN_4,FUN_5
7240,8378,FUN_5,FUN_4
7265,13044,FUN_1,FUN_2
7309,12871,FUN_2,FUN_1
7336,8380,FUN_1,FUN_2
7338,22224,FUN_2,FUN_3
7343,24140,FUN_3,FUN_2
7355,16589,FUN_4,FUN_3
7360,29956,FUN_4,FUN_3
7373,13165,FUN_3,FUN_2
7377,1012,RET,CUBE_L
7382,26921,FUN_1,FUN_2
7384,2226,RET,CUBE_R
7396,1588,FUN_3,FUN_2
7397,23868,FUN_2,FUN_3
7402,2657,CUBE_R,FUN_6
7413,18102,FUN_6,FUN_5
7413,25230,FUN_6,CUBE_R
7420,14885,FUN_1,FUN_2
7437,3929,FUN_6,FUN_5
7445,19910,FUN_3,FUN_2
7446,16589,FUN_3,FUN_4
7451,21985,FUN_1,FUN_2
7459,3983,FUN_2,FUN_3
7461,25036,CUBE_L,RET
7474,17533,FUN_4,FUN_3
7476,20063,FUN_1,FUN_2
7479,4258,CUBE_L,FUN_1
7484,11978,FUN_2,FUN_3
7508,9571,FUN_3,FUN_2
7533,4505,FUN_4,FUN_5
7541,8937,CUBE_R,FUN_6
7557,2657,FUN_6,CUBE_R
7559,26420,RET,CUBE_L
7570,13946,FUN_2,FUN_1
7571,28167,RET,CUBE_L
7599,2444,RET,CUBE_R
7602,5203,FUN_6,FUN_5
7616,28167,CUBE_L,RET
7619,8933,FUN_1,FUN_2
7622,23945,FUN_4,FUN_5
7641,4155,FUN_2,FUN_3
7646,16165,FUN_2,FUN_1
7649,25155,FUN_5,FUN_4
7655,21017,FUN_4,FUN_3
7656,4206,CUBE_R,RET
7666,2716,FUN_2,FUN_1
7682,28636,FUN_2,FUN_1
7698,22816,FUN_2,FUN_3
7709,12608,FUN_3,FUN_2
7717,16075,FUN_3,FUN_2
7719,21406,FUN_1,FUN_2
7728,5629,FUN_1,FUN_2
7733,2657,CUBE_R,FUN_6
7745,28767,FUN_2,FUN_1
7772,2657,FUN_6,CUBE_R
7797,25643,CUBE_R,RET
7801,7790,FUN_3,FUN_2
7811,23587,FUN_3,FUN_2
7821,17533,FUN_3,FUN_4
7822,23768,FUN_3,FUN_2
7832,25323,RET,CUBE_L
7834,19245,FUN_3,FUN_2
7835,5709,FUN_5,FUN_6
7840,2578,FUN_2,FUN_3
7844,6553,FUN_2,FUN_1
7855,24945,FUN_1,FUN_2
7860,8779,FUN_5,FUN_6
7860,28726,FUN_4,FUN_3
7867,19953,FUN_2,FUN_3
7869,3983,FUN_3,FUN_2
7870,27105,FUN_3,FUN_2
7876,28767,FUN_1,FUN_2
7885,11426,FUN_6,CUBE_R
7885,27107,RET,CUBE_L
7897,8131,FUN_2,FUN_3
7909,19992,RET,CUBE_L
7916,203,CUBE_R,FUN_6
7918,27407,RET,CUBE_L
7923,19670,FUN_4,FUN_3
7934,11770,FUN_5,FUN_4
7946,23755,FUN_5,FUN_4
7958,19344,RET,CUBE_L
7967,26897,FUN_3,FUN_2
7968,18490,FUN_5,FUN_4
7985,15464,FUN_1,FUN_2
7991,8383,CUBE_R,RET
8001,1311,FUN_5,FUN_4
8049,15170,CUBE_L,FUN_1
8092,19910,FUN_2,FUN_3
8095,19285,FUN_1,FUN_2
8108,26022,FUN_2,FUN_3
8110,26981,FUN_2,FUN_1
8121,11657,FUN_3,FUN_2
8163,17386,FUN_4,FUN_5
8180,775,FUN_1,FUN_2
8180,26409,CUBE_R,RET
8195,4635,RET,CUBE_L
8198,2396,FUN_3,FUN_4
8219,14881,CUBE_L,FUN_1
8221,7499,FUN_2,FUN_1
8229,8089,FUN_6,CUBE_R
8231,15620,FUN_3,FUN_4
8240,24861,FUN_4,FUN_5
8242,18149,FUN_3,FUN_2
8245,1945,FUN_4,FUN_3
8245,28767,FUN_2,FUN_1
8246,16197,FUN_3,FUN_4
8252,27779,FUN_3,FUN_2
8256,11767,FUN_5,FUN_4
8270,2967,RET,CUBE_R
8270,4761,RET,CUBE_R
8271,4599,RET,CUBE_L
8272,2657,CUBE_R,FUN_6
8288,22800,FUN_2,FUN_1
8289,5910,FUN_2,FUN_3
8293,15947,FUN_4,FUN_5
8318,14089,FUN_5,FUN_4
8345,26022,FUN_3,FUN_2
8366,27928,FUN_4,FUN_5
8447,12134,FUN_1,FUN_2
8451,27928,FUN_5,FUN_4
8456,13736,FUN_2,FUN_3
8462,3044,FUN_3,FUN_2
8472,28167,RET,CUBE_L
8494,15150,CUBE_R,FUN_6
8499,22136,FUN_3,FUN_2
8499,24922,FUN_2,FUN_3
8501,24269,FUN_2,FUN_3
8507,26981,FUN_1,FUN_2
8509,2899,CUBE_R,RET
8510,905,FUN_1,FUN_2
8532,21074,FUN_5,FUN_6
8543,17714,FUN_3,FUN_4
8546,13724,CUBE_L,RET
8554,4279,FUN_2,FUN_3
8554,23899,FUN_1,CUBE_L
8560,1507,FUN_1,FUN_2
8560,2394,FUN_5,FUN_4
8564,16301,FUN_3,FUN_2
8566,2396,FUN_4,FUN_3
8570,23314,RET,CUBE_R
8571,29967,FUN_2,FUN_1
8590,1000,FUN_3,FUN_2
8598,2716,FUN_1,FUN_2
8614,16197,FUN_4,FUN_3
8620,12871,FUN_1,FUN_2
8627,13834,FUN_1,FUN_2
8629,24861,FUN_5,FUN_4
8657,13244,FUN_5,FUN_6
8674,11235,FUN_2,FUN_3
8699,17171,FUN_2,FUN_3
8713,25567,FUN_1,FUN_2
8718,20361,FUN_3,FUN_2
8732,27343,FUN_2,FUN_1
8738,14506,FUN_1,FUN_2
8745,16176,CUBE_R,RET
8747,19910,FUN_3,FUN_2
8750,26128,CUBE_R,RET
8753,29512,FUN_6,CUBE_R
8773,13732,FUN_2,FUN_3
8777,8078,FUN_3,FUN_2
8777,8503,RET,CUBE_R
8780,15126,FUN_1,FUN_2
8782,11157,FUN_1,FUN_2
8793,6760,FUN_2,FUN_3
8793,8823,FUN_1,FUN_2
8793,13109,FUN_4,FUN_3
8795,27988,CUBE_L,FUN_1
8797,6636,CUBE_R,RET
8820,15269,FUN_4,FUN_5
8841,9571,FUN_2,FUN_3
8864,16197,FUN_3,FUN_4
8869,12623,FUN_2,FUN_3
8875,22368,FUN_2,FUN_3
8893,7157,FUN_2,FUN_1
8894,7525,FUN_3,FUN_2
8913,8128,FUN_2,FUN_3
8914,9163,FUN_3,FUN_4
8920,2659,FUN_4,FUN_5
8944,2716,FUN_2,FUN_1
8970,17714,FUN_4,FUN_3
8977,19196,CUBE_R,RET
8978,16197,FUN_4,FUN_3
8982,22064,FUN_1,FUN_2
8983,10929,FUN_2,FUN_3
8983,24807,FUN_4,FUN_5
8986,19953,FUN_3,FUN_2
8990,7627,FUN_3,FUN_2
8997,4800,FUN_4,FUN_3
9002,24044,FUN_1,FUN_2
9006,13741,FUN_6,CUBE_R
9018,24549,FUN_1,CUBE_L
9020,27305,FUN_6,CUBE_R
9026,6553,FUN_1,FUN_2
9029,10146,FUN_6,FUN_5
9030,12661,FUN_1,FUN_2
9040,8669,FUN_4,FUN_5
9041,24700,CUBE_L,RET
9042,26414,FUN_5,FUN_6
9042,28586,FUN_4,FUN_5
9046,19953,FUN_2,FUN_3
9049,13132,FUN_2,FUN_3
9057,15601,FUN_4,FUN_3
9062,19109,FUN_1,FUN_2
9067,11403,RET,CUBE_R
9084,13165,FUN_2,FUN_3
9086,467,FUN_4,FUN_5
9103,9265,FUN_3,FUN_2
9112,21301,FUN_6,CUBE_R
9133,6690,FUN_1,FUN_2
9139,29827,FUN_4,FUN_3
9145,9756,FUN_4,FUN_5
9152,18149,FUN_2,FUN_3
9157,2283,FUN_2,FUN_3
9166,15626,RET,CUBE_R
9168,22816,FUN_3,FUN_2
9180,8877,RET,CUBE_R
9192,19468,FUN_2,FUN_1
9197,22143,FUN_5,FUN_4
9200,4124,FUN_2,FUN_3
9213,21484,RET,CUBE_R
9220,1461,FUN_3,FUN_2
9237,19910,FUN_2,FUN_3
9242,23868,FUN_3,FUN_2
9249,12471,FUN_4,FUN_3
9265,19024,FUN_2,FUN_3
9286,19109,FUN_2,FUN_1
9289,7982,FUN_2,FUN_3
9290,10085,FUN_3,FUN_2
9302,3523,CUBE_R,FUN_6
9305,4561,FUN_4,FUN_3
9316,26642,FUN_3,FUN_2
9327,5594,FUN_4,FUN_3
9339,8690,CUBE_R,FUN_6
9340,13245,FUN_3,FUN_4
9355,28167,CUBE_L,RET
9368,20361,FUN_2,FUN_3
9370,7371,FUN_2,FUN_1
9377,21406,FUN_2,FUN_1
9383,13244,FUN_6,FUN_5
9386,16589,FUN_4,FUN_3
9392,19566,FUN_1,FUN_2
9402,21557,FUN_1,CUBE_L
9410,23899,CUBE_L,FUN_1
9415,13432,FUN_3,FUN_4
9436,22983,FUN_4,FUN_5
9437,2444,CUBE_R,RET
9440,6172,CUBE_R,FUN_6
9454,11386,FUN_3,FUN_4
9469,10,FUN_6,CUBE_R
9473,19294,FUN_4,FUN_3
9482,23719,FUN_2,FUN_1
9484,19468,FUN_1,FUN_2
9493,5035,FUN_3,FUN_2
9498,6636,RET,CUBE_R
9523,9571,FUN_3,FUN_2
9542,26414,FUN_6,FUN_5
9543,24806,FUN_2,FUN_1
9555,3625,FUN_3,FUN_2
9556,672,FUN_2,FUN_1
9556,27931,FUN_4,FUN_5
9570,1012,CUBE_L,RET
9571,23314,CUBE_R,RET
9575,11831,RET,CUBE_R
9579,13767,FUN_3,FUN_4
9586,1202,FUN_2,FUN_1
9588,24806,FUN_1,FUN_2
9592,10488,FUN_2,FUN_3
9596,21123,FUN_1,FUN_2
9611,11958,FUN_4,FUN_5
9614,20233,FUN_2,FUN_3
9643,29028,FUN_2,FUN_3
9652,5968,FUN_2,FUN_1
9655,11063,CUBE_R,RET
9687,13959,FUN_1,CUBE_L
9688,10286,FUN_4,FUN_5
9700,11768,FUN_3,FUN_2
9705,28247,FUN_3,FUN_2
9714,13109,FUN_3,FUN_4
9725,17225,FUN_4,FUN_3
9734,10772,FUN_5,FUN_6
9746,13450,FUN_1,FUN_2
9755,18929,FUN_1,FUN_2
9761,24806,FUN_2,FUN_1
9772,20063,FUN_2,FUN_1
9789,7982,FUN_3,FUN_2
9789,20784,FUN_4,FUN_3
9790,14301,FUN_1,FUN_2
9805,24700,RET,CUBE_L
9814,11403,CUBE_R,RET
9841,18969,FUN_3,FUN_4
9847,24676,FUN_4,FUN_3
9848,16650,FUN_2,FUN_3
9865,25682,FUN_4,FUN_5
9878,16128,FUN_6,FUN_5
9886,5358,RET,CUBE_R
9906,3625,FUN_2,FUN_3
9907,7059,FUN_2,FUN_3
9917,27255,FUN_4,FUN_3
9926,29432,FUN_4,FUN_3
9960,2967,CUBE_R,RET
9960,12035,RET,CUBE_L
9960,13044,FUN_2,FUN_1
9967,3625,FUN_3,FUN_2
9969,11386,FUN_4,FUN_3
9978,21450,FUN_4,FUN_3
9978,25664,FUN_6,CUBE_R
9992,3885,RET,CUBE_R
9995,14812,FUN_3,FUN_2
9998,15269,FUN_5,FUN_4
10004,24706,CUBE_R,RET
10019,25323,CUBE_L,RET
10024,19344,CUBE_L,RET
10039,19549,FUN_4,FUN_5
10042,27794,FUN_5,FUN_4
10089,1851,RET,CUBE_R
10110,7525,FUN_2,FUN_3
10110,12809,FUN_2,FUN_3
10122,4599,CUBE_L,RET
10135,28691,FUN_4,FUN_3
10147,2716,FUN_1,FUN_2
10182,22197,FUN_3,FUN_2
10187,24806,FUN_1,FUN_2
10191,18377,CUBE_L,RET
10191,19853,FUN_2,FUN_1
10195,25664,CUBE_R,FUN_6
10196,2211,FUN_2,FUN_1
10196,11283,FUN_5,FUN_6
10306,12471,FUN_3,FUN_4
10324,28636,FUN_1,FUN_2
10327,2578,FUN_3,FUN_2
10329,672,FUN_1,FUN_2
10342,1768,CUBE_R,RET
10345,26988,FUN_3,FUN_2
10353,17714,FUN_3,FUN_4
10353,26718,FUN_3,FUN_4
10355,1681,FUN_2,FUN_3
10364,7449,CUBE_L,RET
10367,9196,FUN_3,FUN_4
10374,2967,RET,CUBE_R
10401,25643,RET,CUBE_R
10411,14857,FUN_2,FUN_1
10416,5044,RET,CUBE_L
10423,5367,FUN_3,FUN_4
10434,22143,FUN_4,FUN_5
10462,27980,FUN_2,FUN_1
10464,16193,FUN_3,FUN_2
10466,23838,FUN_2,FUN_3
10471,26409,RET,CUBE_R
10474,5259,FUN_2,FUN_1
10477,12871,FUN_2,FUN_1
10493,12623,FUN_3,FUN_2
10496,12387,RET,CUBE_L
10499,2967,CUBE_R,RET
10503,24806,FUN_2,FUN_1
10511,22588,CUBE_L,RET
10515,15150,FUN_6,CUBE_R
10522,24806,FUN_1,FUN_2
10525,24044,FUN_2,FUN_1
10536,7717,CUBE_L,RET
10539,18613,CUBE_L,RET
10543,11833,CUBE_L,FUN_1
10549,20391,CUBE_L,FUN_1
10551,5665,RET,CUBE_R
10556,6038,FUN_2,FUN_3
10565,26498,FUN_1,FUN_2
10572,9294,CUBE_L,RET
10590,23858,FUN_3,FUN_4
10600,7157,FUN_1,FUN_2
10603,21199,CUBE_R,FUN_6
10612,14881,FUN_1,CUBE_L
10619,13432,FUN_4,FUN_3
10631,18280,FUN_3,FUN_4
10635,16309,FUN_1,CUBE_L
10636,4124,FUN_3,FUN_2
10637,11698,RET,CUBE_R
10643,22408,FUN_2,FUN_3
10644,19549,FUN_5,FUN_4
10644,27322,FUN_2,FUN_1
10658,24046,RET,CUBE_L
10658,26718,FUN_4,FUN_3
10669,11657,FUN_2,FUN_3
10673,3937,FUN_2,FUN_1
10676,19953,FUN_3,FUN_2
10706,16732,CUBE_R,FUN_6
10708,13979,FUN_5,FUN_6
10709,19092,FUN_2,FUN_3
10754,8938,FUN_3,FUN_4
10772,15154,RET,CUBE_L
10794,16129,FUN_3,FUN_4
10796,12315,FUN_3,FUN_4
10798,10725,FUN_2,FUN_1
10803,23770,FUN_3,FUN_2
10813,2967,RET,CUBE_R
10827,19666,FUN_3,FUN_2
10827,25567,FUN_2,FUN_1
10828,11386,FUN_3,FUN_4
10829,7449,RET,CUBE_L
10831,5420,FUN_1,FUN_2
10851,14812,FUN_2,FUN_3
10854,19853,FUN_1,FUN_2
10859,25187,FUN_3,FUN_4
10884,14287,FUN_4,FUN_3
10886,18046,RET,CUBE_R
10895,24963,FUN_6,CUBE_R
10901,5629,FUN_2,FUN_1
10907,6232,CUBE_L,RET
10915,24268,FUN_5,FUN_4
10920,19549,FUN_4,FUN_5
10933,14897,RET,CUBE_L
10945,17110,FUN_5,FUN_4
10948,14871,CUBE_R,RET
10952,10557,FUN_3,FUN_2
10957,7790,FUN_2,FUN_3
10958,4599,RET,CUBE_L
10960,2261,FUN_5,FUN_4
10978,2967,CUBE_R,RET
10991,17244,FUN_1,CUBE_L
10996,4004,RET,CUBE_L
10998,27237,FUN_3,FUN_2
11002,12161,FUN_2,FUN_3
11006,15620,FUN_4,FUN_3
11019,3929,FUN_5,FUN_6
11054,3625,FUN_2,FUN_3
11073,14389,FUN_3,FUN_2
11075,24268,FUN_4,FUN_5
11111,28114,FUN_4,FUN_5
11115,29215,FUN_5,FUN_4
11135,461,FUN_2,FUN_3
11140,28359,FUN_3,FUN_2
11147,18622,FUN_6,FUN_5
11154,12919,FUN_5,FUN_6
11154,19092,FUN_3,FUN_2
11166,29967,FUN_1,FUN_2
11178,26921,FUN_2,FUN_1
11180,27468,RET,CUBE_L
11187,2657,FUN_6,CUBE_R
11187,25036,RET,CUBE_L
11189,26348,FUN_3,FUN_4
11197,26981,FUN_2,FUN_1
11198,1000,FUN_2,FUN_3
11198,26595,FUN_1,FUN_2
11213,7371,FUN_1,FUN_2
11216,16128,FUN_5,FUN_6
11216,19739,CUBE_L,RET
11233,14562,FUN_2,FUN_3
11238,2099,RET,CUBE_L
11241,8078,FUN_2,FUN_3
11263,2396,FUN_3,FUN_4
11273,16589,FUN_3,FUN_4
11282,7525,FUN_3,FUN_2
11285,2324,FUN_6,FUN_5
11286,3906,FUN_3,FUN_4
11297,24345,FUN_2,FUN_1
11305,20148,FUN_1,FUN_2
11319,14857,FUN_1,FUN_2
11338,26642,FUN_2,FUN_3
11371,3906,FUN_4,FUN_3
11373,15947,FUN_5,FUN_4
11374,11229,FUN_3,FUN_2
11384,3906,FUN_3,FUN_4
11388,10291,FUN_1,FUN_2
11393,10851,FUN_3,FUN_2
11393,19953,FUN_2,FUN_3
11394,8669,FUN_5,FUN_4
11395,21933,FUN_6,FUN_5
11398,17244,CUBE_L,FUN_1
11402,1852,FUN_6,CUBE_R
11410,28694,FUN_2,FUN_1
11421,3906,FUN_4,FUN_3
11441,21440,FUN_4,FUN_3
11455,7455,FUN_6,CUBE_R
11456,3501,FUN_4,FUN_3
11456,14725,FUN_1,FUN_2
11475,5690,FUN_2,FUN_1
11492,1064,FUN_3,FUN_2
11496,23868,FUN_2,FUN_3
11500,25514,CUBE_L,RET
11503,28984,FUN_3,FUN_2
11505,23326,FUN_2,FUN_1
11512,10272,FUN_4,FUN_3
11526,3906,FUN_3,FUN_4
11534,18377,RET,CUBE_L
11539,7390,FUN_1,FUN_2
11550,2467,FUN_5,FUN_4
11552,1064,FUN_2,FUN_3
11553,19886,FUN_2,FUN_3
11554,3906,FUN_4,FUN_3
11573,23899,FUN_1,CUBE_L
11584,467,FUN_5,FUN_4
11601,19024,FUN_3,FUN_2
11618,10066,FUN_2,FUN_3
11636,10012,FUN_3,FUN_2
11639,20719,FUN_5,FUN_6
11644,18972,FUN_4,FUN_5
11647,22302,FUN_2,FUN_1
11652,27459,FUN_2,FUN_1
11665,27928,FUN_4,FUN_5
11678,28114,FUN_5,FUN_4
11693,14329,FUN_2,FUN_3
11716,21963,CUBE_R,RET
11717,5968,FUN_1,FUN_2
11725,20391,FUN_1,CUBE_L
11725,23804,FUN_2,FUN_3
11733,3906,FUN_3,FUN_4
11739,29455,FUN_1,FUN_2
11740,27964,FUN_3,FUN_4
11752,27322,FUN_1,FUN_2
11783,8128,FUN_3,FUN_2
11790,7449,CUBE_L,RET
11791,24675,FUN_6,CUBE_R
11803,22677,CUBE_R,RET
11806,14075,CUBE_R,RET
11809,4004,CUBE_L,RET
11812,1012,RET,CUBE_L
11813,6314,FUN_3,FUN_2
11817,4059,FUN_4,FUN_5
11820,17465,FUN_3,FUN_4
11827,19334,FUN_2,FUN_3
11839,8940,CUBE_R,RET
11842,28507,FUN_3,FUN_2
11865,23974,FUN_3,FUN_2
11868,28716,FUN_3,FUN_2
11869,10725,FUN_1,FUN_2
11881,14389,FUN_2,FUN_3
11886,27468,CUBE_L,RET
11900,28245,FUN_1,FUN_2
11906,20113,RET,CUBE_L
11907,2025,RET,CUBE_R
11907,4922,RET,CUBE_R
11927,27322,FUN_2,FUN_1
11931,24044,FUN_1,FUN_2
11936,19739,RET,CUBE_L
11971,884,FUN_1,FUN_2
11995,22302,FUN_1,FUN_2
12004,2433,FUN_2,FUN_3
12007,21123,FUN_2,FUN_1
12010,17225,FUN_3,FUN_4
12014,14562,FUN_3,FUN_2
12042,6761,FUN_5,FUN_4
12081,10530,FUN_2,FUN_1
12084,2846,FUN_2,FUN_3
12087,27468,RET,CUBE_L
12099,5420,FUN_2,FUN_1
12101,9756,FUN_5,FUN_4
12108,22983,FUN_5,FUN_4
12118,8376,CUBE_R,RET
12131,7664,FUN_6,CUBE_R
12142,3906,FUN_4,FUN_3
12142,6761,FUN_4,FUN_5
12146,11581,FUN_1,CUBE_L
12215,27322,FUN_1,FUN_2
12219,8658,FUN_6,FUN_5
12222,11500,FUN_2,FUN_1
12235,24256,FUN_5,FUN_4
12249,6038,FUN_3,FUN_2
12251,27860,CUBE_L,RET
12252,9571,FUN_2,FUN_3
12253,21449,FUN_3,FUN_4
12262,23051,RET,CUBE_R
12267,15192,FUN_4,FUN_3
12286,28767,FUN_1,FUN_2
12288,9661,FUN_6,FUN_5
12295,24806,FUN_2,FUN_1
12304,28313,FUN_3,FUN_4
12310,20148,FUN_2,FUN_1
12323,18061,FUN_2,FUN_1
12355,2371,FUN_5,FUN_4
12357,11386,FUN_4,FUN_3
12361,24032,CUBE_L,RET
12367,19549,FUN_5,FUN_4
12373,27779,FUN_2,FUN_3
12401,1543,FUN_6,FUN_5
12402,3471,CUBE_R,FUN_6
12404,20841,FUN_1,FUN_2
12408,29215,FUN_4,FUN_5
12410,8380,FUN_2,FUN_1
12414,4124,FUN_2,FUN_3
12435,7716,RET,CUBE_R
12451,1064,FUN_3,FUN_2
12452,6761,FUN_5,FUN_4
12455,11386,FUN_3,FUN_4
12456,24051,FUN_1,FUN_2
12458,4004,RET,CUBE_L
12458,15823,FUN_2,FUN_1
12461,7178,FUN_4,FUN_5
12483,20140,FUN_1,FUN_2
12495,6131,FUN_1,FUN_2
12512,9878,RET,CUBE_L
12520,20355,RET,CUBE_R
12538,10179,FUN_3,FUN_2
12539,26431,FUN_4,FUN_3
12542,18522,FUN_5,FUN_4
12547,7760,FUN_6,FUN_5
12547,8128,FUN_2,FUN_3
12558,22273,FUN_4,FUN_3
12562,27397,FUN_3,FUN_2
12576,11784,FUN_3,FUN_2
12595,5259,FUN_1,FUN_2
12607,11115,FUN_6,CUBE_R
12616,4635,CUBE_L,RET
12631,9247,CUBE_R,FUN_6
12634,27619,FUN_5,FUN_6
12642,10929,FUN_3,FUN_2
12658,2569,RET,CUBE_L
12663,16763,FUN_1,FUN_2
12665,17386,FUN_5,FUN_4
12678,1965,FUN_3,FUN_4
12682,24676,FUN_3,FUN_4
12704,16734,FUN_4,FUN_3
12705,21662,FUN_3,FUN_2
12706,11229,FUN_2,FUN_3
12711,26036,CUBE_R,FUN_6
12728,5259,FUN_2,FUN_1
12749,23755,FUN_4,FUN_5
12751,4635,RET,CUBE_L
12766,23838,FUN_3,FUN_2
12767,8555,FUN_4,FUN_5
12780,16075,FUN_2,FUN_3
12796,6690,FUN_2,FUN_1
12808,11538,CUBE_R,FUN_6
12812,18193,FUN_2,FUN_3
12822,18969,FUN_4,FUN_3
12837,15126,FUN_2,FUN_1
12841,14089,FUN_4,FUN_5
12844,6641,FUN_1,FUN_2
12847,24676,FUN_4,FUN_3
12878,27930,FUN_4,FUN_3
12894,3044,FUN_2,FUN_3
12901,10272,FUN_3,FUN_4
12903,20446,RET,CUBE_R
12908,1064,FUN_2,FUN_3
12921,18167,FUN_2,FUN_3
12932,10150,FUN_6,CUBE_R
12942,16589,FUN_4,FUN_3
12951,23755,FUN_5,FUN_4
12957,3210,FUN_5,FUN_4
12958,16075,FUN_3,FUN_2
12958,17937,CUBE_R,RET
12989,23899,CUBE_L,FUN_1
12990,5044,CUBE_L,RET
13004,16648,FUN_6,CUBE_R
13010,15991,RET,CUBE_R
13015,19992,CUBE_L,RET
13049,27316,FUN_3,FUN_2
13054,26211,FUN_3,FUN_2
13060,7897,RET,CUBE_R
13063,16075,FUN_2,FUN_3
13106,27284,FUN_4,FUN_3
13114,6168,FUN_5,FUN_6
13122,21484,CUBE_R,RET
13125,12213,FUN_2,FUN_1
13138,7717,RET,CUBE_L
13145,26083,CUBE_R,FUN_6
13146,2025,CUBE_R,RET
13146,5259,FUN_1,FUN_2
13159,16585,FUN_1,FUN_2
13160,5210,FUN_2,FUN_1
13189,14075,RET,CUBE_R
13193,6172,FUN_6,CUBE_R
13195,25907,FUN_2,FUN_1
13200,16644,FUN_4,FUN_5
13200,27107,CUBE_L,RET
13203,10725,FUN_2,FUN_1
13211,1202,FUN_1,FUN_2
13212,22186,FUN_2,FUN_3
13215,7449,RET,CUBE_L
13233,26570,FUN_3,FUN_4
13242,18061,FUN_1,FUN_2
13264,8918,FUN_1,FUN_2
13265,25471,FUN_3,FUN_4
13269,28313,FUN_4,FUN_3
13280,23094,FUN_2,FUN_3
13292,27474,FUN_1,FUN_2
13300,4004,CUBE_L,RET
13308,7474,FUN_1,FUN_2
13317,23596,FUN_3,FUN_2
13338,19245,FUN_2,FUN_3
13343,27463,FUN_3,FUN_4
13359,11698,CUBE_R,RET
13361,28586,FUN_5,FUN_4
13401,7449,CUBE_L,RET
13407,16075,FUN_3,FUN_2
13413,12919,FUN_6,FUN_5
13414,203,FUN_6,CUBE_R
13419,23868,FUN_3,FUN_2
13426,18622,FUN_5,FUN_6
13428,14271,CUBE_R,RET
13442,20391,CUBE_L,FUN_1
13445,15285,FUN_1,FUN_2
13448,17621,FUN_6,FUN_5
13450,24653,FUN_5,FUN_4
13452,11283,FUN_6,FUN_5
13460,27266,CUBE_R,FUN_6
13464,10150,CUBE_R,FUN_6
13476,7717,CUBE_L,RET
13483,6761,FUN_4,FUN_5
13494,23755,FUN_4,FUN_5
13504,2849,FUN_6,CUBE_R
13510,15617,CUBE_R,RET
13512,19308,FUN_6,FUN_5
13529,14823,FUN_4,FUN_3
13530,8128,FUN_3,FUN_2
13539,13244,FUN_5,FUN_6
13543,26211,FUN_2,FUN_3
13544,20119,FUN_1,FUN_2
13549,8007,FUN_5,FUN_6
13551,21017,FUN_3,FUN_4
13561,4072,CUBE_L,FUN_1
13570,17465,FUN_4,FUN_3
13572,23794,RET,CUBE_L
13584,19549,FUN_4,FUN_5
13592,1113,FUN_2,FUN_1
13608,28675,FUN_5,FUN_4
13612,8128,FUN_2,FUN_3
13621,8007,FUN_6,FUN_5
13623,4922,CUBE_R,RET
13635,19290,FUN_1,FUN_2
13650,7717,RET,CUBE_L
13656,23899,FUN_1,CUBE_L
13657,16075,FUN_2,FUN_3
13658,8128,FUN_3,FUN_2
13674,27105,FUN_2,FUN_3
13698,41,FUN_3,FUN_2
13705,16797,RET,CUBE_L
13706,27572,FUN_2,FUN_3
13709,15219,FUN_2,FUN_1
13722,21301,CUBE_R,FUN_6
13724,16644,FUN_5,FUN_4
13727,24734,FUN_5,FUN_6
13734,7717,CUBE_L,RET
13741,8790,FUN_3,FUN_2
13748,27255,FUN_3,FUN_4
13766,6172,CUBE_R,FUN_6
13777,8937,FUN_6,CUBE_R
13800,23755,FUN_5,FUN_4
13820,6314,FUN_2,FUN_3
13821,775,FUN_2,FUN_1
13837,14720,FUN_3,FUN_2
13860,8007,FUN_5,FUN_6
13870,10851,FUN_2,FUN_3
13874,26460,FUN_3,FUN_2
13876,8625,CUBE_L,FUN_1
13890,5420,FUN_1,FUN_2
13900,16763,FUN_2,FUN_1
13912,6038,FUN_2,FUN_3
13924,28368,CUBE_L,RET
13936,26905,FUN_4,FUN_3
13943,7235,FUN_3,FUN_2
13952,28716,FUN_2,FUN_3
13954,3042,CUBE_L,FUN_1
13960,17740,FUN_2,FUN_1
13961,22800,FUN_1,FUN_2
13962,21985,FUN_2,FUN_1
13966,18149,FUN_3,FUN_2
13968,11902,FUN_5,FUN_6
13969,7982,FUN_2,FUN_3
13970,9430,FUN_2,FUN_1
13983,12572,FUN_1,FUN_2
13993,6871,FUN_1,FUN_2
14003,14098,FUN_3,FUN_2
14008,21948,RET,CUBE_L
14009,19515,FUN_3,FUN_4
14014,12705,FUN_2,FUN_1
14019,24676,FUN_3,FUN_4
14038,4292,FUN_1,FUN_2
14047,26118,FUN_3,FUN_4
14051,10221,CUBE_L,RET
14059,25187,FUN_4,FUN_3
14062,3210,FUN_4,FUN_5
14062,13450,FUN_2,FUN_1
14063,2804,CUBE_L,FUN_1
14065,27474,FUN_2,FUN_1
14081,27572,FUN_3,FUN_2
14101,14720,FUN_2,FUN_3
14115,2751,FUN_2,FUN_1
14116,5675,FUN_2,FUN_1
14116,14271,RET,CUBE_R
14119,26366,FUN_6,CUBE_R
14139,5290,FUN_2,FUN_1
14150,28678,FUN_2,FUN_1
14157,24636,CUBE_L,FUN_1
14160,24963,CUBE_R,FUN_6
14162,8007,FUN_6,FUN_5
14168,25471,FUN_4,FUN_3
14170,27474,FUN_1,FUN_2
14175,21361,FUN_5,FUN_4
14181,2496,FUN_4,FUN_3
14190,17896,CUBE_R,FUN_6
14192,23899,CUBE_L,FUN_1
14193,26988,FUN_2,FUN_3
14196,203,CUBE_R,FUN_6
14198,4124,FUN_3,FUN_2
14199,14893,FUN_4,FUN_5
14213,28767,FUN_2,FUN_1
14223,26218,FUN_4,FUN_3
14258,15269,FUN_4,FUN_5
14258,27928,FUN_5,FUN_4
14276,24066,FUN_3,FUN_2
14329,28114,FUN_4,FUN_5
14359,2444,RET,CUBE_R
14359,4966,FUN_3,FUN_4
14374,7725,FUN_2,FUN_1
14388,16173,FUN_1,FUN_2
14441,12705,FUN_1,FUN_2
14442,19631,FUN_5,FUN_4
14443,13921,FUN_1,CUBE_L
14447,13613,FUN_2,FUN_3
14448,5044,RET,CUBE_L
14459,24069,CUBE_L,FUN_1
14463,15451,FUN_3,FUN_4
14477,27284,FUN_3,FUN_4
14480,4258,FUN_1,CUBE_L
14480,4505,FUN_5,FUN_4
14484,23440,RET,CUBE_R
14510,29455,FUN_2,FUN_1
14520,13464,FUN_5,FUN_4
14524,21210,FUN_3,FUN_2
14525,27992,FUN_4,FUN_3
14527,1914,CUBE_L,RET
14541,20148,FUN_1,FUN_2
14556,22800,FUN_2,FUN_1
14559,20446,CUBE_R,RET
14565,2433,FUN_3,FUN_2
14566,8128,FUN_2,FUN_3
14600,5290,FUN_1,FUN_2
14606,13679,FUN_3,FUN_2
14607,24069,FUN_1,CUBE_L
14611,24046,CUBE_L,RET
14612,28549,CUBE_L,RET
14618,6491,RET,CUBE_L
14620,15219,FUN_1,FUN_2
14624,19989,CUBE_L,FUN_1
14637,15771,FUN_2,FUN_1
14638,13165,FUN_3,FUN_2
14643,7474,FUN_2,FUN_1
14647,1587,FUN_2,FUN_3
14661,27237,FUN_2,FUN_3
14662,10772,FUN_6,FUN_5
14663,4583,FUN_2,FUN_3
14677,203,FUN_6,CUBE_R
14687,22197,FUN_2,FUN_3
14691,12035,CUBE_L,RET
14695,2433,FUN_2,FUN_3
14706,19953,FUN_3,FUN_2
14708,26686,FUN_3,FUN_2
14721,23440,CUBE_R,RET
14744,203,CUBE_R,FUN_6
14750,21123,FUN_1,FUN_2
14769,6038,FUN_3,FUN_2
14787,18830,FUN_3,FUN_4
14788,14223,CUBE_R,RET
14792,1784,RET,CUBE_R
14802,5044,CUBE_L,RET
14811,19340,FUN_3,FUN_2
14822,27316,FUN_2,FUN_3
14846,20538,CUBE_L,RET
14869,17334,CUBE_L,RET
14873,14893,FUN_5,FUN_4
14873,23974,FUN_2,FUN_3
14901,9750,FUN_2,FUN_1
14926,21123,FUN_2,FUN_1
14930,22064,FUN_2,FUN_1
14939,203,FUN_6,CUBE_R
14941,15285,FUN_2,FUN_1
14944,23755,FUN_4,FUN_5
14944,26520,FUN_3,FUN_4
14952,7235,FUN_2,FUN_3
14984,7965,FUN_6,CUBE_R
14992,19525,CUBE_R,RET
15001,5044,RET,CUBE_L
15001,23596,FUN_2,FUN_3
15044,21110,FUN_1,FUN_2
15066,28966,FUN_3,FUN_4
15088,503,FUN_3,FUN_2
15093,6582,FUN_3,FUN_2
15099,21210,FUN_2,FUN_3
15100,12807,RET,CUBE_L
15101,16718,FUN_2,FUN_1
15104,11229,FUN_3,FUN_2
15109,17465,FUN_3,FUN_4
15125,29251,FUN_3,FUN_2
15127,6761,FUN_5,FUN_4
15131,25666,FUN_3,FUN_2
15132,7725,FUN_1,FUN_2
15134,775,FUN_1,FUN_2
15135,15892,FUN_4,FUN_3
15165,8588,RET,CUBE_L
15169,24347,FUN_3,FUN_4
15176,25899,FUN_2,FUN_1
15188,9756,FUN_4,FUN_5
15194,14626,FUN_1,FUN_2
15237,13295,FUN_3,FUN_2
15237,18317,RET,CUBE_L
15241,8937,CUBE_R,FUN_6
15249,7525,FUN_2,FUN_3
15255,6478,FUN_2,FUN_3
15263,26646,RET,CUBE_R
15283,8007,FUN_5,FUN_6
15283,21002,CUBE_L,RET
15290,28245,FUN_2,FUN_1
15293,14241,FUN_3,FUN_2
15303,17937,RET,CUBE_R
15308,19886,FUN_3,FUN_2
15314,20211,FUN_5,FUN_6
15323,11551,FUN_1,FUN_2
15331,25567,FUN_1,FUN_2
15347,27105,FUN_3,FUN_2
15357,7042,CUBE_L,RET
15369,22508,FUN_2,FUN_3
15376,21985,FUN_1,FUN_2
15376,25809,FUN_4,FUN_3
15380,7826,FUN_2,FUN_1
15380,17322,CUBE_L,FUN_1
15382,2467,FUN_4,FUN_5
15385,11277,FUN_5,FUN_4
15392,14098,FUN_2,FUN_3
15397,8241,CUBE_L,FUN_1
15405,10557,FUN_2,FUN_3
15417,6944,FUN_1,FUN_2
15436,16061,FUN_3,FUN_4
15445,26921,FUN_1,FUN_2
15451,503,FUN_2,FUN_3
15465,22317,FUN_3,FUN_4
15476,22935,FUN_4,FUN_3
15485,24057,FUN_1,FUN_2
15496,16309,CUBE_L,FUN_1
15497,15601,FUN_3,FUN_4
15499,19566,FUN_2,FUN_1
15514,1113,FUN_1,FUN_2
15522,13736,FUN_3,FUN_2
15530,7627,FUN_2,FUN_3
15546,7235,FUN_3,FUN_2
15554,8933,FUN_2,FUN_1
15555,2250,RET,CUBE_L
15603,2804,FUN_1,CUBE_L
15604,15834,CUBE_R,RET
15626,6901,FUN_1,FUN_2
15630,9163,FUN_4,FUN_3
15635,10012,FUN_2,FUN_3
15649,19515,FUN_4,FUN_3
15651,7897,CUBE_R,RET
15663,18992,CUBE_L,FUN_1
15672,26218,FUN_3,FUN_4
15673,15411,RET,CUBE_R
15675,27675,FUN_3,FUN_2
15682,15219,FUN_2,FUN_1
15689,22273,FUN_3,FUN_4
15711,17240,FUN_3,FUN_4
15713,27266,FUN_6,CUBE_R
15723,24615,FUN_3,FUN_2
15725,24051,FUN_2,FUN_1
15729,9676,FUN_5,FUN_4
15738,17244,FUN_1,CUBE_L
15742,20796,FUN_2,FUN_1
15743,14831,FUN_4,FUN_5
15745,10082,FUN_2,FUN_1
15748,8790,FUN_2,FUN_3
15753,29869,FUN_3,FUN_2
15760,27463,FUN_4,FUN_3
15762,12856,FUN_1,FUN_2
15783,21123,FUN_1,FUN_2
15787,18992,FUN_1,CUBE_L
15793,29967,FUN_2,FUN_1
15798,29215,FUN_5,FUN_4
15799,27105,FUN_2,FUN_3
15801,14223,RET,CUBE_R
15817,9756,FUN_5,FUN_4
15844,11551,FUN_2,FUN_1
15848,1965,FUN_4,FUN_3
15852,13736,FUN_2,FUN_3
15858,15198,FUN_3,FUN_2
15860,26897,FUN_2,FUN_3
15870,19953,FUN_2,FUN_3
15878,7235,FUN_2,FUN_3
15890,29858,FUN_4,FUN_3
15893,25323,RET,CUBE_L
15894,5629,FUN_1,FUN_2
15911,3044,FUN_3,FUN_2
15911,19092,FUN_2,FUN_3
15911,21604,FUN_3,FUN_4
15921,19566,FUN_1,FUN_2
15921,29251,FUN_2,FUN_3
15936,20535,FUN_2,FUN_3
15945,9284,FUN_1,FUN_2
15949,28678,FUN_1,FUN_2
15975,2099,CUBE_L,RET
15975,22880,FUN_5,FUN_6
15977,10488,FUN_3,FUN_2
15984,24803,FUN_3,FUN_2
15986,19133,FUN_3,FUN_4
16007,27266,CUBE_R,FUN_6
16009,19953,FUN_3,FUN_2
16010,27397,FUN_2,FUN_3
16014,1281,FUN_4,FUN_5
16017,21459,FUN_2,FUN_1
16022,7235,FUN_3,FUN_2
16038,2518,FUN_2,FUN_1
16041,4544,RET,CUBE_R
16041,27052,FUN_2,FUN_3
16051,12572,FUN_2,FUN_1
16055,2433,FUN_3,FUN_2
16099,21110,FUN_2,FUN_1
16102,21459,FUN_1,FUN_2
16114,4314,FUN_1,FUN_2
16126,21361,FUN_4,FUN_5
16127,20148,FUN_2,FUN_1
16128,20333,FUN_2,FUN_1
16138,2433,FUN_2,FUN_3
16142,24189,FUN_1,CUBE_L
16161,24734,FUN_6,FUN_5
16167,29226,FUN_3,FUN_2
16171,26118,FUN_4,FUN_3
16175,27675,FUN_2,FUN_3
16180,10962,FUN_2,FUN_1
16189,8958,FUN_2,FUN_3
16195,20087,FUN_4,FUN_5
16195,23768,FUN_2,FUN_3
16198,461,FUN_3,FUN_2
16201,21406,FUN_1,FUN_2
16205,15198,FUN_2,FUN_3
16226,26348,FUN_4,FUN_3
16241,16650,FUN_3,FUN_2
16249,15285,FUN_1,FUN_2
16252,17621,FUN_5,FUN_6
16255,19953,FUN_2,FUN_3
16282,5214,FUN_4,FUN_3
16303,21604,FUN_4,FUN_3
16311,4635,CUBE_L,RET
16314,3042,FUN_1,CUBE_L
16328,7235,FUN_2,FUN_3
16344,6478,FUN_3,FUN_2
16347,15156,FUN_6,FUN_5
16354,11721,FUN_3,FUN_2
16372,5968,FUN_2,FUN_1
16374,17533,FUN_4,FUN_3
16374,25514,RET,CUBE_L
16378,1393,FUN_2,FUN_1
16383,29845,FUN_5,FUN_6
16394,26981,FUN_1,FUN_2
16397,28766,FUN_4,FUN_5
16400,10895,FUN_3,FUN_2
16438,4561,FUN_3,FUN_4
16438,29869,FUN_2,FUN_3
16444,24615,FUN_2,FUN_3
16448,10725,FUN_1,FUN_2
16463,1281,FUN_5,FUN_4
16464,18864,CUBE_L,FUN_1
16469,8542,FUN_5,FUN_4
16490,13613,FUN_3,FUN_2
16502,7235,FUN_3,FUN_2
16508,7716,CUBE_R,RET
16510,20047,FUN_5,FUN_4
16514,17040,FUN_3,FUN_2
16515,26276,CUBE_L,RET
16524,7381,FUN_5,FUN_4
16525,27052,FUN_3,FUN_2
16531,6761,FUN_4,FUN_5
16573,7710,FUN_5,FUN_4
16574,28636,FUN_2,FUN_1
16585,7982,FUN_3,FUN_2
16604,1796,FUN_4,FUN_5
16605,2345,FUN_3,FUN_2
16613,6429,FUN_2,FUN_3
16625,21662,FUN_2,FUN_3
16629,9284,FUN_2,FUN_1
16632,15948,FUN_6,CUBE_R
16637,4022,CUBE_R,RET
16644,23974,FUN_3,FUN_2
16648,22064,FUN_1,FUN_2
16651,24822,CUBE_R,RET
16663,1246,FUN_3,FUN_2
16666,28494,FUN_3,FUN_2
16704,6038,FUN_2,FUN_3
16709,14626,FUN_2,FUN_1
16715,2751,FUN_1,FUN_2
16717,18383,FUN_3,FUN_2
16718,26570,FUN_4,FUN_3
16741,21963,RET,CUBE_R
16746,19558,FUN_3,FUN_2
16762,18864,FUN_1,CUBE_L
16762,28951,FUN_5,FUN_6
16798,13782,FUN_2,FUN_1
16803,15192,FUN_3,FUN_4
16830,19133,FUN_4,FUN_3
16833,5214,FUN_3,FUN_4
16834,27572,FUN_2,FUN_3
16849,9977,FUN_3,FUN_4
16857,11235,FUN_3,FUN_2
16859,5629,FUN_2,FUN_1
16877,7982,FUN_2,FUN_3
16887,13679,FUN_2,FUN_3
16895,2433,FUN_3,FUN_2
16906,8625,FUN_1,CUBE_L
16948,18627,CUBE_R,RET
16960,16797,CUBE_L,RET
16969,9840,FUN_3,FUN_4
16973,19607,RET,CUBE_R
16977,29869,FUN_3,FUN_2
17039,28245,FUN_1,FUN_2
17046,19340,FUN_2,FUN_3
17060,28443,FUN_4,FUN_3
17061,13450,FUN_1,FUN_2
17066,21298,FUN_3,FUN_2
17098,9939,CUBE_L,RET
17114,10150,FUN_6,CUBE_R
17127,6993,FUN_3,FUN_2
17132,11841,FUN_4,FUN_5
17148,19558,FUN_2,FUN_3
17154,14110,CUBE_L,RET
17163,26414,FUN_5,FUN_6
17167,24803,FUN_2,FUN_3
17171,14110,RET,CUBE_L
17172,15170,FUN_1,CUBE_L
17181,15729,FUN_1,FUN_2
17194,14552,FUN_3,FUN_2
17195,16650,FUN_2,FUN_3
17201,11551,FUN_1,FUN_2
17218,6596,RET,CUBE_L
17225,27105,FUN_3,FUN_2
17230,14110,CUBE_L,RET
17239,19558,FUN_3,FUN_2
17242,19558,FUN_2,FUN_3
17250,22489,CUBE_R,FUN_6
17275,15156,FUN_5,FUN_6
17281,24066,FUN_2,FUN_3
17283,9284,FUN_1,FUN_2
17302,16061,FUN_4,FUN_3
17308,19292,FUN_3,FUN_2
17310,4411,FUN_2,FUN_3
17321,14506,FUN_2,FUN_1
17329,5044,CUBE_L,RET
17332,5398,RET,CUBE_R
17336,22099,FUN_2,FUN_1
17344,4761,CUBE_R,RET
17356,27988,FUN_1,CUBE_L
17401,12035,RET,CUBE_L
17405,6901,FUN_2,FUN_1
17408,6175,FUN_3,FUN_2
17410,16648,CUBE_R,FUN_6
17431,12009,CUBE_L,FUN_1
17431,19002,FUN_3,FUN_2
17448,6180,FUN_2,FUN_3
17469,11283,FUN_5,FUN_6
17497,12661,FUN_2,FUN_1
17500,20148,FUN_1,FUN_2
17507,6596,CUBE_L,RET
17511,12661,FUN_1,FUN_2
17512,10082,FUN_1,FUN_2
17513,12661,FUN_2,FUN_1
17515,12661,FUN_1,FUN_2
17522,12661,FUN_2,FUN_1
17523,9225,CUBE_R,FUN_6
17565,17533,FUN_3,FUN_4
17567,15965,FUN_4,FUN_5
17578,8658,FUN_5,FUN_6
17596,12661,FUN_1,FUN_2
17610,12264,FUN_4,FUN_3
17612,4287,FUN_2,FUN_1
17620,16763,FUN_1,FUN_2
17640,6944,FUN_2,FUN_1
17643,15762,FUN_3,FUN_2
17650,29440,CUBE_R,FUN_6
17661,1587,FUN_3,FUN_2
17668,1064,FUN_3,FUN_2
17674,28951,FUN_6,FUN_5
17690,8699,FUN_2,FUN_1
17696,6761,FUN_5,FUN_4
17701,19739,CUBE_L,RET
17704,8089,CUBE_R,FUN_6
17706,28507,FUN_2,FUN_3
17711,12871,FUN_1,FUN_2
17712,25920,FUN_4,FUN_3
17716,29845,FUN_6,FUN_5
17721,16856,FUN_5,FUN_6
17733,14481,FUN_2,FUN_3
17746,18187,FUN_6,CUBE_R
17747,9216,FUN_2,FUN_1
17759,26498,FUN_2,FUN_1
17777,29304,FUN_2,FUN_1
17801,7061,FUN_4,FUN_3
17806,2382,FUN_3,FUN_4
17821,10557,FUN_3,FUN_2
17834,28767,FUN_1,FUN_2
17840,21948,CUBE_L,RET
17848,28678,FUN_2,FUN_1
17853,19860,FUN_1,FUN_2
17856,23770,FUN_2,FUN_3
17871,10962,FUN_1,FUN_2
17877,9878,CUBE_L,RET
17880,11490,FUN_2,FUN_1
17895,23820,FUN_1,FUN_2
17924,3100,FUN_6,CUBE_R
17924,13527,FUN_4,FUN_3
17938,12661,FUN_2,FUN_1
17943,16650,FUN_3,FUN_2
17950,21963,CUBE_R,RET
17950,26681,FUN_2,FUN_3
17976,6944,FUN_1,FUN_2
17979,6557,FUN_4,FUN_5
17981,19109,FUN_1,FUN_2
17993,1491,FUN_3,FUN_4
17995,11768,FUN_2,FUN_3
18003,4568,FUN_3,FUN_2
18024,24487,CUBE_L,RET
18026,2382,FUN_4,FUN_3
18045,24354,FUN_5,FUN_4
18047,23838,FUN_2,FUN_3
18085,11841,FUN_5,FUN_4
18091,13527,FUN_3,FUN_4
18091,22099,FUN_1,FUN_2
18099,17621,FUN_6,FUN_5
18110,5367,FUN_4,FUN_3
18113,29215,FUN_4,FUN_5
18120,26748,FUN_2,FUN_1
18136,6447,FUN_3,FUN_2
18166,23357,CUBE_R,RET
18167,14552,FUN_2,FUN_3
18169,2382,FUN_3,FUN_4
18175,11130,FUN_6,FUN_5
18183,14862,FUN_5,FUN_4
18185,11386,FUN_4,FUN_3
18191,9756,FUN_4,FUN_5
18199,2444,CUBE_R,RET
18204,26748,FUN_1,FUN_2
18212,29304,FUN_1,FUN_2
18217,15965,FUN_5,FUN_4
18222,15219,FUN_1,FUN_2
18225,22816,FUN_2,FUN_3
18232,16549,FUN_5,FUN_6
18238,12359,FUN_6,FUN_5
18243,1681,FUN_3,FUN_2
18252,26748,FUN_2,FUN_1
18257,21002,RET,CUBE_L
18258,3472,FUN_3,FUN_2
18263,20087,FUN_5,FUN_4
18269,7787,FUN_3,FUN_2
18274,28494,FUN_2,FUN_3
18287,23974,FUN_2,FUN_3
18292,17533,FUN_4,FUN_3
18293,14481,FUN_3,FUN_2
18293,19536,FUN_2,FUN_3
18296,20841,FUN_2,FUN_1
18297,10895,FUN_2,FUN_3
18300,17040,FUN_2,FUN_3
18301,6933,FUN_5,FUN_6
18303,9951,FUN_3,FUN_2
18306,7524,CUBE_R,FUN_6
18308,775,FUN_2,FUN_1
18308,14506,FUN_1,FUN_2
18321,10962,FUN_2,FUN_1
18321,18317,CUBE_L,RET
18331,1543,FUN_5,FUN_6
18336,6180,FUN_3,FUN_2
18351,19376,RET,CUBE_L
18363,16648,FUN_6,CUBE_R
18379,25899,FUN_1,FUN_2
18383,27496,FUN_2,FUN_1
18386,21135,FUN_1,FUN_2
18387,10150,CUBE_R,FUN_6
18405,16034,FUN_2,FUN_1
18418,8376,RET,CUBE_R
18439,19515,FUN_3,FUN_4
18450,10,CUBE_R,FUN_6
18451,26595,FUN_2,FUN_1
18465,25398,FUN_6,FUN_5
18468,6761,FUN_4,FUN_5
18477,1017,FUN_2,FUN_1
18487,6944,FUN_2,FUN_1
18500,23596,FUN_3,FUN_2
18504,11282,FUN_2,FUN_3
18527,29546,FUN_5,FUN_4
18540,12856,FUN_2,FUN_1
18545,1281,FUN_4,FUN_5
18545,19739,RET,CUBE_L
18566,20148,FUN_2,FUN_1
18570,24046,RET,CUBE_L
18595,8823,FUN_2,FUN_1
18613,29305,FUN_2,FUN_1
18625,14506,FUN_2,FUN_1
18626,14725,FUN_2,FUN_1
18628,19650,FUN_5,FUN_6
18637,29806,CUBE_L,FUN_1
18643,27284,FUN_4,FUN_3
18648,2382,FUN_4,FUN_3
18656,5047,FUN_5,FUN_4
18666,29770,FUN_3,FUN_2
18679,1681,FUN_2,FUN_3
18710,10528,CUBE_L,FUN_1
18714,13044,FUN_1,FUN_2
18717,534,FUN_1,FUN_2
18727,11282,FUN_3,FUN_2
18728,13055,RET,CUBE_R
18729,29845,FUN_5,FUN_6
18748,349,FUN_3,FUN_2
18751,24051,FUN_1,FUN_2
18760,15947,FUN_4,FUN_5
18765,14110,RET,CUBE_L
18776,19002,FUN_2,FUN_3
18778,27980,FUN_1,FUN_2
18786,17896,FUN_6,CUBE_R
18789,23719,FUN_1,FUN_2
18790,10654,FUN_1,FUN_2
18790,18627,RET,CUBE_R
18802,7710,FUN_4,FUN_5
18817,2003,FUN_6,FUN_5
18827,25691,FUN_1,FUN_2
18845,6175,FUN_2,FUN_3
18846,22787,FUN_3,FUN_2
18855,29305,FUN_1,FUN_2
18863,10929,FUN_2,FUN_3
18879,15601,FUN_4,FUN_3
18881,15285,FUN_2,FUN_1
18882,19024,FUN_2,FUN_3
18890,6690,FUN_1,FUN_2
18929,24057,FUN_2,FUN_1
18939,1587,FUN_2,FUN_3
18964,9676,FUN_4,FUN_5
18969,18965,FUN_3,FUN_2
18981,22800,FUN_1,FUN_2
18984,17765,CUBE_L,RET
18985,26952,CUBE_R,RET
18986,22064,FUN_2,FUN_1
18998,3495,FUN_3,FUN_2
19005,20228,FUN_2,FUN_1
19010,17241,FUN_3,FUN_4
19010,19092,FUN_3,FUN_2
19018,25207,FUN_1,FUN_2
19040,20537,FUN_2,FUN_3
19061,27086,FUN_3,FUN_4
19071,19650,FUN_6,FUN_5
19093,27343,FUN_1,FUN_2
19094,21135,FUN_2,FUN_1
19107,9968,CUBE_L,FUN_1
19118,13295,FUN_2,FUN_3
19145,2804,CUBE_L,FUN_1
19157,28357,FUN_1,FUN_2
19166,24942,RET,CUBE_R
19200,7326,FUN_2,FUN_1
19201,12009,FUN_1,CUBE_L
19206,25907,FUN_1,FUN_2
19210,18851,FUN_1,FUN_2
19212,12757,FUN_3,FUN_2
19230,13986,FUN_1,FUN_2
19242,26211,FUN_3,FUN_2
19259,25118,FUN_2,FUN_3
19280,17897,FUN_5,FUN_4
19282,6624,FUN_2,FUN_1
19284,17975,FUN_6,FUN_5
19287,17369,FUN_5,FUN_6
19289,8933,FUN_1,FUN_2
19303,21948,RET,CUBE_L
19331,3042,CUBE_L,FUN_1
19334,27572,FUN_3,FUN_2
19365,16470,FUN_5,FUN_6
19371,27305,CUBE_R,FUN_6
19379,19084,FUN_1,FUN_2
19388,18990,FUN_5,FUN_6
19389,18187,CUBE_R,FUN_6
19396,29967,FUN_1,FUN_2
19401,6761,FUN_5,FUN_4
19412,4022,RET,CUBE_R
19412,19109,FUN_2,FUN_1
19434,23820,FUN_2,FUN_1
19440,15965,FUN_4,FUN_5
19454,27463,FUN_3,FUN_4
19473,20095,FUN_6,CUBE_R
19473,21110,FUN_1,FUN_2
19488,5245,CUBE_L,RET
19493,19292,FUN_2,FUN_3
19534,14569,FUN_3,FUN_4
19554,19469,FUN_5,FUN_6
19556,4485,FUN_2,FUN_1
19570,10221,RET,CUBE_L
19580,19395,FUN_2,FUN_1
19585,6432,FUN_5,FUN_4
19597,11144,FUN_1,FUN_2
19606,6760,FUN_3,FUN_2
19610,27463,FUN_4,FUN_3
19617,17965,CUBE_L,RET
19619,485,FUN_4,FUN_5
19624,21461,FUN_5,FUN_4
19650,22787,FUN_2,FUN_3
19658,29845,FUN_6,FUN_5
19663,3968,CUBE_R,FUN_6
19669,28247,FUN_2,FUN_3
19670,16621,FUN_4,FUN_5
19677,775,FUN_1,FUN_2
19702,16061,FUN_3,FUN_4
19704,15601,FUN_3,FUN_4
19707,20535,FUN_3,FUN_2
19724,16549,FUN_6,FUN_5
19730,23051,CUBE_R,RET
19732,1960,CUBE_L,RET
19736,7787,FUN_2,FUN_3
19756,22136,FUN_2,FUN_3
19777,2250,CUBE_L,RET
19789,2005,FUN_3,FUN_2
19798,16164,CUBE_R,RET
19809,11833,FUN_1,CUBE_L
19833,17533,FUN_3,FUN_4
19839,27860,RET,CUBE_L
19844,13513,FUN_1,FUN_2
19847,2751,FUN_2,FUN_1
19860,13679,FUN_3,FUN_2
19863,20537,FUN_3,FUN_2
19866,7042,RET,CUBE_L
19867,19395,FUN_1,FUN_2
19868,13427,CUBE_R,FUN_6
19872,2005,FUN_2,FUN_3
19877,5367,FUN_3,FUN_4
19893,20228,FUN_1,FUN_2
19901,14831,FUN_5,FUN_4
19903,21448,FUN_2,FUN_1
19908,5675,FUN_1,FUN_2
19926,16128,FUN_6,FUN_5
19938,17110,FUN_4,FUN_5
19947,7395,FUN_4,FUN_3
19949,18415,FUN_2,FUN_1
19965,503,FUN_3,FUN_2
19972,19092,FUN_2,FUN_3
19976,14110,CUBE_L,RET
20014,41,FUN_2,FUN_3
20041,2005,FUN_3,FUN_2
20074,1085,FUN_5,FUN_4
20085,20228,FUN_2,FUN_1
20090,8646,FUN_2,FUN_1
20103,27794,FUN_4,FUN_5
20105,21298,FUN_2,FUN_3
20107,14688,FUN_3,FUN_2
20117,15773,FUN_3,FUN_2
20124,23646,FUN_3,FUN_2
20136,26211,FUN_2,FUN_3
20140,17533,FUN_4,FUN_3
20143,20810,FUN_6,FUN_5
20164,23820,FUN_1,FUN_2
20176,23899,FUN_1,CUBE_L
20185,8131,FUN_3,FUN_2
20195,16470,FUN_6,FUN_5
20219,8646,FUN_1,FUN_2
20223,21527,FUN_6,CUBE_R
20225,8478,FUN_1,FUN_2
20231,5296,FUN_1,CUBE_L
20233,5881,FUN_3,FUN_4
20234,20148,FUN_1,FUN_2
20237,13527,FUN_4,FUN_3
20259,24051,FUN_2,FUN_1
20273,1064,FUN_2,FUN_3
20286,5898,FUN_6,CUBE_R
20286,19395,FUN_2,FUN_1
20289,9014,CUBE_L,FUN_1
20294,11551,FUN_2,FUN_1
20297,21774,CUBE_R,FUN_6
20301,4594,FUN_2,FUN_1
20305,2444,RET,CUBE_R
20305,17334,RET,CUBE_L
20310,19515,FUN_4,FUN_3
20310,22816,FUN_3,FUN_2
20323,19566,FUN_2,FUN_1
20326,14920,FUN_2,FUN_1
20327,14329,FUN_3,FUN_2
20341,19739,CUBE_L,RET
20344,26036,FUN_6,CUBE_R
20359,10654,FUN_2,FUN_1
20365,12415,FUN_6,FUN_5
20377,26718,FUN_3,FUN_4
20378,29770,FUN_2,FUN_3
20389,2345,FUN_2,FUN_3
20390,7790,FUN_3,FUN_2
20394,23099,FUN_6,FUN_5
20399,13986,FUN_2,FUN_1
20408,5675,FUN_2,FUN_1
20418,11242,FUN_2,FUN_3
20421,28686,FUN_4,FUN_5
20424,9163,FUN_3,FUN_4
20428,11282,FUN_2,FUN_3
20432,14110,RET,CUBE_L
20438,2899,RET,CUBE_R
20438,11157,FUN_2,FUN_1
20445,21774,FUN_6,CUBE_R
20449,20113,CUBE_L,RET
20452,6331,FUN_3,FUN_2
20454,1064,FUN_3,FUN_2
20462,23030,FUN_3,FUN_4
20488,26112,FUN_5,FUN_4
20490,16756,CUBE_R,FUN_6
20494,19989,FUN_1,CUBE_L
20527,4885,FUN_4,FUN_3
20530,11443,FUN_1,CUBE_L
20541,14852,FUN_3,FUN_2
20545,9751,FUN_2,FUN_1
20555,6993,FUN_2,FUN_3
20557,12836,FUN_2,FUN_1
20563,19666,FUN_2,FUN_3
20568,13036,CUBE_R,RET
20569,16685,FUN_3,FUN_2
20579,22316,FUN_4,FUN_3
20583,27794,FUN_5,FUN_4
20586,23030,FUN_4,FUN_3
20590,26090,FUN_2,FUN_1
20598,23314,RET,CUBE_R
20608,18187,FUN_6,CUBE_R
20616,28722,FUN_4,FUN_3
20618,23868,FUN_2,FUN_3
20620,7569,FUN_3,FUN_2
20622,9751,FUN_1,FUN_2
20623,24032,RET,CUBE_L
20632,17369,FUN_6,FUN_5
20640,28586,FUN_4,FUN_5
20666,21948,CUBE_L,RET
20673,5367,FUN_4,FUN_3
20674,19558,FUN_3,FUN_2
20694,9951,FUN_2,FUN_3
20696,24942,CUBE_R,RET
20701,15771,FUN_1,FUN_2
20721,27078,FUN_6,FUN_5
20728,1098,FUN_2,FUN_1
20732,14876,FUN_2,FUN_1
20735,1223,CUBE_L,RET
20737,22963,FUN_6,CUBE_R
20746,25035,FUN_2,FUN_3
20746,25929,FUN_3,FUN_2
20755,1459,FUN_4,FUN_3
20760,2345,FUN_3,FUN_2
20763,11130,FUN_5,FUN_6
20775,7569,FUN_2,FUN_3
20784,19566,FUN_1,FUN_2
20800,898,FUN_2,FUN_3
20843,13782,FUN_1,FUN_2
20861,15773,FUN_2,FUN_3
20879,24055,FUN_3,FUN_4
20889,7995,FUN_3,FUN_2
20894,16470,FUN_5,FUN_6
20895,9069,FUN_3,FUN_4
20900,22186,FUN_3,FUN_2
20904,28509,RET,CUBE_L
20914,23314,CUBE_R,RET
20935,4022,CUBE_R,RET
20941,19558,FUN_2,FUN_3
20957,7513,FUN_2,FUN_1
20960,23820,FUN_2,FUN_1
20979,23099,FUN_5,FUN_6
21033,11538,FUN_6,CUBE_R
21036,14568,FUN_1,FUN_2
21051,21110,FUN_2,FUN_1
21076,11500,FUN_1,FUN_2
21081,14506,FUN_1,FUN_2
21087,28636,FUN_1,FUN_2
21091,14852,FUN_2,FUN_3
21096,2382,FUN_3,FUN_4
21101,22534,FUN_5,FUN_6
21105,461,FUN_2,FUN_3
21138,9430,FUN_1,FUN_2
21163,16161,FUN_5,FUN_6
21178,27988,CUBE_L,FUN_1
21179,28278,FUN_6,CUBE_R
21188,9878,RET,CUBE_L
21202,7569,FUN_3,FUN_2
21204,2364,FUN_3,FUN_2
21226,7787,FUN_3,FUN_2
21233,26748,FUN_1,FUN_2
21248,29304,FUN_2,FUN_1
21260,6331,FUN_2,FUN_3
21262,29455,FUN_1,FUN_2
21294,10740,FUN_2,FUN_1
21302,20211,FUN_6,FUN_5
21306,534,FUN_2,FUN_1
21317,1113,FUN_2,FUN_1
21333,19566,FUN_2,FUN_1
21341,23314,RET,CUBE_R
21346,14022,FUN_2,FUN_3
21348,20537,FUN_2,FUN_3
21354,7716,RET,CUBE_R
21355,24051,FUN_1,FUN_2
21362,6460,FUN_2,FUN_3
21368,22203,FUN_2,FUN_3
21371,4800,FUN_3,FUN_4
21372,21448,FUN_1,FUN_2
21375,7742,FUN_1,CUBE_L
21392,23868,FUN_3,FUN_2
21397,9069,FUN_4,FUN_3
21401,28817,FUN_6,FUN_5
21410,8363,FUN_2,FUN_1
21416,23474,CUBE_R,RET
21417,27682,FUN_3,FUN_2
21421,2433,FUN_2,FUN_3
21425,10528,FUN_1,CUBE_L
21426,27858,FUN_2,FUN_1
21438,20753,FUN_3,FUN_4
21438,29304,FUN_1,FUN_2
21442,15170,CUBE_L,FUN_1
21449,25711,FUN_3,FUN_2
21468,27839,FUN_2,FUN_1
21511,16856,FUN_6,FUN_5
21537,10772,FUN_5,FUN_6
21545,92,FUN_5,FUN_4
21564,25775,FUN_3,FUN_4
21574,22618,FUN_2,FUN_3
21587,28247,FUN_3,FUN_2
21609,17004,FUN_5,FUN_6
21613,10851,FUN_3,FUN_2
21625,6624,FUN_1,FUN_2
21625,7395,FUN_3,FUN_4
21643,14110,CUBE_L,RET
21650,14026,FUN_2,FUN_1
21656,28856,FUN_4,FUN_3
21662,20415,FUN_2,FUN_3
21669,12661,FUN_1,FUN_2
21670,6478,FUN_2,FUN_3
21692,4568,FUN_2,FUN_3
21697,11538,CUBE_R,FUN_6
21703,27682,FUN_2,FUN_3
21710,26718,FUN_4,FUN_3
21721,17931,FUN_4,FUN_5
21722,16621,FUN_5,FUN_4
21735,26520,FUN_4,FUN_3
21744,16193,FUN_2,FUN_3
21747,4206,RET,CUBE_R
21747,28736,FUN_3,FUN_2
21765,5911,CUBE_L,RET
21782,26036,CUBE_R,FUN_6
21797,29804,FUN_2,FUN_3
21800,23314,CUBE_R,RET
21808,1595,FUN_6,FUN_5
21808,14876,FUN_1,FUN_2
21834,29627,FUN_2,FUN_3
21844,12608,FUN_2,FUN_3
21852,4124,FUN_2,FUN_3
21903,13513,FUN_2,FUN_1
21914,19109,FUN_1,FUN_2
21923,27496,FUN_1,FUN_2
21926,6871,FUN_2,FUN_3
21935,13394,FUN_6,CUBE_R
21940,5171,FUN_2,FUN_1
21942,1940,FUN_5,FUN_6
21950,17322,FUN_1,CUBE_L
21955,22935,FUN_3,FUN_4
21973,18992,CUBE_L,FUN_1
21984,5358,CUBE_R,RET
21990,14110,RET,CUBE_L
21992,23533,FUN_1,CUBE_L
21996,503,FUN_2,FUN_3
22005,10409,FUN_5,FUN_4
22007,23632,FUN_3,FUN_4
22010,18252,FUN_2,FUN_3
22023,22842,FUN_2,FUN_1
22040,6175,FUN_3,FUN_2
22061,11465,FUN_3,FUN_2
22095,8131,FUN_2,FUN_3
22115,17740,FUN_1,FUN_2
22116,29770,FUN_3,FUN_2
22134,4159,CUBE_L,FUN_1
22136,28561,FUN_3,FUN_2
22138,24057,FUN_1,FUN_2
22151,28716,FUN_3,FUN_2
22152,5471,RET,CUBE_R
22154,20537,FUN_3,FUN_2
22157,10678,FUN_2,FUN_1
22157,14568,FUN_2,FUN_1
22195,24268,FUN_5,FUN_4
22227,6180,FUN_2,FUN_3
22238,22339,FUN_3,FUN_4
22241,10772,FUN_6,FUN_5
22248,17508,FUN_2,FUN_1
22264,2364,FUN_2,FUN_3
22273,6784,FUN_6,FUN_5
22292,27468,CUBE_L,RET
22298,28716,FUN_2,FUN_3
22300,16488,RET,CUBE_R
22300,22238,RET,CUBE_L
22327,6980,RET,CUBE_R
22330,17240,FUN_4,FUN_3
22359,2364,FUN_3,FUN_2
22363,2364,FUN_2,FUN_3
22364,2364,FUN_3,FUN_2
22369,24035,CUBE_L,RET
22373,2364,FUN_2,FUN_3
22379,28984,FUN_2,FUN_3
22382,22238,CUBE_L,RET
22389,4723,FUN_1,FUN_2
22393,14812,FUN_3,FUN_2
22405,14481,FUN_2,FUN_3
22428,19860,FUN_2,FUN_1
22433,14998,FUN_6,CUBE_R
22436,5031,FUN_4,FUN_3
22436,26543,FUN_2,FUN_1
22437,14876,FUN_2,FUN_1
22449,26276,RET,CUBE_L
22457,12856,FUN_1,FUN_2
22473,6157,CUBE_R,FUN_6
22473,14329,FUN_2,FUN_3
22474,8933,FUN_2,FUN_1
22476,24487,RET,CUBE_L
22478,24922,FUN_3,FUN_2
22509,3885,CUBE_R,RET
22515,19566,FUN_1,FUN_2
22528,13527,FUN_3,FUN_4
22533,11538,FUN_6,CUBE_R
22534,8380,FUN_1,FUN_2
22535,6478,FUN_3,FUN_2
22545,16586,FUN_2,FUN_1
22547,11841,FUN_4,FUN_5
22564,22787,FUN_3,FUN_2
22569,16070,CUBE_L,FUN_1
22573,8588,CUBE_L,RET
22574,19308,FUN_5,FUN_6
22576,26897,FUN_3,FUN_2
22577,11747,RET,CUBE_L
22587,23978,CUBE_R,RET
22593,13767,FUN_4,FUN_3
22611,21507,FUN_3,FUN_4
22621,16075,FUN_3,FUN_2
22649,25035,FUN_3,FUN_2
22652,15126,FUN_1,FUN_2
22653,10530,FUN_1,FUN_2
22653,15830,FUN_5,FUN_4
22655,13767,FUN_3,FUN_4
22656,13253,FUN_2,FUN_1
22670,7326,FUN_1,FUN_2
22673,16087,CUBE_L,FUN_1
22674,23646,FUN_2,FUN_3
22688,18518,FUN_3,FUN_2
22696,2923,CUBE_L,RET
22709,16115,RET,CUBE_R
22715,27844,FUN_3,FUN_4
22725,25650,FUN_2,FUN_3
22727,12856,FUN_2,FUN_1
22731,20535,FUN_2,FUN_3
22734,22842,FUN_1,FUN_2
22744,20841,FUN_1,FUN_2
22749,26952,RET,CUBE_R
22752,11503,FUN_2,FUN_1
22754,9430,FUN_2,FUN_1
22760,7595,RET,CUBE_R
22761,4257,FUN_2,FUN_3
22775,5760,CUBE_R,RET
22776,11841,FUN_5,FUN_4
22777,21354,FUN_3,FUN_2
22792,10310,FUN_1,FUN_2
22792,21967,FUN_6,FUN_5
22805,3968,FUN_6,CUBE_R
22832,10654,FUN_1,FUN_2
22859,14022,FUN_3,FUN_2
22861,5915,FUN_4,FUN_5
22861,16075,FUN_2,FUN_3
22865,12608,FUN_3,FUN_2
22867,12044,FUN_2,FUN_1
22869,14848,CUBE_R,FUN_6
22898,20537,FUN_2,FUN_3
22915,27396,FUN_4,FUN_5
22918,5214,FUN_4,FUN_3
22918,18627,CUBE_R,RET
22929,6039,FUN_2,FUN_1
22980,19645,CUBE_R,RET
22985,20537,FUN_3,FUN_2
22988,3398,FUN_2,FUN_1
23003,10375,FUN_3,FUN_2
23016,4257,FUN_3,FUN_2
23016,11582,FUN_2,FUN_1
23029,17975,FUN_5,FUN_6
23031,21829,FUN_3,FUN_2
23034,4599,CUBE_L,RET
23056,20537,FUN_2,FUN_3
23065,18851,FUN_2,FUN_1
23084,8588,RET,CUBE_L
23085,11490,FUN_1,FUN_2
23087,16488,CUBE_R,RET
23089,601,CUBE_R,RET
23103,24709,FUN_6,CUBE_R
23116,19144,FUN_4,FUN_3
23129,20824,FUN_3,FUN_4
23134,7157,FUN_2,FUN_1
23136,2211,FUN_1,FUN_2
23150,27305,FUN_6,CUBE_R
23162,26981,FUN_2,FUN_1
23164,7742,CUBE_L,FUN_1
23164,16161,FUN_6,FUN_5
23175,2005,FUN_2,FUN_3
23181,18853,FUN_3,FUN_2
23188,20537,FUN_3,FUN_2
23225,18149,FUN_2,FUN_3
23239,24734,FUN_5,FUN_6
23266,3701,RET,CUBE_R
23270,4287,FUN_1,FUN_2
23270,7525,FUN_3,FUN_2
23276,28716,FUN_3,FUN_2
23279,26090,FUN_1,FUN_2
23290,5031,FUN_3,FUN_4
23297,11768,FUN_3,FUN_2
23299,6889,FUN_4,FUN_3
23301,26498,FUN_1,FUN_2
23304,24833,CUBE_L,RET
23308,3121,FUN_3,FUN_2
23319,1314,FUN_2,FUN_1
23327,20535,FUN_3,FUN_2
23338,531,FUN_6,FUN_5
23341,16856,FUN_5,FUN_6
23341,17004,FUN_6,FUN_5
23363,17241,FUN_4,FUN_3
23397,9751,FUN_2,FUN_1
23403,24489,CUBE_R,RET
23414,20537,FUN_2,FUN_3
23426,2039,FUN_2,FUN_1
23428,26543,FUN_1,FUN_2
23440,28678,FUN_1,FUN_2
23450,6933,FUN_6,FUN_5
23455,25226,FUN_3,FUN_2
23469,16165,FUN_1,FUN_2
23475,11443,CUBE_L,FUN_1
23476,2226,CUBE_R,RET
23476,8594,FUN_2,FUN_1
23483,23208,FUN_4,FUN_3
23496,28656,FUN_2,FUN_3
23502,20535,FUN_2,FUN_3
23514,7326,FUN_2,FUN_1
23517,24734,FUN_6,FUN_5
23519,19645,RET,CUBE_R
23530,23236,FUN_4,FUN_3
23538,13245,FUN_4,FUN_3
23538,21662,FUN_3,FUN_2
23560,29858,FUN_3,FUN_4
23563,1681,FUN_3,FUN_2
23589,9265,FUN_2,FUN_3
23618,11551,FUN_1,FUN_2
23625,18774,CUBE_R,RET
23632,12359,FUN_5,FUN_6
23649,11235,FUN_2,FUN_3
23651,17621,FUN_5,FUN_6
23655,17241,FUN_3,FUN_4
23667,7569,FUN_2,FUN_3
23673,2434,FUN_3,FUN_2
23681,19401,FUN_3,FUN_2
23685,7595,CUBE_R,RET
23694,4905,CUBE_L,RET
23703,8593,CUBE_R,RET
23718,10375,FUN_2,FUN_3
23735,2005,FUN_3,FUN_2
23736,503,FUN_3,FUN_2
23739,17225,FUN_4,FUN_3
23740,9275,RET,CUBE_L
23761,14906,FUN_2,FUN_1
23763,28618,RET,CUBE_R
23768,27980,FUN_2,FUN_1
23774,2838,FUN_2,FUN_1
23782,21135,FUN_1,FUN_2
23808,2303,FUN_2,FUN_3
23820,28496,FUN_3,FUN_2
23826,26642,FUN_3,FUN_2
23832,20784,FUN_3,FUN_4
23833,4485,FUN_1,FUN_2
23833,16732,FUN_6,CUBE_R
23835,22238,RET,CUBE_L
23836,28304,FUN_4,FUN_3
23837,11019,CUBE_L,RET
23857,19395,FUN_1,FUN_2
23862,29848,FUN_4,FUN_5
23871,10088,FUN_2,FUN_3
23876,531,FUN_5,FUN_6
23882,27844,FUN_4,FUN_3
23900,22573,FUN_3,FUN_4
23909,17340,FUN_2,FUN_1
23916,21354,FUN_2,FUN_3
23935,12044,FUN_1,FUN_2
23940,394,FUN_3,FUN_4
23941,17124,FUN_6,CUBE_R
23944,23452,FUN_3,FUN_4
23957,7955,FUN_2,FUN_1
23976,25398,FUN_5,FUN_6
23981,19161,CUBE_L,RET
24000,28494,FUN_3,FUN_2
24002,13513,FUN_1,FUN_2
24006,14022,FUN_2,FUN_3
24025,22935,FUN_4,FUN_3
24030,14848,FUN_6,CUBE_R
24049,14688,FUN_2,FUN_3
24059,28174,FUN_2,FUN_3
24065,25035,FUN_2,FUN_3
24077,24035,RET,CUBE_L
24096,19344,RET,CUBE_L
24098,23978,RET,CUBE_R
24103,14110,CUBE_L,RET
24119,5427,FUN_1,CUBE_L
24141,11490,FUN_2,FUN_1
24168,1113,FUN_1,FUN_2
24170,6460,FUN_3,FUN_2
24192,24709,CUBE_R,FUN_6
24193,4485,FUN_2,FUN_1
24197,4905,RET,CUBE_L
24207,13841,FUN_3,FUN_4
24228,14569,FUN_4,FUN_3
24242,26543,FUN_2,FUN_1
24250,18046,CUBE_R,RET
24266,461,FUN_3,FUN_2
24278,11582,FUN_1,FUN_2
24286,20649,FUN_2,FUN_1
24296,11114,CUBE_R,RET
24298,6696,FUN_3,FUN_2
24301,9069,FUN_3,FUN_4
24308,29858,FUN_4,FUN_3
24324,25929,FUN_2,FUN_3
24330,25350,CUBE_R,RET
24350,19172,FUN_3,FUN_4
24351,25476,FUN_3,FUN_2
24355,6168,FUN_6,FUN_5
24380,22312,FUN_3,FUN_2
24404,11069,FUN_2,FUN_3
24405,28634,FUN_6,FUN_5
24413,23632,FUN_4,FUN_3
24414,12044,FUN_2,FUN_1
24420,14848,CUBE_R,FUN_6
24422,22398,FUN_5,FUN_6
24438,16488,RET,CUBE_R
24452,20649,FUN_1,FUN_2
24458,17171,FUN_3,FUN_2
24466,15830,FUN_4,FUN_5
24468,12264,FUN_3,FUN_4
24468,19161,RET,CUBE_L
24475,11210,FUN_4,FUN_3
24493,20535,FUN_3,FUN_2
24510,10528,CUBE_L,FUN_1
24521,15451,FUN_4,FUN_3
24522,531,FUN_6,FUN_5
24526,26036,FUN_6,CUBE_R
24528,13958,FUN_3,FUN_2
24539,1000,FUN_3,FUN_2
24547,17965,RET,CUBE_L
24551,22787,FUN_2,FUN_3
24573,12661,FUN_2,FUN_1
24575,24747,FUN_3,FUN_2
24577,22280,FUN_1,FUN_2
24592,601,RET,CUBE_R
24593,22534,FUN_6,FUN_5
24606,17174,RET,CUBE_L
24610,19847,FUN_3,FUN_2
24651,14569,FUN_3,FUN_4
24656,5427,CUBE_L,FUN_1
24656,12224,FUN_3,FUN_2
24664,13782,FUN_2,FUN_1
24669,27105,FUN_2,FUN_3
24673,23236,FUN_3,FUN_4
24675,17533,FUN_3,FUN_4
24675,19739,RET,CUBE_L
24677,15830,FUN_5,FUN_4
24692,18252,FUN_3,FUN_2
24696,4292,FUN_2,FUN_1
24698,22842,FUN_2,FUN_1
24725,13213,FUN_6,CUBE_R
24726,1346,FUN_3,FUN_2
24728,11235,FUN_3,FUN_2
24750,19451,CUBE_L,RET
24762,4103,FUN_3,FUN_4
24772,9245,CUBE_R,RET
24776,4885,FUN_3,FUN_4
24776,23727,FUN_4,FUN_3
24786,28496,FUN_2,FUN_3
24799,10532,FUN_4,FUN_3
24808,1595,FUN_5,FUN_6
24816,2923,RET,CUBE_L
24820,7791,FUN_2,FUN_3
24839,10146,FUN_5,FUN_6
24841,13213,CUBE_R,FUN_6
24862,28509,CUBE_L,RET
24869,1302,FUN_5,FUN_4
24869,14626,FUN_1,FUN_2
24873,8007,FUN_6,FUN_5
24882,21202,FUN_5,FUN_6
24892,5171,FUN_1,FUN_2
24892,5595,RET,CUBE_L
24904,21662,FUN_2,FUN_3
24932,9571,FUN_3,FUN_2
24935,16586,FUN_1,FUN_2
24962,2923,CUBE_L,RET
24963,10532,FUN_3,FUN_4
24974,3158,FUN_2,FUN_1
24979,10704,FUN_5,FUN_6
24983,10528,FUN_1,CUBE_L
24997,23646,FUN_3,FUN_2
24999,13063,CUBE_L,FUN_1
25010,3471,FUN_6,CUBE_R
25029,9246,CUBE_L,RET
25029,25929,FUN_3,FUN_2
25029,26431,FUN_3,FUN_4
25063,3530,FUN_2,FUN_3
25076,10532,FUN_4,FUN_3
25078,28174,FUN_3,FUN_2
25079,8378,FUN_4,FUN_5
25086,25184,FUN_2,FUN_3
25094,15331,FUN_3,FUN_4
25094,17369,FUN_5,FUN_6
25103,6478,FUN_2,FUN_3
25110,5035,FUN_2,FUN_1
25138,20063,FUN_1,FUN_2
25139,21341,CUBE_R,RET
25142,25226,FUN_2,FUN_3
25144,4198,CUBE_L,RET
25148,1363,CUBE_L,RET
25151,11281,FUN_3,FUN_4
25154,4800,FUN_4,FUN_3
25156,22920,FUN_3,FUN_4
25165,8131,FUN_3,FUN_2
25165,22534,FUN_5,FUN_6
25192,5031,FUN_4,FUN_3
25193,11164,FUN_2,FUN_3
25209,10291,FUN_2,FUN_1
25209,13132,FUN_3,FUN_2
25217,12264,FUN_4,FUN_3
25217,19910,FUN_3,FUN_2
25220,28496,FUN_3,FUN_2
25224,10678,FUN_1,FUN_2
25243,25187,FUN_3,FUN_4
25246,7725,FUN_2,FUN_1
25249,18851,FUN_1,FUN_2
25251,13605,FUN_6,FUN_5
25263,13394,CUBE_R,FUN_6
25264,22064,FUN_1,FUN_2
25273,23051,RET,CUBE_R
25274,10150,FUN_6,CUBE_R
25282,18774,RET,CUBE_R
25282,26022,FUN_2,FUN_3
25286,17500,FUN_3,FUN_2
25289,29226,FUN_2,FUN_3
25298,19344,CUBE_L,RET
25306,16756,FUN_6,CUBE_R
25312,17080,FUN_2,FUN_3
25356,16586,FUN_2,FUN_1
25359,28496,FUN_2,FUN_3
25360,28670,CUBE_R,RET
25365,17533,FUN_4,FUN_3
25367,28485,CUBE_R,FUN_6
25378,24709,FUN_6,CUBE_R
25393,15451,FUN_3,FUN_4
25395,11210,FUN_3,FUN_4
25407,20824,FUN_4,FUN_3
25414,10146,FUN_6,FUN_5
25418,17610,FUN_6,CUBE_R
25420,21815,FUN_1,FUN_2
25426,29878,FUN_4,FUN_5
25445,7235,FUN_2,FUN_3
25448,5210,FUN_1,FUN_2
25464,14026,FUN_1,FUN_2
25470,7955,FUN_1,FUN_2
25482,14965,FUN_3,FUN_2
25493,12044,FUN_1,FUN_2
25498,27839,FUN_1,FUN_2
25520,1196,FUN_3,FUN_2
25535,29845,FUN_5,FUN_6
25570,12702,FUN_3,FUN_2
25574,19860,FUN_1,FUN_2
25577,9611,FUN_5,FUN_4
25580,24055,FUN_4,FUN_3
25604,20535,FUN_2,FUN_3
25613,18214,FUN_2,FUN_3
25634,9425,FUN_3,FUN_2
25658,21450,FUN_3,FUN_4
25670,28245,FUN_2,FUN_1
25686,15466,RET,CUBE_L
25691,9163,FUN_4,FUN_3
25691,13959,CUBE_L,FUN_1
25698,6977,CUBE_L,RET
25706,14881,CUBE_L,FUN_1
25716,21969,FUN_2,FUN_1
25730,29848,FUN_5,FUN_4
25737,18774,CUBE_R,RET
25749,24354,FUN_4,FUN_5
25765,15830,FUN_4,FUN_5
25774,28618,CUBE_R,RET
25777,19739,CUBE_L,RET
25784,12702,FUN_2,FUN_3
25794,15368,FUN_3,FUN_2
25801,25398,FUN_6,FUN_5
25828,23858,FUN_4,FUN_3
25857,27083,FUN_2,FUN_1
25869,15198,FUN_3,FUN_2
25886,15705,FUN_2,FUN_3
25889,6432,FUN_4,FUN_5
25905,29878,FUN_5,FUN_4
25908,19645,CUBE_R,RET
25932,7569,FUN_3,FUN_2
25945,10150,CUBE_R,FUN_6
25956,28313,FUN_3,FUN_4
25964,26718,FUN_3,FUN_4
25978,27980,FUN_1,FUN_2
25986,16437,FUN_3,FUN_4
25987,4398,FUN_4,FUN_5
25994,21354,FUN_3,FUN_2
26006,24086,FUN_3,FUN_4
26007,23978,CUBE_R,RET
26017,28218,FUN_4,FUN_3
26019,21948,RET,CUBE_L
26028,5760,RET,CUBE_R
26029,2518,FUN_1,FUN_2
26038,18167,FUN_3,FUN_2
26046,6641,FUN_2,FUN_1
26046,9087,RET,CUBE_L
26053,7167,FUN_4,FUN_5
26058,19196,RET,CUBE_R
26067,21120,FUN_2,FUN_3
26073,1491,FUN_4,FUN_3
26081,22842,FUN_1,FUN_2
26087,18990,FUN_6,FUN_5
26113,17340,FUN_1,FUN_2
26118,3479,FUN_5,FUN_4
26121,6983,FUN_3,FUN_2
26122,11386,FUN_3,FUN_4
26129,18383,FUN_2,FUN_3
26129,29304,FUN_2,FUN_1
26138,9705,CUBE_L,FUN_1
26143,12359,FUN_6,FUN_5
26156,9001,CUBE_L,RET
26162,27536,FUN_2,FUN_3
26163,15040,FUN_2,FUN_1
26164,7339,FUN_6,FUN_5
26188,24549,CUBE_L,FUN_1
26192,10530,FUN_2,FUN_1
26213,9246,RET,CUBE_L
26225,19401,FUN_2,FUN_3
26226,13245,FUN_3,FUN_4
26230,10150,FUN_6,CUBE_R
26230,19666,FUN_3,FUN_2
26231,28176,RET,CUBE_R
26234,22816,FUN_2,FUN_3
26246,8417,FUN_4,FUN_3
26258,12035,CUBE_L,RET
26260,13959,FUN_1,CUBE_L
26264,18398,FUN_4,FUN_3
26272,4772,FUN_3,FUN_2
26272,16091,FUN_2,FUN_3
26275,15602,CUBE_R,RET
26283,15823,FUN_1,FUN_2
26286,10169,RET,CUBE_L
26288,21202,FUN_6,FUN_5
26300,8417,FUN_3,FUN_4
26311,23632,FUN_3,FUN_4
26323,6611,FUN_5,FUN_6
26323,23068,FUN_3,FUN_4
26324,5210,FUN_2,FUN_1
26334,13055,CUBE_R,RET
26345,16087,FUN_1,CUBE_L
26347,25017,CUBE_L,RET
26354,25118,FUN_3,FUN_2
26366,26543,FUN_1,FUN_2
26366,28494,FUN_2,FUN_3
26370,1393,FUN_1,FUN_2
26382,15118,FUN_2,FUN_3
26389,4408,FUN_2,FUN_3
26390,1423,FUN_3,FUN_2
26392,4713,FUN_4,FUN_3
26417,12264,FUN_3,FUN_4
26422,18167,FUN_2,FUN_3
26443,21662,FUN_3,FUN_2
26444,8078,FUN_3,FUN_2
26449,18853,FUN_2,FUN_3
26450,13253,FUN_1,FUN_2
26467,1223,RET,CUBE_L
26476,18495,FUN_3,FUN_2
26494,20611,FUN_6,FUN_5
26501,6696,FUN_2,FUN_3
26514,24489,RET,CUBE_R
26525,20228,FUN_1,FUN_2
26527,4124,FUN_3,FUN_2
26533,21354,FUN_2,FUN_3
26543,1113,FUN_2,FUN_1
26545,10704,FUN_6,FUN_5
26560,15834,RET,CUBE_R
26563,3398,FUN_1,FUN_2
26569,28300,FUN_2,FUN_1
26573,3885,RET,CUBE_R
26583,467,FUN_4,FUN_5
26597,2899,CUBE_R,RET
26603,5186,FUN_2,FUN_3
26619,22573,FUN_4,FUN_3
26631,28984,FUN_3,FUN_2
26635,12359,FUN_5,FUN_6
26662,135,CUBE_R,RET
26679,11164,FUN_3,FUN_2
26696,12505,FUN_2,FUN_3
26708,6585,FUN_3,FUN_2
26713,14301,FUN_2,FUN_1
26730,1595,FUN_6,FUN_5
26748,4568,FUN_3,FUN_2
26756,8417,FUN_4,FUN_3
26769,3088,FUN_5,FUN_6
26775,27459,FUN_1,FUN_2
26788,5427,FUN_1,CUBE_L
26788,10438,FUN_4,FUN_3
26789,14920,FUN_1,FUN_2
26794,23452,FUN_4,FUN_3
26796,2133,FUN_4,FUN_5
26796,22842,FUN_2,FUN_1
26800,5968,FUN_1,FUN_2
26802,3158,FUN_1,FUN_2
26804,27524,FUN_6,FUN_5
26809,27719,FUN_3,FUN_4
26830,21985,FUN_2,FUN_1
26837,16856,FUN_6,FUN_5
26840,11747,CUBE_L,RET
26842,11582,FUN_2,FUN_1
26856,29827,FUN_3,FUN_4
26876,4635,RET,CUBE_L
26897,16164,RET,CUBE_R
26909,5210,FUN_1,FUN_2
26939,9087,CUBE_L,RET
26939,14667,FUN_3,FUN_2
26978,19084,FUN_2,FUN_1
26986,10614,FUN_2,FUN_1
26991,5296,CUBE_L,FUN_1
26992,6784,FUN_5,FUN_6
26994,23171,FUN_4,FUN_5
27005,19989,CUBE_L,FUN_1
27009,4885,FUN_4,FUN_3
27024,7235,FUN_3,FUN_2
27045,3028,CUBE_R,RET
27049,21108,RET,CUBE_L
27072,5239,CUBE_R,FUN_6
27078,19847,FUN_2,FUN_3
27080,26112,FUN_4,FUN_5
27085,17610,CUBE_R,FUN_6
27093,7806,FUN_3,FUN_2
27095,16579,FUN_1,FUN_2
27110,19558,FUN_3,FUN_2
27118,21766,FUN_5,FUN_4
27147,19880,FUN_2,FUN_1
27148,9001,RET,CUBE_L
27154,15156,FUN_6,FUN_5
27165,5722,FUN_2,FUN_1
27166,13181,FUN_1,FUN_2
27170,4159,FUN_1,CUBE_L
27178,7569,FUN_2,FUN_3
27178,20824,FUN_3,FUN_4
27185,281,FUN_3,FUN_2
27188,22136,FUN_3,FUN_2
27192,6983,FUN_2,FUN_3
27219,15451,FUN_4,FUN_3
27230,1681,FUN_2,FUN_3
27235,13044,FUN_2,FUN_1
27239,898,FUN_3,FUN_2
27268,17965,CUBE_L,RET
27270,15118,FUN_3,FUN_2
27281,9038,CUBE_R,RET
27283,10962,FUN_1,FUN_2
27285,14609,FUN_3,FUN_2
27297,24094,FUN_3,FUN_2
27299,7690,FUN_5,FUN_6
27300,4568,FUN_2,FUN_3
27312,22920,FUN_4,FUN_3
27314,3088,FUN_6,FUN_5
27318,13181,FUN_2,FUN_1
27320,13044,FUN_1,FUN_2
27325,2967,RET,CUBE_R
27325,20535,FUN_3,FUN_2
27332,19344,RET,CUBE_L
27358,1543,FUN_6,FUN_5
27358,29848,FUN_4,FUN_5
27360,15285,FUN_1,FUN_2
27390,22929,FUN_2,FUN_3
27394,7604,FUN_2,FUN_1
27408,19558,FUN_2,FUN_3
27428,1165,CUBE_L,RET
27452,12553,FUN_2,FUN_3
27471,20432,FUN_3,FUN_2
27473,8007,FUN_5,FUN_6
27475,10234,FUN_2,FUN_1
27488,23474,RET,CUBE_R
27500,28357,FUN_2,FUN_1
27508,21557,CUBE_L,FUN_1
27511,13782,FUN_1,FUN_2
27526,3044,FUN_2,FUN_3
27535,8625,CUBE_L,FUN_1
27542,21838,FUN_2,FUN_1
27547,29904,FUN_3,FUN_2
27554,21108,CUBE_L,RET
27556,22508,FUN_3,FUN_2
27566,13782,FUN_2,FUN_1
27589,13986,FUN_1,FUN_2
27604,7513,FUN_1,FUN_2
27612,10375,FUN_3,FUN_2
27620,13181,FUN_1,FUN_2
27620,20030,FUN_4,FUN_3
27658,12071,FUN_3,FUN_2
27659,21120,FUN_3,FUN_2
27670,7074,FUN_2,FUN_1
27684,11747,RET,CUBE_L
27686,2382,FUN_4,FUN_3
27688,21527,CUBE_R,FUN_6
27689,18252,FUN_2,FUN_3
27694,28300,FUN_1,FUN_2
27696,2967,CUBE_R,RET
27697,21838,FUN_1,FUN_2
27701,4292,FUN_1,FUN_2
27712,1246,FUN_2,FUN_3
27715,7326,FUN_1,FUN_2
27720,22508,FUN_2,FUN_3
27726,16301,FUN_2,FUN_1
27730,24447,FUN_2,FUN_1
27735,6432,FUN_5,FUN_4
27763,15040,FUN_1,FUN_2
27771,16161,FUN_5,FUN_6
27774,10150,CUBE_R,FUN_6
27774,12661,FUN_1,FUN_2
27779,24269,FUN_3,FUN_2
27788,27952,FUN_2,FUN_3
27794,4408,FUN_3,FUN_2
27795,21341,RET,CUBE_R
27815,9751,FUN_1,FUN_2
27843,13165,FUN_2,FUN_3
27856,7742,FUN_1,CUBE_L
27868,28526,FUN_3,FUN_2
27871,24256,FUN_4,FUN_5
27873,7690,FUN_6,FUN_5
27876,22929,FUN_3,FUN_2
27880,1196,FUN_2,FUN_3
27891,22339,FUN_4,FUN_3
27892,27675,FUN_3,FUN_2
27894,28984,FUN_2,FUN_3
27911,22282,RET,CUBE_R
27920,6180,FUN_3,FUN_2
27921,1805,FUN_5,FUN_6
27925,18046,RET,CUBE_R
27930,16091,FUN_3,FUN_2
27931,7357,FUN_5,FUN_4
27933,15705,FUN_3,FUN_2
27951,23474,CUBE_R,RET
27957,27083,FUN_1,FUN_2
27973,13527,FUN_4,FUN_3
27984,13427,FUN_6,CUBE_R
27988,1805,FUN_6,FUN_5
27992,20445,FUN_2,FUN_1
28003,898,FUN_2,FUN_3
28016,17965,RET,CUBE_L
28026,21985,FUN_1,FUN_2
28027,26605,FUN_3,FUN_4
28042,7157,FUN_1,FUN_2
28048,8542,FUN_4,FUN_5
28065,6933,FUN_5,FUN_6
28078,18627,RET,CUBE_R
28084,27105,FUN_3,FUN_2
28091,19558,FUN_3,FUN_2
28093,5675,FUN_1,FUN_2
28101,26042,FUN_2,FUN_1
28105,23485,FUN_2,FUN_3
28123,2005,FUN_2,FUN_3
28124,24798,CUBE_R,RET
28132,4568,FUN_3,FUN_2
28133,17414,FUN_4,FUN_5
28142,17965,CUBE_L,RET
28147,2967,RET,CUBE_R
28151,21917,FUN_3,FUN_4
28162,20445,FUN_1,FUN_2
28186,2289,FUN_3,FUN_4
28199,22317,FUN_4,FUN_3
28213,29494,FUN_5,FUN_4
28214,22929,FUN_2,FUN_3
28216,17174,CUBE_L,RET
28225,10962,FUN_2,FUN_1
28233,20228,FUN_2,FUN_1
28243,21815,FUN_2,FUN_1
28246,19558,FUN_2,FUN_3
28253,17765,RET,CUBE_L
28259,27316,FUN_3,FUN_2
28272,7484,FUN_1,FUN_2
28280,29154,FUN_4,FUN_3
28287,8701,FUN_5,FUN_4
28293,25960,FUN_3,FUN_2
28313,4976,CUBE_R,FUN_6
28319,19855,FUN_4,FUN_5
28330,19476,CUBE_R,RET
28365,1595,FUN_5,FUN_6
28366,3204,FUN_3,FUN_2
28379,281,FUN_2,FUN_3
28407,13031,FUN_3,FUN_2
28412,11164,FUN_2,FUN_3
28414,281,FUN_3,FUN_2
28417,13055,RET,CUBE_R
28444,22929,FUN_3,FUN_2
28448,28174,FUN_2,FUN_3
28449,9246,CUBE_L,RET
28455,16342,FUN_4,FUN_3
28461,26952,CUBE_R,RET
28471,8363,FUN_1,FUN_2
28472,24833,RET,CUBE_L
28495,11770,FUN_4,FUN_5
28505,25226,FUN_3,FUN_2
28520,10409,FUN_4,FUN_5
28523,27900,FUN_1,FUN_2
28530,10530,FUN_1,FUN_2
28533,11130,FUN_6,FUN_5
28544,19666,FUN_2,FUN_3
28547,13213,FUN_6,CUBE_R
28553,6150,FUN_3,FUN_2
28565,28357,FUN_1,FUN_2
28567,23632,FUN_4,FUN_3
28575,16128,FUN_5,FUN_6
28579,16763,FUN_2,FUN_1
28585,16888,FUN_2,FUN_1
28597,461,FUN_2,FUN_3
28599,22894,RET,CUBE_L
28607,23099,FUN_6,FUN_5
28612,7235,FUN_2,FUN_3
28632,15500,FUN_3,FUN_2
28633,11930,FUN_4,FUN_5
28661,10291,FUN_1,FUN_2
28663,28783,FUN_3,FUN_4
28666,19558,FUN_3,FUN_2
28676,17240,FUN_3,FUN_4
28686,27794,FUN_4,FUN_5
28696,17965,RET,CUBE_L
28703,8007,FUN_6,FUN_5
28709,25745,FUN_5,FUN_6
28717,19344,CUBE_L,RET
28723,1805,FUN_5,FUN_6
28724,6977,RET,CUBE_L
28724,21450,FUN_4,FUN_3
28733,6977,CUBE_L,RET
28736,2751,FUN_1,FUN_2
28743,6993,FUN_3,FUN_2
28754,4562,CUBE_L,FUN_1
28758,26686,FUN_2,FUN_3
28780,24695,FUN_3,FUN_4
28793,6977,RET,CUBE_L
28795,27179,FUN_3,FUN_2
28804,238,FUN_3,FUN_4
28809,13036,RET,CUBE_R
28813,21838,FUN_2,FUN_1
28814,6150,FUN_2,FUN_3
28826,19476,RET,CUBE_R
28828,6432,FUN_4,FUN_5
28847,14562,FUN_2,FUN_3
28855,19392,FUN_4,FUN_5
28857,6460,FUN_2,FUN_3
28869,8933,FUN_1,FUN_2
28875,22107,CUBE_L,RET
28877,21059,CUBE_L,FUN_1
28878,5031,FUN_3,FUN_4
28881,29845,FUN_6,FUN_5
28908,8417,FUN_3,FUN_4
28917,19525,RET,CUBE_R
28923,73,FUN_1,FUN_2
28923,281,FUN_2,FUN_3
28927,13841,FUN_4,FUN_3
28934,19670,FUN_3,FUN_4
28936,27719,FUN_4,FUN_3
28945,5760,CUBE_R,RET
28948,15500,FUN_2,FUN_3
28950,2039,FUN_1,FUN_2
28952,18252,FUN_3,FUN_2
28986,15198,FUN_2,FUN_3
28989,18441,RET,CUBE_L
28991,8864,FUN_4,FUN_3
29023,2625,FUN_4,FUN_5
29028,24695,FUN_4,FUN_3
29030,2005,FUN_3,FUN_2
29048,26862,FUN_2,FUN_1
29050,13906,FUN_4,FUN_3
29055,19670,FUN_4,FUN_3
29065,14965,FUN_2,FUN_3
29065,28496,FUN_3,FUN_2
29083,19989,FUN_1,CUBE_L
29088,21517,FUN_5,FUN_4
29090,26686,FUN_3,FUN_2
29095,11403,RET,CUBE_R
29112,21557,FUN_1,CUBE_L
29119,13759,FUN_5,FUN_4
29125,13986,FUN_2,FUN_1
29128,13949,FUN_2,FUN_3
29139,18992,FUN_1,CUBE_L
29141,17790,FUN_5,FUN_6
29147,5186,FUN_3,FUN_2
29169,18965,FUN_2,FUN_3
29172,11235,FUN_2,FUN_3
29173,9526,FUN_2,FUN_1
29180,22136,FUN_2,FUN_3
29181,20894,CUBE_L,FUN_1
29202,19376,CUBE_L,RET
29206,12836,FUN_1,FUN_2
29212,18518,FUN_2,FUN_3
29231,23474,RET,CUBE_R
29238,17225,FUN_3,FUN_4
29241,3530,FUN_3,FUN_2
29252,5210,FUN_2,FUN_1
29254,73,FUN_2,FUN_1
29262,13841,FUN_3,FUN_4
29270,23683,FUN_3,FUN_4
29273,13269,FUN_1,FUN_2
29288,13986,FUN_1,FUN_2
29296,10869,CUBE_R,FUN_6
29312,5860,FUN_4,FUN_5
29322,16579,FUN_2,FUN_1
29344,27980,FUN_2,FUN_1
29346,92,FUN_4,FUN_5
29350,16191,FUN_3,FUN_4
29353,11490,FUN_1,FUN_2
29358,10962,FUN_1,FUN_2
29361,19376,RET,CUBE_L
29377,5911,RET,CUBE_L
29382,19558,FUN_2,FUN_3
29392,10375,FUN_2,FUN_3
29397,2004,FUN_3,FUN_2
29407,21838,FUN_1,FUN_2
29416,2226,RET,CUBE_R
29417,4408,FUN_2,FUN_3
29439,24354,FUN_5,FUN_4
29439,27496,FUN_2,FUN_1
29450,27779,FUN_3,FUN_2
29462,13109,FUN_4,FUN_3
29466,21766,FUN_4,FUN_5
29466,27088,FUN_2,FUN_1
29470,15198,FUN_3,FUN_2
29474,15731,CUBE_R,RET
29476,18774,RET,CUBE_R
29477,13142,FUN_3,FUN_2
29478,5210,FUN_1,FUN_2
29490,1805,FUN_6,FUN_5
29499,19670,FUN_3,FUN_4
29518,15269,FUN_5,FUN_4
29523,10931,FUN_2,FUN_1
29525,20030,FUN_3,FUN_4
29526,11242,FUN_3,FUN_2
29527,23436,FUN_2,FUN_3
29539,25001,CUBE_R,RET
29552,17369,FUN_6,FUN_5
29556,22935,FUN_3,FUN_4
29556,28686,FUN_5,FUN_4
29589,23474,CUBE_R,RET
29608,19989,CUBE_L,FUN_1
29628,17322,CUBE_L,FUN_1
29632,17548,FUN_2,FUN_3
29636,12359,FUN_6,FUN_5
29650,25960,FUN_2,FUN_3
29652,5613,FUN_6,CUBE_R
29655,26520,FUN_3,FUN_4
29671,11841,FUN_4,FUN_5
29676,17931,FUN_5,FUN_4
29686,17740,FUN_2,FUN_1
29688,4800,FUN_3,FUN_4
29701,14004,CUBE_R,FUN_6
29709,281,FUN_3,FUN_2
29719,10895,FUN_3,FUN_2
29741,2157,FUN_6,CUBE_R
29756,4219,FUN_3,FUN_2
29762,16301,FUN_1,FUN_2
29770,23978,RET,CUBE_R
29780,5959,CUBE_L,RET
29782,14725,FUN_1,FUN_2
29786,19607,CUBE_R,RET
29815,17965,CUBE_L,RET
29822,3797,FUN_3,FUN_2
29826,28245,FUN_1,FUN_2
29828,7806,FUN_2,FUN_3
29834,6264,FUN_4,FUN_3
29846,6977,CUBE_L,RET
29852,12623,FUN_2,FUN_3
29859,8417,FUN_4,FUN_3
29880,22935,FUN_4,FUN_3
29906,15682,FUN_5,FUN_6
29915,19376,CUBE_L,RET
29915,22744,FUN_1,FUN_2
29937,21838,FUN_2,FUN_1
29951,6039,FUN_1,FUN_2
29963,5760,RET,CUBE_R
29966,14394,CUBE_R,FUN_6
29967,17896,CUBE_R,FUN_6
29975,15219,FUN_2,FUN_1
29978,15466,CUBE_L,RET
29982,4022,RET,CUBE_R
29982,16165,FUN_2,FUN_1
29988,6175,FUN_2,FUN_3
30001,9245,RET,CUBE_R
30002,12351,FUN_1,FUN_2
30033,3797,FUN_2,FUN_3
30040,16076,FUN_6,FUN_5
30052,24035,CUBE_L,RET
30055,12661,FUN_2,FUN_1
30057,13055,CUBE_R,RET
30064,10310,FUN_2,FUN_1
30074,22246,FUN_1,CUBE_L
30083,2716,FUN_2,FUN_1
30102,23770,FUN_3,FUN_2
30112,27988,FUN_1,CUBE_L
30128,16144,RET,CUBE_R
30150,8555,FUN_5,FUN_4
30156,23820,FUN_1,FUN_2
30167,4544,CUBE_R,RET
30169,8625,FUN_1,CUBE_L
30173,14075,CUBE_R,RET
30175,11242,FUN_2,FUN_3
30177,12705,FUN_2,FUN_3
30190,24949,FUN_2,FUN_1
30207,273,FUN_5,FUN_6
30208,1064,FUN_2,FUN_3
30228,5911,CUBE_L,RET
30230,1393,FUN_2,FUN_1
30239,10150,FUN_6,CUBE_R
30259,2597,FUN_2,FUN_1
30270,8790,FUN_3,FUN_2
30289,25745,FUN_6,FUN_5
30298,15480,FUN_5,FUN_4
30310,14609,FUN_2,FUN_3
30335,15480,FUN_4,FUN_5
30355,22317,FUN_3,FUN_4
30379,24094,FUN_2,FUN_3
30386,11582,FUN_1,FUN_2
30388,14022,FUN_3,FUN_2
30389,3121,FUN_2,FUN_3
30412,7149,FUN_3,FUN_4
30414,10931,FUN_1,FUN_2
30446,16165,FUN_1,FUN_2
30459,1393,FUN_1,FUN_2
30459,12932,FUN_3,FUN_4
30461,24833,CUBE_L,RET
30462,2004,FUN_2,FUN_3
30462,14026,FUN_2,FUN_1
30465,22339,FUN_3,FUN_4
30471,561,FUN_1,FUN_2
30485,28717,FUN_3,FUN_2
30515,21838,FUN_1,FUN_2
30528,27900,FUN_2,FUN_1
30562,26862,FUN_1,FUN_2
30575,17261,FUN_2,FUN_1
30576,9526,FUN_1,FUN_2
30590,15027,FUN_1,FUN_2
30598,12705,FUN_3,FUN_2
30628,4379,FUN_3,FUN_2
30634,4485,FUN_1,FUN_2
30643,29920,FUN_3,FUN_2
30647,21499,FUN_3,FUN_4
30654,19234,FUN_4,FUN_3
30660,8790,FUN_2,FUN_3
30664,26348,FUN_3,FUN_4
30668,20445,FUN_2,FUN_1
30676,8363,FUN_2,FUN_1
30692,8790,FUN_3,FUN_2
30694,7101,FUN_2,FUN_3
30706,27779,FUN_2,FUN_3
30720,14004,FUN_6,CUBE_R
30749,21838,FUN_2,FUN_1
30749,22744,FUN_2,FUN_1
30756,11490,FUN_2,FUN_1
30770,10869,FUN_6,CUBE_R
30775,24549,FUN_1,CUBE_L
30779,17740,FUN_1,FUN_2
30781,5559,FUN_3,FUN_4
30800,2382,FUN_3,FUN_4
30801,14394,FUN_6,CUBE_R
30802,5911,RET,CUBE_L
30805,9265,FUN_3,FUN_2
30821,14906,FUN_1,FUN_2
30838,10488,FUN_2,FUN_3
30845,11443,FUN_1,CUBE_L
30848,23768,FUN_3,FUN_2
30849,21120,FUN_2,FUN_3
30862,26858,FUN_2,FUN_1
30876,13295,FUN_3,FUN_2
30885,19290,FUN_2,FUN_1
30906,25226,FUN_2,FUN_3
30921,14859,FUN_6,CUBE_R
30952,7689,FUN_3,FUN_4
30966,15480,FUN_5,FUN_4
30973,29566,CUBE_R,FUN_6
30981,28176,CUBE_R,RET
30991,9087,RET,CUBE_L
30991,28686,FUN_4,FUN_5
31002,10291,FUN_2,FUN_1
31003,16655,FUN_4,FUN_5
31004,9265,FUN_2,FUN_3
31007,25001,RET,CUBE_R
31020,8790,FUN_2,FUN_3
31021,18774,CUBE_R,RET
31030,17004,FUN_5,FUN_6
31031,709,FUN_4,FUN_3
31032,22362,FUN_3,FUN_4
31041,6347,FUN_3,FUN_2
31043,20030,FUN_4,FUN_3
31053,3479,FUN_4,FUN_5
31056,22273,FUN_4,FUN_3
31058,17004,FUN_6,FUN_5
31059,10811,FUN_2,FUN_3
31067,13834,FUN_2,FUN_1
31069,19880,FUN_1,FUN_2
31078,3701,CUBE_R,RET
31098,23326,FUN_1,FUN_2
31099,15682,FUN_6,FUN_5
31108,9962,FUN_3,FUN_4
31110,7205,RET,CUBE_L
31123,10310,FUN_1,FUN_2
31132,27088,FUN_1,FUN_2
31149,17896,FUN_6,CUBE_R
31164,10234,FUN_1,FUN_2
31169,15239,FUN_3,FUN_2
31202,2751,FUN_2,FUN_1
31202,13679,FUN_2,FUN_3
31205,17004,FUN_5,FUN_6
31222,14233,FUN_3,FUN_4
31230,28460,CUBE_R,FUN_6
31238,23440,RET,CUBE_R
31255,27090,RET,CUBE_R
31274,1346,FUN_2,FUN_3
31277,6659,CUBE_L,RET
31291,27316,FUN_2,FUN_3
31307,6460,FUN_3,FUN_2
31307,24833,RET,CUBE_L
31307,25442,FUN_2,FUN_1
31314,9571,FUN_2,FUN_3
31329,5108,FUN_2,FUN_1
31343,4528,FUN_2,FUN_1
31366,6421,CUBE_R,FUN_6
31377,26779,RET,CUBE_L
31378,28526,FUN_2,FUN_3
31395,20552,FUN_3,FUN_2
31396,27496,FUN_1,FUN_2
31406,16191,FUN_4,FUN_3
31413,19358,FUN_3,FUN_2
31431,1196,FUN_3,FUN_2
31431,28526,FUN_3,FUN_2
31433,26417,FUN_2,FUN_3
31441,16115,CUBE_R,RET
31459,15219,FUN_1,FUN_2
31478,14251,CUBE_L,RET
31502,29111,FUN_3,FUN_4
31506,16129,FUN_4,FUN_3
31507,19296,CUBE_R,FUN_6
31519,7513,FUN_2,FUN_1
31521,26320,FUN_2,FUN_1
31526,5334,CUBE_R,RET
31552,7484,FUN_2,FUN_1
31560,28716,FUN_2,FUN_3
31577,21120,FUN_3,FUN_2
31581,20445,FUN_1,FUN_2
31584,14251,RET,CUBE_L
31585,28485,FUN_6,CUBE_R
31588,14831,FUN_4,FUN_5
31589,21459,FUN_2,FUN_1
31594,13911,CUBE_L,RET
31620,2686,FUN_6,CUBE_R
31620,13044,FUN_2,FUN_1
31626,15156,FUN_5,FUN_6
31642,29920,FUN_2,FUN_3
31647,21074,FUN_6,FUN_5
31659,15219,FUN_2,FUN_1
31669,28300,FUN_2,FUN_1
31674,15830,FUN_5,FUN_4
31689,18774,RET,CUBE_R
31689,29215,FUN_5,FUN_4
31691,1017,FUN_1,FUN_2
31694,6799,CUBE_R,FUN_6
31699,238,FUN_4,FUN_3
31725,6993,FUN_2,FUN_3
31745,20552,FUN_2,FUN_3
31746,3625,FUN_3,FUN_2
31753,73,FUN_1,FUN_2
31755,12661,FUN_1,FUN_2
31772,5911,CUBE_L,RET
31778,16356,FUN_6,FUN_5
31781,21582,FUN_2,FUN_3
31789,12319,FUN_2,FUN_3
31813,14876,FUN_1,FUN_2
31817,18495,FUN_2,FUN_3
31819,28684,FUN_4,FUN_3
31822,10811,FUN_3,FUN_2
31823,27719,FUN_3,FUN_4
31824,4257,FUN_2,FUN_3
31831,7897,RET,CUBE_R
31834,23132,CUBE_L,RET
31850,26348,FUN_4,FUN_3
31854,17174,RET,CUBE_L
31896,22186,FUN_2,FUN_3
31924,4905,CUBE_L,RET
31948,20824,FUN_4,FUN_3
31951,29052,FUN_2,FUN_3
31957,6677,FUN_3,FUN_4
31961,4485,FUN_2,FUN_1
31976,28526,FUN_2,FUN_3
31985,27083,FUN_2,FUN_1
31987,8376,CUBE_R,RET
31991,13986,FUN_2,FUN_1
32004,13213,CUBE_R,FUN_6
32005,24806,FUN_1,FUN_2
32016,25745,FUN_5,FUN_6
32041,6585,FUN_2,FUN_3
32041,21802,FUN_3,FUN_2
32056,2838,FUN_1,FUN_2
32066,14883,FUN_2,FUN_1
32067,12836,FUN_2,FUN_1
32074,29251,FUN_3,FUN_2
32084,25929,FUN_2,FUN_3
32087,19334,FUN_3,FUN_2
32101,17965,RET,CUBE_L
32125,16144,CUBE_R,RET
32143,29546,FUN_4,FUN_5
32149,5959,RET,CUBE_L
32153,10869,CUBE_R,FUN_6
32157,14848,FUN_6,CUBE_R
32169,1423,FUN_2,FUN_3
32171,16631,FUN_1,FUN_2
32176,14329,FUN_3,FUN_2
32181,18518,FUN_3,FUN_2
32193,2838,FUN_2,FUN_1
32197,17508,FUN_1,FUN_2
32199,1491,FUN_3,FUN_4
32218,21130,FUN_2,FUN_1
32268,5722,FUN_1,FUN_2
32269,6264,FUN_3,FUN_4
32269,29544,FUN_1,FUN_2
32279,24833,CUBE_L,RET
32288,21120,FUN_2,FUN_3
32289,21101,FUN_3,FUN_4
32291,22935,FUN_3,FUN_4
32298,21815,FUN_1,FUN_2
32301,6677,FUN_4,FUN_3
32302,13736,FUN_3,FUN_2
32304,11459,RET,CUBE_L
32312,396,FUN_3,FUN_2
32316,17915,CUBE_L,RET
32322,28526,FUN_3,FUN_2
32352,2261,FUN_4,FUN_5
32361,28247,FUN_2,FUN_3
32372,23357,RET,CUBE_R
32383,6169,FUN_3,FUN_2
32404,19607,RET,CUBE_R
32417,334,FUN_4,FUN_5
32426,21662,FUN_2,FUN_3
32429,5722,FUN_2,FUN_1
32437,8933,FUN_2,FUN_1
32446,28716,FUN_3,FUN_2
32465,825,FUN_3,FUN_2
32480,4723,FUN_2,FUN_1
32495,21108,RET,CUBE_L
32504,21662,FUN_3,FUN_2
32518,11443,CUBE_L,FUN_1
32520,22242,FUN_3,FUN_2
32525,15156,FUN_6,FUN_5
32540,25820,CUBE_L,RET
32550,17508,FUN_2,FUN_1
32557,16144,RET,CUBE_R
32574,18214,FUN_3,FUN_2
32583,19245,FUN_3,FUN_2
32591,4257,FUN_3,FUN_2
32599,13244,FUN_6,FUN_5
32610,20552,FUN_3,FUN_2
32613,11063,RET,CUBE_R
32654,20095,CUBE_R,FUN_6
32655,11978,FUN_3,FUN_2
32659,24636,FUN_1,CUBE_L
32679,92,FUN_5,FUN_4
32696,281,FUN_2,FUN_3
32700,9588,RET,CUBE_L
32703,15254,FUN_4,FUN_3
32708,16648,CUBE_R,FUN_6
32729,7484,FUN_1,FUN_2
32736,6799,FUN_6,CUBE_R
32739,28375,FUN_3,FUN_4
32741,18566,CUBE_R,FUN_6
32743,28204,FUN_3,FUN_2
32745,4976,FUN_6,CUBE_R
32771,15239,FUN_2,FUN_3
32794,15269,FUN_4,FUN_5
32804,23436,FUN_3,FUN_2
32807,5959,CUBE_L,RET
32823,11550,FUN_2,FUN_1
32843,11341,RET,CUBE_R
32883,15091,FUN_2,FUN_3
32910,26118,FUN_3,FUN_4
32911,1393,FUN_2,FUN_1
32914,29544,FUN_2,FUN_1
32946,27952,FUN_3,FUN_2
32962,10785,RET,CUBE_R
32969,2597,FUN_1,FUN_2
32974,17915,RET,CUBE_L
32995,773,FUN_5,FUN_6
33022,15331,FUN_4,FUN_3
33028,22682,FUN_4,FUN_5
33036,11169,RET,CUBE_L
33047,17508,FUN_1,FUN_2
33055,17386,FUN_4,FUN_5
33061,9588,CUBE_L,RET
33064,7595,RET,CUBE_R
33067,9588,RET,CUBE_L
33112,7689,FUN_4,FUN_3
33112,13295,FUN_2,FUN_3
33120,9246,RET,CUBE_L
33154,5675,FUN_2,FUN_1
33163,16091,FUN_2,FUN_3
33166,4905,RET,CUBE_L
33179,4905,CUBE_L,RET
33190,4159,CUBE_L,FUN_1
33194,16128,FUN_6,FUN_5
33195,5035,FUN_1,FUN_2
33200,4905,RET,CUBE_L
33236,25718,CUBE_L,RET
33245,26118,FUN_4,FUN_3
33246,28717,FUN_2,FUN_3
33251,23978,CUBE_R,RET
33257,10811,FUN_2,FUN_3
33258,6596,RET,CUBE_L
33260,16176,RET,CUBE_R
33269,21766,FUN_5,FUN_4
33280,6264,FUN_4,FUN_3
33280,11911,FUN_5,FUN_6
33295,28460,FUN_6,CUBE_R
33302,28496,FUN_2,FUN_3
33303,5722,FUN_1,FUN_2
33320,7878,FUN_1,FUN_2
33321,4905,CUBE_L,RET
33332,1637,FUN_2,FUN_3
33340,11459,CUBE_L,RET
33342,23978,RET,CUBE_R
33343,13979,FUN_6,FUN_5
33348,12702,FUN_3,FUN_2
33355,16144,CUBE_R,RET
33358,27176,FUN_6,FUN_5
33368,17386,FUN_5,FUN_4
33371,2039,FUN_2,FUN_1
33378,21662,FUN_2,FUN_3
33403,27755,FUN_1,FUN_2
33406,16115,RET,CUBE_R
33410,18830,FUN_4,FUN_3
33418,29251,FUN_2,FUN_3
33426,2925,FUN_2,FUN_1
33449,23954,FUN_5,FUN_6
33451,2838,FUN_1,FUN_2
33453,4594,FUN_1,FUN_2
33462,6696,FUN_3,FUN_2
33470,21130,FUN_1,FUN_2
33472,15269,FUN_5,FUN_4
33474,20445,FUN_2,FUN_1
33486,1000,FUN_2,FUN_3
33496,16655,FUN_5,FUN_4
33501,10623,FUN_3,FUN_2
33510,23068,FUN_4,FUN_3
33513,6093,FUN_3,FUN_2
33524,6347,FUN_2,FUN_3
33528,9275,CUBE_L,RET
33534,7560,RET,CUBE_L
33543,28660,FUN_3,FUN_4
33553,26858,FUN_1,FUN_2
33563,22368,FUN_3,FUN_2
33589,21059,FUN_1,CUBE_L
33590,24256,FUN_5,FUN_4
33594,8536,RET,CUBE_L
33594,12702,FUN_2,FUN_3
33594,23474,RET,CUBE_R
33618,4700,FUN_3,FUN_2
33632,9915,FUN_3,FUN_4
33635,13906,FUN_3,FUN_4
33638,4257,FUN_2,FUN_3
33643,15219,FUN_1,FUN_2
33665,5760,CUBE_R,RET
33700,24447,FUN_1,FUN_2
33774,25663,FUN_3,FUN_2
33788,16356,FUN_5,FUN_6
33792,24066,FUN_3,FUN_2
33813,7637,FUN_1,CUBE_L
33819,28496,FUN_3,FUN_2
33830,7167,FUN_5,FUN_4
33841,16071,FUN_4,FUN_5
33848,21582,FUN_3,FUN_2
33849,29117,FUN_1,FUN_2
33850,21123,FUN_2,FUN_1
33851,18965,FUN_3,FUN_2
33888,23068,FUN_3,FUN_4
33902,15239,FUN_3,FUN_2
33948,10460,FUN_4,FUN_3
33958,13782,FUN_1,FUN_2
33969,7573,FUN_2,FUN_1
33973,15027,FUN_2,FUN_1
33977,3625,FUN_2,FUN_3
33977,25037,FUN_3,FUN_2
33981,15500,FUN_3,FUN_2
34000,1196,FUN_2,FUN_3
34015,8089,FUN_6,CUBE_R
34015,26069,FUN_2,FUN_1
34035,1470,FUN_2,FUN_1
34044,24861,FUN_4,FUN_5
34049,22298,RET,CUBE_L
34062,20649,FUN_2,FUN_1
34066,25703,CUBE_L,RET
34078,12319,FUN_3,FUN_2
34085,15328,FUN_2,FUN_3
34091,17322,FUN_1,CUBE_L
34096,13183,RET,CUBE_R
34115,18976,FUN_4,FUN_5
34118,22408,FUN_3,FUN_2
34122,25224,FUN_5,FUN_4
34127,9246,CUBE_L,RET
34147,3472,FUN_2,FUN_1
34163,6473,FUN_6,FUN_5
34183,3472,FUN_1,FUN_2
34186,11737,FUN_3,FUN_2
34201,6180,FUN_2,FUN_3
34203,19392,FUN_5,FUN_4
34210,8037,FUN_2,FUN_1
34213,8823,FUN_1,FUN_2
34214,15027,FUN_1,FUN_2
34217,4700,FUN_2,FUN_3
34219,16731,FUN_2,FUN_3
34230,15602,RET,CUBE_R
34237,10409,FUN_5,FUN_4
34247,7235,FUN_3,FUN_2
34250,15500,FUN_2,FUN_3
34260,24105,RET,CUBE_L
34267,24354,FUN_4,FUN_5
34271,9246,RET,CUBE_L
34271,17671,FUN_2,FUN_1
34271,27952,FUN_2,FUN_3
34277,14812,FUN_2,FUN_3
34286,7074,FUN_1,FUN_2
34318,13181,FUN_2,FUN_1
34323,3968,CUBE_R,FUN_6
34342,20552,FUN_2,FUN_3
34346,13979,FUN_5,FUN_6
34374,5427,CUBE_L,FUN_1
34382,27619,FUN_6,FUN_5
34417,25442,FUN_1,FUN_2
34422,12281,FUN_3,FUN_4
34461,9246,CUBE_L,RET
34464,21034,FUN_3,FUN_2
34490,9840,FUN_4,FUN_3
34504,19686,FUN_5,FUN_6
34535,28204,FUN_2,FUN_3
34550,24066,FUN_2,FUN_3
34552,27952,FUN_3,FUN_2
34571,4398,FUN_5,FUN_4
34571,11158,RET,CUBE_L
34583,11978,FUN_2,FUN_3
34592,24066,FUN_3,FUN_2
34594,4379,FUN_2,FUN_3
34600,15239,FUN_2,FUN_3
34605,24066,FUN_2,FUN_3
34617,17080,FUN_3,FUN_2
34687,6180,FUN_3,FUN_2
34689,22242,FUN_2,FUN_3
34691,15239,FUN_3,FUN_2
34712,15682,FUN_5,FUN_6
34719,21235,FUN_6,FUN_5
34729,5559,FUN_4,FUN_3
34735,5135,FUN_3,FUN_2
34743,24066,FUN_3,FUN_2
34753,2466,FUN_1,FUN_2
34756,8131,FUN_2,FUN_3
34759,7167,FUN_4,FUN_5
34769,9163,FUN_3,FUN_4
34769,15269,FUN_4,FUN_5
34777,26520,FUN_4,FUN_3
34779,5675,FUN_1,FUN_2
34820,26218,FUN_4,FUN_3
34839,15500,FUN_3,FUN_2
34870,18566,FUN_6,CUBE_R
34882,29440,FUN_6,CUBE_R
34884,18929,FUN_2,FUN_1
34884,25253,FUN_3,FUN_2
34886,6596,CUBE_L,RET
34898,7484,FUN_2,FUN_1
34902,13085,FUN_3,FUN_4
34916,19713,FUN_1,FUN_2
34931,20493,CUBE_L,RET
34933,8859,CUBE_L,RET
34934,26112,FUN_5,FUN_4
34940,26862,FUN_2,FUN_1
34941,16115,CUBE_R,RET
34960,22408,FUN_2,FUN_3
34980,17171,FUN_2,FUN_3
35012,6180,FUN_2,FUN_3
35020,16655,FUN_4,FUN_5
35035,23314,RET,CUBE_R
35060,26083,FUN_6,CUBE_R
35067,20380,CUBE_R,FUN_6
35078,28386,FUN_4,FUN_5
35088,2004,FUN_3,FUN_2
35088,28278,CUBE_R,FUN_6
35101,27875,CUBE_L,RET
35103,13921,CUBE_L,FUN_1
35108,1162,FUN_2,FUN_3
35128,12386,FUN_2,FUN_1
35130,6993,FUN_3,FUN_2
35130,15198,FUN_2,FUN_3
35143,9453,FUN_2,FUN_3
35153,24189,CUBE_L,FUN_1
35159,20333,FUN_1,FUN_2
35169,1223,CUBE_L,RET
35190,6421,FUN_6,CUBE_R
35208,15161,RET,CUBE_L
35211,16470,FUN_6,FUN_5
35220,16309,FUN_1,CUBE_L
35223,14477,RET,CUBE_L
35229,10623,FUN_2,FUN_3
35240,5319,CUBE_R,RET
35273,11158,CUBE_L,RET
35302,6641,FUN_1,FUN_2
35314,5613,CUBE_R,FUN_6
35316,15239,FUN_2,FUN_3
35319,2724,FUN_2,FUN_3
35319,27459,FUN_2,FUN_1
35339,26320,FUN_1,FUN_2
35341,17389,CUBE_L,RET
35349,73,FUN_2,FUN_1
35352,28278,FUN_6,CUBE_R
35366,4759,CUBE_L,RET
35385,12281,FUN_4,FUN_3
35403,4885,FUN_3,FUN_4
35403,25663,FUN_2,FUN_3
35411,28716,FUN_2,FUN_3
35418,24140,FUN_2,FUN_3
35421,11774,FUN_4,FUN_5
35427,8510,RET,CUBE_L
35433,27875,RET,CUBE_L
35449,26489,FUN_4,FUN_5
35450,1223,RET,CUBE_L
35451,26118,FUN_3,FUN_4
35492,21815,FUN_2,FUN_1
35506,8555,FUN_4,FUN_5
35549,3479,FUN_5,FUN_4
35555,3472,FUN_2,FUN_1
35556,16356,FUN_6,FUN_5
35565,25224,FUN_4,FUN_5
35572,26069,FUN_1,FUN_2
35587,20167,FUN_2,FUN_3
35589,29566,FUN_6,CUBE_R
35591,22628,FUN_4,FUN_5
35597,11566,FUN_2,FUN_3
35608,7627,FUN_3,FUN_2
35614,25775,FUN_4,FUN_3
35626,17798,FUN_2,FUN_3
35628,2166,RET,CUBE_R
35633,15021,CUBE_R,FUN_6
35642,22362,FUN_4,FUN_3
35666,27875,CUBE_L,RET
35669,21557,CUBE_L,FUN_1
35669,28503,CUBE_L,RET
35684,3625,FUN_3,FUN_2
35684,28717,FUN_3,FUN_2
35689,27952,FUN_2,FUN_3
35696,15762,FUN_2,FUN_3
35698,7573,FUN_1,FUN_2
35698,11443,FUN_1,CUBE_L
35704,5044,RET,CUBE_L
35720,11992,CUBE_L,RET
35721,23974,FUN_3,FUN_2
35722,10150,CUBE_R,FUN_6
35729,73,FUN_1,FUN_2
35740,281,FUN_3,FUN_2
35745,6141,CUBE_L,RET
35764,28316,FUN_3,FUN_4
35777,18092,FUN_2,FUN_1
35777,24351,FUN_2,FUN_3
35784,3100,CUBE_R,FUN_6
35786,13536,FUN_3,FUN_2
35791,15285,FUN_2,FUN_1
35797,27316,FUN_3,FUN_2
35803,29845,FUN_5,FUN_6
35829,11774,FUN_5,FUN_4
35843,23777,FUN_2,FUN_3
35847,13834,FUN_1,FUN_2
35850,10614,FUN_1,FUN_2
35857,24338,RET,CUBE_R
35858,1819,FUN_1,FUN_2
35866,18214,FUN_2,FUN_3
35867,10824,FUN_6,FUN_5
35870,2039,FUN_1,FUN_2
35870,8536,CUBE_L,RET
35883,13181,FUN_1,FUN_2
35887,773,FUN_6,FUN_5
35889,15830,FUN_4,FUN_5
35894,1314,FUN_1,FUN_2
35896,11895,FUN_3,FUN_4
35900,26520,FUN_3,FUN_4
35921,5210,FUN_2,FUN_1
35921,11158,RET,CUBE_L
35923,6805,FUN_6,CUBE_R
35927,19487,FUN_2,FUN_3
35977,23333,CUBE_L,RET
35978,25934,CUBE_R,FUN_6
36026,25253,FUN_2,FUN_3
36027,6799,CUBE_R,FUN_6
36041,73,FUN_2,FUN_1
36050,21120,FUN_3,FUN_2
36051,7057,FUN_2,FUN_1
36062,21135,FUN_2,FUN_3
36067,5434,FUN_2,FUN_1
36069,5290,FUN_2,FUN_1
36070,7547,FUN_6,CUBE_R
36085,1162,FUN_3,FUN_2
36091,20552,FUN_3,FUN_2
36094,2466,FUN_2,FUN_1
36127,15161,CUBE_L,RET
36135,20108,FUN_3,FUN_2
36146,15156,FUN_5,FUN_6
36147,29566,CUBE_R,FUN_6
36150,21101,FUN_4,FUN_3
36155,14667,FUN_2,FUN_3
36168,3121,FUN_3,FUN_2
36174,8378,FUN_5,FUN_4
36182,1964,FUN_2,FUN_3
36190,17711,FUN_2,FUN_3
36193,25235,FUN_3,FUN_2
36216,4813,FUN_2,FUN_3
36240,27492,FUN_5,FUN_4
36249,5135,FUN_2,FUN_3
36260,5881,FUN_4,FUN_3
36261,12264,FUN_4,FUN_3
36274,12608,FUN_2,FUN_3
36284,6602,FUN_4,FUN_5
36302,15161,RET,CUBE_L
36309,6993,FUN_2,FUN_3
36317,6421,CUBE_R,FUN_6
36323,14483,CUBE_L,RET
36325,7167,FUN_5,FUN_4
36327,2724,FUN_3,FUN_2
36331,23341,FUN_3,FUN_4
36341,6810,FUN_3,FUN_2
36358,15021,FUN_6,CUBE_R
36359,15161,CUBE_L,RET
36365,21802,FUN_2,FUN_3
36372,15480,FUN_4,FUN_5
36377,27952,FUN_3,FUN_2
36383,27052,FUN_2,FUN_3
36385,23068,FUN_4,FUN_3
36399,5959,RET,CUBE_L
36416,12569,FUN_6,FUN_5
36435,18518,FUN_2,FUN_3
36435,25224,FUN_5,FUN_4
36440,13958,FUN_2,FUN_3
36444,27536,FUN_3,FUN_2
36460,7057,FUN_1,FUN_2
36462,3530,FUN_2,FUN_3
36466,19234,FUN_3,FUN_4
36467,28278,CUBE_R,FUN_6
36471,24798,RET,CUBE_R
36484,8933,FUN_1,FUN_2
36486,10614,FUN_2,FUN_1
36492,2788,FUN_3,FUN_4
36503,29154,FUN_3,FUN_4
36504,18566,CUBE_R,FUN_6
36505,5310,FUN_2,FUN_3
36505,29848,FUN_5,FUN_4
36546,12836,FUN_1,FUN_2
36554,26686,FUN_2,FUN_3
36556,7524,FUN_6,CUBE_R
36557,8485,RET,CUBE_R
36572,1595,FUN_6,FUN_5
36584,16007,FUN_3,FUN_4
36593,15212,FUN_2,FUN_1
36598,21123,FUN_1,FUN_2
36601,19296,FUN_6,CUBE_R
36609,16655,FUN_5,FUN_4
36612,29117,FUN_2,FUN_1
36617,18415,FUN_1,FUN_2
36620,672,FUN_2,FUN_1
36620,27858,FUN_1,FUN_2
36629,22339,FUN_4,FUN_3
36631,5923,FUN_4,FUN_3
36634,18061,FUN_2,FUN_1
36661,6347,FUN_3,FUN_2
36662,5007,FUN_2,FUN_1
36667,19383,FUN_2,FUN_1
36698,8363,FUN_1,FUN_2
36704,1771,FUN_3,FUN_2
36718,27083,FUN_1,FUN_2
36723,13464,FUN_4,FUN_5
36726,13557,CUBE_R,FUN_6
36731,11551,FUN_2,FUN_1
36740,3472,FUN_1,FUN_2
36742,28670,RET,CUBE_R
36752,17451,CUBE_L,RET
36758,26489,FUN_5,FUN_4
36758,26862,FUN_1,FUN_2
36791,18214,FUN_3,FUN_2
36806,5108,FUN_1,FUN_2
36822,11443,CUBE_L,FUN_1
36839,4772,FUN_2,FUN_3
36858,3701,RET,CUBE_R
36871,29440,CUBE_R,FUN_6
36896,13464,FUN_5,FUN_4
36912,24333,CUBE_R,RET
36914,1819,FUN_2,FUN_1
36962,14848,CUBE_R,FUN_6
36969,11315,FUN_2,FUN_1
36974,26595,FUN_1,FUN_2
36976,16071,FUN_5,FUN_4
36983,6993,FUN_3,FUN_2
36993,3158,FUN_2,FUN_1
37032,13142,FUN_2,FUN_3
37067,16091,FUN_3,FUN_2
37089,21123,FUN_2,FUN_1
37114,5310,FUN_3,FUN_2
37118,15161,RET,CUBE_L
37124,15948,CUBE_R,FUN_6
37130,1153,FUN_4,FUN_3
37143,4570,CUBE_L,RET
37152,19686,FUN_6,FUN_5
37153,1595,FUN_5,FUN_6
37167,396,FUN_2,FUN_3
37167,17225,FUN_4,FUN_3
37202,7806,FUN_3,FUN_2
37204,1470,FUN_1,FUN_2
37208,6169,FUN_2,FUN_3
37210,27474,FUN_2,FUN_1
37212,5675,FUN_2,FUN_1
37216,7484,FUN_1,FUN_2
37224,3625,FUN_2,FUN_3
37240,29770,FUN_2,FUN_1
37241,4485,FUN_1,FUN_2
37270,25008,FUN_3,FUN_4
37274,14026,FUN_1,FUN_2
37278,1162,FUN_2,FUN_3
37307,26417,FUN_3,FUN_2
37308,20333,FUN_2,FUN_1
37334,1162,FUN_3,FUN_2
37334,8131,FUN_3,FUN_2
37334,9053,FUN_1,FUN_2
37340,25981,FUN_1,FUN_2
37353,21101,FUN_3,FUN_4
37356,29440,FUN_6,CUBE_R
37358,24495,FUN_3,FUN_2
37363,21011,FUN_3,FUN_2
37370,2724,FUN_2,FUN_3
37375,27496,FUN_2,FUN_1
37388,26349,FUN_2,FUN_1
37392,18310,FUN_2,FUN_1
37405,21123,FUN_1,FUN_2
37408,1393,FUN_1,FUN_2
37408,24066,FUN_2,FUN_3
37411,1595,FUN_6,FUN_5
37415,27052,FUN_3,FUN_2
37424,8625,CUBE_L,FUN_1
37448,11130,FUN_5,FUN_6
37483,25745,FUN_6,FUN_5
37503,22682,FUN_5,FUN_4
37504,23474,CUBE_R,RET
37505,25253,FUN_3,FUN_2
37512,24495,FUN_2,FUN_3
37524,28496,FUN_2,FUN_3
37542,17531,CUBE_R,RET
37544,4275,FUN_3,FUN_2
37552,9053,FUN_2,FUN_1
37563,6901,FUN_1,FUN_2
37574,21724,RET,CUBE_R
37580,21815,FUN_1,FUN_2
37589,11566,FUN_3,FUN_2
37592,16888,FUN_1,FUN_2
37614,11774,FUN_4,FUN_5
37617,21948,CUBE_L,RET
37630,5201,CUBE_L,RET
37635,5675,FUN_1,FUN_2
37638,24313,FUN_3,FUN_2
37644,7503,FUN_3,FUN_4
37649,14812,FUN_3,FUN_2
37650,10128,FUN_3,FUN_4
37662,4986,FUN_3,FUN_4
37662,5031,FUN_4,FUN_3
37664,11550,FUN_1,FUN_2
37675,29440,CUBE_R,FUN_6
37682,25476,FUN_2,FUN_1
37683,18658,FUN_3,FUN_4
37686,1701,FUN_1,FUN_2
37707,12553,FUN_3,FUN_2
37722,18969,FUN_3,FUN_4
37722,23679,FUN_3,FUN_4
37746,26642,FUN_2,FUN_3
37763,11195,FUN_2,FUN_1
37768,18221,CUBE_R,RET
37781,4644,FUN_3,FUN_2
37798,27980,FUN_1,FUN_2
37800,29544,FUN_1,FUN_2
37809,19855,FUN_5,FUN_4
37811,21130,FUN_2,FUN_1
37831,26090,FUN_2,FUN_1
37837,24718,CUBE_R,FUN_6
37838,7484,FUN_2,FUN_1
37872,1854,CUBE_L,FUN_1
37889,27481,FUN_1,FUN_2
37896,13023,FUN_2,FUN_3
37904,9888,CUBE_L,RET
37910,29576,RET,CUBE_R
37918,28980,FUN_2,FUN_3
37919,7900,CUBE_R,RET
37922,2597,FUN_2,FUN_1
37954,25402,FUN_4,FUN_3
37977,14667,FUN_3,FUN_2
38004,6092,CUBE_R,FUN_6
38006,21011,FUN_2,FUN_3
38008,5210,FUN_1,FUN_2
38012,17240,FUN_4,FUN_3
38030,13427,CUBE_R,FUN_6
38040,7604,FUN_1,FUN_2
38041,14394,CUBE_R,FUN_6
38052,11566,FUN_2,FUN_3
38054,4800,FUN_4,FUN_3
38075,28783,FUN_4,FUN_3
38079,25467,FUN_1,CUBE_L
38082,24405,FUN_3,FUN_4
38087,28278,FUN_6,CUBE_R
38117,19234,FUN_4,FUN_3
38132,22899,CUBE_R,FUN_6
38136,28495,RET,CUBE_L
38138,9053,FUN_1,FUN_2
38160,4732,FUN_2,FUN_1
38173,22712,FUN_2,FUN_1
38190,28686,FUN_5,FUN_4
38212,627,FUN_5,FUN_4
38213,1314,FUN_2,FUN_1
38215,25703,RET,CUBE_L
38220,7823,FUN_3,FUN_4
38226,25705,FUN_2,FUN_1
38260,4528,FUN_1,FUN_2
38261,11831,CUBE_R,RET
38262,1017,FUN_2,FUN_1
38267,7349,FUN_4,FUN_3
38282,1393,FUN_2,FUN_1
38282,11841,FUN_5,FUN_4
38312,7235,FUN_2,FUN_3
38328,14781,RET,CUBE_L
38334,15480,FUN_5,FUN_4
38344,24718,FUN_6,CUBE_R
38346,27156,FUN_2,FUN_1
38348,23954,FUN_6,FUN_5
38356,2364,FUN_3,FUN_2
38358,775,FUN_2,FUN_1
38419,9487,FUN_3,FUN_4
38427,24487,CUBE_L,RET
38428,13023,FUN_3,FUN_2
38431,18518,FUN_3,FUN_2
38446,24495,FUN_3,FUN_2
38452,29869,FUN_2,FUN_3
38460,19234,FUN_3,FUN_4
38468,4359,CUBE_R,RET
38468,12702,FUN_3,FUN_2
38468,13062,FUN_3,FUN_4
38482,12856,FUN_1,FUN_2
38496,28218,FUN_3,FUN_4
38516,15239,FUN_3,FUN_2
38519,11443,FUN_1,CUBE_L
38520,1393,FUN_1,FUN_2
38526,19234,FUN_4,FUN_3
38529,23777,FUN_3,FUN_2
38531,24405,FUN_4,FUN_3
38544,11550,FUN_2,FUN_1
38566,15409,CUBE_R,RET
38575,17704,FUN_5,FUN_4
38579,25253,FUN_2,FUN_3
38591,25820,RET,CUBE_L
38617,5249,FUN_5,FUN_4
38648,25705,FUN_1,FUN_2
38651,2146,CUBE_L,RET
38665,2925,FUN_1,FUN_2
38667,29243,FUN_3,FUN_2
38668,11341,CUBE_R,RET
38669,18873,FUN_4,FUN_3
38675,5290,FUN_1,FUN_2
38683,13921,FUN_1,CUBE_L
38684,9487,FUN_4,FUN_3
38684,17244,CUBE_L,FUN_1
38703,19666,FUN_3,FUN_2
38708,14859,CUBE_R,FUN_6
38728,24418,FUN_2,FUN_1
38752,4219,FUN_2,FUN_3
38758,13986,FUN_1,FUN_2
38766,27090,CUBE_R,RET
38771,9840,FUN_3,FUN_4
38773,23633,FUN_1,FUN_2
38784,14990,FUN_1,FUN_2
38788,4563,FUN_3,FUN_4
38815,27052,FUN_2,FUN_3
38817,19847,FUN_3,FUN_2
38818,13613,FUN_2,FUN_3
38828,16071,FUN_4,FUN_5
38840,26022,FUN_3,FUN_2
38855,13557,FUN_6,CUBE_R
38861,21871,FUN_2,FUN_3
38866,6175,FUN_3,FUN_2
38869,17548,FUN_3,FUN_2
38869,25891,FUN_5,FUN_4
38877,1964,FUN_3,FUN_2
38878,24495,FUN_2,FUN_3
38883,9526,FUN_2,FUN_1
38893,16007,FUN_4,FUN_3
38933,18252,FUN_2,FUN_3
38970,19234,FUN_3,FUN_4
38973,27619,FUN_5,FUN_6
38980,15269,FUN_5,FUN_4
38986,27415,FUN_1,FUN_2
38993,9733,FUN_3,FUN_2
38996,14990,FUN_2,FUN_1
39004,15027,FUN_2,FUN_1
39006,394,FUN_4,FUN_3
39027,11503,FUN_1,FUN_2
39044,14990,FUN_1,FUN_2
39050,17610,FUN_6,CUBE_R
39063,16586,FUN_1,FUN_2
39085,23436,FUN_2,FUN_3
39089,24751,CUBE_R,FUN_6
39090,24751,FUN_6,CUBE_R
39122,25934,FUN_6,CUBE_R
39163,19036,CUBE_L,FUN_1
39168,6175,FUN_2,FUN_3
39173,19989,FUN_1,CUBE_L
39203,24798,CUBE_R,RET
39205,11490,FUN_1,FUN_2
39211,21101,FUN_4,FUN_3
39226,24418,FUN_1,FUN_2
39228,19848,FUN_3,FUN_2
39236,26320,FUN_2,FUN_1
39237,11063,CUBE_R,RET
39251,5456,FUN_3,FUN_2
39251,8779,FUN_6,FUN_5
39282,10129,FUN_3,FUN_2
39284,7149,FUN_4,FUN_3
39299,16115,RET,CUBE_R
39308,21736,FUN_1,FUN_2
39313,14381,FUN_4,FUN_3
39332,24869,CUBE_L,RET
39340,6626,FUN_2,FUN_3
39344,18298,FUN_3,FUN_4
39347,20,CUBE_L,RET
39356,13782,FUN_2,FUN_1
39398,13804,CUBE_L,FUN_1
39407,21142,FUN_3,FUN_2
39444,2466,FUN_1,FUN_2
39452,16804,FUN_4,FUN_3
39457,25467,CUBE_L,FUN_1
39485,19992,RET,CUBE_L
39486,19739,RET,CUBE_L
39513,24338,CUBE_R,RET
39558,23068,FUN_3,FUN_4
39580,7788,FUN_3,FUN_2
39585,23314,CUBE_R,RET
39589,24464,FUN_3,FUN_4
39609,29940,FUN_1,FUN_2
39613,14394,FUN_6,CUBE_R
39615,11784,FUN_2,FUN_3
39621,21459,FUN_1,FUN_2
39635,28278,CUBE_R,FUN_6
39636,4040,FUN_5,FUN_4
39656,22186,FUN_3,FUN_2
39660,10135,RET,CUBE_L
39663,5675,FUN_2,FUN_1
39687,24262,FUN_3,FUN_2
39691,10375,FUN_3,FUN_2
39700,27557,FUN_2,FUN_1
39704,13536,FUN_2,FUN_3
39725,28845,FUN_4,FUN_3
39726,7235,FUN_3,FUN_2
39727,18965,FUN_2,FUN_3
39733,6736,FUN_1,CUBE_L
39743,19847,FUN_2,FUN_3
39781,20753,FUN_4,FUN_3
39799,24351,FUN_3,FUN_2
39801,7149,FUN_3,FUN_4
39815,203,CUBE_R,FUN_6
39824,2647,FUN_3,FUN_2
39824,18310,FUN_1,FUN_2
39850,2315,FUN_5,FUN_6
39853,9869,FUN_2,FUN_3
39899,6977,RET,CUBE_L
39946,73,FUN_1,FUN_2
39956,3028,RET,CUBE_R
39974,26952,RET,CUBE_R
39977,17988,RET,CUBE_R
39980,28717,FUN_2,FUN_3
39988,14852,FUN_3,FUN_2
40007,7547,CUBE_R,FUN_6
40012,17110,FUN_5,FUN_4
40015,21948,RET,CUBE_L
40022,2788,FUN_4,FUN_3
40026,1064,FUN_3,FUN_2
40047,5214,FUN_3,FUN_4
40049,26085,FUN_2,FUN_3
40058,13679,FUN_3,FUN_2
40076,24152,FUN_5,FUN_4
40083,15285,FUN_1,FUN_2
40091,10899,FUN_3,FUN_2
40092,775,FUN_1,FUN_2
40095,13986,FUN_2,FUN_1
40099,15705,FUN_2,FUN_3
40100,8378,FUN_4,FUN_5
40110,6157,FUN_6,CUBE_R
40117,3121,FUN_2,FUN_3
40123,28691,FUN_3,FUN_4
40136,24464,FUN_4,FUN_3
40148,25705,FUN_2,FUN_1
40157,23241,FUN_4,FUN_3
40169,432,FUN_4,FUN_3
40171,19344,RET,CUBE_L
40180,23314,RET,CUBE_R
40187,6810,FUN_2,FUN_3
40193,5031,FUN_3,FUN_4
40232,10862,FUN_3,FUN_2
40233,7513,FUN_1,FUN_2
40236,13063,FUN_1,CUBE_L
40239,21874,RET,CUBE_R
40240,18686,FUN_2,FUN_1
40242,26449,FUN_3,FUN_2
40253,29544,FUN_2,FUN_1
40258,432,FUN_3,FUN_4
40261,29546,FUN_5,FUN_4
40295,11767,FUN_4,FUN_5
40303,5675,FUN_1,FUN_2
40311,23241,FUN_3,FUN_4
40321,4644,FUN_2,FUN_3
40322,4234,FUN_4,FUN_3
40327,27932,FUN_6,CUBE_R
40329,21450,FUN_3,FUN_4
40340,13906,FUN_4,FUN_3
40345,15269,FUN_4,FUN_5
40346,24549,CUBE_L,FUN_1
40350,7349,FUN_3,FUN_4
40357,16061,FUN_4,FUN_3
40377,26417,FUN_2,FUN_3
40395,27089,FUN_2,FUN_1
40397,1701,FUN_2,FUN_1
40404,11403,CUBE_R,RET
40415,364,FUN_3,FUN_2
40425,20333,FUN_1,FUN_2
40433,26952,CUBE_R,RET
40441,19855,FUN_4,FUN_5
40446,16326,CUBE_L,RET
40451,13455,FUN_3,FUN_2
40465,11856,FUN_2,FUN_1
40475,15239,FUN_2,FUN_3
40504,7547,FUN_6,CUBE_R
40507,4275,FUN_2,FUN_3
40524,19536,FUN_3,FUN_2
40526,341,FUN_4,FUN_3
40530,884,FUN_2,FUN_1
40530,15409,RET,CUBE_R
40534,15054,FUN_4,FUN_5
40537,16579,FUN_1,FUN_2
40540,3363,CUBE_L,RET
40552,19196,CUBE_R,RET
40568,6347,FUN_2,FUN_3
40575,15156,FUN_6,FUN_5
40582,24751,CUBE_R,FUN_6
40583,23314,CUBE_R,RET
40592,27496,FUN_1,FUN_2
40606,15500,FUN_2,FUN_3
40612,15054,FUN_5,FUN_4
40626,15830,FUN_5,FUN_4
40632,24405,FUN_3,FUN_4
40646,1129,CUBE_R,RET
40648,28856,FUN_3,FUN_4
40661,25008,FUN_4,FUN_3
40666,14668,RET,CUBE_L
40668,17240,FUN_3,FUN_4
40725,341,FUN_3,FUN_4
40732,25467,FUN_1,CUBE_L
40742,19200,FUN_3,FUN_2
40765,349,FUN_2,FUN_3
40781,5819,FUN_2,FUN_1
40783,17931,FUN_4,FUN_5
40795,18661,FUN_2,FUN_1
40795,22147,CUBE_L,RET
40798,4257,FUN_3,FUN_2
40815,16579,FUN_2,FUN_1
40816,25797,FUN_3,FUN_2
40822,27474,FUN_1,FUN_2
40846,13269,FUN_2,FUN_1
40856,57,FUN_3,FUN_4
40856,13917,RET,CUBE_R
40869,17531,RET,CUBE_R
40877,26133,FUN_4,FUN_5
40879,24140,FUN_3,FUN_2
40894,28717,FUN_3,FUN_2
40899,9733,FUN_2,FUN_3
40903,1819,FUN_1,FUN_2
40924,25207,FUN_2,FUN_3
40927,203,FUN_6,CUBE_R
40938,27982,FUN_4,FUN_3
40949,29576,CUBE_R,RET
40956,8740,CUBE_R,RET
40972,17004,FUN_6,FUN_5
40978,24354,FUN_5,FUN_4
40989,24152,FUN_4,FUN_5
41000,7497,FUN_3,FUN_2
41013,13675,FUN_5,FUN_4
41034,22797,FUN_3,FUN_2
41067,17798,FUN_3,FUN_2
41089,22302,FUN_2,FUN_1
41094,9069,FUN_4,FUN_3
41110,9746,FUN_3,FUN_4
41111,20863,CUBE_L,FUN_1
41113,21034,FUN_2,FUN_3
41119,8594,FUN_1,FUN_2
41122,11063,RET,CUBE_R
41136,24963,FUN_6,CUBE_R
41142,6784,FUN_6,FUN_5
41143,10735,FUN_3,FUN_2
41183,22873,FUN_5,FUN_4
41189,22963,CUBE_R,FUN_6
41193,11158,CUBE_L,RET
41204,15530,FUN_3,FUN_2
41230,18221,RET,CUBE_R
41232,28503,RET,CUBE_L
41254,4644,FUN_3,FUN_2
41278,5675,FUN_2,FUN_1
41282,11157,FUN_1,FUN_2
41285,4644,FUN_2,FUN_3
41295,11911,FUN_6,FUN_5
41310,5358,RET,CUBE_R
41321,14283,FUN_5,FUN_4
41328,9888,RET,CUBE_L
41331,21985,FUN_2,FUN_1
41335,15156,FUN_5,FUN_6
41341,20753,FUN_3,FUN_4
41353,14883,FUN_1,FUN_2
41354,23513,FUN_3,FUN_4
41359,22302,FUN_1,FUN_2
41360,672,FUN_1,FUN_2
41370,22302,FUN_2,FUN_1
41395,297,CUBE_R,FUN_6
41430,1622,FUN_4,FUN_3
41431,1771,FUN_2,FUN_3
41439,19358,FUN_2,FUN_3
41443,11443,CUBE_L,FUN_1
41450,6582,FUN_2,FUN_1
41451,26320,FUN_1,FUN_2
41453,19989,CUBE_L,FUN_1
41459,2597,FUN_1,FUN_2
41476,238,FUN_3,FUN_4
41486,24464,FUN_3,FUN_4
41504,19992,CUBE_L,RET
41508,22064,FUN_2,FUN_1
41512,14233,FUN_4,FUN_3
41513,17552,FUN_6,FUN_5
41532,15054,FUN_4,FUN_5
41534,4800,FUN_3,FUN_4
41536,8815,FUN_2,FUN_1
41550,9489,FUN_5,FUN_6
41553,20753,FUN_4,FUN_3
41561,19084,FUN_1,FUN_2
41568,19002,FUN_3,FUN_2
41569,17798,FUN_2,FUN_3
41577,2788,FUN_3,FUN_4
41606,9888,CUBE_L,RET
41610,21450,FUN_4,FUN_3
41644,7235,FUN_2,FUN_3
41646,22280,FUN_2,FUN_1
41680,29869,FUN_3,FUN_2
41703,2005,FUN_2,FUN_3
41704,4251,FUN_3,FUN_4
41715,13941,FUN_3,FUN_2
41716,23777,FUN_2,FUN_3
41749,29111,FUN_4,FUN_3
41753,3158,FUN_1,FUN_2
41754,24549,FUN_1,CUBE_L
41757,9733,FUN_3,FUN_2
41760,14859,FUN_6,CUBE_R
41764,26090,FUN_1,FUN_2
41815,5201,RET,CUBE_L
41817,18518,FUN_2,FUN_3
41819,9487,FUN_3,FUN_4
41833,6347,FUN_3,FUN_2
41833,20857,FUN_3,FUN_2
41836,25507,CUBE_R,RET
41841,16718,FUN_1,FUN_2
41863,3457,FUN_2,FUN_3
41866,15054,FUN_5,FUN_4
41877,28496,FUN_3,FUN_2
41891,22280,FUN_1,FUN_2
41900,25251,CUBE_L,RET
41913,7149,FUN_4,FUN_3
41913,19290,FUN_1,FUN_2
41915,19860,FUN_2,FUN_1
41919,4234,FUN_3,FUN_4
41919,29869,FUN_2,FUN_3
41938,19476,CUBE_R,RET
41941,10862,FUN_2,FUN_3
41946,11443,FUN_1,CUBE_L
41949,16184,FUN_5,FUN_6
41958,22302,FUN_1,FUN_2
41958,29182,FUN_2,FUN_3
41977,13946,FUN_1,FUN_2
41981,22280,FUN_2,FUN_1
41985,27875,RET,CUBE_L
41994,11386,FUN_4,FUN_3
41995,4723,FUN_1,FUN_2
41999,18661,FUN_1,FUN_2
42028,3472,FUN_2,FUN_1
42047,8396,CUBE_R,RET
42066,18518,FUN_3,FUN_2
42095,6611,FUN_6,FUN_5
42100,19383,FUN_1,FUN_2
42102,14068,FUN_4,FUN_5
42105,2004,FUN_2,FUN_3
42107,11768,FUN_2,FUN_1
42111,16579,FUN_1,FUN_2
42117,29757,FUN_1,FUN_2
42124,17988,CUBE_R,RET
42125,16488,CUBE_R,RET
42135,17970,CUBE_R,RET
42137,20,RET,CUBE_L
42137,21985,FUN_1,FUN_2
42139,14859,CUBE_R,FUN_6
42140,28386,FUN_5,FUN_4
42148,10082,FUN_2,FUN_1
42151,672,FUN_2,FUN_1
42180,13183,CUBE_R,RET
42193,2647,FUN_2,FUN_3
42196,3569,CUBE_R,RET
42219,7513,FUN_2,FUN_1
42260,21802,FUN_3,FUN_2
42276,16326,RET,CUBE_L
42281,20415,FUN_3,FUN_2
42309,19344,CUBE_L,RET
42309,22842,FUN_1,FUN_2
42322,14283,FUN_4,FUN_5
42333,7513,FUN_1,FUN_2
42342,5596,CUBE_L,FUN_1
42344,8396,RET,CUBE_R
42372,57,FUN_4,FUN_3
42398,28586,FUN_5,FUN_4
42408,9487,FUN_4,FUN_3
42422,22147,RET,CUBE_L
42433,3158,FUN_2,FUN_1
42443,10806,FUN_1,FUN_2
42448,22104,CUBE_R,FUN_6
42458,672,FUN_1,FUN_2
42459,8690,FUN_6,CUBE_R
42471,1423,FUN_3,FUN_2
42472,3929,FUN_6,FUN_5
42482,17508,FUN_2,FUN_1
42500,6993,FUN_2,FUN_3
42501,24747,FUN_2,FUN_3
42507,9487,FUN_3,FUN_4
42517,24035,RET,CUBE_L
42529,8536,RET,CUBE_L
42531,7497,FUN_2,FUN_3
42546,3649,FUN_5,FUN_4
42552,2005,FUN_3,FUN_2
42567,21802,FUN_2,FUN_3
42569,21929,FUN_1,FUN_2
42577,28856,FUN_4,FUN_3
42579,7806,FUN_2,FUN_3
42589,28722,FUN_3,FUN_4
42595,17610,CUBE_R,FUN_6
42599,6038,FUN_3,FUN_2
42610,8350,FUN_3,FUN_2
42632,27474,FUN_2,FUN_1
42642,21017,FUN_4,FUN_3
42644,5420,FUN_2,FUN_1
42654,16763,FUN_1,FUN_2
42658,4813,FUN_3,FUN_2
42675,18907,CUBE_R,RET
42691,4723,FUN_2,FUN_1
42693,22534,FUN_6,FUN_5
42707,203,CUBE_R,FUN_6
42714,13941,FUN_2,FUN_3
42714,21341,CUBE_R,RET
42715,13675,FUN_4,FUN_5
42719,110,FUN_2,FUN_1
42726,18686,FUN_1,FUN_2
42741,13675,FUN_5,FUN_4
42747,4045,FUN_3,FUN_2
42748,5007,FUN_1,FUN_2
42748,14876,FUN_2,FUN_1
42749,5596,FUN_1,CUBE_L
42750,24140,FUN_2,FUN_3
42759,9733,FUN_2,FUN_3
42764,6611,FUN_5,FUN_6
42764,18046,CUBE_R,RET
42772,25705,FUN_1,FUN_2
42788,25507,RET,CUBE_R
42798,5358,CUBE_R,RET
42798,9196,FUN_4,FUN_3
42801,8740,RET,CUBE_R
42809,5358,RET,CUBE_R
42814,6252,CUBE_L,FUN_1
42815,3530,FUN_3,FUN_2
42828,5596,CUBE_L,FUN_1
42832,1701,FUN_1,FUN_2
42836,26320,FUN_2,FUN_1
42851,26180,FUN_1,FUN_2
42852,6141,RET,CUBE_L
42857,6085,FUN_2,FUN_1
42875,29940,FUN_2,FUN_1
42880,5629,FUN_1,FUN_2
42885,2025,RET,CUBE_R
42896,24613,CUBE_R,FUN_6
42913,27572,FUN_2,FUN_3
42920,14075,RET,CUBE_R
42922,9523,FUN_4,FUN_3
42924,20607,CUBE_L,RET
42927,110,FUN_1,FUN_2
42934,24822,RET,CUBE_R
42943,21440,FUN_3,FUN_4
42945,17739,CUBE_R,RET
42946,14068,FUN_5,FUN_4
42950,2788,FUN_4,FUN_3
42956,28670,CUBE_R,RET
42961,2211,FUN_2,FUN_1
42967,110,FUN_2,FUN_1
42969,25476,FUN_1,FUN_2
42979,5214,FUN_4,FUN_3
42982,27156,FUN_1,FUN_2
42989,110,FUN_1,FUN_2
42997,1470,FUN_2,FUN_1
43008,18061,FUN_1,FUN_2
43015,27619,FUN_6,FUN_5
43022,27089,FUN_1,FUN_2
43024,25036,CUBE_L,RET
43026,25703,CUBE_L,RET
43034,13911,RET,CUBE_L
43034,16115,CUBE_R,RET
43050,14068,FUN_4,FUN_5
43052,12012,CUBE_R,RET
43064,27875,CUBE_L,RET
43065,2005,FUN_2,FUN_3
43067,9977,FUN_4,FUN_3
43073,25476,FUN_2,FUN_1
43113,19290,FUN_2,FUN_1
43119,12608,FUN_3,FUN_2
43122,8521,FUN_3,FUN_2
43138,5135,FUN_3,FUN_2
43140,3472,FUN_1,FUN_2
43146,13455,FUN_2,FUN_3
43164,15705,FUN_3,FUN_2
43169,21450,FUN_3,FUN_4
43175,12702,FUN_2,FUN_3
43178,17244,FUN_1,CUBE_L
43181,22302,FUN_2,FUN_1
43184,7269,FUN_3,FUN_2
43187,5565,FUN_2,FUN_1
43187,12172,CUBE_R,FUN_6
43187,21724,CUBE_R,RET
43208,2037,CUBE_R,FUN_6
43208,8222,FUN_2,FUN_1
43225,5675,FUN_1,FUN_2
43228,13036,CUBE_R,RET
43230,11158,RET,CUBE_L
43230,21674,FUN_3,FUN_2
43235,20108,FUN_2,FUN_3
43240,11737,FUN_2,FUN_3
43242,4800,FUN_4,FUN_3
43247,928,RET,CUBE_L
43247,4759,RET,CUBE_L
43262,6810,FUN_3,FUN_2
43268,24152,FUN_5,FUN_4
43310,13181,FUN_2,FUN_1
43314,2647,FUN_3,FUN_2
43325,21420,FUN_2,FUN_1
43327,12833,CUBE_L,FUN_1
43332,544,RET,CUBE_R
43333,2005,FUN_3,FUN_2
43357,29757,FUN_2,FUN_1
43358,25475,FUN_2,FUN_1
43371,1819,FUN_2,FUN_1
43376,19196,RET,CUBE_R
43381,25899,FUN_2,FUN_1
43390,9623,FUN_3,FUN_4
43390,21838,FUN_1,FUN_2
43394,4774,FUN_5,FUN_4
43397,19200,FUN_2,FUN_3
43399,6387,RET,CUBE_R
43410,26417,FUN_3,FUN_2
43412,29243,FUN_2,FUN_3
43417,28561,FUN_2,FUN_3
43420,18661,FUN_2,FUN_1
43431,23105,CUBE_R,FUN_6
43439,22880,FUN_6,FUN_5
43446,19658,FUN_6,FUN_5
43462,5471,CUBE_R,RET
43468,15834,CUBE_R,RET
43473,18063,FUN_2,FUN_1
43494,506,FUN_6,CUBE_R
43503,7788,FUN_2,FUN_3
43532,2788,FUN_3,FUN_4
43550,25001,CUBE_R,RET
43560,9772,CUBE_R,RET
43567,1701,FUN_2,FUN_1
43569,9623,FUN_4,FUN_3
43571,21420,FUN_1,FUN_2
43585,967,FUN_2,FUN_1
43590,5334,RET,CUBE_R
43590,16007,FUN_3,FUN_4
43596,22302,FUN_1,FUN_2
43601,15161,CUBE_L,RET
43614,467,FUN_5,FUN_4
43644,22064,FUN_1,FUN_2
43651,13917,CUBE_R,RET
43656,24822,CUBE_R,RET
43661,28507,FUN_3,FUN_2
43663,27089,FUN_2,FUN_1
43675,17510,FUN_2,FUN_3
43678,5210,FUN_2,FUN_1
43682,18969,FUN_4,FUN_3
43684,4526,FUN_3,FUN_2
43684,18884,FUN_3,FUN_2
43708,4813,FUN_2,FUN_3
43709,13547,FUN_4,FUN_3
43713,28218,FUN_4,FUN_3
43724,19084,FUN_2,FUN_1
43728,20022,RET,CUBE_R
43729,18214,FUN_2,FUN_3
43739,23755,FUN_5,FUN_4
43747,27156,FUN_2,FUN_1
43750,23333,RET,CUBE_L
43766,2025,CUBE_R,RET
43768,14859,FUN_6,CUBE_R
43775,9196,FUN_3,FUN_4
43781,5819,FUN_1,FUN_2
43799,20167,FUN_3,FUN_2
43835,19992,RET,CUBE_L
43837,25476,FUN_1,FUN_2
43843,29440,FUN_6,CUBE_R
43845,25253,FUN_3,FUN_2
43855,4642,FUN_1,CUBE_L
43857,21969,FUN_1,FUN_2
43859,7547,CUBE_R,FUN_6
43867,956,FUN_3,FUN_4
43872,24613,FUN_6,CUBE_R
43873,26952,RET,CUBE_R
43875,23631,FUN_1,FUN_2
43922,19084,FUN_1,FUN_2
43937,25224,FUN_4,FUN_5
43947,17322,CUBE_L,FUN_1
43954,26414,FUN_6,FUN_5
43986,7955,FUN_2,FUN_1
43987,8870,CUBE_R,RET
43987,14876,FUN_1,FUN_2
43997,13305,FUN_3,FUN_2
44006,5201,CUBE_L,RET
44041,7547,FUN_6,CUBE_R
44045,19196,CUBE_R,RET
44047,1196,FUN_3,FUN_2
44058,2146,RET,CUBE_L
44059,29111,FUN_3,FUN_4
44062,23770,FUN_2,FUN_3
44076,20607,RET,CUBE_L
44078,12553,FUN_2,FUN_3
44084,4198,RET,CUBE_L
44085,16723,FUN_2,FUN_3
44092,21517,FUN_4,FUN_5
44097,9772,RET,CUBE_R
44106,20415,FUN_2,FUN_3
44111,28114,FUN_5,FUN_4
44121,4700,FUN_3,FUN_2
44125,18066,FUN_3,FUN_2
44129,238,FUN_4,FUN_3
44129,23560,CUBE_R,RET
44130,22040,FUN_1,FUN_2
44158,21838,FUN_2,FUN_1
44167,25235,FUN_2,FUN_3
44168,13959,CUBE_L,FUN_1
44181,15156,FUN_6,FUN_5
44185,11503,FUN_2,FUN_1
44200,7595,CUBE_R,RET
44220,24709,CUBE_R,FUN_6
44231,14876,FUN_2,FUN_1
44232,13908,RET,CUBE_R
44242,6264,FUN_3,FUN_4
44266,5675,FUN_2,FUN_1
44279,17510,FUN_3,FUN_2
44284,15161,RET,CUBE_L
44288,7513,FUN_2,FUN_1
44289,27557,FUN_1,FUN_2
44305,4526,FUN_2,FUN_3
44324,12213,FUN_1,FUN_2
44327,2804,FUN_1,CUBE_L
44332,4103,FUN_4,FUN_3
44345,14750,FUN_2,FUN_3
44348,14643,FUN_4,FUN_5
44365,29940,FUN_1,FUN_2
44389,5722,FUN_2,FUN_1
44404,2716,FUN_1,FUN_2
44406,12370,FUN_3,FUN_2
44409,13679,FUN_2,FUN_3
44422,15602,CUBE_R,RET
44433,8241,FUN_1,CUBE_L
44438,20445,FUN_1,FUN_2
44448,4425,FUN_3,FUN_2
44450,5596,FUN_1,CUBE_L
44469,7167,FUN_4,FUN_5
44473,12778,FUN_4,FUN_3
44477,10128,FUN_4,FUN_3
44479,3950,FUN_2,FUN_1
44497,25036,RET,CUBE_L
44501,17140,FUN_3,FUN_4
44507,3363,RET,CUBE_L
44522,21017,FUN_3,FUN_4
44539,672,FUN_2,FUN_1
44544,2146,CUBE_L,RET
44564,7955,FUN_1,FUN_2
44576,28561,FUN_3,FUN_2
44577,22712,FUN_1,FUN_2
44594,11386,FUN_3,FUN_4
44619,1197,FUN_3,FUN_4
44624,13244,FUN_5,FUN_6
44640,4124,FUN_2,FUN_3
44642,19848,FUN_2,FUN_3
44645,12319,FUN_2,FUN_3
44649,18686,FUN_2,FUN_1
44652,5659,FUN_1,CUBE_L
44655,10438,FUN_3,FUN_4
44661,24747,FUN_3,FUN_2
44678,7806,FUN_3,FUN_2
44684,24822,RET,CUBE_R
44691,365,CUBE_R,FUN_6
44695,7503,FUN_4,FUN_3
44695,24751,FUN_6,CUBE_R
44696,13782,FUN_1,FUN_2
44709,110,FUN_2,FUN_1
44709,29154,FUN_4,FUN_3
44728,8302,FUN_6,CUBE_R
44729,21838,FUN_1,FUN_2
44730,5629,FUN_2,FUN_1
44735,28636,FUN_2,FUN_1
44741,29154,FUN_3,FUN_4
44749,28083,FUN_3,FUN_4
44752,18063,FUN_1,FUN_2
44773,2331,FUN_4,FUN_3
44797,22404,FUN_2,FUN_3
44800,29920,FUN_3,FUN_2
44806,1841,CUBE_L,RET
44809,28526,FUN_2,FUN_3
44813,5690,FUN_1,FUN_2
44814,12408,FUN_3,FUN_2
44816,17610,FUN_6,CUBE_R
44822,4275,FUN_3,FUN_2
44822,7690,FUN_5,FUN_6
44822,25037,FUN_2,FUN_3
44831,6432,FUN_5,FUN_4
44834,27284,FUN_3,FUN_4
44862,4275,FUN_2,FUN_3
44862,19196,RET,CUBE_R
44874,506,CUBE_R,FUN_6
44880,19376,RET,CUBE_L
44887,18591,FUN_2,FUN_3
44916,29440,CUBE_R,FUN_6
44920,203,FUN_6,CUBE_R
44922,8657,CUBE_L,RET
44940,2434,FUN_2,FUN_3
44942,19395,FUN_2,FUN_1
44944,20283,CUBE_R,RET
44947,3937,FUN_1,FUN_2
44950,10735,FUN_2,FUN_3
44952,342,FUN_3,FUN_2
44953,1311,FUN_4,FUN_5
44961,11930,FUN_5,FUN_4
44961,21059,CUBE_L,FUN_1
44971,26543,FUN_2,FUN_1
44973,3598,FUN_5,FUN_6
44978,7326,FUN_2,FUN_1
44995,672,FUN_1,FUN_2
45019,754,FUN_2,FUN_1
45019,13527,FUN_3,FUN_4
45020,12965,CUBE_R,FUN_6
45025,7806,FUN_2,FUN_3
45033,8740,CUBE_R,RET
45034,1196,FUN_2,FUN_3
45035,5675,FUN_1,FUN_2
45038,12932,FUN_4,FUN_3
45042,9001,CUBE_L,RET
45043,9915,FUN_4,FUN_3
45047,29111,FUN_4,FUN_3
45047,29524,FUN_3,FUN_2
45077,15161,CUBE_L,RET
45089,28856,FUN_3,FUN_4
45090,9915,FUN_3,FUN_4
45094,2700,FUN_4,FUN_3
45111,25663,FUN_3,FUN_2
45120,25224,FUN_5,FUN_4
45130,16763,FUN_2,FUN_1
45138,29672,FUN_2,FUN_3
45153,6933,FUN_6,FUN_5
45167,5201,RET,CUBE_L
45174,17315,FUN_4,FUN_5
45180,21211,FUN_2,FUN_1
45193,24718,CUBE_R,FUN_6
45195,8690,CUBE_R,FUN_6
45202,16326,CUBE_L,RET
45213,4732,FUN_1,FUN_2
45221,110,FUN_1,FUN_2
45221,10287,CUBE_R,FUN_6
45231,8690,FUN_6,CUBE_R
45249,203,CUBE_R,FUN_6
45253,1725,FUN_2,FUN_1
45276,17208,FUN_2,FUN_1
45283,11386,FUN_4,FUN_3
45284,24949,FUN_1,FUN_2
45292,20167,FUN_2,FUN_3
45327,341,FUN_4,FUN_3
45350,1841,RET,CUBE_L
45361,2005,FUN_2,FUN_3
45373,9915,FUN_4,FUN_3
45390,13305,FUN_2,FUN_3
45394,11500,FUN_2,FUN_1
45406,25036,CUBE_L,RET
45413,4251,FUN_4,FUN_3
45417,19855,FUN_5,FUN_4
45437,9915,FUN_3,FUN_4
45454,5722,FUN_1,FUN_2
45472,11503,FUN_1,FUN_2
45473,7806,FUN_3,FUN_2
45489,7806,FUN_2,FUN_3
45490,4336,RET,CUBE_R
45496,15989,FUN_2,FUN_3
45504,9751,FUN_2,FUN_1
45524,7513,FUN_1,FUN_2
45533,11453,FUN_3,FUN_2
45539,3363,CUBE_L,RET
45539,18119,FUN_5,FUN_6
45573,7878,FUN_2,FUN_1
45578,16007,FUN_4,FUN_3
45602,23755,FUN_4,FUN_5
45608,23755,FUN_5,FUN_4
45611,3968,FUN_6,CUBE_R
45614,23755,FUN_4,FUN_5
45631,22107,RET,CUBE_L
45645,11063,CUBE_R,RET
45650,4976,CUBE_R,FUN_6
45654,6557,FUN_5,FUN_4
45655,19848,FUN_3,FUN_2
45663,13181,FUN_1,FUN_2
45666,4563,FUN_4,FUN_3
45668,13099,FUN_2,FUN_1
45670,5596,CUBE_L,FUN_1
45674,21838,FUN_2,FUN_1
45688,110,FUN_2,FUN_1
45705,27794,FUN_5,FUN_4
45717,15212,FUN_1,FUN_2
45719,18063,FUN_2,FUN_1
45739,1841,CUBE_L,RET
45748,4447,FUN_2,FUN_1
45760,24709,FUN_6,CUBE_R
45762,17510,FUN_2,FUN_3
45771,28313,FUN_4,FUN_3
45773,22282,CUBE_R,RET
45781,11453,FUN_2,FUN_3
45783,5427,FUN_1,CUBE_L
45802,19860,FUN_1,FUN_2
45805,29492,FUN_3,FUN_2
45806,27675,FUN_2,FUN_3
45809,22186,FUN_2,FUN_3
45813,2724,FUN_3,FUN_2
45813,11581,CUBE_L,FUN_1
45823,11490,FUN_2,FUN_1
45834,25663,FUN_2,FUN_3
45835,10128,FUN_3,FUN_4
45867,9915,FUN_4,FUN_3
45871,11184,FUN_5,FUN_6
45887,28825,FUN_2,FUN_1
45901,9001,RET,CUBE_L
45927,18591,FUN_3,FUN_2
45946,5310,FUN_2,FUN_3
45948,6093,FUN_2,FUN_3
45957,15830,FUN_4,FUN_5
45965,2647,FUN_2,FUN_3
45967,19196,CUBE_R,RET
45972,16390,RET,CUBE_R
45975,25475,FUN_1,FUN_2
45981,21211,FUN_1,FUN_2
46004,1197,FUN_4,FUN_3
46008,26083,CUBE_R,FUN_6
46016,12144,CUBE_L,RET
46029,6993,FUN_3,FUN_2
46049,28845,FUN_3,FUN_4
46062,14906,FUN_2,FUN_3
46067,18661,FUN_1,FUN_2
46068,24617,FUN_3,FUN_2
46080,2004,FUN_3,FUN_2
46110,7806,FUN_3,FUN_2
46119,22712,FUN_2,FUN_1
46126,8315,FUN_3,FUN_2
46131,28845,FUN_4,FUN_3
46135,1771,FUN_3,FUN_2
46144,21517,FUN_5,FUN_4
46146,6093,FUN_3,FUN_2
46165,16439,FUN_3,FUN_2
46166,3042,FUN_1,CUBE_L
46169,5559,FUN_3,FUN_4
46176,20445,FUN_2,FUN_1
46180,23105,FUN_6,CUBE_R
46191,21499,FUN_4,FUN_3
46195,27415,FUN_2,FUN_1
46222,6093,FUN_2,FUN_3
46233,1841,RET,CUBE_L
46237,15395,FUN_3,FUN_2
46242,8588,CUBE_L,RET
46249,18873,FUN_3,FUN_4
46264,8594,FUN_2,FUN_1
46275,13455,FUN_3,FUN_2
46280,2049,FUN_3,FUN_2
46280,12386,FUN_1,FUN_2
46286,7655,FUN_2,FUN_1
46301,28549,RET,CUBE_L
46312,22282,RET,CUBE_R
46328,11500,FUN_1,FUN_2
46329,5210,FUN_1,FUN_2
46331,1771,FUN_2,FUN_3
46337,8131,FUN_2,FUN_3
46346,7955,FUN_2,FUN_1
46350,29440,FUN_6,CUBE_R
46357,10438,FUN_4,FUN_3
46366,5078,CUBE_R,FUN_6
46373,17671,FUN_1,FUN_2
46377,1291,FUN_5,FUN_6
46380,6180,FUN_3,FUN_2
46384,28845,FUN_3,FUN_4
46391,28300,FUN_1,FUN_2
46393,19848,FUN_2,FUN_3
46404,18566,FUN_6,CUBE_R
46409,24709,CUBE_R,FUN_6
46411,25235,FUN_3,FUN_2
46412,19220,FUN_3,FUN_4
46427,1819,FUN_1,FUN_2
46430,15500,FUN_3,FUN_2
46433,17671,FUN_2,FUN_1
46435,4036,FUN_2,FUN_3
46437,18050,FUN_2,FUN_1
46456,29718,FUN_2,FUN_1
46457,16650,FUN_2,FUN_3
46461,22147,CUBE_L,RET
46468,9554,CUBE_L,RET
46470,26862,FUN_2,FUN_1
46471,25157,FUN_6,FUN_5
46488,28675,FUN_4,FUN_5
46534,6432,FUN_4,FUN_5
46537,9456,FUN_5,FUN_4
46538,6432,FUN_5,FUN_4
46538,17988,RET,CUBE_R
46544,25155,FUN_4,FUN_5
46550,20078,FUN_3,FUN_2
46560,14395,FUN_3,FUN_2
46574,8350,FUN_2,FUN_3
46580,29408,FUN_5,FUN_6
46615,110,FUN_1,FUN_2
46617,14383,CUBE_R,FUN_6
46619,6933,FUN_5,FUN_6
46641,23904,FUN_6,FUN_5
46644,8894,FUN_4,FUN_5
46645,12370,FUN_2,FUN_3
46645,18214,FUN_3,FUN_2
46650,20033,FUN_3,FUN_2
46662,25155,FUN_5,FUN_4
46692,6824,FUN_2,FUN_1
46694,27719,FUN_4,FUN_3
46705,22224,FUN_3,FUN_2
46706,13917,RET,CUBE_R
46708,17548,FUN_2,FUN_3
46712,13427,FUN_6,CUBE_R
46713,24140,FUN_3,FUN_2
46718,18063,FUN_1,FUN_2
46723,17975,FUN_6,FUN_5
46725,8690,CUBE_R,FUN_6
46739,19334,FUN_2,FUN_3
46742,297,FUN_6,CUBE_R
46773,7806,FUN_2,FUN_3
46776,16585,FUN_2,FUN_3
46780,19666,FUN_2,FUN_3
46815,28670,RET,CUBE_R
46834,5266,CUBE_L,RET
46847,6993,FUN_2,FUN_3
46855,6180,FUN_2,FUN_3
46872,238,FUN_3,FUN_4
46873,10129,FUN_2,FUN_3
46877,1017,FUN_1,FUN_2
46894,29440,CUBE_R,FUN_6
46898,238,FUN_4,FUN_3
46904,11856,FUN_1,FUN_2
46914,6191,FUN_3,FUN_2
46914,17258,FUN_2,FUN_1
46915,8657,RET,CUBE_L
46930,11911,FUN_5,FUN_6
46933,26855,FUN_1,CUBE_L
46937,8222,FUN_1,FUN_2
46947,14383,FUN_6,CUBE_R
46948,20211,FUN_5,FUN_6
46963,21929,FUN_2,FUN_1
46972,238,FUN_3,FUN_4
46986,25001,RET,CUBE_R
46990,17988,CUBE_R,RET
47009,13613,FUN_3,FUN_2
47011,8594,FUN_1,FUN_2
47011,11490,FUN_1,FUN_2
47020,16390,CUBE_R,RET
47033,23560,RET,CUBE_R
47038,1092,FUN_2,FUN_1
47040,7690,FUN_6,FUN_5
47041,14472,CUBE_L,RET
47057,13099,FUN_1,FUN_2
47058,1732,FUN_3,FUN_4
47085,17548,FUN_3,FUN_2
47100,1588,FUN_2,FUN_1
47101,17609,FUN_3,FUN_2
47103,13183,RET,CUBE_R
47106,8139,CUBE_L,FUN_1
47108,15601,FUN_4,FUN_3
47111,3530,FUN_2,FUN_3
47140,27557,FUN_2,FUN_1
47148,11453,FUN_3,FUN_2
47158,11581,FUN_1,CUBE_L
47168,18965,FUN_3,FUN_2
47182,9874,FUN_3,FUN_2
47208,6738,FUN_2,FUN_3
47210,11911,FUN_6,FUN_5
47220,18083,RET,CUBE_L
47222,10438,FUN_3,FUN_4
47222,19196,RET,CUBE_R
47229,16075,FUN_3,FUN_2
47232,11453,FUN_2,FUN_3
47237,19344,RET,CUBE_L
47241,19525,CUBE_R,RET
47242,11930,FUN_4,FUN_5
47248,19092,FUN_3,FUN_2
47256,5210,FUN_2,FUN_1
47266,19848,FUN_3,FUN_2
47283,13871,RET,CUBE_R
47285,18566,CUBE_R,FUN_6
47293,10009,CUBE_L,FUN_1
47294,16193,FUN_3,FUN_2
47295,5690,FUN_2,FUN_1
47299,17548,FUN_2,FUN_3
47301,28675,FUN_5,FUN_4
47312,23632,FUN_3,FUN_4
47314,26431,FUN_4,FUN_3
47337,29115,FUN_6,FUN_5
47340,2700,FUN_3,FUN_4
47342,1470,FUN_1,FUN_2
47363,25938,FUN_4,FUN_5
47365,13542,RET,CUBE_L
47369,29111,FUN_3,FUN_4
47372,9772,CUBE_R,RET
47376,4528,FUN_2,FUN_1
47404,27343,FUN_2,FUN_1
47418,27875,RET,CUBE_L
47422,754,FUN_1,FUN_2
47467,10862,FUN_3,FUN_2
47482,19390,FUN_3,FUN_2
47505,57,FUN_3,FUN_4
47507,16763,FUN_1,FUN_2
47508,7806,FUN_3,FUN_2
47531,6180,FUN_3,FUN_2
47535,15814,FUN_2,FUN_1
47538,4447,FUN_1,FUN_2
47552,19989,FUN_1,CUBE_L
47561,17548,FUN_3,FUN_2
47570,18965,FUN_2,FUN_3
47580,10009,FUN_1,CUBE_L
47583,17258,FUN_1,FUN_2
47589,5201,CUBE_L,RET
47600,10862,FUN_2,FUN_3
47613,1493,RET,CUBE_L
47614,6933,FUN_6,FUN_5
47618,28561,FUN_2,FUN_3
47620,28316,FUN_4,FUN_3
47635,22147,RET,CUBE_L
47635,28675,FUN_4,FUN_5
47636,17863,FUN_5,FUN_4
47648,24751,CUBE_R,FUN_6
47660,3656,FUN_6,CUBE_R
47664,13797,FUN_3,FUN_2
47670,10128,FUN_4,FUN_3
47679,3158,FUN_1,FUN_2
47683,27536,FUN_2,FUN_3
47689,27930,FUN_3,FUN_4
47696,10862,FUN_3,FUN_2
47696,13542,CUBE_L,RET
47702,709,FUN_3,FUN_4
47704,13491,FUN_3,FUN_2
47707,14756,FUN_4,FUN_3
47711,7389,CUBE_R,RET
47711,21120,FUN_2,FUN_3
47720,19245,FUN_2,FUN_3
47722,24140,FUN_2,FUN_3
47728,3530,FUN_3,FUN_2
47741,28167,RET,CUBE_L
47757,20535,FUN_2,FUN_1
47759,1865,CUBE_L,FUN_1
47763,6387,CUBE_R,RET
47768,18830,FUN_3,FUN_4
47771,1197,FUN_3,FUN_4
47772,24140,FUN_3,FUN_2
47775,6387,RET,CUBE_R
47778,12172,FUN_6,CUBE_R
47786,15500,FUN_2,FUN_3
47788,22064,FUN_2,FUN_1
47791,12211,FUN_5,FUN_6
47796,17322,FUN_1,CUBE_L
47809,28717,FUN_2,FUN_3
47816,3644,FUN_3,FUN_2
47854,17441,FUN_2,FUN_1
47871,6157,CUBE_R,FUN_6
47880,20886,FUN_3,FUN_2
47892,13567,FUN_6,FUN_5
47899,18658,FUN_4,FUN_3
47904,28983,RET,CUBE_R
47913,25703,RET,CUBE_L
47925,786,FUN_3,FUN_4
47929,20025,FUN_4,FUN_3
47930,14383,CUBE_R,FUN_6
47939,13759,FUN_4,FUN_5
47956,22186,FUN_3,FUN_2
47967,26862,FUN_1,FUN_2
47972,4022,CUBE_R,RET
47973,6557,FUN_4,FUN_5
47973,12970,CUBE_R,FUN_6
47992,19487,FUN_3,FUN_2
48011,20333,FUN_2,FUN_1
48013,966,RET,CUBE_R
48015,22880,FUN_5,FUN_6
48016,5675,FUN_2,FUN_1
48022,17441,FUN_1,FUN_2
48022,19864,FUN_4,FUN_3
48046,17322,CUBE_L,FUN_1
48046,22770,FUN_3,FUN_4
48050,7955,FUN_1,FUN_2
48068,6180,FUN_2,FUN_3
48068,16488,RET,CUBE_R
48073,13804,FUN_1,CUBE_L
48077,21674,FUN_2,FUN_3
48079,13014,CUBE_L,FUN_1
48088,2967,CUBE_R,RET
48102,7017,FUN_3,FUN_4
48102,22404,FUN_3,FUN_2
48114,26543,FUN_1,FUN_2
48124,9751,FUN_1,FUN_2
48142,13305,FUN_3,FUN_2
48142,25703,CUBE_L,RET
48143,17863,FUN_4,FUN_5
48146,15670,FUN_4,FUN_3
48160,13244,FUN_6,FUN_5
48168,21142,FUN_2,FUN_3
48177,4986,FUN_4,FUN_3
48180,3028,CUBE_R,RET
48183,15601,FUN_3,FUN_4
48189,11063,RET,CUBE_R
48191,18884,FUN_2,FUN_3
48195,16218,FUN_2,FUN_1
48201,17704,FUN_4,FUN_5
48206,775,FUN_2,FUN_1
48222,20,CUBE_L,RET
48228,28670,CUBE_R,RET
48237,5629,FUN_1,FUN_2
48245,2064,FUN_3,FUN_2
48245,3644,FUN_2,FUN_3
48248,21484,RET,CUBE_R
48253,24152,FUN_4,FUN_5
48262,13036,RET,CUBE_R
48282,1291,FUN_6,FUN_5
48284,17863,FUN_5,FUN_4
48286,3811,FUN_3,FUN_4
48289,17508,FUN_1,FUN_2
48312,15834,RET,CUBE_R
48316,17441,FUN_2,FUN_1
48337,19200,FUN_3,FUN_2
48345,6387,CUBE_R,RET
48353,13464,FUN_4,FUN_5
48379,19234,FUN_4,FUN_3
48382,19344,CUBE_L,RET
48385,22224,FUN_2,FUN_3
48411,17970,RET,CUBE_R
48420,3618,FUN_5,FUN_4
48421,20025,FUN_3,FUN_4
48438,21211,FUN_2,FUN_1
48453,21034,FUN_3,FUN_2
48476,21929,FUN_1,FUN_2
48500,3530,FUN_2,FUN_3
48527,15500,FUN_3,FUN_2
48530,26079,FUN_4,FUN_3
48531,2923,RET,CUBE_L
48531,21011,FUN_3,FUN_2
48536,22037,FUN_1,CUBE_L
48544,17322,FUN_1,CUBE_L
48545,2331,FUN_3,FUN_4
48547,19957,FUN_2,FUN_3
48550,3158,FUN_2,FUN_1
48556,27682,FUN_3,FUN_2
48588,21929,FUN_2,FUN_1
48597,10862,FUN_2,FUN_3
48615,26320,FUN_1,FUN_2
48619,5760,RET,CUBE_R
48627,27156,FUN_1,FUN_2
48639,25797,FUN_2,FUN_3
48643,21897,FUN_2,FUN_1
48649,17441,FUN_1,FUN_2
48663,29154,FUN_4,FUN_3
48672,13871,CUBE_R,RET
48673,12889,CUBE_R,RET
48675,26480,CUBE_R,FUN_6
48683,1854,FUN_1,CUBE_L
48693,1064,FUN_2,FUN_3
48700,2211,FUN_1,FUN_2
48709,24706,RET,CUBE_R
48725,2037,FUN_6,CUBE_R
48726,19367,FUN_5,FUN_6
48733,13055,RET,CUBE_R
48738,4796,FUN_2,FUN_1
48740,8048,FUN_6,FUN_5
48742,6477,FUN_6,FUN_5
48742,24345,FUN_1,FUN_2
48756,23341,FUN_4,FUN_3
48775,9623,FUN_3,FUN_4
48778,12172,CUBE_R,FUN_6
48786,15771,FUN_2,FUN_1
48792,6191,FUN_2,FUN_3
48792,9456,FUN_4,FUN_5
48797,544,CUBE_R,RET
48805,28083,FUN_4,FUN_3
48808,19525,RET,CUBE_R
48810,7565,FUN_3,FUN_2
48823,6626,FUN_3,FUN_2
48829,3937,FUN_2,FUN_1
48829,8992,FUN_4,FUN_3
48833,9456,FUN_5,FUN_4
48843,17441,FUN_2,FUN_1
48845,21211,FUN_1,FUN_2
48857,16075,FUN_2,FUN_3
48858,22770,FUN_4,FUN_3
48860,3592,FUN_5,FUN_4
48875,16583,FUN_3,FUN_4
48886,10129,FUN_3,FUN_2
48901,14068,FUN_5,FUN_4
48902,6993,FUN_3,FUN_2
48902,9869,FUN_3,FUN_2
48909,4425,FUN_2,FUN_3
48932,14393,FUN_3,FUN_2
48935,29111,FUN_4,FUN_3
48937,27682,FUN_2,FUN_3
48946,29674,CUBE_R,RET
48964,13183,CUBE_R,RET
48968,10824,FUN_5,FUN_6
48971,5210,FUN_1,FUN_2
48983,29024,CUBE_R,RET
48992,4644,FUN_3,FUN_2
49010,4072,FUN_1,CUBE_L
49020,3767,FUN_2,FUN_1
49023,25224,FUN_4,FUN_5
49054,14990,FUN_2,FUN_3
49088,28675,FUN_5,FUN_4
49099,21736,FUN_2,FUN_1
49101,20211,FUN_6,FUN_5
49104,9456,FUN_4,FUN_5
49121,21929,FUN_1,FUN_2
49144,29952,FUN_1,FUN_2
49157,10346,FUN_2,FUN_3
49157,14472,RET,CUBE_L
49157,24152,FUN_5,FUN_4
49165,6810,FUN_2,FUN_3
49167,6387,RET,CUBE_R
49169,5334,CUBE_R,RET
49173,8877,CUBE_R,RET
49179,18066,FUN_2,FUN_3
49180,15424,FUN_5,FUN_4
49187,1470,FUN_2,FUN_1
49192,26414,FUN_5,FUN_6
49194,27255,FUN_4,FUN_3
49196,28678,FUN_2,FUN_3
49203,6691,FUN_2,FUN_1
49225,1493,CUBE_L,RET
49233,7912,FUN_2,FUN_1
49245,1314,FUN_1,FUN_2
49266,6487,FUN_3,FUN_2
49270,26083,FUN_6,CUBE_R
49272,16891,RET,CUBE_L
49276,11063,CUBE_R,RET
49279,25711,FUN_2,FUN_3
49282,28412,FUN_4,FUN_5
49283,16436,CUBE_R,FUN_6
49299,17704,FUN_5,FUN_4
49305,3950,FUN_1,FUN_2
49339,28572,FUN_6,CUBE_R
49363,16648,FUN_6,CUBE_R
49370,25703,RET,CUBE_L
49376,26543,FUN_2,FUN_1
49380,7826,FUN_1,FUN_2
49395,1017,FUN_2,FUN_1
49407,7248,CUBE_L,RET
49417,7484,FUN_1,FUN_2
49423,26349,FUN_1,FUN_2
49426,28204,FUN_3,FUN_2
49450,11503,FUN_2,FUN_1
49458,4359,RET,CUBE_R
49466,15834,CUBE_R,RET
49470,10375,FUN_2,FUN_3
49470,17322,CUBE_L,FUN_1
49475,22602,FUN_4,FUN_5
49488,16075,FUN_3,FUN_2
49489,22404,FUN_2,FUN_3
49499,1000,FUN_3,FUN_2
49509,18223,RET,CUBE_R
49514,9746,FUN_4,FUN_3
49518,4642,CUBE_L,FUN_1
49518,24751,FUN_6,CUBE_R
49523,28670,RET,CUBE_R
49524,24216,CUBE_R,RET
49524,27640,FUN_4,FUN_3
49545,5334,RET,CUBE_R
49551,13455,FUN_2,FUN_3
49565,16193,FUN_2,FUN_3
49567,28998,FUN_3,FUN_2
49568,4336,CUBE_R,RET
49573,11784,FUN_3,FUN_2
49588,29524,FUN_2,FUN_3
49616,372,FUN_5,FUN_4
49620,4336,RET,CUBE_R
49626,18965,FUN_3,FUN_2
49630,18050,FUN_1,FUN_2
49636,24949,FUN_2,FUN_1
49646,4633,FUN_3,FUN_4
49662,7349,FUN_4,FUN_3
49666,5886,FUN_5,FUN_4
49677,1493,RET,CUBE_L
49677,28496,FUN_2,FUN_3
49678,12172,FUN_6,CUBE_R
49690,16075,FUN_2,FUN_3
49691,26779,CUBE_L,RET
49700,24140,FUN_2,FUN_3
49703,2724,FUN_2,FUN_3
49718,28278,FUN_6,CUBE_R
49719,19686,FUN_5,FUN_6
49735,27971,FUN_3,FUN_2
49743,27284,FUN_4,FUN_3
49766,25872,FUN_3,FUN_2
49770,10735,FUN_3,FUN_2
49771,15771,FUN_1,FUN_2
49772,12195,FUN_4,FUN_3
49788,28845,FUN_4,FUN_3
49800,27572,FUN_3,FUN_2
49807,24290,FUN_1,FUN_2
49807,26423,RET,CUBE_L
49818,3906,FUN_3,FUN_4
49824,16075,FUN_3,FUN_2
49830,28300,FUN_2,FUN_1
49865,9631,FUN_5,FUN_6
49883,4336,CUBE_R,RET
49918,754,FUN_2,FUN_1
49931,24333,RET,CUBE_R
49972,14481,FUN_3,FUN_2
49982,4542,FUN_2,FUN_1
50003,21142,FUN_3,FUN_2
50007,26520,FUN_4,FUN_3
50012,19234,FUN_3,FUN_4
50013,27971,FUN_2,FUN_3
50014,18878,FUN_4,FUN_5
50016,24313,FUN_2,FUN_3
50023,29144,FUN_1,FUN_2
50023,29455,FUN_2,FUN_1
50037,7484,FUN_2,FUN_1
50039,19924,FUN_2,FUN_1
50058,3618,FUN_4,FUN_5
50063,3644,FUN_3,FUN_2
50066,2184,CUBE_R,FUN_6
50082,4124,FUN_3,FUN_2
50086,15771,FUN_2,FUN_1
50103,4022,RET,CUBE_R
50121,5690,FUN_1,FUN_2
50133,396,FUN_3,FUN_2
50151,27343,FUN_1,FUN_2
50177,2146,RET,CUBE_L
50202,2004,FUN_2,FUN_3
50220,25291,FUN_3,FUN_2
50220,28349,FUN_5,FUN_4
50248,21066,CUBE_R,RET
50250,4036,FUN_3,FUN_2
50261,24653,FUN_4,FUN_5
50278,4022,CUBE_R,RET
50283,544,RET,CUBE_R
50286,6993,FUN_2,FUN_3
50302,238,FUN_4,FUN_3
50308,21766,FUN_4,FUN_5
50312,18050,FUN_2,FUN_1
50321,4563,FUN_3,FUN_4
50331,18083,CUBE_L,RET
50377,9834,FUN_3,FUN_4
50378,21034,FUN_2,FUN_3
50380,29304,FUN_1,FUN_2
50391,4447,FUN_2,FUN_1
50402,6264,FUN_4,FUN_3
50414,24463,FUN_3,FUN_2
50415,14532,FUN_3,FUN_2
50420,15705,FUN_2,FUN_3
50429,10623,FUN_3,FUN_2
50430,21896,FUN_2,FUN_3
50441,19847,FUN_3,FUN_2
50445,2578,FUN_2,FUN_3
50464,9246,RET,CUBE_L
50475,17863,FUN_4,FUN_5
50481,15464,FUN_2,FUN_1
50503,6264,FUN_3,FUN_4
50504,28218,FUN_3,FUN_4
50505,5877,FUN_3,FUN_2
50519,11784,FUN_2,FUN_3
50529,372,FUN_4,FUN_5
50530,29455,FUN_1,FUN_2
50539,9746,FUN_3,FUN_4
50540,27837,CUBE_R,RET
50543,28300,FUN_1,FUN_2
50544,10088,FUN_3,FUN_2
50551,27255,FUN_3,FUN_4
50567,15051,FUN_3,FUN_4
50590,7484,FUN_1,FUN_2
50595,22720,FUN_3,FUN_4
50609,2347,FUN_2,FUN_1
50620,14393,FUN_2,FUN_3
50637,1854,CUBE_L,FUN_1
50645,3410,CUBE_R,RET
50647,5886,FUN_4,FUN_5
50653,1162,FUN_2,FUN_3
50660,20197,FUN_3,FUN_2
50691,3569,RET,CUBE_R
50693,4425,FUN_3,FUN_2
50706,27930,FUN_4,FUN_3
50718,27156,FUN_2,FUN_1
50738,27952,FUN_2,FUN_3
50739,18813,FUN_2,FUN_1
50741,513,FUN_3,FUN_2
50749,506,FUN_6,CUBE_R
50750,4251,FUN_3,FUN_4
50764,17609,FUN_2,FUN_3
50778,22880,FUN_6,FUN_5
50813,9915,FUN_3,FUN_4
50824,4067,FUN_3,FUN_2
50844,10510,FUN_4,FUN_5
50858,6387,CUBE_R,RET
50859,17208,FUN_1,FUN_2
50859,27105,FUN_2,FUN_3
50867,25797,FUN_3,FUN_2
50871,11019,RET,CUBE_L
50883,24709,FUN_6,CUBE_R
50892,25703,CUBE_L,RET
50901,281,FUN_2,FUN_3
50908,11551,FUN_1,FUN_2
50910,22712,FUN_1,FUN_2
50917,2275,FUN_2,FUN_3
50936,14383,FUN_6,CUBE_R
50945,29967,FUN_2,FUN_3
50955,21361,FUN_5,FUN_4
50978,17340,FUN_2,FUN_3
50978,21897,FUN_1,FUN_2
50979,13055,CUBE_R,RET
50982,19200,FUN_2,FUN_3
50984,27675,FUN_3,FUN_2
50985,21627,FUN_3,FUN_2
51004,13559,RET,CUBE_L
51007,20361,FUN_3,FUN_2
51022,14859,CUBE_R,FUN_6
51035,4408,FUN_3,FUN_2
51053,26133,FUN_5,FUN_4
51063,8992,FUN_3,FUN_4
51077,28640,FUN_3,FUN_2
51090,9014,FUN_1,CUBE_L
51110,22147,CUBE_L,RET
51114,24152,FUN_4,FUN_5
51120,13542,RET,CUBE_L
51124,29265,RET,CUBE_L
51128,4408,FUN_2,FUN_3
51132,8992,FUN_4,FUN_3
51132,14859,FUN_6,CUBE_R
51132,26348,FUN_3,FUN_4
51190,5358,CUBE_R,RET
51207,2020,FUN_6,CUBE_R
51210,4408,FUN_3,FUN_2
51222,4349,FUN_6,FUN_5
51223,5760,CUBE_R,RET
51224,7826,FUN_2,FUN_1
51231,2005,FUN_3,FUN_2
51256,4542,FUN_1,FUN_2
51278,775,FUN_1,FUN_2
51282,15663,RET,CUBE_L
51297,17441,FUN_1,FUN_2
51314,29492,FUN_2,FUN_3
51318,4305,FUN_6,CUBE_R
51322,21766,FUN_5,FUN_4
51323,4563,FUN_4,FUN_3
51334,8588,RET,CUBE_L
51356,24152,FUN_5,FUN_4
51377,26543,FUN_1,FUN_2
51379,7248,RET,CUBE_L
51396,8378,FUN_5,FUN_4
51409,21142,FUN_2,FUN_3
51410,26921,FUN_2,FUN_1
51415,4234,FUN_4,FUN_3
51441,10614,FUN_1,FUN_2
51443,14027,FUN_5,FUN_6
51452,6810,FUN_3,FUN_2
51458,775,FUN_2,FUN_1
51459,26022,FUN_2,FUN_3
51493,281,FUN_3,FUN_2
51493,18046,RET,CUBE_R
51496,14393,FUN_3,FUN_2
51509,14027,FUN_6,FUN_5
51510,1162,FUN_3,FUN_2
51512,21110,FUN_1,FUN_2
51527,17517,FUN_3,FUN_2
51538,14027,FUN_5,FUN_6
51549,11732,FUN_4,FUN_5
51554,5434,FUN_1,FUN_2
51560,19376,CUBE_L,RET
51562,18050,FUN_1,FUN_2
51564,21017,FUN_4,FUN_3
51575,21766,FUN_4,FUN_5
51580,3569,CUBE_R,RET
51597,29117,FUN_1,FUN_2
51618,11551,FUN_2,FUN_1
51624,12803,FUN_2,FUN_1
51634,25872,FUN_2,FUN_3
51643,21627,FUN_2,FUN_3
51662,20445,FUN_1,FUN_2
51673,14027,FUN_6,FUN_5
51680,24405,FUN_4,FUN_3
51685,20535,FUN_1,FUN_2
51688,9772,RET,CUBE_R
51688,26180,FUN_2,FUN_1
51699,26022,FUN_3,FUN_2
51714,21034,FUN_3,FUN_2
51719,14027,FUN_5,FUN_6
51748,11386,FUN_3,FUN_4
51762,7565,FUN_2,FUN_3
51764,11732,FUN_5,FUN_4
51801,1701,FUN_1,FUN_2
51804,10561,FUN_3,FUN_4
51810,480,FUN_4,FUN_3
51827,21897,FUN_2,FUN_1
51828,12012,RET,CUBE_R
51860,11195,FUN_1,FUN_2
51863,3569,RET,CUBE_R
51864,23513,FUN_4,FUN_3
51864,28856,FUN_4,FUN_3
51868,22602,FUN_5,FUN_4
51894,28281,FUN_3,FUN_2
51895,10088,FUN_2,FUN_3
51906,19144,FUN_3,FUN_4
51913,23755,FUN_5,FUN_4
51920,24405,FUN_3,FUN_4
51930,28083,FUN_3,FUN_4
51934,1654,FUN_3,FUN_4
51946,875,CUBE_R,RET
51953,1171,FUN_5,FUN_6
51977,25797,FUN_2,FUN_3
51994,3767,FUN_1,FUN_2
52010,775,FUN_1,FUN_2
52022,24521,FUN_3,FUN_4
52042,9869,FUN_2,FUN_3
52049,5819,FUN_2,FUN_1
52070,6085,FUN_1,FUN_2
52072,26022,FUN_2,FUN_3
52079,6691,FUN_1,FUN_2
52080,19390,FUN_2,FUN_3
52089,21481,FUN_3,FUN_2
52092,24333,CUBE_R,RET
52104,1821,FUN_4,FUN_5
52106,2496,FUN_3,FUN_4
52107,14395,FUN_2,FUN_3
52121,21017,FUN_3,FUN_4
52136,24140,FUN_3,FUN_2
52142,28204,FUN_2,FUN_3
52162,10129,FUN_2,FUN_3
52178,27557,FUN_1,FUN_2
52182,17548,FUN_2,FUN_3
52191,1017,FUN_1,FUN_2
52197,18658,FUN_3,FUN_4
52200,9676,FUN_5,FUN_4
52266,1162,FUN_2,FUN_3
52266,5434,FUN_2,FUN_1
52267,26085,FUN_3,FUN_2
52272,19290,FUN_1,FUN_2
52277,513,FUN_2,FUN_3
52280,24653,FUN_5,FUN_4
52287,7826,FUN_1,FUN_2
52289,1064,FUN_3,FUN_2
52289,2347,FUN_1,FUN_2
52296,25703,RET,CUBE_L
52301,8992,FUN_3,FUN_4
52308,8740,RET,CUBE_R
52327,15409,CUBE_R,RET
52331,6659,RET,CUBE_L
52341,28636,FUN_1,FUN_2
52354,14026,FUN_2,FUN_1
52361,24275,FUN_3,FUN_2
52373,6691,FUN_2,FUN_1
52373,18669,CUBE_R,FUN_6
52394,754,FUN_1,FUN_2
52395,4644,FUN_2,FUN_3
52405,4124,FUN_2,FUN_3
52410,17609,FUN_3,FUN_2
52416,16061,FUN_3,FUN_4
52438,6487,FUN_2,FUN_3
52442,12386,FUN_2,FUN_1
52446,4447,FUN_1,FUN_2
52472,4563,FUN_3,FUN_4
52476,24333,RET,CUBE_R
52481,10929,FUN_3,FUN_2
52484,4349,FUN_5,FUN_6
52488,11784,FUN_3,FUN_2
52488,19922,FUN_3,FUN_2
52508,5074,FUN_5,FUN_6
52521,9888,RET,CUBE_L
52531,28278,CUBE_R,FUN_6
52534,5898,CUBE_R,FUN_6
52536,16436,FUN_6,CUBE_R
52568,29560,FUN_3,FUN_2
52575,8521,FUN_2,FUN_3
52612,9060,FUN_5,FUN_6
52630,8434,FUN_3,FUN_2
52633,21838,FUN_1,FUN_2
52652,3767,FUN_2,FUN_1
52666,3307,CUBE_L,RET
52677,13464,FUN_5,FUN_4
52678,20233,FUN_3,FUN_2
52689,7547,CUBE_R,FUN_6
52695,25797,FUN_3,FUN_2
52703,3906,FUN_4,FUN_3
52743,2315,FUN_6,FUN_5
52746,29674,RET,CUBE_R
52759,16439,FUN_2,FUN_3
52767,14393,FUN_2,FUN_3
52768,22107,CUBE_L,RET
52813,1129,RET,CUBE_R
52820,28193,RET,CUBE_L
52866,4359,CUBE_R,RET
52872,28204,FUN_3,FUN_2
52876,27982,FUN_3,FUN_4
52900,2275,FUN_3,FUN_2
52902,22602,FUN_4,FUN_5
52903,13305,FUN_2,FUN_3
52905,4774,FUN_4,FUN_5
52934,16390,RET,CUBE_R
52942,24521,FUN_4,FUN_3
52948,7806,FUN_2,FUN_3
52955,22498,CUBE_L,RET
52956,754,FUN_2,FUN_1
52959,22797,FUN_2,FUN_3
52965,8078,FUN_2,FUN_3
52979,26423,CUBE_L,RET
52982,10623,FUN_2,FUN_3
53025,4425,FUN_2,FUN_3
53039,12386,FUN_1,FUN_2
53048,28856,FUN_3,FUN_4
53049,8078,FUN_3,FUN_2
53055,9915,FUN_4,FUN_3
53058,16301,FUN_2,FUN_3
53061,5210,FUN_2,FUN_1
53064,7631,FUN_3,FUN_4
53072,6596,RET,CUBE_L
53081,2020,CUBE_R,FUN_6
53091,4036,FUN_2,FUN_3
53093,8877,RET,CUBE_R
53116,20552,FUN_2,FUN_3
53122,20233,FUN_2,FUN_3
53141,10895,FUN_2,FUN_1
53145,506,CUBE_R,FUN_6
53151,4723,FUN_1,FUN_2
53158,18591,FUN_2,FUN_3
53160,1865,FUN_1,CUBE_L
53173,19521,CUBE_L,RET
53175,19521,RET,CUBE_L
53189,16218,FUN_1,FUN_2
53197,23513,FUN_3,FUN_4
53200,22797,FUN_3,FUN_2
53201,11503,FUN_1,FUN_2
53203,18221,CUBE_R,RET
53209,19376,RET,CUBE_L
53219,19031,CUBE_L,RET
53256,966,CUBE_R,RET
53264,13464,FUN_4,FUN_5
53272,23587,FUN_2,FUN_1
53275,6150,FUN_3,FUN_2
53292,28281,FUN_2,FUN_3
53327,26180,FUN_1,FUN_2
53331,17080,FUN_2,FUN_3
53335,3210,FUN_5,FUN_4
53337,28549,CUBE_L,RET
53360,11019,CUBE_L,RET
53363,203,FUN_6,CUBE_R
53364,9390,FUN_2,FUN_1
53377,754,FUN_1,FUN_2
53377,15095,FUN_2,FUN_1
53390,26543,FUN_2,FUN_1
53418,22076,CUBE_R,FUN_6
53423,18965,FUN_2,FUN_3
53425,8567,CUBE_R,FUN_6
53442,29555,FUN_3,FUN_2
53447,2005,FUN_2,FUN_3
53450,19200,FUN_3,FUN_2
53460,29757,FUN_1,FUN_2
53464,5915,FUN_5,FUN_4
53469,1461,FUN_2,FUN_3
53470,8485,CUBE_R,RET
53499,13613,FUN_2,FUN_3
53502,14195,CUBE_L,FUN_1
53545,4045,FUN_2,FUN_3
53558,15212,FUN_2,FUN_1
53579,12211,FUN_6,FUN_5
53581,15212,FUN_1,FUN_2
53583,12803,FUN_1,FUN_2
53590,13183,RET,CUBE_R
53593,25703,CUBE_L,RET
53597,7690,FUN_5,FUN_6
53613,4124,FUN_3,FUN_2
53621,14383,CUBE_R,FUN_6
53625,15051,FUN_4,FUN_3
53653,22076,FUN_6,CUBE_R
53659,8740,CUBE_R,RET
53665,18878,FUN_5,FUN_4
53672,12608,FUN_2,FUN_3
53677,16436,CUBE_R,FUN_6
53717,22302,FUN_2,FUN_1
53738,7690,FUN_6,FUN_5
53750,27682,FUN_3,FUN_2
53754,24405,FUN_4,FUN_3
53755,29422,CUBE_R,FUN_6
53763,26069,FUN_2,FUN_3
53764,17586,CUBE_R,RET
53765,10438,FUN_4,FUN_3
53800,5434,FUN_1,FUN_2
53802,2496,FUN_4,FUN_3
53814,23341,FUN_3,FUN_4
53815,3028,RET,CUBE_R
53834,11581,CUBE_L,FUN_1
53839,25703,RET,CUBE_L
53840,26110,FUN_3,FUN_2
53850,21527,FUN_6,CUBE_R
53856,12281,FUN_3,FUN_4
53858,12312,FUN_5,FUN_4
53858,19924,FUN_1,FUN_2
53881,7235,FUN_3,FUN_2
53884,26952,CUBE_R,RET
53890,25325,FUN_2,FUN_1
53893,28845,FUN_3,FUN_4
53895,8713,CUBE_R,RET
53906,16974,FUN_4,FUN_3
53925,25797,FUN_2,FUN_3
53943,29345,FUN_4,FUN_5
53944,19521,CUBE_L,RET
53959,5434,FUN_2,FUN_1
53963,25703,CUBE_L,RET
53969,754,FUN_2,FUN_1
53975,27982,FUN_4,FUN_3
53985,16144,RET,CUBE_R
53994,15771,FUN_1,FUN_2
53998,16436,FUN_6,CUBE_R
54000,5078,FUN_6,CUBE_R
54005,9915,FUN_3,FUN_4
54017,21897,FUN_1,FUN_2
54020,5434,FUN_1,FUN_2
54030,28507,FUN_2,FUN_3
54033,25703,RET,CUBE_L
54035,12970,FUN_6,CUBE_R
54040,7499,FUN_1,FUN_2
54074,26085,FUN_2,FUN_3
54090,9642,FUN_3,FUN_4
54091,22602,FUN_5,FUN_4
54101,19039,FUN_3,FUN_4
54103,19200,FUN_2,FUN_3
54104,22280,FUN_1,FUN_2
54115,19713,FUN_2,FUN_1
54134,11978,FUN_3,FUN_2
54134,17530,FUN_3,FUN_2
54137,17517,FUN_2,FUN_3
54138,22404,FUN_3,FUN_2
54150,10438,FUN_3,FUN_4
54159,29345,FUN_5,FUN_4
54180,2854,CUBE_R,FUN_6
54202,28549,RET,CUBE_L
54205,754,FUN_1,FUN_2
54210,15771,FUN_2,FUN_1
54211,13464,FUN_5,FUN_4
54211,22404,FUN_2,FUN_3
54223,14532,FUN_2,FUN_3
54237,5566,FUN_3,FUN_2
54239,9733,FUN_3,FUN_2
54243,13986,FUN_1,FUN_2
54246,21484,CUBE_R,RET
54253,8078,FUN_2,FUN_3
54296,8302,CUBE_R,FUN_6
54297,6264,FUN_4,FUN_3
54326,22104,FUN_6,CUBE_R
54335,23587,FUN_1,FUN_2
54355,28281,FUN_3,FUN_2
54367,12012,CUBE_R,RET
54367,18221,RET,CUBE_R
54368,10382,CUBE_L,FUN_1
54383,5915,FUN_4,FUN_5
54384,18965,FUN_3,FUN_2
54410,1017,FUN_2,FUN_1
54424,1588,FUN_1,FUN_2
54436,22147,RET,CUBE_L
54439,3583,FUN_2,FUN_1
54447,4570,RET,CUBE_L
54464,3118,FUN_2,FUN_3
54469,4234,FUN_3,FUN_4
54471,7655,FUN_1,FUN_2
54475,16613,FUN_6,CUBE_R
54488,25325,FUN_1,FUN_2
54518,13253,FUN_2,FUN_1
54519,6691,FUN_1,FUN_2
54540,24290,FUN_2,FUN_1
54543,17586,RET,CUBE_R
54557,19234,FUN_4,FUN_3
54560,18214,FUN_2,FUN_3
54561,16645,CUBE_L,FUN_1
54567,29614,FUN_6,FUN_5
54574,7655,FUN_2,FUN_1
54583,7017,FUN_4,FUN_3
54591,21074,FUN_5,FUN_6
54613,24105,CUBE_L,RET
54616,24313,FUN_3,FUN_2
54631,1092,FUN_1,FUN_2
54634,3058,CUBE_R,FUN_6
54642,18658,FUN_4,FUN_3
54644,21507,FUN_4,FUN_3
54652,15528,CUBE_R,RET
54656,15814,FUN_1,FUN_2
54696,22775,FUN_2,FUN_3
54704,14720,FUN_3,FUN_2
54713,1092,FUN_2,FUN_1
54717,24041,CUBE_L,FUN_1
54723,24216,RET,CUBE_R
54724,28825,FUN_1,FUN_2
54741,12471,FUN_4,FUN_3
54759,27982,FUN_3,FUN_4
54761,14852,FUN_2,FUN_3
54769,11737,FUN_3,FUN_2
54774,8535,CUBE_L,RET
54778,20773,FUN_2,FUN_3
54785,27572,FUN_2,FUN_3
54824,27721,FUN_3,FUN_4
54829,7017,FUN_3,FUN_4
54863,19989,CUBE_L,FUN_1
54875,26111,FUN_2,FUN_3
54876,26499,FUN_2,FUN_1
54878,10704,FUN_5,FUN_6
54903,19848,FUN_2,FUN_3
54910,23264,CUBE_R,FUN_6
54951,2226,CUBE_R,RET
54956,2716,FUN_2,FUN_1
54962,16187,FUN_3,FUN_2
54969,26498,FUN_2,FUN_1
54973,10282,FUN_3,FUN_4
54987,6026,FUN_6,CUBE_R
54987,12471,FUN_3,FUN_4
54996,15095,FUN_1,FUN_2
54997,14395,FUN_3,FUN_2
55012,24140,FUN_2,FUN_3
55013,17586,CUBE_R,RET
55017,22706,FUN_4,FUN_3
55024,27675,FUN_2,FUN_3
55042,21766,FUN_5,FUN_4
55042,22143,FUN_5,FUN_4
55045,10753,CUBE_R,FUN_6
55046,2636,FUN_6,CUBE_R
55050,7690,FUN_5,FUN_6
55050,21132,FUN_3,FUN_2
55057,19312,FUN_5,FUN_4
55067,24751,CUBE_R,FUN_6
55069,13143,FUN_4,FUN_3
55075,17441,FUN_2,FUN_1
55078,22775,FUN_3,FUN_2
55093,5165,RET,CUBE_R
55098,19234,FUN_3,FUN_4
55118,7241,CUBE_R,FUN_6
55119,17584,FUN_3,FUN_2
55123,2636,CUBE_R,FUN_6
55126,28218,FUN_4,FUN_3
55140,26520,FUN_3,FUN_4
55145,29212,RET,CUBE_R
55153,20197,FUN_2,FUN_3
55156,5898,FUN_6,CUBE_R
55170,25691,FUN_2,FUN_3
55178,15409,RET,CUBE_R
55183,506,FUN_6,CUBE_R
55188,3644,FUN_2,FUN_3
55222,13031,FUN_2,FUN_1
55257,7235,FUN_2,FUN_3
55269,9425,FUN_2,FUN_3
55277,14241,FUN_2,FUN_1
55286,26551,FUN_3,FUN_2
55296,16613,CUBE_R,FUN_6
55296,21517,FUN_4,FUN_5
55300,875,RET,CUBE_R
55319,27459,FUN_1,FUN_2
55321,8131,FUN_3,FUN_2
55324,24354,FUN_4,FUN_5
55325,12195,FUN_3,FUN_4
55325,13736,FUN_2,FUN_3
55325,19661,FUN_2,FUN_3
55330,10234,FUN_2,FUN_1
55337,28678,FUN_3,FUN_2
55339,2226,RET,CUBE_R
55346,13675,FUN_4,FUN_5
55350,20333,FUN_1,FUN_2
55369,23592,CUBE_R,RET
55384,10382,FUN_1,CUBE_L
55399,27982,FUN_4,FUN_3
55427,20041,FUN_2,FUN_1
55427,28218,FUN_3,FUN_4
55429,23937,FUN_3,FUN_2
55429,29097,FUN_3,FUN_2
55443,22894,CUBE_L,RET
55457,1353,CUBE_L,RET
55477,27982,FUN_3,FUN_4
55480,4067,FUN_2,FUN_3
55483,28919,FUN_1,FUN_2
55499,3618,FUN_5,FUN_4
55503,7655,FUN_1,FUN_2
55503,21838,FUN_2,FUN_1
55505,15269,FUN_5,FUN_4
55519,3495,FUN_2,FUN_3
55530,21838,FUN_1,FUN_2
55543,24140,FUN_3,FUN_2
55549,27982,FUN_4,FUN_3
55553,19039,FUN_4,FUN_3
55570,12213,FUN_2,FUN_1
55572,14301,FUN_1,FUN_2
55588,19989,FUN_1,CUBE_L
55590,14883,FUN_2,FUN_1
55599,1000,FUN_2,FUN_3
55609,1865,CUBE_L,FUN_1
55614,15601,FUN_4,FUN_3
55615,1129,CUBE_R,RET
55616,9425,FUN_3,FUN_2
55616,23457,FUN_5,FUN_4
55631,7267,FUN_2,FUN_1
55646,1064,FUN_2,FUN_3
55677,12195,FUN_4,FUN_3
55679,27982,FUN_3,FUN_4
55686,29546,FUN_4,FUN_5
55707,27682,FUN_2,FUN_3
55710,27156,FUN_1,FUN_2
55717,6093,FUN_3,FUN_2
55725,238,FUN_3,FUN_4
55728,21286,FUN_1,FUN_2
55749,627,FUN_4,FUN_5
55749,9294,RET,CUBE_L
55762,24105,RET,CUBE_L
55773,25703,CUBE_L,RET
55777,24216,CUBE_R,RET
55780,3158,FUN_1,FUN_2
55795,23264,FUN_6,CUBE_R
55797,3959,CUBE_L,RET
55798,19713,FUN_1,FUN_2
55808,3121,FUN_3,FUN_2
55817,7371,FUN_2,FUN_3
55827,8222,FUN_2,FUN_1
55846,6726,FUN_6,CUBE_R
55862,26133,FUN_4,FUN_5
55870,22346,CUBE_R,RET
55893,8350,FUN_3,FUN_2
55897,9430,FUN_1,FUN_2
55907,29757,FUN_2,FUN_1
55910,28845,FUN_4,FUN_3
55918,29212,CUBE_R,RET
55933,21838,FUN_2,FUN_1
55941,16128,FUN_5,FUN_6
55945,18965,FUN_2,FUN_3
55946,13911,CUBE_L,RET
55947,1470,FUN_1,FUN_2
55954,1017,FUN_1,FUN_2
55960,1588,FUN_2,FUN_1
55966,14026,FUN_1,FUN_2
55981,14532,FUN_3,FUN_2
55994,5434,FUN_2,FUN_1
56010,22104,CUBE_R,FUN_6
56039,29967,FUN_3,FUN_2
56048,22143,FUN_4,FUN_5
56048,22362,FUN_3,FUN_4
56054,4922,RET,CUBE_R
56065,9545,FUN_2,FUN_3
56101,5740,FUN_6,FUN_5
56106,2315,FUN_5,FUN_6
56110,6810,FUN_2,FUN_3
56127,19092,FUN_2,FUN_3
56146,15409,CUBE_R,RET
56153,21605,CUBE_L,FUN_1
56157,10,FUN_6,CUBE_R
56159,4684,FUN_4,FUN_5
56159,19312,FUN_4,FUN_5
56163,2275,FUN_2,FUN_3
56168,25797,FUN_3,FUN_2
56181,15530,FUN_2,FUN_3
56186,15771,FUN_1,FUN_2
56192,17610,CUBE_R,FUN_6
56192,20141,RET,CUBE_R
56196,825,FUN_2,FUN_1
56217,2315,FUN_6,FUN_5
56221,18221,CUBE_R,RET
56223,18298,FUN_4,FUN_3
56244,14351,FUN_4,FUN_5
56252,24617,FUN_2,FUN_3
56277,29492,FUN_3,FUN_2
56281,21838,FUN_1,FUN_2
56290,22302,FUN_1,FUN_2
56299,11737,FUN_2,FUN_3
56299,12213,FUN_1,FUN_2
56310,23596,FUN_2,FUN_1
56337,1017,FUN_2,FUN_1
56348,1491,FUN_4,FUN_3
56348,24105,CUBE_L,RET
56351,26981,FUN_1,FUN_2
56352,28783,FUN_3,FUN_4
56371,26795,FUN_3,FUN_2
56373,21100,FUN_5,FUN_4
56417,21034,FUN_2,FUN_3
56432,14395,FUN_2,FUN_3
56444,15662,FUN_4,FUN_3
56444,22498,RET,CUBE_L
56455,17609,FUN_2,FUN_3
56466,5582,FUN_3,FUN_4
56466,15530,FUN_3,FUN_2
56490,9425,FUN_2,FUN_3
56506,24487,RET,CUBE_L
56535,19039,FUN_3,FUN_4
56537,18907,RET,CUBE_R
56540,25200,FUN_3,FUN_4
56546,4110,FUN_3,FUN_2
56546,8864,FUN_3,FUN_4
56555,26085,FUN_3,FUN_2
56561,12386,FUN_2,FUN_1
56574,28998,FUN_2,FUN_3
56580,2455,FUN_4,FUN_3
56583,8407,CUBE_R,RET
56601,5767,FUN_2,FUN_1
56601,28218,FUN_4,FUN_3
56604,25797,FUN_2,FUN_3
56606,5073,CUBE_R,RET
56610,2275,FUN_3,FUN_2
56625,24313,FUN_2,FUN_3
56672,10272,FUN_4,FUN_3
56683,20773,FUN_3,FUN_2
56685,17517,FUN_3,FUN_2
56701,28412,FUN_5,FUN_4
56702,17609,FUN_3,FUN_2
56709,3495,FUN_3,FUN_2
56710,28845,FUN_3,FUN_4
56739,22489,FUN_6,CUBE_R
56741,8992,FUN_4,FUN_3
56746,6696,FUN_2,FUN_3
56752,6726,CUBE_R,FUN_6
56753,15027,FUN_1,FUN_2
56754,23264,CUBE_R,FUN_6
56761,3519,FUN_4,FUN_3
56779,8471,FUN_4,FUN_5
56819,18929,FUN_1,FUN_2
56828,12608,FUN_3,FUN_2
56846,10272,FUN_3,FUN_4
56862,10497,RET,CUBE_R
56868,14241,FUN_1,FUN_2
56874,10282,FUN_4,FUN_3
56899,16276,FUN_3,FUN_2
56924,27492,FUN_4,FUN_5
56929,5596,FUN_1,CUBE_L
56932,3767,FUN_1,FUN_2
56944,13949,FUN_3,FUN_2
56946,25797,FUN_3,FUN_2
56961,1491,FUN_3,FUN_4
56964,13031,FUN_1,FUN_2
56973,19924,FUN_2,FUN_1
56993,7565,FUN_3,FUN_2
57001,20894,FUN_1,CUBE_L
57019,2226,CUBE_R,RET
57029,29139,CUBE_R,FUN_6
57032,12386,FUN_1,FUN_2
57032,13351,FUN_3,FUN_4
57033,24718,FUN_6,CUBE_R
57039,8302,FUN_6,CUBE_R
57053,2064,FUN_2,FUN_3
57076,22880,FUN_5,FUN_6
57077,22203,FUN_3,FUN_2
57093,11019,RET,CUBE_L
57110,23128,FUN_3,FUN_2
57111,10623,FUN_3,FUN_2
57114,21011,FUN_2,FUN_3
57125,4896,FUN_2,FUN_1
57157,13726,CUBE_R,FUN_6
57158,5135,FUN_2,FUN_3
57164,203,CUBE_R,FUN_6
57170,16276,FUN_2,FUN_3
57189,10561,FUN_4,FUN_3
57225,9216,FUN_1,FUN_2
57235,966,RET,CUBE_R
57245,19855,FUN_4,FUN_5
57252,13941,FUN_3,FUN_2
57265,19200,FUN_3,FUN_2
57268,26920,FUN_3,FUN_2
57269,6160,FUN_4,FUN_5
57280,18383,FUN_3,FUN_2
57282,2225,CUBE_L,FUN_1
57284,14568,FUN_1,FUN_2
57337,19791,FUN_3,FUN_4
57338,18669,FUN_6,CUBE_R
57340,8749,FUN_4,FUN_3
57341,7655,FUN_2,FUN_1
57342,10272,FUN_4,FUN_3
57345,22573,FUN_3,FUN_4
57347,5819,FUN_1,FUN_2
57361,14532,FUN_2,FUN_3
57366,19092,FUN_3,FUN_2
57367,21605,FUN_1,CUBE_L
57368,8567,FUN_6,CUBE_R
57373,1129,RET,CUBE_R
57388,20040,FUN_2,FUN_1
57390,3241,CUBE_L,FUN_1
57392,10899,FUN_2,FUN_3
57412,3701,CUBE_R,RET
57413,13055,RET,CUBE_R
57443,24124,CUBE_L,RET
57455,24140,FUN_2,FUN_3
57463,8678,RET,CUBE_L
57463,9430,FUN_2,FUN_1
57466,28660,FUN_4,FUN_3
57496,13949,FUN_2,FUN_3
57498,24988,FUN_4,FUN_5
57501,7371,FUN_3,FUN_2
57513,23256,FUN_2,FUN_1
57537,21100,FUN_4,FUN_5
57549,2724,FUN_3,FUN_2
57555,8471,FUN_5,FUN_4
57555,12012,RET,CUBE_R
57557,1588,FUN_1,FUN_2
57577,3937,FUN_1,FUN_2
57583,27422,CUBE_L,RET
57589,26085,FUN_2,FUN_3
57590,10704,FUN_6,FUN_5
57605,10272,FUN_3,FUN_4
57606,28680,FUN_2,FUN_1
57607,5290,FUN_2,FUN_1
57613,7484,FUN_2,FUN_1
57618,4274,FUN_5,FUN_4
57621,10561,FUN_3,FUN_4
57624,18929,FUN_2,FUN_1
57642,6873,CUBE_R,RET
57647,28386,FUN_4,FUN_5
57683,22770,FUN_3,FUN_4
57684,5210,FUN_1,FUN_2
57706,27721,FUN_4,FUN_3
57726,1461,FUN_3,FUN_2
57726,22880,FUN_6,FUN_5
57735,14568,FUN_2,FUN_1
57737,20415,FUN_3,FUN_2
57741,19739,CUBE_L,RET
57744,9869,FUN_3,FUN_2
57745,1821,FUN_5,FUN_4
57769,17517,FUN_2,FUN_3
57773,17320,FUN_3,FUN_4
57790,7032,FUN_1,FUN_2
57825,26133,FUN_5,FUN_4
57828,25195,FUN_3,FUN_4
57841,17739,RET,CUBE_R
57851,2724,FUN_2,FUN_3
57862,24406,CUBE_R,RET
57881,13726,FUN_6,CUBE_R
57892,26185,FUN_2,FUN_1
57902,19090,FUN_2,FUN_3
57904,19376,CUBE_L,RET
57912,12213,FUN_2,FUN_1
57913,4124,FUN_2,FUN_3
57931,17225,FUN_3,FUN_4
57940,966,CUBE_R,RET
57942,26414,FUN_6,FUN_5
57946,10734,FUN_3,FUN_2
57954,21829,FUN_2,FUN_1
57973,28586,FUN_4,FUN_5
57982,26498,FUN_1,FUN_2
57985,13911,RET,CUBE_L
58008,14395,FUN_3,FUN_2
58023,22107,RET,CUBE_L
58062,20040,FUN_1,FUN_2
58064,24124,RET,CUBE_L
58066,19791,FUN_4,FUN_3
58068,24631,CUBE_R,FUN_6
58069,16613,FUN_6,CUBE_R
58076,7995,FUN_2,FUN_3
58102,22076,CUBE_R,FUN_6
58103,28951,FUN_5,FUN_6
58119,22935,FUN_4,FUN_3
58126,26417,FUN_2,FUN_3
58152,28412,FUN_4,FUN_5
58186,3959,RET,CUBE_L
58224,28412,FUN_5,FUN_4
58227,10497,CUBE_R,RET
58229,19312,FUN_5,FUN_4
58240,28412,FUN_4,FUN_5
58251,11500,FUN_2,FUN_1
58263,3495,FUN_2,FUN_3
58264,9216,FUN_2,FUN_1
58269,28412,FUN_5,FUN_4
58279,22880,FUN_5,FUN_6
58281,13245,FUN_4,FUN_3
58281,28281,FUN_2,FUN_3
58282,17763,FUN_2,FUN_1
58292,14395,FUN_2,FUN_3
58306,2049,FUN_2,FUN_3
58322,16205,FUN_2,FUN_3
58325,627,FUN_5,FUN_4
58338,3437,CUBE_R,RET
58352,9430,FUN_1,FUN_2
58355,2455,FUN_3,FUN_4
58370,19791,FUN_3,FUN_4
58374,5266,RET,CUBE_L
58374,7387,FUN_3,FUN_2
58380,10272,FUN_4,FUN_3
58387,3457,FUN_3,FUN_2
58399,21132,FUN_2,FUN_3
58401,203,FUN_6,CUBE_R
58413,14102,FUN_3,FUN_4
58437,10704,FUN_5,FUN_6
58439,6264,FUN_3,FUN_4
58450,10899,FUN_3,FUN_2
58452,4774,FUN_5,FUN_4
58453,11503,FUN_2,FUN_1
58454,28998,FUN_3,FUN_2
58474,9642,FUN_4,FUN_3
58481,13023,FUN_2,FUN_3
58504,6659,CUBE_L,RET
58523,29967,FUN_2,FUN_3
58525,25219,FUN_4,FUN_3
58530,26110,FUN_2,FUN_3
58535,23543,FUN_3,FUN_2
58565,29154,FUN_3,FUN_4
58568,17928,FUN_6,CUBE_R
58582,3241,FUN_1,CUBE_L
58594,29953,CUBE_L,FUN_1
58612,6264,FUN_4,FUN_3
58621,6944,FUN_1,FUN_2
58621,29196,CUBE_L,RET
58652,9430,FUN_2,FUN_1
58666,10282,FUN_3,FUN_4
58684,4219,FUN_3,FUN_2
58689,7068,FUN_2,FUN_1
58698,28218,FUN_3,FUN_4
58706,19661,FUN_3,FUN_2
58732,15771,FUN_2,FUN_1
58739,28412,FUN_4,FUN_5
58744,6726,FUN_6,CUBE_R
58748,25639,FUN_5,FUN_4
58757,21484,RET,CUBE_R
58814,23592,RET,CUBE_R
58827,26981,FUN_2,FUN_1
58828,4644,FUN_3,FUN_2
58828,7484,FUN_1,FUN_2
58836,7589,FUN_2,FUN_1
58852,4528,FUN_1,FUN_2
58855,10899,FUN_2,FUN_3
58861,24216,RET,CUBE_R
58863,28678,FUN_2,FUN_3
58880,17240,FUN_4,FUN_3
58882,14098,FUN_3,FUN_2
58890,4528,FUN_2,FUN_1
58893,2037,CUBE_R,FUN_6
58893,19312,FUN_4,FUN_5
58896,4528,FUN_1,FUN_2
58906,18851,FUN_2,FUN_3
58919,15161,RET,CUBE_L
58961,17586,RET,CUBE_R
58965,7334,CUBE_R,RET
58971,4528,FUN_2,FUN_1
58978,22481,FUN_5,FUN_6
58980,20040,FUN_2,FUN_1
58997,1470,FUN_2,FUN_1
59011,396,FUN_2,FUN_3
59013,15892,FUN_3,FUN_4
59015,14466,CUBE_R,RET
59016,14195,FUN_1,CUBE_L
59018,21829,FUN_1,FUN_2
59032,7017,FUN_4,FUN_3
59035,5582,FUN_4,FUN_3
59051,334,FUN_5,FUN_4
59068,3121,FUN_2,FUN_3
59077,24631,FUN_6,CUBE_R
59086,5266,CUBE_L,RET
59086,10623,FUN_2,FUN_3
59089,8434,FUN_2,FUN_3
59090,627,FUN_4,FUN_5
59091,9430,FUN_1,FUN_2
59101,13014,FUN_1,CUBE_L
59103,19092,FUN_2,FUN_3
59103,28694,FUN_1,FUN_2
59106,6797,RET,CUBE_L
59125,7589,FUN_1,FUN_2
59135,5675,FUN_1,FUN_2
59137,21100,FUN_5,FUN_4
59140,7474,FUN_1,FUN_2
59154,12702,FUN_3,FUN_2
59156,25235,FUN_2,FUN_3
59157,6691,FUN_2,FUN_1
59161,2049,FUN_3,FUN_2
59177,8779,FUN_5,FUN_6
59206,7326,FUN_1,FUN_2
59206,17584,FUN_2,FUN_3
59218,14568,FUN_1,FUN_2
59218,14720,FUN_2,FUN_3
59219,10899,FUN_3,FUN_2
59220,17610,FUN_6,CUBE_R
59220,25831,FUN_5,FUN_4
59243,9998,FUN_5,FUN_6
59245,4528,FUN_1,FUN_2
59252,29345,FUN_4,FUN_5
59259,9900,FUN_2,FUN_3
59264,27779,FUN_3,FUN_2
59285,13023,FUN_3,FUN_2
59285,26921,FUN_1,FUN_2
59302,5582,FUN_3,FUN_4
59319,12224,FUN_2,FUN_3
59339,15409,RET,CUBE_R
59348,4528,FUN_2,FUN_1
59350,4937,FUN_3,FUN_2
59360,5334,CUBE_R,RET
59364,27971,FUN_3,FUN_2
59386,5334,RET,CUBE_R
59408,1017,FUN_1,FUN_2
59409,8669,FUN_4,FUN_5
59418,142,FUN_3,FUN_2
59421,28998,FUN_2,FUN_3
59423,21481,FUN_2,FUN_3
59430,21100,FUN_4,FUN_5
59434,15892,FUN_4,FUN_3
59439,15569,FUN_4,FUN_5
59448,21705,FUN_3,FUN_2
59452,10088,FUN_3,FUN_2
59469,15947,FUN_5,FUN_4
59473,4568,FUN_2,FUN_3
59488,16718,FUN_2,FUN_3
59501,11019,CUBE_L,RET
59503,2184,FUN_6,CUBE_R
59508,20063,FUN_2,FUN_1
59527,396,FUN_3,FUN_2
59534,18929,FUN_1,FUN_2
59544,25627,FUN_3,FUN_2
59547,16273,FUN_4,FUN_3
59555,20894,CUBE_L,FUN_1
59556,5899,FUN_3,FUN_4
59560,18864,CUBE_L,FUN_1
59568,27610,FUN_4,FUN_3
59597,14098,FUN_2,FUN_3
59604,21225,FUN_5,FUN_6
59612,10899,FUN_2,FUN_3
59619,23820,FUN_2,FUN_3
59645,24405,FUN_3,FUN_4
59648,27090,RET,CUBE_R
59648,27481,FUN_2,FUN_1
59659,28694,FUN_2,FUN_1
59670,26981,FUN_1,FUN_2
59675,396,FUN_2,FUN_3
59679,22797,FUN_2,FUN_3
59687,16650,FUN_3,FUN_2
59689,17610,CUBE_R,FUN_6
59703,19367,FUN_6,FUN_5
59714,1725,FUN_1,FUN_2
59737,372,FUN_5,FUN_4
59742,27255,FUN_4,FUN_3
59743,13645,FUN_6,CUBE_R
59744,2466,FUN_2,FUN_1
59745,26110,FUN_3,FUN_2
59747,23596,FUN_1,FUN_2
59760,4274,FUN_4,FUN_5
59777,24788,FUN_3,FUN_4
59778,8525,FUN_2,FUN_3
59806,24290,FUN_1,FUN_2
59832,24751,FUN_6,CUBE_R
59836,3968,CUBE_R,FUN_6
59836,23596,FUN_2,FUN_1
59842,18221,RET,CUBE_R
59845,8471,FUN_4,FUN_5
59853,2466,FUN_1,FUN_2
59880,467,FUN_4,FUN_5
59880,506,CUBE_R,FUN_6
59910,26520,FUN_4,FUN_3
59915,7655,FUN_1,FUN_2
59916,15456,CUBE_R,RET
59927,22586,FUN_3,FUN_2
59960,28586,FUN_5,FUN_4
59963,27408,FUN_2,FUN_1
59972,29097,FUN_2,FUN_3
59977,17240,FUN_3,FUN_4
59978,17508,FUN_2,FUN_1
59979,19183,FUN_3,FUN_2
59987,15456,RET,CUBE_R
59987,20077,FUN_6,FUN_5
59988,8669,FUN_5,FUN_4
60023,2788,FUN_4,FUN_3
60023,28606,FUN_2,FUN_1
60025,23596,FUN_1,FUN_2
60032,372,FUN_4,FUN_5
60037,23587,FUN_2,FUN_1
60058,3241,CUBE_L,FUN_1
60068,6582,FUN_1,FUN_2
60078,12702,FUN_2,FUN_3
60080,14395,FUN_3,FUN_2
60116,6871,FUN_3,FUN_2
60132,10929,FUN_2,FUN_3
60153,25820,CUBE_L,RET
60155,506,FUN_6,CUBE_R
60160,20078,FUN_2,FUN_3
60163,8302,CUBE_R,FUN_6
60171,29757,FUN_1,FUN_2
60177,372,FUN_5,FUN_4
60178,18398,FUN_3,FUN_4
60203,26483,FUN_4,FUN_3
60204,20077,FUN_5,FUN_6
60208,2049,FUN_2,FUN_3
60228,22682,FUN_4,FUN_5
60244,24338,RET,CUBE_R
60245,23587,FUN_1,FUN_2
60252,13014,CUBE_L,FUN_1
60255,28412,FUN_5,FUN_4
60256,2184,CUBE_R,FUN_6
60269,10956,CUBE_R,FUN_6
60270,29097,FUN_3,FUN_2
60273,10438,FUN_4,FUN_3
60273,22797,FUN_3,FUN_2
60281,4528,FUN_1,FUN_2
60298,21100,FUN_5,FUN_4
60319,2003,FUN_5,FUN_6
60320,20523,CUBE_L,RET
60323,14195,CUBE_L,FUN_1
60331,18622,FUN_6,FUN_5
60332,9487,FUN_4,FUN_3
60339,2226,RET,CUBE_R
60340,3950,FUN_2,FUN_1
60347,6797,CUBE_L,RET
60361,1092,FUN_1,FUN_2
60362,25152,FUN_2,FUN_1
60362,28278,FUN_6,CUBE_R
60364,29956,FUN_3,FUN_4
60367,22203,FUN_2,FUN_3
60373,20308,FUN_2,FUN_1
60385,14027,FUN_6,FUN_5
60388,22586,FUN_2,FUN_3
60388,26110,FUN_2,FUN_3
60392,10614,FUN_2,FUN_1
60401,27682,FUN_3,FUN_2
60420,14283,FUN_5,FUN_4
60432,29028,FUN_3,FUN_2
60435,25219,FUN_3,FUN_4
60453,13911,CUBE_L,RET
60455,15569,FUN_5,FUN_4
60455,17533,FUN_3,FUN_4
60488,5334,CUBE_R,RET
60492,22129,FUN_4,FUN_5
60496,4459,FUN_6,CUBE_R
60508,95,FUN_4,FUN_5
60515,26779,RET,CUBE_L
60525,6180,FUN_3,FUN_2
60533,22362,FUN_4,FUN_3
60559,25219,FUN_4,FUN_3
60566,2020,FUN_6,CUBE_R
60593,24065,FUN_5,FUN_4
60601,21481,FUN_3,FUN_2
60609,1443,FUN_6,CUBE_R
60614,8078,FUN_3,FUN_2
60630,15027,FUN_2,FUN_1
60639,18669,CUBE_R,FUN_6
60648,18440,CUBE_R,RET
60664,29132,FUN_3,FUN_2
60678,2099,RET,CUBE_L
60695,21011,FUN_3,FUN_2
60697,18828,CUBE_R,FUN_6
60709,29097,FUN_2,FUN_3
60720,21066,RET,CUBE_R
60754,8859,RET,CUBE_L
60782,17441,FUN_1,FUN_2
60795,12702,FUN_3,FUN_2
60797,6871,FUN_2,FUN_3
60799,15569,FUN_4,FUN_5
60804,27813,FUN_3,FUN_4
60805,8525,FUN_3,FUN_2
60813,19367,FUN_5,FUN_6
60814,29154,FUN_4,FUN_3
60822,14395,FUN_2,FUN_3
60822,27572,FUN_3,FUN_2
60839,16645,FUN_1,CUBE_L
60839,20077,FUN_6,FUN_5
60843,4873,FUN_5,FUN_6
60844,20857,FUN_2,FUN_1
60849,26111,FUN_3,FUN_2
60856,26568,RET,CUBE_R
60868,16273,FUN_3,FUN_4
60875,15771,FUN_1,FUN_2
60883,18383,FUN_2,FUN_3
60901,6222,FUN_2,FUN_1
60911,24285,CUBE_L,FUN_1
60914,20829,FUN_3,FUN_2
60934,17004,FUN_5,FUN_6
60935,26110,FUN_3,FUN_2
60950,19196,CUBE_R,RET
60969,11584,FUN_5,FUN_4
60974,16613,CUBE_R,FUN_6
60976,12702,FUN_2,FUN_3
60983,22775,FUN_2,FUN_3
60987,14102,FUN_4,FUN_3
60990,10561,FUN_4,FUN_3
61002,28880,FUN_4,FUN_3
61015,17530,FUN_2,FUN_3
61021,19196,RET,CUBE_R
61024,2466,FUN_2,FUN_1
61056,19196,CUBE_R,RET
61060,13295,FUN_3,FUN_2
61109,2184,FUN_6,CUBE_R
61133,19521,RET,CUBE_L
61134,23587,FUN_2,FUN_1
61136,14532,FUN_3,FUN_2
61141,29422,FUN_6,CUBE_R
61143,9975,FUN_3,FUN_2
61165,3950,FUN_1,FUN_2
61165,7223,CUBE_R,RET
61165,13559,CUBE_L,RET
61169,4528,FUN_2,FUN_1
61173,21753,FUN_2,FUN_1
61186,19183,FUN_2,FUN_3
61188,6222,FUN_1,FUN_2
61192,4644,FUN_2,FUN_3
61204,4896,FUN_1,FUN_2
61209,7524,CUBE_R,FUN_6
61209,9642,FUN_3,FUN_4
61214,8434,FUN_3,FUN_2
61234,12757,FUN_2,FUN_1
61238,311,FUN_3,FUN_2
61245,22312,FUN_2,FUN_1
61254,18695,FUN_4,FUN_3
61287,28096,FUN_2,FUN_3
61293,18873,FUN_4,FUN_3
61323,27762,CUBE_L,FUN_1
61343,16070,FUN_1,CUBE_L
61347,18929,FUN_2,FUN_1
61357,7631,FUN_4,FUN_3
61388,7068,FUN_1,FUN_2
61414,1588,FUN_2,FUN_1
61420,6222,FUN_2,FUN_1
61424,1443,CUBE_R,FUN_6
61426,24216,CUBE_R,RET
61430,2201,FUN_2,FUN_1
61439,7157,FUN_2,FUN_1
61444,28015,FUN_2,FUN_3
61463,28586,FUN_4,FUN_5
61485,5249,FUN_4,FUN_5
61501,534,FUN_1,FUN_2
61502,28218,FUN_4,FUN_3
61513,17646,FUN_2,FUN_1
61517,6797,RET,CUBE_L
61531,10704,FUN_6,FUN_5
61534,26493,CUBE_L,FUN_1
61542,11229,FUN_2,FUN_3
61552,29718,FUN_1,FUN_2
61553,2049,FUN_3,FUN_2
61572,311,FUN_2,FUN_3
61581,6157,FUN_6,CUBE_R
61606,18440,RET,CUBE_R
61609,28368,RET,CUBE_L
61612,21286,FUN_2,FUN_1
61615,14098,FUN_3,FUN_2
61627,5427,CUBE_L,FUN_1
61635,27779,FUN_2,FUN_3
61639,21074,FUN_6,FUN_5
61646,21481,FUN_2,FUN_3
61664,8117,CUBE_L,RET
61681,14848,FUN_6,CUBE_R
61682,28509,RET,CUBE_L
61691,26417,FUN_3,FUN_2
61696,3767,FUN_2,FUN_1
61696,16241,FUN_4,FUN_3
61741,15431,FUN_1,FUN_2
61745,22104,FUN_6,CUBE_R
61752,27496,FUN_2,FUN_1
61754,15569,FUN_5,FUN_4
61802,2724,FUN_3,FUN_2
61803,16410,RET,CUBE_R
61806,18518,FUN_2,FUN_3
61824,1223,CUBE_L,RET
61826,13491,FUN_2,FUN_3
61847,10497,RET,CUBE_R
61847,25155,FUN_4,FUN_5
61861,13031,FUN_2,FUN_1
61875,21736,FUN_1,FUN_2
61906,5427,FUN_1,CUBE_L
61916,15027,FUN_1,FUN_2
61919,29304,FUN_2,FUN_1
61919,29345,FUN_5,FUN_4
61921,9007,RET,CUBE_R
61923,27255,FUN_3,FUN_4
61924,8749,FUN_3,FUN_4
61934,20857,FUN_1,FUN_2
61939,10824,FUN_6,FUN_5
61964,24874,FUN_3,FUN_4
61965,10245,FUN_2,FUN_1
61976,16932,FUN_4,FUN_5
61995,20333,FUN_2,FUN_1
62003,9874,FUN_2,FUN_1
62010,19864,FUN_3,FUN_4
62025,17610,FUN_6,CUBE_R
62062,15569,FUN_4,FUN_5
62063,16439,FUN_3,FUN_2
62074,28412,FUN_4,FUN_5
62076,12471,FUN_4,FUN_3
62076,17852,CUBE_R,RET
62082,16115,RET,CUBE_R
62082,16645,CUBE_L,FUN_1
62085,26169,FUN_4,FUN_3
62100,7127,RET,CUBE_R
62107,825,FUN_1,FUN_2
62129,2008,FUN_2,FUN_1
62169,627,FUN_5,FUN_4
62177,8779,FUN_6,FUN_5
62186,3569,CUBE_R,RET
62187,13911,RET,CUBE_L
62210,27322,FUN_2,FUN_1
62229,15437,FUN_1,CUBE_L
62237,27923,FUN_3,FUN_2
62241,16383,FUN_3,FUN_2
62248,3307,RET,CUBE_L
62250,26178,FUN_3,FUN_2
62285,19969,FUN_5,FUN_4
62305,9642,FUN_4,FUN_3
62311,5448,FUN_2,FUN_3
62313,12553,FUN_3,FUN_2
62315,26414,FUN_5,FUN_6
62340,6264,FUN_3,FUN_4
62343,15569,FUN_5,FUN_4
62348,11019,RET,CUBE_L
62357,4408,FUN_2,FUN_3
62379,28606,FUN_1,FUN_2
62387,15530,FUN_2,FUN_3
62387,24285,FUN_1,CUBE_L
62388,21484,CUBE_R,RET
62392,8992,FUN_3,FUN_4
62397,565,CUBE_L,RET
62403,24140,FUN_3,FUN_2
62412,28460,CUBE_R,FUN_6
62422,16273,FUN_4,FUN_3
62436,16645,FUN_1,CUBE_L
62437,11210,FUN_4,FUN_3
62474,9545,FUN_3,FUN_2
62476,9874,FUN_1,FUN_2
62498,7556,FUN_4,FUN_3
62500,10088,FUN_2,FUN_3
62509,7878,FUN_1,FUN_2
62510,18929,FUN_1,FUN_2
62514,15456,CUBE_R,RET
62523,14481,FUN_2,FUN_3
62553,22408,FUN_3,FUN_2
62555,1725,FUN_2,FUN_1
62555,17004,FUN_6,FUN_5
62563,28680,FUN_1,FUN_2
62573,3121,FUN_3,FUN_2
62574,28509,CUBE_L,RET
62593,2049,FUN_2,FUN_3
62593,6691,FUN_1,FUN_2
62607,7068,FUN_2,FUN_1
62614,12569,FUN_5,FUN_6
62618,23256,FUN_1,FUN_2
62642,9294,CUBE_L,RET
62644,18878,FUN_4,FUN_5
62645,8202,FUN_6,CUBE_R
62649,21053,FUN_3,FUN_4
62650,3005,FUN_4,FUN_3
62660,4346,RET,CUBE_R
62665,24517,FUN_3,FUN_2
62692,5576,FUN_4,FUN_5
62704,25960,FUN_3,FUN_2
62727,142,FUN_2,FUN_3
62745,13066,FUN_4,FUN_3
62750,24874,FUN_4,FUN_3
62755,12553,FUN_2,FUN_3
62765,2201,FUN_1,FUN_2
62772,26568,CUBE_R,RET
62778,3316,CUBE_L,FUN_1
62780,2455,FUN_4,FUN_3
62792,21897,FUN_2,FUN_1
62797,16585,FUN_3,FUN_2
62797,19092,FUN_3,FUN_2
62806,11767,FUN_5,FUN_4
62830,25008,FUN_3,FUN_4
62832,4528,FUN_1,FUN_2
62849,17517,FUN_3,FUN_2
62850,4067,FUN_3,FUN_2
62870,11426,CUBE_R,FUN_6
62871,7556,FUN_3,FUN_4
62885,5841,FUN_1,FUN_2
62911,888,RET,CUBE_L
62912,22770,FUN_4,FUN_3
62938,8329,FUN_3,FUN_2
62938,20197,FUN_3,FUN_2
62939,16815,FUN_5,FUN_4
62972,11500,FUN_1,FUN_2
62973,12569,FUN_6,FUN_5
62975,17441,FUN_2,FUN_1
62986,28186,RET,CUBE_L
62988,15569,FUN_4,FUN_5
62990,18500,FUN_6,CUBE_R
62993,14720,FUN_3,FUN_2
63008,21754,FUN_3,FUN_4
63014,4386,FUN_2,FUN_1
63049,12471,FUN_3,FUN_4
63052,25219,FUN_3,FUN_4
63053,15761,CUBE_R,RET
63061,3457,FUN_2,FUN_3
63072,3705,FUN_2,FUN_1
63075,4336,RET,CUBE_R
63091,4633,FUN_4,FUN_3
63094,11130,FUN_6,FUN_5
63099,13949,FUN_3,FUN_2
63119,2211,FUN_2,FUN_1
63119,13731,CUBE_L,FUN_1
63130,11965,FUN_5,FUN_6
63142,11551,FUN_1,FUN_2
63143,20262,FUN_4,FUN_5
63144,3121,FUN_2,FUN_3
63146,16718,FUN_3,FUN_2
63153,24313,FUN_3,FUN_2
63154,22368,FUN_2,FUN_1
63158,27813,FUN_4,FUN_3
63165,21582,FUN_2,FUN_3
63172,29953,FUN_1,CUBE_L
63174,20016,FUN_3,FUN_2
63227,10088,FUN_3,FUN_2
63232,29304,FUN_1,FUN_2
63234,28015,FUN_3,FUN_2
63239,26568,RET,CUBE_R
63244,17410,CUBE_L,RET
63248,4799,CUBE_R,FUN_6
63267,4459,CUBE_R,FUN_6
63267,14848,CUBE_R,FUN_6
63276,17004,FUN_5,FUN_6
63283,19864,FUN_4,FUN_3
63285,26042,FUN_1,FUN_2
63289,1092,FUN_2,FUN_1
63291,9962,FUN_4,FUN_3
63309,7157,FUN_1,FUN_2
63328,4067,FUN_2,FUN_3
63328,26178,FUN_2,FUN_3
63331,23331,FUN_3,FUN_2
63338,21286,FUN_1,FUN_2
63354,26417,FUN_2,FUN_3
63385,10068,FUN_3,FUN_2
63398,24799,FUN_4,FUN_3
63420,4644,FUN_3,FUN_2
63438,12956,FUN_2,FUN_3
63453,22894,RET,CUBE_L
63460,1171,FUN_6,FUN_5
63463,26178,FUN_3,FUN_2
63489,1291,FUN_5,FUN_6
63498,27415,FUN_1,FUN_2
63503,7508,FUN_5,FUN_6
63505,23436,FUN_3,FUN_2
63517,22312,FUN_1,FUN_2
63539,1725,FUN_1,FUN_2
63552,27971,FUN_2,FUN_3
63557,24216,RET,CUBE_R
63558,5819,FUN_2,FUN_1
63572,14195,FUN_1,CUBE_L
63583,25627,FUN_2,FUN_3
63584,3583,FUN_1,FUN_2
63593,23592,CUBE_R,RET
63598,10,CUBE_R,FUN_6
63598,15761,RET,CUBE_R
63603,5290,FUN_1,FUN_2
63613,20894,FUN_1,CUBE_L
63614,25271,FUN_6,FUN_5
63632,22770,FUN_3,FUN_4
63645,13949,FUN_2,FUN_3
63650,754,FUN_2,FUN_1
63662,13295,FUN_2,FUN_3
63688,763,FUN_3,FUN_2
63690,142,FUN_3,FUN_2
63691,6873,RET,CUBE_R
63701,27980,FUN_2,FUN_1
63734,29492,FUN_2,FUN_3
63755,7241,FUN_6,CUBE_R
63756,4937,FUN_2,FUN_3
63761,4561,FUN_4,FUN_3
63773,7269,FUN_2,FUN_1
63776,18828,FUN_6,CUBE_R
63802,10088,FUN_2,FUN_3
63835,12854,FUN_3,FUN_2
63848,24140,FUN_2,FUN_3
63864,17252,RET,CUBE_R
63880,2064,FUN_3,FUN_2
63881,4067,FUN_3,FUN_2
63889,2178,FUN_3,FUN_2
63903,1725,FUN_2,FUN_1
63904,13066,FUN_3,FUN_4
63914,18440,CUBE_R,RET
63914,26178,FUN_2,FUN_3
63940,6797,CUBE_L,RET
63941,13941,FUN_2,FUN_3
63947,25219,FUN_4,FUN_3
63948,25250,FUN_2,FUN_1
63951,9962,FUN_3,FUN_4
63969,25152,FUN_1,FUN_2
63998,16585,FUN_2,FUN_3
64030,26414,FUN_6,FUN_5
64038,28606,FUN_2,FUN_1
64039,6347,FUN_2,FUN_3
64042,25627,FUN_3,FUN_2
64048,10899,FUN_3,FUN_2
64057,10088,FUN_3,FUN_2
64068,24747,FUN_2,FUN_3
64072,3705,FUN_1,FUN_2
64081,14283,FUN_4,FUN_5
64092,9060,FUN_6,FUN_5
64095,11426,FUN_6,CUBE_R
64099,13675,FUN_5,FUN_4
64129,25960,FUN_2,FUN_3
64134,4067,FUN_2,FUN_3
64134,7524,FUN_6,CUBE_R
64138,24426,FUN_6,CUBE_R
64157,28368,CUBE_L,RET
64184,16815,FUN_4,FUN_5
64186,1320,FUN_1,FUN_2
64196,16586,FUN_2,FUN_1
64199,7690,FUN_6,FUN_5
64199,21426,FUN_3,FUN_2
64217,10686,FUN_3,FUN_2
64217,27980,FUN_1,FUN_2
64234,22180,FUN_3,FUN_2
64236,14720,FUN_2,FUN_3
64250,24140,FUN_3,FUN_2
64252,21705,FUN_2,FUN_3
64267,21967,FUN_5,FUN_6
64292,311,FUN_3,FUN_2
64305,10497,CUBE_R,RET
64336,23436,FUN_2,FUN_3
64340,20041,FUN_1,FUN_2
64343,13351,FUN_4,FUN_3
64343,29757,FUN_2,FUN_1
64357,5922,CUBE_L,RET
64359,24747,FUN_3,FUN_2
64371,14393,FUN_3,FUN_2
64373,17517,FUN_2,FUN_3
64374,16761,FUN_2,FUN_1
64377,1017,FUN_2,FUN_1
64383,4528,FUN_2,FUN_1
64386,22770,FUN_4,FUN_3
64393,21135,FUN_3,FUN_2
64399,28368,RET,CUBE_L
64403,4561,FUN_3,FUN_4
64404,28023,RET,CUBE_R
64406,16650,FUN_2,FUN_3
64413,25703,RET,CUBE_L
64416,29196,RET,CUBE_L
64417,2578,FUN_3,FUN_2
64424,14720,FUN_3,FUN_2
64434,6222,FUN_1,FUN_2
64436,11767,FUN_4,FUN_5
64442,10128,FUN_3,FUN_4
64452,27813,FUN_3,FUN_4
64469,5364,CUBE_L,RET
64480,29226,FUN_3,FUN_2
64481,13875,CUBE_L,FUN_1
64499,5164,FUN_3,FUN_2
64502,8992,FUN_4,FUN_3
64511,27980,FUN_2,FUN_1
64532,8932,FUN_2,FUN_1
64536,27980,FUN_1,FUN_2
64536,28680,FUN_2,FUN_1
64558,18221,CUBE_R,RET
64571,21053,FUN_4,FUN_3
64573,21481,FUN_3,FUN_2
64576,24333,CUBE_R,RET
64580,5123,FUN_1,FUN_2
64590,14283,FUN_5,FUN_4
64591,12244,FUN_3,FUN_2
64598,20333,FUN_1,FUN_2
64599,9526,FUN_1,FUN_2
64603,19864,FUN_3,FUN_4
64607,29422,CUBE_R,FUN_6
64624,9038,RET,CUBE_R
64629,5819,FUN_1,FUN_2
64648,25932,FUN_3,FUN_4
64661,5922,RET,CUBE_L
64675,25224,FUN_5,FUN_4
64688,557,RET,CUBE_R
64690,26527,FUN_1,CUBE_L
64706,28023,CUBE_R,RET
64708,26480,FUN_6,CUBE_R
64717,24942,RET,CUBE_R
64733,10667,FUN_3,FUN_2
64741,18398,FUN_4,FUN_3
64743,19864,FUN_4,FUN_3
64747,14720,FUN_2,FUN_3
64762,13031,FUN_1,FUN_2
64773,11767,FUN_5,FUN_4
64780,23099,FUN_5,FUN_6
64800,9736,FUN_2,FUN_1
64831,1000,FUN_3,FUN_2
64834,19691,RET,CUBE_L
64836,1171,FUN_5,FUN_6
64836,21407,FUN_4,FUN_3
64844,13312,FUN_4,FUN_3
64847,27481,FUN_1,FUN_2
64853,25820,RET,CUBE_L
64869,13066,FUN_4,FUN_3
64874,11768,FUN_1,FUN_2
64875,28412,FUN_5,FUN_4
64888,8740,RET,CUBE_R
64892,7499,FUN_2,FUN_1
64900,26178,FUN_3,FUN_2
64911,6377,FUN_4,FUN_5
64933,13031,FUN_2,FUN_1
64941,7334,RET,CUBE_R
64960,27322,FUN_1,FUN_2
64969,24140,FUN_2,FUN_3
64977,19864,FUN_3,FUN_4
64998,19468,FUN_2,FUN_1
65008,26681,FUN_3,FUN_4
65029,7241,CUBE_R,FUN_6
65037,11551,FUN_2,FUN_1
65050,28258,CUBE_L,RET
65056,12422,RET,CUBE_R
65095,13731,FUN_1,CUBE_L
65103,6264,FUN_4,FUN_3
65110,10497,RET,CUBE_R
65123,10667,FUN_2,FUN_3
65130,7806,FUN_3,FUN_2
65138,29546,FUN_5,FUN_4
65155,7074,FUN_2,FUN_3
65159,10753,FUN_6,CUBE_R
65159,22508,FUN_3,FUN_2
65182,25253,FUN_2,FUN_3
65184,20144,FUN_2,FUN_1
65185,1092,FUN_1,FUN_2
65224,12878,RET,CUBE_R
65229,11737,FUN_3,FUN_2
65237,9353,FUN_2,FUN_3
65259,3307,CUBE_L,RET
65270,7074,FUN_3,FUN_2
65301,1470,FUN_1,FUN_2
65318,10497,CUBE_R,RET
65328,29196,CUBE_L,RET
65329,15761,CUBE_R,RET
65329,17094,FUN_3,FUN_4
65330,8932,FUN_1,FUN_2
65334,24463,FUN_2,FUN_3
65341,25250,FUN_1,FUN_2
65342,5456,FUN_2,FUN_3
65345,12083,FUN_3,FUN_4
65346,22770,FUN_3,FUN_4
65350,10323,FUN_3,FUN_2
65354,17552,FUN_5,FUN_6
65355,20388,CUBE_L,RET
65359,26543,FUN_1,FUN_2
65364,7475,FUN_6,FUN_5
65364,23105,CUBE_R,FUN_6
65365,23314,RET,CUBE_R
65386,19183,FUN_3,FUN_2
65387,21897,FUN_1,FUN_2
65405,4067,FUN_3,FUN_2
65410,1246,FUN_3,FUN_2
65428,22884,FUN_3,FUN_2
65428,23331,FUN_2,FUN_3
65432,26133,FUN_4,FUN_5
65437,28278,CUBE_R,FUN_6
65438,28278,FUN_6,CUBE_R
65442,26203,FUN_5,FUN_6
65454,9174,FUN_2,FUN_3
65457,17240,FUN_4,FUN_3
65469,7690,FUN_5,FUN_6
65475,26568,CUBE_R,RET
65491,11184,FUN_6,FUN_5
65516,25627,FUN_2,FUN_3
65527,23514,CUBE_R,FUN_6
65529,28096,FUN_3,FUN_2
65560,4386,FUN_1,FUN_2
65566,9345,CUBE_L,RET
65572,22255,FUN_6,FUN_5
65574,22325,FUN_3,FUN_4
65575,28278,CUBE_R,FUN_6
65609,29028,FUN_2,FUN_3
65612,12083,FUN_4,FUN_3
65618,10734,FUN_2,FUN_3
65653,11965,FUN_6,FUN_5
65662,2275,FUN_2,FUN_3
65670,22706,FUN_3,FUN_4
65684,18930,FUN_3,FUN_2
65691,12083,FUN_3,FUN_4
65696,19910,FUN_2,FUN_3
65709,22282,CUBE_R,RET
65728,27415,FUN_2,FUN_1
65736,12705,FUN_2,FUN_1
65744,19924,FUN_1,FUN_2
65747,28694,FUN_1,FUN_2
65761,24275,FUN_2,FUN_3
65766,17414,FUN_5,FUN_4
65773,25932,FUN_4,FUN_3
65779,7710,FUN_5,FUN_4
65787,26417,FUN_3,FUN_2
65795,7499,FUN_1,FUN_2
65799,19566,FUN_2,FUN_1
65808,11373,FUN_3,FUN_2
65809,18092,FUN_1,FUN_2
65816,11894,FUN_2,FUN_1
65833,21341,RET,CUBE_R
65837,9456,FUN_5,FUN_4
65841,7241,FUN_6,CUBE_R
65842,20886,FUN_2,FUN_3
65857,17510,FUN_3,FUN_2
65866,11386,FUN_4,FUN_3
65866,25960,FUN_3,FUN_2
65867,1092,FUN_2,FUN_1
65872,15771,FUN_2,FUN_1
65873,2315,FUN_5,FUN_6
65878,1314,FUN_2,FUN_1
65906,22899,FUN_6,CUBE_R
65919,16583,FUN_4,FUN_3
65926,13223,FUN_3,FUN_4
65928,2331,FUN_4,FUN_3
65934,10323,FUN_2,FUN_3
65950,14634,FUN_3,FUN_4
65951,28023,RET,CUBE_R
65952,2224,CUBE_R,FUN_6
65957,7690,FUN_6,FUN_5
65977,13917,CUBE_R,RET
65980,19390,FUN_3,FUN_2
65984,9489,FUN_6,FUN_5
65995,610,FUN_4,FUN_5
65995,28278,FUN_6,CUBE_R
66029,28368,CUBE_L,RET
66040,16894,FUN_2,FUN_3
66047,3939,RET,CUBE_R
66070,9038,CUBE_R,RET
66073,12224,FUN_3,FUN_2
66085,15079,FUN_3,FUN_2
66085,27928,FUN_4,FUN_5
66098,879,FUN_6,FUN_5
66103,24338,CUBE_R,RET
66114,9869,FUN_2,FUN_3
66160,1171,FUN_6,FUN_5
66164,21897,FUN_2,FUN_1
66190,26570,FUN_3,FUN_4
66198,16761,FUN_1,FUN_2
66201,4336,CUBE_R,RET
66201,21011,FUN_2,FUN_3
66223,19390,FUN_2,FUN_3
66234,6300,FUN_1,FUN_2
66243,25037,FUN_3,FUN_2
66251,19090,FUN_3,FUN_2
66264,9174,FUN_3,FUN_2
66276,7241,CUBE_R,FUN_6
66279,1289,CUBE_L,RET
66283,10324,RET,CUBE_R
66295,25008,FUN_4,FUN_3
66297,27144,CUBE_L,FUN_1
66320,27572,FUN_2,FUN_3
66334,7690,FUN_5,FUN_6
66370,25037,FUN_2,FUN_3
66388,14027,FUN_5,FUN_6
66389,24344,CUBE_R,RET
66392,19864,FUN_4,FUN_3
66393,25840,CUBE_R,FUN_6
66395,20211,FUN_5,FUN_6
66403,27255,FUN_4,FUN_3
66405,17315,FUN_5,FUN_4
66412,4274,FUN_5,FUN_4
66414,4386,FUN_2,FUN_1
66424,2289,FUN_4,FUN_3
66450,14022,FUN_2,FUN_3
66464,27923,FUN_2,FUN_3
66472,17094,FUN_4,FUN_3
66482,23560,CUBE_R,RET
66492,7710,FUN_4,FUN_5
66493,18383,FUN_3,FUN_2
66500,11184,FUN_5,FUN_6
66502,21958,CUBE_R,RET
66507,10291,FUN_1,FUN_2
66516,14102,FUN_3,FUN_4
66520,3880,FUN_3,FUN_2
66526,11503,FUN_1,FUN_2
66554,24747,FUN_2,FUN_3
66558,2347,FUN_2,FUN_1
66560,20493,RET,CUBE_L
66563,27762,FUN_1,CUBE_L
66573,7556,FUN_4,FUN_3
66601,7145,CUBE_L,RET
66606,22770,FUN_4,FUN_3
66615,142,FUN_2,FUN_3
66621,3618,FUN_4,FUN_5
66626,21017,FUN_4,FUN_3
66641,3363,RET,CUBE_L
66644,17414,FUN_4,FUN_5
66654,6797,RET,CUBE_L
66654,27343,FUN_2,FUN_1
66666,29477,FUN_1,FUN_2
66668,1289,RET,CUBE_L
66673,1000,FUN_2,FUN_3
66677,4067,FUN_2,FUN_3
66685,2828,FUN_2,FUN_1
66706,9456,FUN_4,FUN_5
66706,13731,CUBE_L,FUN_1
66711,9548,FUN_1,FUN_2
66717,1092,FUN_1,FUN_2
66723,27481,FUN_2,FUN_1
66726,2224,FUN_6,CUBE_R
66734,7826,FUN_2,FUN_1
66741,27923,FUN_3,FUN_2
66748,18435,RET,CUBE_L
66756,610,FUN_5,FUN_4
66756,22368,FUN_1,FUN_2
66782,26675,FUN_3,FUN_2
66784,12705,FUN_1,FUN_2
66806,15569,FUN_5,FUN_4
66815,13491,FUN_3,FUN_2
66825,29196,RET,CUBE_L
66826,23099,FUN_6,FUN_5
66827,898,FUN_3,FUN_2
66828,10623,FUN_3,FUN_2
66831,24958,CUBE_R,FUN_6
66832,21096,CUBE_R,RET
66840,26499,FUN_1,FUN_2
66846,11158,CUBE_L,RET
66853,25840,FUN_6,CUBE_R
66858,15670,FUN_3,FUN_4
66866,5425,FUN_4,FUN_3
66869,24426,CUBE_R,FUN_6
66878,21829,FUN_2,FUN_1
66890,19864,FUN_3,FUN_4
66899,9977,FUN_3,FUN_4
66907,25008,FUN_3,FUN_4
66925,13295,FUN_3,FUN_2
66926,23560,RET,CUBE_R
66929,22076,FUN_6,CUBE_R
66946,6314,FUN_3,FUN_2
66956,18112,RET,CUBE_L
66962,18440,RET,CUBE_R
66963,4067,FUN_3,FUN_2
66967,12572,FUN_1,FUN_2
66974,4644,FUN_2,FUN_3
66977,6557,FUN_5,FUN_4
66996,27415,FUN_1,FUN_2
67000,24189,FUN_1,CUBE_L
67006,9652,RET,CUBE_R
67029,23597,FUN_3,FUN_2
67062,5596,CUBE_L,FUN_1
67066,16256,CUBE_R,RET
67090,23514,FUN_6,CUBE_R
67093,27305,CUBE_R,FUN_6
67094,28258,RET,CUBE_L
67096,5566,FUN_2,FUN_3
67111,24344,RET,CUBE_R
67116,26498,FUN_2,FUN_1
67130,27305,FUN_6,CUBE_R
67186,27481,FUN_1,FUN_2
67200,23597,FUN_2,FUN_3
67209,28722,FUN_4,FUN_3
67210,21096,RET,CUBE_R
67218,15528,RET,CUBE_R
67241,3472,FUN_2,FUN_1
67245,23597,FUN_3,FUN_2
67248,10557,FUN_2,FUN_3
67250,23597,FUN_2,FUN_3
67251,9060,FUN_5,FUN_6
67253,23597,FUN_3,FUN_2
67270,23597,FUN_2,FUN_3
67278,10385,FUN_3,FUN_4
67294,18221,RET,CUBE_R
67296,28386,FUN_5,FUN_4
67300,4561,FUN_4,FUN_3
67301,22368,FUN_2,FUN_1
67303,796,FUN_2,FUN_1
67313,8932,FUN_2,FUN_1
67313,18066,FUN_3,FUN_2
67317,26498,FUN_1,FUN_2
67325,1289,CUBE_L,RET
67338,19285,FUN_2,FUN_1
67346,18801,FUN_4,FUN_5
67363,15099,CUBE_R,FUN_6
67367,19929,RET,CUBE_L
67376,13312,FUN_3,FUN_4
67381,8548,FUN_2,FUN_1
67404,19566,FUN_1,FUN_2
67409,17414,FUN_5,FUN_4
67424,4336,RET,CUBE_R
67425,24799,FUN_3,FUN_4
67452,7387,FUN_2,FUN_3
67452,27481,FUN_2,FUN_1
67457,6264,FUN_3,FUN_4
67460,21315,FUN_4,FUN_3
67465,11465,FUN_2,FUN_3
67469,11184,FUN_6,FUN_5
67474,21815,FUN_2,FUN_1
67481,11183,FUN_1,CUBE_L
67488,17414,FUN_4,FUN_5
67491,13731,FUN_1,CUBE_L
67500,21897,FUN_1,FUN_2
67501,13023,FUN_2,FUN_3
67527,24942,CUBE_R,RET
67534,28015,FUN_2,FUN_3
67550,20829,FUN_2,FUN_3
67556,27255,FUN_3,FUN_4
67568,8535,RET,CUBE_L
67585,22602,FUN_4,FUN_5
67607,27090,CUBE_R,RET
67609,9751,FUN_2,FUN_3
67618,2037,FUN_6,CUBE_R
67625,29380,FUN_3,FUN_2
67644,7390,FUN_2,FUN_1
67646,19294,FUN_3,FUN_4
67662,28368,RET,CUBE_L
67708,6377,FUN_5,FUN_4
67717,29956,FUN_4,FUN_3
67725,16599,FUN_1,CUBE_L
67728,15569,FUN_4,FUN_5
67733,28193,CUBE_L,RET
67764,5031,FUN_4,FUN_3
67771,4796,FUN_1,FUN_2
67789,22325,FUN_4,FUN_3
67797,2716,FUN_1,FUN_2
67803,9391,FUN_2,FUN_1
67803,18485,RET,CUBE_L
67840,2518,FUN_2,FUN_1
67841,28656,FUN_3,FUN_2
67891,9704,FUN_6,FUN_5
67899,29212,RET,CUBE_R
67911,12359,FUN_5,FUN_6
67939,22720,FUN_4,FUN_3
67956,7390,FUN_1,FUN_2
67963,15054,FUN_4,FUN_5
67970,5690,FUN_2,FUN_1
67970,12044,FUN_2,FUN_1
68017,2455,FUN_3,FUN_4
68031,10068,FUN_2,FUN_3
68034,21426,FUN_2,FUN_3
68039,28694,FUN_2,FUN_1
68045,27762,CUBE_L,FUN_1
68059,12359,FUN_6,FUN_5
68081,1461,FUN_2,FUN_3
68123,25008,FUN_4,FUN_3
68143,16071,FUN_5,FUN_4
68176,11184,FUN_5,FUN_6
68218,23105,FUN_6,CUBE_R
68227,22255,FUN_5,FUN_6
68232,15569,FUN_5,FUN_4
68237,13031,FUN_1,FUN_2
68237,28015,FUN_3,FUN_2
68238,21766,FUN_4,FUN_5
68249,28186,CUBE_L,RET
68253,10497,RET,CUBE_R
68265,29226,FUN_2,FUN_3
68271,27923,FUN_2,FUN_3
68279,6624,FUN_2,FUN_1
68280,4386,FUN_1,FUN_2
68283,16140,FUN_2,FUN_1
68286,10735,FUN_2,FUN_3
68297,4644,FUN_3,FUN_2
68335,16761,FUN_2,FUN_1
68341,2578,FUN_2,FUN_3
68342,27762,FUN_1,CUBE_L
68354,6377,FUN_4,FUN_5
68355,11183,CUBE_L,FUN_1
68355,19090,FUN_2,FUN_3
68369,21897,FUN_2,FUN_1
68388,13731,CUBE_L,FUN_1
68389,9456,FUN_5,FUN_4
68394,29555,FUN_2,FUN_3
68402,8740,CUBE_R,RET
68415,5249,FUN_5,FUN_4
68439,610,FUN_4,FUN_5
68465,28606,FUN_1,FUN_2
68468,29304,FUN_2,FUN_1
68478,6034,FUN_3,FUN_2
68489,9602,FUN_4,FUN_3
68504,19234,FUN_4,FUN_3
68521,25639,FUN_4,FUN_5
68522,26629,FUN_3,FUN_4
68525,14634,FUN_4,FUN_3
68537,16586,FUN_1,FUN_2
68538,6314,FUN_2,FUN_3
68541,15079,FUN_2,FUN_3
68549,6760,FUN_2,FUN_3
68575,20829,FUN_3,FUN_2
68586,21753,FUN_1,FUN_2
68587,11767,FUN_4,FUN_5
68619,8720,FUN_3,FUN_4
68624,22706,FUN_4,FUN_3
68626,20078,FUN_3,FUN_2
68635,7145,RET,CUBE_L
68646,2037,CUBE_R,FUN_6
68646,9900,FUN_3,FUN_2
68654,22498,CUBE_L,RET
68677,29524,FUN_3,FUN_2
68684,20078,FUN_2,FUN_3
68690,695,CUBE_L,FUN_1
68692,27928,FUN_5,FUN_4
68699,27858,FUN_2,FUN_1
68714,21132,FUN_3,FUN_2
68723,18221,CUBE_R,RET
68735,9676,FUN_4,FUN_5
68751,26498,FUN_2,FUN_1
68766,27928,FUN_4,FUN_5
68774,29544,FUN_1,FUN_2
68776,24982,CUBE_L,FUN_1
68785,19754,FUN_2,FUN_1
68789,3088,FUN_5,FUN_6
68792,8471,FUN_5,FUN_4
68793,28304,FUN_3,FUN_4
68805,18907,CUBE_R,RET
68814,18167,FUN_3,FUN_2
68823,3822,FUN_2,FUN_1
68828,21450,FUN_4,FUN_3
68831,22720,FUN_3,FUN_4
68840,19200,FUN_2,FUN_3
68840,24452,FUN_4,FUN_3
68844,796,FUN_1,FUN_2
68844,20493,CUBE_L,RET
68853,2261,FUN_5,FUN_4
68861,24477,FUN_3,FUN_2
68861,26888,CUBE_L,FUN_1
68864,24140,FUN_3,FUN_2
68871,12804,FUN_3,FUN_2
68871,24949,FUN_1,FUN_2
68872,27923,FUN_3,FUN_2
68877,13731,FUN_1,CUBE_L
68878,20063,FUN_1,FUN_2
68882,22720,FUN_4,FUN_3
68884,29304,FUN_1,FUN_2
68893,4067,FUN_2,FUN_3
68903,28193,RET,CUBE_L
68923,7390,FUN_2,FUN_1
68935,1294,FUN_3,FUN_2
68936,10245,FUN_1,FUN_2
68947,8932,FUN_1,FUN_2
68963,22720,FUN_3,FUN_4
68965,2578,FUN_3,FUN_2
68989,6547,FUN_3,FUN_4
68991,15569,FUN_4,FUN_5
68999,18969,FUN_3,FUN_4
69000,6624,FUN_1,FUN_2
69027,7655,FUN_2,FUN_3
69036,7178,FUN_5,FUN_6
69036,22255,FUN_6,FUN_5
69042,3088,FUN_6,FUN_5
69047,25152,FUN_2,FUN_1
69057,29380,FUN_2,FUN_3
69064,27090,RET,CUBE_R
69084,24269,FUN_2,FUN_1
69091,22720,FUN_4,FUN_3
69110,4723,FUN_2,FUN_1
69171,12211,FUN_5,FUN_6
69171,18383,FUN_2,FUN_3
69172,3644,FUN_3,FUN_2
69180,9284,FUN_2,FUN_1
69187,17500,FUN_2,FUN_1
69200,627,FUN_4,FUN_5
69216,10234,FUN_1,FUN_2
69269,13911,CUBE_L,RET
69283,22720,FUN_3,FUN_4
69285,22894,CUBE_L,RET
69286,25486,FUN_3,FUN_4
69300,5819,FUN_2,FUN_1
69305,19969,FUN_4,FUN_5
69307,9704,FUN_5,FUN_6
69308,24044,FUN_2,FUN_1
69331,2226,CUBE_R,RET
69334,6377,FUN_5,FUN_4
69337,7241,FUN_6,CUBE_R
69341,21341,CUBE_R,RET
69342,18377,CUBE_L,RET
69343,7371,FUN_2,FUN_3
69356,16932,FUN_5,FUN_4
69360,1796,FUN_5,FUN_4
69381,25703,CUBE_L,RET
69386,27322,FUN_2,FUN_1
69387,6034,FUN_2,FUN_3
69406,9288,CUBE_L,RET
69419,5602,FUN_2,FUN_3
69427,15989,FUN_3,FUN_2
69430,9652,CUBE_R,RET
69436,21766,FUN_5,FUN_4
69449,25195,FUN_4,FUN_3
69451,13223,FUN_4,FUN_3
69462,11767,FUN_5,FUN_4
69474,9284,FUN_1,FUN_2
69474,29455,FUN_2,FUN_3
69481,26988,FUN_3,FUN_2
69483,1725,FUN_1,FUN_2
69491,13031,FUN_2,FUN_1
69503,12244,FUN_2,FUN_3
69520,28714,FUN_4,FUN_5
69523,16932,FUN_4,FUN_5
69524,9704,FUN_6,FUN_5
69547,29956,FUN_3,FUN_4
69566,28247,FUN_3,FUN_2
69582,9456,FUN_4,FUN_5
69596,5767,FUN_1,FUN_2
69597,13731,CUBE_L,FUN_1
69604,18066,FUN_2,FUN_3
69605,18813,FUN_1,FUN_2
69618,7248,CUBE_L,RET
69621,29139,FUN_6,CUBE_R
69637,7795,FUN_3,FUN_4
69643,25486,FUN_4,FUN_3
69649,21484,RET,CUBE_R
69650,13731,FUN_1,CUBE_L
69676,18437,FUN_3,FUN_4
69688,8932,FUN_2,FUN_1
69691,10234,FUN_2,FUN_1
69719,26414,FUN_5,FUN_6
69719,28485,CUBE_R,FUN_6
69723,5834,FUN_3,FUN_4
69759,25195,FUN_3,FUN_4
69760,8932,FUN_1,FUN_2
69760,21132,FUN_2,FUN_3
69762,3844,FUN_2,FUN_3
69780,3983,FUN_2,FUN_1
69782,7690,FUN_6,FUN_5
69792,8588,CUBE_L,RET
69802,27660,FUN_3,FUN_2
69805,27415,FUN_2,FUN_1
69812,26783,FUN_3,FUN_2
69827,12386,FUN_2,FUN_1
69835,29380,FUN_3,FUN_2
69836,23382,FUN_5,FUN_6
69860,17241,FUN_4,FUN_3
69878,27089,FUN_1,FUN_2
69881,27682,FUN_2,FUN_3
69889,13675,FUN_4,FUN_5
69909,372,FUN_4,FUN_5
69918,20078,FUN_3,FUN_2
69919,8117,RET,CUBE_L
69924,6797,CUBE_L,RET
69934,10497,CUBE_R,RET
69936,24942,RET,CUBE_R
69959,25899,FUN_1,FUN_2
69962,13031,FUN_1,FUN_2
69967,25639,FUN_5,FUN_4
69974,22368,FUN_1,FUN_2
69987,5566,FUN_3,FUN_2
69990,13917,RET,CUBE_R
69996,28412,FUN_4,FUN_5
69998,4275,FUN_3,FUN_2
70011,22508,FUN_2,FUN_3
70013,7716,CUBE_R,RET
70036,20063,FUN_2,FUN_1
70078,17763,FUN_1,FUN_2
70082,28321,CUBE_R,FUN_6
70085,796,FUN_2,FUN_1
70094,21969,FUN_2,FUN_3
70095,3971,FUN_2,FUN_1
70102,23592,RET,CUBE_R
70110,21341,RET,CUBE_R
70111,13731,CUBE_L,FUN_1
70116,21754,FUN_4,FUN_3
70148,9545,FUN_2,FUN_3
70170,4169,CUBE_R,RET
70179,8877,CUBE_R,RET
70183,27572,FUN_3,FUN_2
70190,7617,FUN_2,FUN_3
70191,15761,RET,CUBE_R
70196,22325,FUN_3,FUN_4
70232,28606,FUN_2,FUN_1
70245,28096,FUN_2,FUN_3
70246,4411,FUN_3,FUN_4
70275,13031,FUN_2,FUN_1
70305,16845,CUBE_R,RET
70311,20047,FUN_4,FUN_5
70311,26110,FUN_2,FUN_3
70313,14102,FUN_4,FUN_3
70320,24942,CUBE_R,RET
70321,8558,FUN_3,FUN_4
70351,4505,FUN_4,FUN_5
70361,10734,FUN_3,FUN_2
70392,24105,RET,CUBE_L
70399,15054,FUN_5,FUN_4
70429,12422,CUBE_R,RET
70437,8117,CUBE_L,RET
70442,3472,FUN_1,FUN_2
70458,21480,FUN_3,FUN_4
70502,1491,FUN_4,FUN_3
70510,14481,FUN_3,FUN_2
70527,14475,RET,CUBE_R
70553,11158,RET,CUBE_L
70569,20228,FUN_1,FUN_2
70602,10899,FUN_2,FUN_3
70608,9487,FUN_3,FUN_4
70620,467,FUN_5,FUN_4
70622,22255,FUN_5,FUN_6
70645,1796,FUN_4,FUN_5
70649,20611,FUN_5,FUN_4
70649,26079,FUN_3,FUN_4
70665,7074,FUN_2,FUN_3
70683,5566,FUN_2,FUN_3
70699,27502,CUBE_L,FUN_1
70707,15099,FUN_6,CUBE_R
70712,6518,RET,CUBE_R
70732,920,FUN_2,FUN_1
70734,8078,FUN_2,FUN_3
70739,5602,FUN_3,FUN_2
70741,27794,FUN_4,FUN_5
70747,10875,FUN_2,FUN_1
70768,22362,FUN_3,FUN_4
70772,9748,FUN_2,FUN_1
70782,28015,FUN_2,FUN_3
70783,22789,FUN_1,FUN_2
70788,26423,RET,CUBE_L
70804,23068,FUN_4,FUN_3
70806,15091,FUN_3,FUN_2
70809,6873,CUBE_R,RET
70812,22180,FUN_2,FUN_3
70822,4411,FUN_4,FUN_3
70824,24426,FUN_6,CUBE_R
70845,311,FUN_2,FUN_3
70847,15156,FUN_5,FUN_6
70879,3971,FUN_1,FUN_2
70882,11500,FUN_2,FUN_1
70887,21225,FUN_6,FUN_5
70888,6038,FUN_2,FUN_3
70892,27928,FUN_5,FUN_4
70896,4796,FUN_2,FUN_1
70898,3583,FUN_2,FUN_1
70898,27588,CUBE_R,RET
70915,2835,CUBE_L,FUN_1
70917,23804,FUN_3,FUN_2
70921,15079,FUN_3,FUN_2
70963,15889,RET,CUBE_L
70976,26417,FUN_2,FUN_3
70987,238,FUN_4,FUN_3
71014,5899,FUN_4,FUN_3
71052,23631,FUN_2,FUN_1
71053,978,FUN_3,FUN_4
71067,17173,FUN_4,FUN_3
71068,28015,FUN_3,FUN_2
71072,4796,FUN_1,FUN_2
71102,6034,FUN_3,FUN_2
71136,1796,FUN_5,FUN_4
71136,15397,CUBE_R,RET
71136,22186,FUN_2,FUN_1
71140,4561,FUN_3,FUN_4
71168,2925,FUN_2,FUN_1
71187,5819,FUN_1,FUN_2
71200,6071,FUN_2,FUN_1
71224,18092,FUN_2,FUN_1
71239,27202,FUN_3,FUN_2
71247,23631,FUN_1,FUN_2
71253,8329,FUN_2,FUN_3
71267,920,FUN_1,FUN_2
71291,5596,FUN_1,CUBE_L
71294,9704,FUN_5,FUN_6
71305,18802,FUN_3,FUN_2
71313,21162,FUN_6,FUN_5
71324,8588,RET,CUBE_L
71324,24877,CUBE_L,RET
71332,1821,FUN_4,FUN_5
71332,4505,FUN_5,FUN_4
71333,24333,RET,CUBE_R
71338,25820,CUBE_L,RET
71366,25195,FUN_4,FUN_3
71375,9752,CUBE_L,RET
71378,5031,FUN_3,FUN_4
71396,1461,FUN_3,FUN_2
71397,21130,FUN_1,FUN_2
71401,3906,FUN_3,FUN_4
71417,5364,RET,CUBE_L
71417,16761,FUN_1,FUN_2
71431,5108,FUN_2,FUN_1
71433,26569,CUBE_R,RET
71445,4796,FUN_2,FUN_1
71447,11978,FUN_2,FUN_3
71451,5629,FUN_2,FUN_1
71456,8214,FUN_2,FUN_1
71468,15889,CUBE_L,RET
71470,5602,FUN_2,FUN_3
71483,5957,RET,CUBE_R
71511,27496,FUN_1,FUN_2
71512,21135,FUN_2,FUN_3
71517,10196,CUBE_L,FUN_1
71518,15079,FUN_2,FUN_3
71535,25703,RET,CUBE_L
71541,20388,RET,CUBE_L
71563,14634,FUN_3,FUN_4
71570,21407,FUN_3,FUN_4
71591,5819,FUN_2,FUN_1
71597,19183,FUN_2,FUN_3
71599,15528,CUBE_R,RET
71606,6797,RET,CUBE_L
71628,24426,CUBE_R,FUN_6
71628,28278,CUBE_R,FUN_6
71631,2144,FUN_3,FUN_4
71634,4292,FUN_2,FUN_1
71644,24958,FUN_6,CUBE_R
71651,22744,FUN_1,FUN_2
71660,16383,FUN_2,FUN_3
71667,26522,FUN_3,FUN_2
71700,15395,FUN_2,FUN_3
71702,1796,FUN_4,FUN_5
71707,12471,FUN_4,FUN_3
71742,29139,CUBE_R,FUN_6
71744,11373,FUN_2,FUN_3
71793,15395,FUN_3,FUN_2
71810,15528,RET,CUBE_R
71812,28586,FUN_5,FUN_4
71813,1008,FUN_2,FUN_1
71852,22744,FUN_2,FUN_1
71861,9548,FUN_2,FUN_1
71888,9038,RET,CUBE_R
71889,5266,RET,CUBE_L
71894,7995,FUN_3,FUN_2
71894,10068,FUN_3,FUN_2
71919,3811,FUN_4,FUN_3
71924,9752,RET,CUBE_L
71928,1311,FUN_5,FUN_4
71936,24044,FUN_1,FUN_2
71955,9523,FUN_3,FUN_4
71980,7725,FUN_1,FUN_2
71990,24344,CUBE_R,RET
71996,17530,FUN_3,FUN_2
72012,27858,FUN_1,FUN_2
72013,18813,FUN_2,FUN_1
72014,2144,FUN_4,FUN_3
72017,4117,FUN_3,FUN_4
72027,11978,FUN_3,FUN_2
72045,354,FUN_4,FUN_3
72048,27982,FUN_4,FUN_3
72051,20388,CUBE_L,RET
72057,898,FUN_2,FUN_3
72067,29492,FUN_3,FUN_2
72077,8107,FUN_3,FUN_4
72094,5629,FUN_1,FUN_2
72105,21459,FUN_2,FUN_3
72110,12244,FUN_3,FUN_2
72111,16894,FUN_3,FUN_2
72129,22346,RET,CUBE_R
72138,2714,FUN_3,FUN_2
72158,2371,FUN_4,FUN_3
72159,8107,FUN_4,FUN_3
72186,5566,FUN_3,FUN_2
72189,18972,FUN_5,FUN_4
72213,9900,FUN_2,FUN_3
72219,14883,FUN_1,FUN_2
72243,23804,FUN_2,FUN_3
72249,775,FUN_2,FUN_3
72266,24489,CUBE_R,RET
72268,2371,FUN_3,FUN_4
72269,10931,FUN_2,FUN_1
72277,17240,FUN_3,FUN_4
72288,28586,FUN_4,FUN_5
72314,10718,FUN_2,FUN_1
72325,25118,FUN_2,FUN_3
72341,10895,FUN_1,FUN_2
72347,7267,FUN_1,FUN_2
72351,2211,FUN_1,FUN_2
72359,2144,FUN_3,FUN_4
72364,18450,CUBE_L,FUN_1
72372,23560,CUBE_R,RET
72375,138,CUBE_L,RET
72384,19294,FUN_4,FUN_3
72386,14483,RET,CUBE_L
72409,26417,FUN_3,FUN_2
72447,16585,FUN_3,FUN_2
72454,22706,FUN_3,FUN_4
72462,26675,FUN_2,FUN_3
72464,14102,FUN_3,FUN_4
72467,25935,FUN_3,FUN_4
72472,16089,FUN_3,FUN_4
72472,21379,FUN_2,FUN_1
72473,7269,FUN_1,FUN_2
72477,19294,FUN_3,FUN_4
72482,5140,FUN_3,FUN_2
72496,534,FUN_2,FUN_1
72510,2008,FUN_1,FUN_2
72544,8525,FUN_2,FUN_3
72568,6034,FUN_2,FUN_3
72581,23795,FUN_3,FUN_2
72588,27588,RET,CUBE_R
72596,21958,RET,CUBE_R
72606,7267,FUN_2,FUN_1
72612,19561,FUN_3,FUN_4
72621,12804,FUN_2,FUN_3
72657,22325,FUN_4,FUN_3
72665,26595,FUN_2,FUN_1
72669,6696,FUN_3,FUN_2
72695,13150,FUN_4,FUN_3
72710,22602,FUN_5,FUN_4
72712,2211,FUN_2,FUN_1
72745,1725,FUN_2,FUN_1
72746,25935,FUN_4,FUN_3
72766,7267,FUN_1,FUN_2
72787,11930,FUN_5,FUN_4
72788,14351,FUN_5,FUN_4
72793,16932,FUN_5,FUN_4
72795,21749,FUN_3,FUN_2
72800,19152,FUN_3,FUN_4
72803,23326,FUN_2,FUN_3
72812,2008,FUN_2,FUN_1
72822,9060,FUN_6,FUN_5
72840,28110,FUN_3,FUN_2
72861,1461,FUN_2,FUN_3
72870,21528,FUN_5,FUN_4
72873,16173,FUN_2,FUN_1
72879,7326,FUN_2,FUN_1
72880,22597,FUN_4,FUN_5
72885,364,FUN_2,FUN_1
72886,7269,FUN_2,FUN_1
72889,18490,FUN_4,FUN_5
72891,23326,FUN_3,FUN_2
72893,19440,FUN_3,FUN_4
72902,754,FUN_1,FUN_2
72916,3730,CUBE_L,RET
72932,2714,FUN_2,FUN_3
72936,28691,FUN_4,FUN_3
72945,12702,FUN_3,FUN_2
72949,19294,FUN_4,FUN_3
72957,56,CUBE_R,RET
72966,5266,CUBE_L,RET
72975,26414,FUN_6,FUN_5
72987,9623,FUN_4,FUN_3
72991,138,RET,CUBE_L
72997,2714,FUN_3,FUN_2
73005,20078,FUN_2,FUN_3
73020,24487,CUBE_L,RET
73029,7690,FUN_5,FUN_6
73030,22558,CUBE_L,FUN_1
73031,9391,FUN_1,FUN_2
73040,7267,FUN_2,FUN_1
73043,7716,RET,CUBE_R
73048,3583,FUN_1,FUN_2
73059,29544,FUN_2,FUN_1
73067,18802,FUN_2,FUN_3
73080,28110,FUN_2,FUN_3
73081,28415,FUN_2,FUN_3
73086,11581,FUN_1,CUBE_L
73089,5140,FUN_2,FUN_3
73093,26169,FUN_3,FUN_4
73109,18450,FUN_1,CUBE_L
73119,28656,FUN_2,FUN_3
73124,8107,FUN_3,FUN_4
73125,26417,FUN_2,FUN_3
73149,20628,CUBE_R,RET
73150,24333,CUBE_R,RET
73157,15212,FUN_2,FUN_3
73157,20361,FUN_2,FUN_3
73160,9900,FUN_3,FUN_2
73160,26460,FUN_2,FUN_3
73175,372,FUN_5,FUN_4
73182,6314,FUN_3,FUN_2
73231,27812,FUN_3,FUN_2
73236,2714,FUN_2,FUN_3
73253,9548,FUN_1,FUN_2
73259,27928,FUN_4,FUN_5
73267,16586,FUN_2,FUN_1
73271,10128,FUN_4,FUN_3
73297,19002,FUN_2,FUN_3
73299,29340,CUBE_R,FUN_6
73312,22481,FUN_6,FUN_5
73326,3951,FUN_5,FUN_6
73328,8894,FUN_5,FUN_4
73332,18485,CUBE_L,RET
73348,16326,RET,CUBE_L
73351,28110,FUN_3,FUN_2
73356,25126,FUN_2,FUN_1
73363,24333,RET,CUBE_R
73365,2440,CUBE_L,RET
73369,20333,FUN_2,FUN_1
73379,12471,FUN_3,FUN_4
73389,28186,RET,CUBE_L
73391,26783,FUN_2,FUN_3
73404,8434,FUN_2,FUN_3
73419,15526,FUN_2,FUN_1
73424,20039,FUN_2,FUN_1
73462,16894,FUN_2,FUN_3
73464,4557,FUN_3,FUN_2
73477,9489,FUN_5,FUN_6
73477,18813,FUN_1,FUN_2
73497,28193,CUBE_L,RET
73512,24054,FUN_5,FUN_4
73514,29492,FUN_2,FUN_3
73518,14859,CUBE_R,FUN_6
73522,18092,FUN_1,FUN_2
73531,5629,FUN_2,FUN_1
73537,20025,FUN_4,FUN_3
73549,6043,FUN_4,FUN_5
73566,2064,FUN_2,FUN_3
73610,12370,FUN_3,FUN_2
73614,7525,FUN_2,FUN_1
73617,9705,FUN_1,CUBE_L
73622,19796,FUN_2,FUN_1
73624,9704,FUN_6,FUN_5
73634,16089,FUN_4,FUN_3
73642,23099,FUN_5,FUN_6
73654,16256,RET,CUBE_R
73696,16761,FUN_2,FUN_1
73723,4505,FUN_4,FUN_5
73725,25155,FUN_5,FUN_4
73736,14483,CUBE_L,RET
73742,28489,CUBE_R,RET
73748,28110,FUN_2,FUN_3
73752,15773,FUN_3,FUN_2
73753,3983,FUN_1,FUN_2
73758,15397,RET,CUBE_R
73758,18066,FUN_3,FUN_2
73761,14881,FUN_1,CUBE_L
73776,22873,FUN_4,FUN_5
73798,8625,FUN_1,CUBE_L
73799,610,FUN_5,FUN_4
73803,28656,FUN_3,FUN_2
73806,15528,CUBE_R,RET
73808,20753,FUN_3,FUN_4
73813,21753,FUN_2,FUN_1
73830,4684,FUN_5,FUN_4
73836,10444,RET,CUBE_L
73843,12702,FUN_2,FUN_3
73845,26266,FUN_4,FUN_3
73846,16585,FUN_2,FUN_3
73849,29956,FUN_4,FUN_3
73860,27090,CUBE_R,RET
73885,6797,CUBE_L,RET
73887,13253,FUN_1,FUN_2
73903,21459,FUN_3,FUN_2
73907,5576,FUN_5,FUN_4
73917,2247,FUN_6,FUN_5
73923,14634,FUN_4,FUN_3
73944,26417,FUN_3,FUN_2
73952,18450,CUBE_L,FUN_1
73953,7326,FUN_1,FUN_2
73958,9294,RET,CUBE_L
73962,22602,FUN_4,FUN_5
73968,17863,FUN_5,FUN_4
73971,3495,FUN_3,FUN_2
73978,19468,FUN_1,FUN_2
73998,28321,FUN_6,CUBE_R
74014,21484,CUBE_R,RET
74029,4873,FUN_6,FUN_5
74030,9523,FUN_4,FUN_3
74033,6738,FUN_3,FUN_2
74049,19024,FUN_3,FUN_2
74069,20838,FUN_3,FUN_4
74070,29215,FUN_4,FUN_5
74072,8765,FUN_2,FUN_1
74087,21449,FUN_4,FUN_3
74093,6560,FUN_6,CUBE_R
74096,19383,FUN_2,FUN_1
74101,19294,FUN_3,FUN_4
74101,19691,CUBE_L,RET
74102,18383,FUN_3,FUN_2
74107,10,FUN_6,CUBE_R
74112,22180,FUN_3,FUN_2
74112,26079,FUN_4,FUN_3
74114,9977,FUN_4,FUN_3
74121,22894,RET,CUBE_L
74135,23020,CUBE_R,RET
74161,21017,FUN_3,FUN_4
74172,28415,FUN_3,FUN_2
74228,28523,FUN_5,FUN_4
74233,26169,FUN_4,FUN_3
74239,6726,CUBE_R,FUN_6
74252,2144,FUN_4,FUN_3
74253,5932,FUN_3,FUN_4
74254,11978,FUN_2,FUN_3
74270,26417,FUN_2,FUN_3
74304,8690,FUN_6,CUBE_R
74304,29757,FUN_1,FUN_2
74311,9523,FUN_3,FUN_4
74333,10385,FUN_4,FUN_3
74335,25639,FUN_4,FUN_5
74374,9752,CUBE_L,RET
74387,26568,RET,CUBE_R
74414,1251,RET,CUBE_L
74427,21753,FUN_1,FUN_2
74434,16579,FUN_2,FUN_3
74437,25820,RET,CUBE_L
74474,4119,CUBE_L,FUN_1
74477,5434,FUN_1,FUN_2
74483,23326,FUN_2,FUN_3
74489,2008,FUN_1,FUN_2
74490,4796,FUN_1,FUN_2
74506,4557,FUN_2,FUN_3
74520,11319,FUN_3,FUN_4
74529,26047,RET,CUBE_R
74548,10678,FUN_2,FUN_1
74560,3811,FUN_3,FUN_4
74564,6736,CUBE_L,FUN_1
74573,20025,FUN_3,FUN_4
74580,7371,FUN_3,FUN_2
74586,9060,FUN_5,FUN_6
74588,5266,RET,CUBE_L
74592,17241,FUN_3,FUN_4
74593,12973,CUBE_R,RET
74617,19440,FUN_4,FUN_3
74639,12956,FUN_3,FUN_2
74649,9523,FUN_4,FUN_3
74661,12358,CUBE_L,RET
74677,1017,FUN_1,FUN_2
74682,9232,CUBE_R,FUN_6
74684,2037,FUN_6,CUBE_R
74715,3241,FUN_1,CUBE_L
74718,15513,FUN_3,FUN_2
74718,18167,FUN_2,FUN_3
74721,4004,RET,CUBE_L
74745,10177,FUN_6,FUN_5
74768,15480,FUN_4,FUN_5
74770,18969,FUN_4,FUN_3
74771,5582,FUN_4,FUN_3
74808,6071,FUN_1,FUN_2
74813,10718,FUN_1,FUN_2
74814,23795,FUN_2,FUN_3
74822,1294,FUN_2,FUN_3
74868,18907,RET,CUBE_R
74868,19002,FUN_3,FUN_2
74878,10177,FUN_5,FUN_6
74890,29561,CUBE_L,RET
74909,6043,FUN_5,FUN_4
74919,19604,CUBE_R,RET
74936,9489,FUN_6,FUN_5
74942,5819,FUN_1,FUN_2
74943,13804,CUBE_L,FUN_1
74950,22180,FUN_2,FUN_3
74957,7556,FUN_3,FUN_4
74961,26079,FUN_3,FUN_4
74974,22766,FUN_3,FUN_4
74986,9704,FUN_5,FUN_6
74987,18167,FUN_3,FUN_2
75023,8558,FUN_4,FUN_3
75032,9489,FUN_5,FUN_6
75065,26079,FUN_4,FUN_3
75079,22797,FUN_2,FUN_3
75087,25118,FUN_3,FUN_2
75095,19440,FUN_3,FUN_4
75095,21897,FUN_1,FUN_2
75110,20753,FUN_4,FUN_3
75112,142,FUN_3,FUN_2
75114,12746,FUN_6,FUN_5
75140,9007,CUBE_R,RET
75153,15530,FUN_3,FUN_2
75153,22587,FUN_4,FUN_3
75155,27762,CUBE_L,FUN_1
75174,796,FUN_1,FUN_2
75191,9623,FUN_3,FUN_4
75211,29201,FUN_5,FUN_6
75230,23399,CUBE_R,RET
75264,29340,FUN_6,CUBE_R
75280,20838,FUN_4,FUN_3
75282,10931,FUN_1,FUN_2
75298,12370,FUN_2,FUN_3
75313,16599,CUBE_L,FUN_1
75318,2835,FUN_1,CUBE_L
75337,28767,FUN_2,FUN_1
75352,4684,FUN_4,FUN_5
75359,8156,FUN_4,FUN_3
75361,7269,FUN_1,FUN_2
75367,142,FUN_2,FUN_3
75385,16256,CUBE_R,RET
75398,12244,FUN_2,FUN_3
75407,11992,RET,CUBE_L
75434,21749,FUN_2,FUN_3
75435,12408,FUN_2,FUN_3
75454,26178,FUN_2,FUN_3
75457,1461,FUN_3,FUN_2
75459,28015,FUN_2,FUN_3
75471,2440,RET,CUBE_L
75473,22597,FUN_5,FUN_4
75482,9705,CUBE_L,FUN_1
75529,4986,FUN_3,FUN_4
75529,11911,FUN_5,FUN_6
75583,13031,FUN_1,FUN_2
75601,23561,FUN_6,FUN_5
75602,12244,FUN_3,FUN_2
75615,26079,FUN_3,FUN_4
75630,28437,CUBE_R,RET
75630,29477,FUN_2,FUN_1
75636,2331,FUN_3,FUN_4
75640,5602,FUN_3,FUN_2
75645,1017,FUN_2,FUN_1
75660,12213,FUN_1,FUN_2
75668,6180,FUN_2,FUN_3
75669,10734,FUN_2,FUN_3
75670,10391,FUN_4,FUN_3
75686,20262,FUN_5,FUN_4
75708,29358,FUN_2,FUN_1
75718,24283,FUN_3,FUN_4
75725,16241,FUN_3,FUN_4
75730,25899,FUN_2,FUN_1
75737,27842,CUBE_R,RET
75748,28736,FUN_2,FUN_3
75749,27784,FUN_4,FUN_3
75753,21017,FUN_4,FUN_3
75756,11157,FUN_2,FUN_3
75765,25152,FUN_1,FUN_2
75768,364,FUN_1,FUN_2
75778,10424,FUN_1,FUN_2
75805,5566,FUN_2,FUN_3
75806,3367,FUN_3,FUN_2
75840,24617,FUN_3,FUN_2
75852,12224,FUN_2,FUN_3
75855,7508,FUN_6,FUN_5
75875,15526,FUN_1,FUN_2
75898,5434,FUN_2,FUN_1
75898,21897,FUN_2,FUN_1
75906,6132,FUN_2,FUN_1
75928,26783,FUN_3,FUN_2
75929,22934,FUN_3,FUN_2
75939,18435,CUBE_L,RET
75941,796,FUN_2,FUN_1
75954,19691,RET,CUBE_L
75955,23379,FUN_3,FUN_4
75956,8749,FUN_4,FUN_3
75957,28204,FUN_2,FUN_3
75959,5686,FUN_4,FUN_3
75959,28656,FUN_2,FUN_3
75987,2371,FUN_4,FUN_3
75993,11992,CUBE_L,RET
76006,8419,FUN_1,FUN_2
76020,19754,FUN_1,FUN_2
76034,6132,FUN_1,FUN_2
76037,19559,CUBE_L,FUN_1
76057,3730,RET,CUBE_L
76068,6933,FUN_5,FUN_6
76079,6547,FUN_4,FUN_3
76081,18936,RET,CUBE_R
76098,12244,FUN_2,FUN_3
76109,21815,FUN_1,FUN_2
76109,22934,FUN_2,FUN_3
76120,10082,FUN_1,FUN_2
76121,2037,CUBE_R,FUN_6
76130,7178,FUN_6,FUN_5
76183,21123,FUN_2,FUN_1
76198,9215,FUN_3,FUN_4
76209,20753,FUN_3,FUN_4
76229,2440,CUBE_L,RET
76236,5957,CUBE_R,RET
76244,16650,FUN_3,FUN_2
76262,19796,FUN_1,FUN_2
76269,18936,CUBE_R,RET
76323,18802,FUN_3,FUN_2
76330,19922,FUN_2,FUN_3
76335,6132,FUN_2,FUN_1
76339,27305,CUBE_R,FUN_6
76366,26988,FUN_2,FUN_3
76368,19796,FUN_2,FUN_1
76395,28606,FUN_1,FUN_2
76395,29226,FUN_3,FUN_2
76421,8535,CUBE_L,RET
76421,18936,RET,CUBE_R
76424,2331,FUN_4,FUN_3
76440,16761,FUN_1,FUN_2
76455,2565,FUN_3,FUN_4
76459,21086,CUBE_R,FUN_6
76484,796,FUN_1,FUN_2
76488,2518,FUN_1,FUN_2
76496,18435,RET,CUBE_L
76502,6944,FUN_2,FUN_3
76522,15580,FUN_4,FUN_5
76562,24212,FUN_5,FUN_6
76564,2659,FUN_5,FUN_6
76568,26595,FUN_1,FUN_2
76577,23260,FUN_5,FUN_4
76582,7565,FUN_2,FUN_3
76596,10444,CUBE_L,RET
76612,19383,FUN_1,FUN_2
76616,25899,FUN_1,FUN_2
76643,364,FUN_2,FUN_1
76646,10734,FUN_3,FUN_2
76658,15513,FUN_2,FUN_3
76659,19285,FUN_1,FUN_2
76662,8558,FUN_3,FUN_4
76678,16256,RET,CUBE_R
76684,24066,FUN_3,FUN_2
76685,5566,FUN_3,FUN_2
76688,18298,FUN_3,FUN_4
76707,11768,FUN_2,FUN_1
76716,12956,FUN_2,FUN_3
76721,2714,FUN_3,FUN_2
76740,56,RET,CUBE_R
76746,12244,FUN_3,FUN_2
76756,6300,FUN_2,FUN_1
76756,9146,FUN_2,FUN_3
76758,19440,FUN_4,FUN_3
76766,11551,FUN_1,FUN_2
76771,24054,FUN_4,FUN_5
76794,7371,FUN_2,FUN_3
76824,6624,FUN_2,FUN_1
76839,26783,FUN_2,FUN_3
76840,7593,CUBE_L,RET
76845,6738,FUN_2,FUN_3
76847,17201,RET,CUBE_L
76851,2211,FUN_1,FUN_2
76874,12623,FUN_3,FUN_2
76891,6222,FUN_2,FUN_1
76893,11767,FUN_4,FUN_5
76897,3478,CUBE_L,RET
76908,11894,FUN_1,FUN_2
76911,23219,CUBE_R,FUN_6
76938,24377,CUBE_R,FUN_6
76962,108,CUBE_L,FUN_1
76968,11500,FUN_1,FUN_2
76988,7565,FUN_3,FUN_2
76994,14136,FUN_4,FUN_3
77003,29226,FUN_2,FUN_3
77051,13917,CUBE_R,RET
77056,22873,FUN_5,FUN_4
77062,10444,RET,CUBE_L
77076,13917,RET,CUBE_R
77097,3611,CUBE_R,FUN_6
77113,3644,FUN_2,FUN_3
77122,15730,FUN_3,FUN_4
77128,11373,FUN_3,FUN_2
77140,29139,FUN_6,CUBE_R
77144,18383,FUN_2,FUN_3
77147,15761,CUBE_R,RET
77157,6624,FUN_1,FUN_2
77169,10734,FUN_2,FUN_3
77172,29002,CUBE_R,FUN_6
77177,20197,FUN_2,FUN_3
77187,14076,RET,CUBE_L
77191,24142,FUN_6,CUBE_R
77200,6163,FUN_3,FUN_4
77202,9623,FUN_4,FUN_3
77203,21897,FUN_1,FUN_2
77209,29226,FUN_3,FUN_2
77217,19420,CUBE_R,RET
77223,3806,FUN_3,FUN_4
77229,25155,FUN_4,FUN_5
77237,22534,FUN_5,FUN_6
77238,27837,RET,CUBE_R
77240,9245,CUBE_R,RET
77264,6797,RET,CUBE_L
77272,19031,RET,CUBE_L
77274,22899,CUBE_R,FUN_6
77275,8765,FUN_1,FUN_2
77280,26498,FUN_1,FUN_2
77305,24945,FUN_2,FUN_1
77309,610,FUN_4,FUN_5
77325,17347,FUN_3,FUN_4
77351,15480,FUN_5,FUN_4
77391,13726,CUBE_R,FUN_6
77404,13917,CUBE_R,RET
77408,23379,FUN_4,FUN_3
77410,1732,FUN_4,FUN_3
77411,9526,FUN_2,FUN_1
77411,9750,FUN_1,FUN_2
77422,13014,FUN_1,CUBE_L
77428,15989,FUN_2,FUN_3
77440,17201,CUBE_L,RET
77443,6736,FUN_1,CUBE_L
77443,20377,FUN_4,FUN_5
77448,23068,FUN_3,FUN_4
77451,17414,FUN_5,FUN_4
77472,6624,FUN_2,FUN_1
77486,7982,FUN_3,FUN_2
77489,19969,FUN_5,FUN_4
77498,17315,FUN_4,FUN_5
77499,8699,FUN_1,FUN_2
77502,15500,FUN_2,FUN_3
77533,560,FUN_5,FUN_6
77536,13917,RET,CUBE_R
77537,8472,FUN_3,FUN_2
77556,4684,FUN_5,FUN_4
77561,21969,FUN_3,FUN_2
77573,25126,FUN_1,FUN_2
77584,26568,CUBE_R,RET
77604,29196,CUBE_L,RET
77611,19468,FUN_2,FUN_1
77629,8749,FUN_3,FUN_4
77647,14026,FUN_2,FUN_1
77657,4528,FUN_1,FUN_2
77673,17173,FUN_3,FUN_4
77680,19929,CUBE_L,RET
77712,14102,FUN_4,FUN_3
77724,6726,FUN_6,CUBE_R
77749,16599,FUN_1,CUBE_L
77766,20600,CUBE_L,FUN_1
77767,6933,FUN_6,FUN_5
77774,9146,FUN_3,FUN_2
77777,9456,FUN_5,FUN_4
77784,238,FUN_3,FUN_4
77789,25017,RET,CUBE_L
77802,17500,FUN_1,FUN_2
77830,26783,FUN_3,FUN_2
77833,15409,CUBE_R,RET
77834,5062,FUN_6,FUN_5
77838,8275,FUN_3,FUN_2
77860,9245,RET,CUBE_R
77863,15699,FUN_3,FUN_2
77886,27928,FUN_5,FUN_4
77887,18435,CUBE_L,RET
77891,25142,RET,CUBE_R
77910,2178,FUN_2,FUN_3
77910,7806,FUN_2,FUN_3
77920,26266,FUN_3,FUN_4
77954,8419,FUN_2,FUN_1
77956,15091,FUN_2,FUN_3
77966,6560,CUBE_R,FUN_6
77966,8380,FUN_2,FUN_1
77967,27144,FUN_1,CUBE_L
77971,8933,FUN_2,FUN_3
77971,11767,FUN_5,FUN_4
77972,26079,FUN_4,FUN_3
77975,20197,FUN_3,FUN_2
77976,9900,FUN_2,FUN_3
77996,28415,FUN_2,FUN_3
78010,9146,FUN_2,FUN_3
78014,6037,FUN_4,FUN_5
78031,2567,FUN_3,FUN_2
78033,19002,FUN_2,FUN_3
78044,12408,FUN_3,FUN_2
78045,19886,FUN_2,FUN_3
78067,3920,FUN_3,FUN_2
78073,28258,CUBE_L,RET
78079,14720,FUN_3,FUN_2
78105,29477,FUN_1,FUN_2
78113,24044,FUN_2,FUN_1
78119,7791,FUN_3,FUN_2
78126,1020,FUN_2,FUN_1
78152,8548,FUN_1,FUN_2
78152,19739,RET,CUBE_L
78186,22706,FUN_4,FUN_3
78212,2211,FUN_2,FUN_1
78219,17414,FUN_4,FUN_5
78235,14098,FUN_2,FUN_3
78258,5686,FUN_3,FUN_4
78262,24212,FUN_6,FUN_5
78262,28656,FUN_3,FUN_2
78268,5760,RET,CUBE_R
78290,815,CUBE_L,FUN_1
78294,13455,FUN_3,FUN_2
78299,19525,CUBE_R,RET
78322,14867,CUBE_L,RET
78324,18383,FUN_3,FUN_2
78330,27812,FUN_2,FUN_3
78336,16586,FUN_1,FUN_2
78345,21978,CUBE_L,FUN_1
78345,24861,FUN_5,FUN_4
78356,13946,FUN_2,FUN_3
78368,22744,FUN_1,FUN_2
78377,2037,FUN_6,CUBE_R
78378,24141,FUN_1,CUBE_L
78381,25126,FUN_2,FUN_1
78386,813,FUN_2,FUN_3
78393,22408,FUN_2,FUN_3
78399,29304,FUN_2,FUN_1
78412,24054,FUN_5,FUN_4
78414,18298,FUN_4,FUN_3
78421,17552,FUN_6,FUN_5
78425,17533,FUN_4,FUN_3
78427,20776,FUN_3,FUN_4
78427,27322,FUN_1,FUN_2
78430,775,FUN_3,FUN_2
78440,8548,FUN_2,FUN_1
78445,9476,CUBE_R,FUN_6
78449,1423,FUN_2,FUN_1
78463,24124,CUBE_L,RET
78493,1171,FUN_5,FUN_6
78497,9245,CUBE_R,RET
78504,920,FUN_2,FUN_1
78521,6624,FUN_1,FUN_2
78521,13078,CUBE_L,FUN_1
78524,7008,FUN_1,FUN_2
78528,10385,FUN_3,FUN_4
78539,24338,RET,CUBE_R
78558,7565,FUN_2,FUN_3
78572,7617,FUN_3,FUN_2
78578,2211,FUN_1,FUN_2
78592,1769,FUN_3,FUN_4
78592,6222,FUN_1,FUN_2
78602,26178,FUN_3,FUN_2
78621,20838,FUN_3,FUN_4
78636,29744,FUN_4,FUN_3
78639,4257,FUN_2,FUN_3
78641,25666,FUN_2,FUN_1
78648,21736,FUN_2,FUN_1
78652,25831,FUN_4,FUN_5
78659,2636,FUN_6,CUBE_R
78668,14532,FUN_2,FUN_3
78671,1027,RET,CUBE_R
78671,20829,FUN_2,FUN_3
78681,19796,FUN_1,FUN_2
78686,4594,FUN_2,FUN_1
78692,7269,FUN_2,FUN_1
78697,56,CUBE_R,RET
78741,25250,FUN_2,FUN_1
78746,15409,RET,CUBE_R
78760,1423,FUN_1,FUN_2
78774,19092,FUN_2,FUN_1
78783,2953,FUN_3,FUN_4
78802,4257,FUN_3,FUN_2
78809,4164,FUN_3,FUN_4
78809,6560,FUN_6,CUBE_R
78811,10391,FUN_3,FUN_4
78819,19015,CUBE_R,FUN_6
78821,8765,FUN_2,FUN_1
78830,8625,CUBE_L,FUN_1
78840,17530,FUN_2,FUN_3
78845,26449,FUN_2,FUN_3
78846,1027,CUBE_R,RET
78855,4234,FUN_4,FUN_3
78871,4594,FUN_1,FUN_2
78874,13623,FUN_5,FUN_6
78877,26681,FUN_4,FUN_3
78889,2647,FUN_3,FUN_2
78891,22816,FUN_3,FUN_2
78900,14301,FUN_2,FUN_1
78901,17517,FUN_3,FUN_2
78910,18083,RET,CUBE_L
78912,353,CUBE_R,RET
78927,16089,FUN_3,FUN_4
78936,21724,RET,CUBE_R
78951,28694,FUN_1,FUN_2
78956,26047,CUBE_R,RET
78961,4162,FUN_4,FUN_3
78966,26483,FUN_3,FUN_4
78977,16410,CUBE_R,RET
78979,27105,FUN_3,FUN_2
78981,1587,FUN_3,FUN_2
78996,29358,FUN_1,FUN_2
78997,1008,FUN_1,FUN_2
79005,5629,FUN_1,FUN_2
79011,24142,CUBE_R,FUN_6
79023,22408,FUN_3,FUN_2
79025,26473,CUBE_L,RET
79045,6222,FUN_2,FUN_1
79062,3730,CUBE_L,RET
79062,4873,FUN_5,FUN_6
79068,25126,FUN_1,FUN_2
79073,5108,FUN_1,FUN_2
79079,9208,FUN_3,FUN_2
79094,2037,CUBE_R,FUN_6
79097,8775,FUN_3,FUN_2
79100,2226,RET,CUBE_R
79101,6241,FUN_3,FUN_2
79103,5660,FUN_2,FUN_1
79105,9089,FUN_2,FUN_3
79106,26079,FUN_3,FUN_4
79112,9526,FUN_1,FUN_2
79130,26449,FUN_3,FUN_2
79139,3583,FUN_2,FUN_1
79141,8558,FUN_4,FUN_3
79159,8471,FUN_4,FUN_5
79163,25250,FUN_1,FUN_2
79175,8749,FUN_4,FUN_3
79175,9054,FUN_6,CUBE_R
79195,27619,FUN_5,FUN_6
79200,28193,RET,CUBE_L
79203,5576,FUN_4,FUN_5
79204,19804,RET,CUBE_L
79210,22557,FUN_2,FUN_1
79234,9078,FUN_3,FUN_4
79275,10851,FUN_2,FUN_1
79300,25250,FUN_2,FUN_1
79304,21477,CUBE_R,RET
79344,5834,FUN_4,FUN_3
79356,1027,RET,CUBE_R
79368,1461,FUN_2,FUN_3
79394,27305,FUN_6,CUBE_R
79396,13044,FUN_1,FUN_2
79397,22816,FUN_2,FUN_3
79419,13078,FUN_1,CUBE_L
79436,20413,FUN_2,FUN_1
79440,3730,RET,CUBE_L
79458,4885,FUN_4,FUN_3
79460,6157,CUBE_R,FUN_6
79460,26920,FUN_2,FUN_3
79465,4594,FUN_2,FUN_1
79471,19552,FUN_5,FUN_6
79478,25155,FUN_5,FUN_4
79480,22464,FUN_5,FUN_4
79510,26185,FUN_1,FUN_2
79548,19312,FUN_5,FUN_4
79549,3318,FUN_5,FUN_6
79566,9208,FUN_2,FUN_3
79570,26783,FUN_2,FUN_3
79584,22935,FUN_3,FUN_4
79598,6797,CUBE_L,RET
79616,10128,FUN_3,FUN_4
79626,19796,FUN_2,FUN_1
79628,5566,FUN_2,FUN_3
79628,16579,FUN_3,FUN_2
79635,22597,FUN_4,FUN_5
79665,26473,RET,CUBE_L
79665,26718,FUN_4,FUN_3
79671,26920,FUN_3,FUN_2
79673,24262,FUN_2,FUN_1
79678,24351,FUN_2,FUN_3
79680,14720,FUN_2,FUN_3
79701,12771,FUN_4,FUN_3
79703,9623,FUN_3,FUN_4
79708,17517,FUN_2,FUN_3
79720,28025,CUBE_L,RET
79722,4594,FUN_1,FUN_2
79734,20388,RET,CUBE_L
79739,17414,FUN_5,FUN_4
79785,4993,CUBE_L,RET
79796,3983,FUN_2,FUN_1
79797,3705,FUN_2,FUN_1
79800,28266,FUN_3,FUN_2
79811,14900,FUN_3,FUN_2
79815,15397,CUBE_R,RET
79815,16410,RET,CUBE_R
79837,26595,FUN_2,FUN_1
79853,29115,FUN_5,FUN_6
79854,8558,FUN_3,FUN_4
79859,775,FUN_2,FUN_3
79893,10544,CUBE_L,FUN_1
79897,24942,RET,CUBE_R
79901,29801,FUN_3,FUN_2
79904,22362,FUN_4,FUN_3
79911,5062,FUN_5,FUN_6
79914,19646,FUN_5,FUN_6
79959,930,CUBE_L,RET
79969,10391,FUN_4,FUN_3
79973,1587,FUN_2,FUN_3
79978,1821,FUN_5,FUN_4
79981,16204,FUN_2,FUN_1
79983,8037,FUN_1,FUN_2
80001,21969,FUN_2,FUN_3
80002,1990,CUBE_L,RET
80009,4700,FUN_2,FUN_1
80027,24044,FUN_1,FUN_2
80031,4275,FUN_2,FUN_3
80059,3241,CUBE_L,FUN_1
80061,14900,FUN_2,FUN_3
80061,27316,FUN_2,FUN_1
80070,12757,FUN_1,FUN_2
80071,26988,FUN_3,FUN_2
80081,26570,FUN_4,FUN_3
80084,18383,FUN_2,FUN_3
80102,13031,FUN_2,FUN_1
80116,640,FUN_5,FUN_6
80117,22557,FUN_1,FUN_2
80124,3318,FUN_6,FUN_5
80135,9054,CUBE_R,FUN_6
80137,28778,FUN_1,FUN_2
80146,28736,FUN_3,FUN_2
80152,24044,FUN_2,FUN_1
80153,9054,FUN_6,CUBE_R
80153,27179,FUN_2,FUN_3
80154,9054,CUBE_R,FUN_6
80154,24945,FUN_1,FUN_2
80159,28437,RET,CUBE_R
80160,14301,FUN_1,FUN_2
80161,19037,CUBE_R,FUN_6
80164,9054,FUN_6,CUBE_R
80173,27619,FUN_6,FUN_5
80180,8558,FUN_4,FUN_3
80180,11504,FUN_6,CUBE_R
80187,10391,FUN_3,FUN_4
80216,17414,FUN_4,FUN_5
80259,24044,FUN_1,FUN_2
80267,5479,FUN_3,FUN_2
80283,28362,FUN_6,FUN_5
80285,13245,FUN_3,FUN_4
80291,9054,CUBE_R,FUN_6
80293,15254,FUN_3,FUN_4
80299,12408,FUN_2,FUN_3
80307,28489,RET,CUBE_R
80311,875,CUBE_R,RET
80311,16579,FUN_2,FUN_3
80327,23795,FUN_3,FUN_2
80328,18083,CUBE_L,RET
80355,7269,FUN_1,FUN_2
80356,23457,FUN_4,FUN_5
80406,15530,FUN_2,FUN_3
80412,22577,FUN_3,FUN_4
80415,17533,FUN_3,FUN_4
80430,27459,FUN_2,FUN_3
80434,20753,FUN_4,FUN_3
80442,4528,FUN_2,FUN_1
80447,8419,FUN_1,FUN_2
80465,5031,FUN_4,FUN_3
80468,20333,FUN_1,FUN_2
80472,13099,FUN_2,FUN_3
80503,7508,FUN_5,FUN_6
80510,14098,FUN_3,FUN_2
80515,16208,FUN_4,FUN_5
80517,27305,CUBE_R,FUN_6
80518,2345,FUN_2,FUN_3
80521,21978,FUN_1,CUBE_L
80525,9704,FUN_6,FUN_5
80542,9489,FUN_6,FUN_5
80567,8932,FUN_2,FUN_1
80580,16354,CUBE_L,FUN_1
80591,17500,FUN_2,FUN_1
80598,19395,FUN_1,FUN_2
80613,12471,FUN_4,FUN_3
80643,2565,FUN_4,FUN_3
80658,9054,FUN_6,CUBE_R
80676,18298,FUN_3,FUN_4
80707,4700,FUN_1,FUN_2
80734,11282,FUN_3,FUN_2
80757,9489,FUN_5,FUN_6
80771,9146,FUN_3,FUN_2
80784,5760,CUBE_R,RET
80802,21484,RET,CUBE_R
80821,28778,FUN_2,FUN_1
80824,4700,FUN_2,FUN_1
80829,26483,FUN_4,FUN_3
80835,19525,RET,CUBE_R
80846,3983,FUN_1,FUN_2
80852,15773,FUN_2,FUN_3
80853,19222,RET,CUBE_L
80870,22458,FUN_3,FUN_2
80874,21482,FUN_2,FUN_3
80890,56,RET,CUBE_R
80900,19234,FUN_3,FUN_4
80900,26483,FUN_3,FUN_4
80905,813,FUN_3,FUN_2
80906,15761,RET,CUBE_R
80912,28204,FUN_3,FUN_2
80943,17533,FUN_4,FUN_3
80955,28778,FUN_1,FUN_2
80959,11040,CUBE_L,RET
80965,1098,FUN_1,FUN_2
80967,3367,FUN_2,FUN_3
80978,17414,FUN_5,FUN_4
81007,17078,FUN_2,FUN_1
81012,9923,FUN_4,FUN_3
81073,13875,FUN_1,CUBE_L
81085,23457,FUN_5,FUN_4
81091,21978,CUBE_L,FUN_1
81098,27322,FUN_2,FUN_1
81117,21407,FUN_4,FUN_3
81124,26473,CUBE_L,RET
81126,14771,FUN_5,FUN_4
81138,17500,FUN_1,FUN_2
81150,8932,FUN_1,FUN_2
81156,21929,FUN_2,FUN_1
81162,10391,FUN_4,FUN_3
81166,28778,FUN_2,FUN_1
81169,2008,FUN_2,FUN_1
81179,18610,CUBE_R,FUN_6
81198,22515,FUN_2,FUN_1
81227,8932,FUN_2,FUN_1
81245,17414,FUN_4,FUN_5
81252,17510,FUN_2,FUN_3
81259,3569,RET,CUBE_R
81264,26920,FUN_2,FUN_3
81273,10544,FUN_1,CUBE_L
81280,25155,FUN_4,FUN_5
81282,15989,FUN_3,FUN_2
81286,6241,FUN_2,FUN_3
81292,10128,FUN_4,FUN_3
81294,9245,RET,CUBE_R
81296,15254,FUN_4,FUN_3
81297,11909,FUN_1,FUN_2
81315,28041,CUBE_R,RET
81320,22884,FUN_2,FUN_3
81328,2226,CUBE_R,RET
81351,24035,CUBE_L,RET
81364,22951,RET,CUBE_L
81370,18873,FUN_3,FUN_4
81374,26493,FUN_1,CUBE_L
81390,27619,FUN_5,FUN_6
81392,19220,FUN_4,FUN_3
81406,17414,FUN_5,FUN_4
81408,22022,FUN_4,FUN_5
81418,8548,FUN_1,FUN_2
81420,17414,FUN_4,FUN_5
81445,2008,FUN_1,FUN_2
81446,17533,FUN_3,FUN_4
81449,4077,FUN_3,FUN_4
81466,17441,FUN_1,FUN_2
81475,13099,FUN_3,FUN_2
81477,2440,RET,CUBE_L
81480,10822,FUN_5,FUN_4
81512,15569,FUN_5,FUN_4
81531,20197,FUN_2,FUN_3
81536,2659,FUN_6,FUN_5
81539,22915,FUN_2,FUN_1
81548,26988,FUN_2,FUN_3
81552,17414,FUN_5,FUN_4
81556,17510,FUN_3,FUN_2
81569,16731,FUN_3,FUN_2
81571,13979,FUN_6,FUN_5
81580,6241,FUN_3,FUN_2
81601,9054,CUBE_R,FUN_6
81606,25510,CUBE_L,FUN_1
81608,22346,CUBE_R,RET
81609,25250,FUN_1,FUN_2
81613,25250,FUN_2,FUN_1
81616,27392,FUN_3,FUN_2
81620,2364,FUN_2,FUN_1
81623,1165,RET,CUBE_L
81625,25250,FUN_1,FUN_2
81627,9146,FUN_2,FUN_3
81643,22884,FUN_3,FUN_2
81647,16197,FUN_3,FUN_2
81647,20025,FUN_4,FUN_3
81649,3241,FUN_1,CUBE_L
81649,5690,FUN_1,FUN_2
81669,6157,FUN_6,CUBE_R
81681,17533,FUN_4,FUN_3
81688,22534,FUN_6,FUN_5
81694,13294,CUBE_R,RET
81695,14136,FUN_3,FUN_4
81711,15814,FUN_2,FUN_1
81729,27316,FUN_1,FUN_2
81734,9623,FUN_4,FUN_3
81734,19796,FUN_1,FUN_2
81739,22082,CUBE_R,FUN_6
81739,26681,FUN_3,FUN_4
81743,12260,RET,CUBE_R
81748,17584,FUN_3,FUN_2
81766,467,FUN_4,FUN_5
81766,742,FUN_1,FUN_2
81766,2647,FUN_2,FUN_3
81768,5760,RET,CUBE_R
81770,17451,RET,CUBE_L
81770,21499,FUN_3,FUN_4
81785,25510,FUN_1,CUBE_L
81799,29492,FUN_3,FUN_2
81818,14475,CUBE_R,RET
81822,29132,FUN_2,FUN_1
81823,18061,FUN_2,FUN_1
81840,25510,CUBE_L,FUN_1
81861,2039,FUN_2,FUN_1
81865,25510,FUN_1,CUBE_L
81874,16187,FUN_2,FUN_3
81883,3844,FUN_3,FUN_2
81884,9245,CUBE_R,RET
81905,26349,FUN_2,FUN_1
81931,20719,FUN_6,FUN_5
81937,28415,FUN_3,FUN_2
81945,26748,FUN_2,FUN_1
81951,8275,FUN_2,FUN_3
81953,5760,CUBE_R,RET
81955,16709,FUN_5,FUN_6
81956,4557,FUN_3,FUN_2
81973,1470,FUN_2,FUN_1
81979,3569,CUBE_R,RET
81988,2133,FUN_5,FUN_4
82004,18801,FUN_5,FUN_4
82005,2371,FUN_3,FUN_4
82006,10088,FUN_2,FUN_3
82009,14867,RET,CUBE_L
82029,22712,FUN_2,FUN_1
82037,19420,RET,CUBE_R
82040,12408,FUN_3,FUN_2
82045,5760,RET,CUBE_R
82049,485,FUN_5,FUN_6
82087,26484,CUBE_R,RET
82088,1769,FUN_4,FUN_3
82118,5760,CUBE_R,RET
82125,7806,FUN_3,FUN_2
82133,18437,FUN_4,FUN_3
82136,2636,CUBE_R,FUN_6
82142,21017,FUN_3,FUN_4
82162,3088,FUN_5,FUN_6
82172,5760,RET,CUBE_R
82199,14725,FUN_2,FUN_3
82206,5899,FUN_3,FUN_4
82220,16731,FUN_2,FUN_3
82222,17315,FUN_5,FUN_4
82226,8037,FUN_2,FUN_1
82232,9748,FUN_1,FUN_2
82239,6026,CUBE_R,FUN_6
82244,2371,FUN_4,FUN_3
82245,7525,FUN_1,FUN_2
82274,9078,FUN_4,FUN_3
82281,7831,FUN_3,FUN_2
82297,9249,FUN_4,FUN_3
82300,20603,FUN_4,FUN_3
82304,2201,FUN_2,FUN_3
82311,13014,CUBE_L,FUN_1
82314,18716,FUN_3,FUN_2
82318,20016,FUN_2,FUN_3
82326,22417,FUN_5,FUN_4
82328,12867,RET,CUBE_R
82335,276,FUN_4,FUN_5
82355,22577,FUN_4,FUN_3
82358,4684,FUN_4,FUN_5
82362,25510,CUBE_L,FUN_1
82369,7525,FUN_2,FUN_1
82373,15771,FUN_1,FUN_2
82383,8775,FUN_2,FUN_3
82385,3318,FUN_5,FUN_6
82392,4292,FUN_1,FUN_2
82394,12408,FUN_2,FUN_3
82396,41,FUN_3,FUN_2
82405,22082,FUN_6,CUBE_R
82408,5686,FUN_4,FUN_3
82424,898,FUN_3,FUN_2
82428,7632,CUBE_L,RET
82479,364,FUN_1,FUN_2
82488,27408,FUN_1,FUN_2
82500,21978,FUN_1,CUBE_L
82539,7632,RET,CUBE_L
82545,1470,FUN_1,FUN_2
82546,10092,CUBE_R,RET
82550,7632,CUBE_L,RET
82552,28186,CUBE_L,RET
82556,16815,FUN_5,FUN_4
82569,19552,FUN_6,FUN_5
82575,8472,FUN_2,FUN_3
82586,2481,FUN_4,FUN_5
82603,396,FUN_3,FUN_2
82632,24140,FUN_2,FUN_3
82636,6241,FUN_2,FUN_3
82680,7632,RET,CUBE_L
82682,23543,FUN_2,FUN_3
82684,10177,FUN_6,FUN_5
82689,11282,FUN_2,FUN_3
82696,13450,FUN_2,FUN_1
82701,7145,CUBE_L,RET
82713,19468,FUN_1,FUN_2
82715,6132,FUN_1,FUN_2
82724,3705,FUN_1,FUN_2
82726,29215,FUN_5,FUN_4
82728,13450,FUN_1,FUN_2
82734,28778,FUN_1,FUN_2
82755,815,FUN_1,CUBE_L
82761,9146,FUN_3,FUN_2
82766,12224,FUN_3,FUN_2
82780,21484,CUBE_R,RET
82799,22534,FUN_5,FUN_6
82811,22873,FUN_4,FUN_5
82815,22915,FUN_1,FUN_2
82826,10282,FUN_4,FUN_3
82826,15989,FUN_2,FUN_3
82833,5703,RET,CUBE_L
82834,26483,FUN_4,FUN_3
82849,8765,FUN_1,FUN_2
82851,27980,FUN_2,FUN_1
82861,16579,FUN_3,FUN_2
82869,13491,FUN_2,FUN_1
82871,5760,CUBE_R,RET
82884,9487,FUN_4,FUN_3
82896,26748,FUN_1,FUN_2
82902,9321,FUN_3,FUN_2
82917,24942,CUBE_R,RET
82922,8775,FUN_3,FUN_2
82927,5686,FUN_3,FUN_4
82927,25682,FUN_5,FUN_6
82934,6447,FUN_2,FUN_3
82942,24945,FUN_2,FUN_1
82983,9526,FUN_2,FUN_1
82985,16845,RET,CUBE_R
82998,19754,FUN_2,FUN_1
83000,7632,CUBE_L,RET
83006,142,FUN_3,FUN_2
83009,6797,RET,CUBE_L
83011,7831,FUN_2,FUN_3
83012,15771,FUN_2,FUN_1
83012,20810,FUN_5,FUN_6
83021,8932,FUN_1,FUN_2
83031,13736,FUN_3,FUN_2
83044,7008,FUN_2,FUN_1
83054,6120,CUBE_R,RET
83059,9853,FUN_3,FUN_2
83072,6944,FUN_3,FUN_2
83072,17315,FUN_4,FUN_5
83076,1251,CUBE_L,RET
83079,18061,FUN_1,FUN_2
83122,9078,FUN_3,FUN_4
83138,20025,FUN_3,FUN_4
83144,2201,FUN_3,FUN_2
83169,15771,FUN_1,FUN_2
83189,19420,CUBE_R,RET
83195,18298,FUN_4,FUN_3
83198,22515,FUN_1,FUN_2
83203,13294,RET,CUBE_R
83218,13560,FUN_4,FUN_3
83219,11451,RET,CUBE_L
83222,2364,FUN_1,FUN_2
83229,16250,FUN_5,FUN_6
83243,27316,FUN_2,FUN_1
83260,25797,FUN_2,FUN_1
83265,11386,FUN_3,FUN_4
83265,22408,FUN_2,FUN_3
83271,19875,FUN_1,FUN_2
83294,29002,FUN_6,CUBE_R
83310,14634,FUN_3,FUN_4
83312,4673,FUN_2,FUN_1
83315,1320,FUN_2,FUN_1
83320,9908,CUBE_R,FUN_6
83325,13980,FUN_5,FUN_4
83327,19670,FUN_4,FUN_5
83332,28025,RET,CUBE_L
83340,6132,FUN_2,FUN_1
83350,11504,CUBE_R,FUN_6
83375,142,FUN_2,FUN_3
83376,15726,FUN_2,FUN_1
83381,14720,FUN_3,FUN_2
83389,26185,FUN_2,FUN_1
83393,9216,FUN_1,FUN_2
83403,11319,FUN_4,FUN_3
83406,10562,FUN_3,FUN_2
83422,15528,RET,CUBE_R
83422,19754,FUN_1,FUN_2
83427,21736,FUN_1,FUN_2
83431,6157,CUBE_R,FUN_6
83436,19796,FUN_2,FUN_1
83442,22346,RET,CUBE_R
83443,3088,FUN_6,FUN_5
83465,4700,FUN_1,FUN_2
83465,16579,FUN_2,FUN_3
83472,25831,FUN_5,FUN_4
83475,9089,FUN_3,FUN_2
83476,25718,RET,CUBE_L
83487,19929,RET,CUBE_L
83495,16410,CUBE_R,RET
83523,8472,FUN_3,FUN_2
83555,22408,FUN_3,FUN_2
83563,26499,FUN_2,FUN_1
83568,19650,FUN_5,FUN_6
83572,22277,CUBE_R,RET
83572,26268,FUN_2,FUN_1
83584,11386,FUN_4,FUN_3
83585,775,FUN_3,FUN_2
83591,956,FUN_4,FUN_3
83591,12889,RET,CUBE_R
83619,10725,FUN_2,FUN_3
83620,19698,FUN_1,FUN_2
83632,23624,FUN_3,FUN_4
83634,21874,CUBE_R,RET
83639,27759,FUN_3,FUN_4
83643,26247,FUN_2,FUN_3
83653,12224,FUN_2,FUN_3
83655,9249,FUN_3,FUN_4
83656,10614,FUN_1,FUN_2
83666,24416,CUBE_L,RET
83679,17533,FUN_3,FUN_4
83685,5660,FUN_1,FUN_2
83687,20649,FUN_1,FUN_2
83692,19220,FUN_3,FUN_4
83723,11909,FUN_2,FUN_1
83724,4937,FUN_3,FUN_2
83733,5576,FUN_5,FUN_4
83745,21874,RET,CUBE_R
83780,17441,FUN_2,FUN_1
83782,2481,FUN_5,FUN_4
83789,7565,FUN_3,FUN_2
83793,15771,FUN_2,FUN_1
83851,9853,FUN_2,FUN_3
83852,2201,FUN_2,FUN_3
83857,15699,FUN_2,FUN_3
83859,3490,FUN_4,FUN_3
83860,18802,FUN_2,FUN_1
83865,18716,FUN_2,FUN_3
83865,25126,FUN_2,FUN_1
83868,14876,FUN_1,FUN_2
83869,7565,FUN_2,FUN_3
83875,25831,FUN_4,FUN_5
83879,15091,FUN_3,FUN_2
83895,5660,FUN_2,FUN_1
83898,13455,FUN_2,FUN_3
83901,24945,FUN_1,FUN_2
83902,5660,FUN_1,FUN_2
83906,15528,CUBE_R,RET
83911,24945,FUN_2,FUN_1
83930,5660,FUN_2,FUN_1
83931,4077,FUN_4,FUN_3
83943,24959,CUBE_R,RET
83953,8222,FUN_1,FUN_2
83953,19420,RET,CUBE_R
83969,1098,FUN_2,FUN_1
83978,9923,FUN_3,FUN_4
83985,6738,FUN_3,FUN_2
83998,15272,FUN_5,FUN_6
84009,21627,FUN_3,FUN_2
84043,19754,FUN_2,FUN_1
84047,16410,RET,CUBE_R
84059,12348,FUN_3,FUN_2
84059,17500,FUN_2,FUN_1
84073,25567,FUN_2,FUN_1
84075,10391,FUN_3,FUN_4
84084,29947,FUN_3,FUN_2
84087,13294,CUBE_R,RET
84110,13736,FUN_2,FUN_3
84121,3665,FUN_4,FUN_3
84129,6696,FUN_2,FUN_3
84156,21448,FUN_2,FUN_1
84164,14852,FUN_3,FUN_2
84169,26748,FUN_2,FUN_1
84170,12244,FUN_2,FUN_3
84185,18716,FUN_3,FUN_2
84188,16197,FUN_2,FUN_3
84195,27759,FUN_4,FUN_3
84198,18917,FUN_3,FUN_4
84205,9089,FUN_2,FUN_3
84208,2714,FUN_2,FUN_3
84211,20562,CUBE_R,RET
84212,10562,FUN_2,FUN_3
84216,9245,RET,CUBE_R
84223,815,CUBE_L,FUN_1
84239,18894,FUN_2,FUN_1
84245,25118,FUN_2,FUN_3
84249,21829,FUN_1,FUN_2
84249,24003,FUN_3,FUN_2
84255,22884,FUN_2,FUN_3
84262,28258,RET,CUBE_L
84269,8202,CUBE_R,FUN_6
84284,2466,FUN_1,FUN_2
84287,2636,FUN_6,CUBE_R
84292,8548,FUN_2,FUN_1
84317,23795,FUN_2,FUN_3
84347,7995,FUN_2,FUN_3
84350,13736,FUN_3,FUN_2
84355,9526,FUN_1,FUN_2
84358,8419,FUN_2,FUN_1
84367,5576,FUN_4,FUN_5
84377,20039,FUN_1,FUN_2
84392,1470,FUN_2,FUN_1
84393,19713,FUN_2,FUN_1
84395,19049,FUN_5,FUN_4
84397,27755,FUN_2,FUN_1
84413,24035,RET,CUBE_L
84414,7806,FUN_2,FUN_3
84418,7876,CUBE_L,RET
84422,3478,RET,CUBE_L
84422,24799,FUN_4,FUN_3
84430,2567,FUN_2,FUN_3
84441,5334,RET,CUBE_R
84453,22951,CUBE_L,RET
84453,26489,FUN_4,FUN_5
84454,9089,FUN_3,FUN_2
84455,24463,FUN_3,FUN_2
84473,23624,FUN_4,FUN_3
84477,19374,FUN_2,FUN_1
84480,10063,FUN_6,CUBE_R
84495,9533,FUN_4,FUN_3
84498,19646,FUN_6,FUN_5
84501,23300,FUN_2,FUN_3
84505,25118,FUN_3,FUN_2
84513,11319,FUN_3,FUN_4
84544,2037,FUN_6,CUBE_R
84551,25118,FUN_2,FUN_3
84560,22873,FUN_5,FUN_4
84570,25118,FUN_3,FUN_2
84585,12584,CUBE_R,FUN_6
84586,25118,FUN_2,FUN_3
84587,16599,CUBE_L,FUN_1
84588,22800,FUN_2,FUN_3
84593,2211,FUN_2,FUN_1
84595,29947,FUN_2,FUN_3
84628,8202,FUN_6,CUBE_R
84630,25797,FUN_1,FUN_2
84653,13926,FUN_3,FUN_4
84654,19791,FUN_4,FUN_3
84684,26888,FUN_1,CUBE_L
84691,6560,CUBE_R,FUN_6
84699,12661,FUN_2,FUN_3
84703,4557,FUN_2,FUN_3
84706,20753,FUN_3,FUN_4
84708,15814,FUN_1,FUN_2
84716,13269,FUN_1,FUN_2
84726,14034,CUBE_R,RET
84731,7390,FUN_1,FUN_2
84735,9089,FUN_2,FUN_3
84737,11451,CUBE_L,RET
84740,12044,FUN_1,FUN_2
84746,8315,FUN_2,FUN_1
84746,13736,FUN_2,FUN_3
84762,29560,FUN_2,FUN_1
84779,6150,FUN_2,FUN_3
84797,19886,FUN_3,FUN_2
84851,7982,FUN_2,FUN_3
84857,16599,FUN_1,CUBE_L
84863,10291,FUN_2,FUN_1
84872,15715,FUN_5,FUN_4
84887,19049,FUN_4,FUN_5
84891,26988,FUN_3,FUN_2
84930,4993,RET,CUBE_L
84945,9078,FUN_4,FUN_3
84947,23795,FUN_3,FUN_2
84948,12569,FUN_5,FUN_6
84955,16410,CUBE_R,RET
84976,25682,FUN_6,FUN_5
84992,17223,FUN_3,FUN_4
85002,26499,FUN_1,FUN_2
85010,3806,FUN_4,FUN_3
85021,9054,FUN_6,CUBE_R
85025,11768,FUN_1,FUN_2
85037,3929,FUN_5,FUN_6
85062,7508,FUN_6,FUN_5
85070,26551,FUN_2,FUN_3
85089,4896,FUN_2,FUN_1
85095,19910,FUN_3,FUN_2
85111,28186,RET,CUBE_L
85128,10410,FUN_3,FUN_4
85128,17220,FUN_4,FUN_3
85170,8202,CUBE_R,FUN_6
85172,13109,FUN_3,FUN_4
85174,9249,FUN_4,FUN_3
85176,19875,FUN_2,FUN_1
85184,5760,RET,CUBE_R
85188,19804,CUBE_L,RET
85207,12213,FUN_2,FUN_1
85213,10851,FUN_1,FUN_2
85220,29443,FUN_2,FUN_3
85222,19376,RET,CUBE_L
85246,8434,FUN_3,FUN_2
85248,11503,FUN_2,FUN_3
85266,29132,FUN_1,FUN_2
85289,11114,RET,CUBE_R
85298,19376,CUBE_L,RET
85304,15513,FUN_3,FUN_2
85305,26268,FUN_1,FUN_2
85309,12854,FUN_2,FUN_3
85310,17322,FUN_1,CUBE_L
85325,28025,CUBE_L,RET
85326,10687,CUBE_R,FUN_6
85332,6387,RET,CUBE_R
85338,23543,FUN_3,FUN_2
85356,24799,FUN_3,FUN_4
85361,13736,FUN_3,FUN_2
85409,13295,FUN_2,FUN_3
85414,16731,FUN_3,FUN_2
85426,23795,FUN_2,FUN_3
85432,8037,FUN_1,FUN_2
85442,8202,FUN_6,CUBE_R
85479,8625,FUN_1,CUBE_L
85484,2978,FUN_2,FUN_1
85487,14381,FUN_3,FUN_4
85521,20361,FUN_3,FUN_2
85529,18813,FUN_2,FUN_1
85536,10868,FUN_3,FUN_4
85544,13109,FUN_4,FUN_3
85549,11768,FUN_2,FUN_1
85551,13455,FUN_3,FUN_2
85562,2178,FUN_3,FUN_2
85572,8859,CUBE_L,RET
85585,14027,FUN_6,FUN_5
85595,20562,RET,CUBE_R
85601,12027,FUN_2,FUN_1
85604,9438,FUN_3,FUN_2
85608,12244,FUN_3,FUN_2
85646,27431,CUBE_L,FUN_1
85651,276,FUN_5,FUN_4
85652,8202,CUBE_R,FUN_6
85657,5703,CUBE_L,RET
85668,9249,FUN_3,FUN_4
85669,41,FUN_2,FUN_3
85669,2144,FUN_3,FUN_4
85677,21958,CUBE_R,RET
85692,13294,RET,CUBE_R
85695,16549,FUN_5,FUN_4
85703,5576,FUN_5,FUN_4
85703,18976,FUN_5,FUN_4
85705,4684,FUN_5,FUN_4
85709,17552,FUN_5,FUN_6
85724,898,FUN_2,FUN_3
85738,22082,CUBE_R,FUN_6
85755,26047,RET,CUBE_R
85760,19200,FUN_3,FUN_2
85774,14899,FUN_3,FUN_2
85791,13675,FUN_5,FUN_4
85792,25142,CUBE_R,RET
85796,15771,FUN_1,FUN_2
85799,8932,FUN_2,FUN_1
85809,17078,FUN_1,FUN_2
85811,3490,FUN_3,FUN_4
85837,19092,FUN_1,FUN_2
85843,7390,FUN_2,FUN_1
85852,2049,FUN_3,FUN_2
85858,27784,FUN_3,FUN_4
85868,8558,FUN_3,FUN_4
85869,2144,FUN_4,FUN_3
85890,7589,FUN_2,FUN_3
85895,27322,FUN_1,FUN_2
85900,17510,FUN_2,FUN_3
85919,10350,FUN_3,FUN_2
85920,7074,FUN_3,FUN_2
85934,6944,FUN_2,FUN_3
85937,7955,FUN_2,FUN_1
85960,2345,FUN_3,FUN_2
85970,22040,FUN_2,FUN_1
85991,2211,FUN_1,FUN_2
86029,16410,RET,CUBE_R
86029,18813,FUN_1,FUN_2
86042,12087,FUN_2,FUN_1
86043,13099,FUN_2,FUN_3
86079,10350,FUN_2,FUN_3
86080,28025,RET,CUBE_L
86088,25510,FUN_1,CUBE_L
86115,11992,RET,CUBE_L
86125,3705,FUN_2,FUN_1
86128,15662,FUN_3,FUN_4
86137,17078,FUN_2,FUN_1
86143,11768,FUN_1,FUN_2
86144,1491,FUN_3,FUN_4
86148,9919,FUN_2,FUN_1
86148,19804,RET,CUBE_L
86160,25567,FUN_1,FUN_2
86177,14098,FUN_2,FUN_3
86178,13294,CUBE_R,RET
86202,3649,FUN_4,FUN_5
86217,19312,FUN_4,FUN_5
86226,7690,FUN_6,FUN_5
86229,25510,CUBE_L,FUN_1
86262,15513,FUN_2,FUN_3
86284,11856,FUN_2,FUN_3
86284,29947,FUN_3,FUN_2
86307,28507,FUN_3,FUN_2
86333,485,FUN_6,FUN_5
86339,316,FUN_3,FUN_2
86351,21705,FUN_3,FUN_2
86356,6690,FUN_2,FUN_1
86356,17220,FUN_3,FUN_4
86358,20894,CUBE_L,FUN_1
86373,15989,FUN_3,FUN_2
86376,6944,FUN_3,FUN_2
86408,5613,FUN_6,CUBE_R
86412,2226,RET,CUBE_R
86421,11114,CUBE_R,RET
86425,3705,FUN_1,FUN_2
86429,8202,FUN_6,CUBE_R
86439,9284,FUN_2,FUN_1
86444,8434,FUN_2,FUN_3
86444,26118,FUN_4,FUN_3
86451,5686,FUN_4,FUN_3
86475,14805,FUN_5,FUN_4
86481,26988,FUN_2,FUN_3
86486,1197,FUN_4,FUN_3
86487,8918,FUN_2,FUN_1
86490,9078,FUN_3,FUN_4
86497,16845,CUBE_R,RET
86498,19420,CUBE_R,RET
86509,277,FUN_3,FUN_2
86535,27415,FUN_1,FUN_2
86554,8472,FUN_2,FUN_3
86555,3880,FUN_2,FUN_3
86567,17220,FUN_4,FUN_3
86570,24226,FUN_3,FUN_4
86571,29524,FUN_2,FUN_3
86572,26247,FUN_3,FUN_2
86589,21228,FUN_3,FUN_2
86600,2144,FUN_3,FUN_4
86609,19376,RET,CUBE_L
86618,15097,CUBE_L,FUN_1
86624,3880,FUN_3,FUN_2
86625,11767,FUN_4,FUN_5
86639,2567,FUN_3,FUN_2
86656,24351,FUN_3,FUN_2
86693,22816,FUN_3,FUN_2
86707,29466,FUN_2,FUN_1
86713,26748,FUN_1,FUN_2
86718,17790,FUN_6,FUN_5
86721,28349,FUN_4,FUN_5
86731,5188,CUBE_R,RET
86732,21341,CUBE_R,RET
86735,24351,FUN_2,FUN_3
86736,20063,FUN_1,FUN_2
86737,10532,FUN_3,FUN_2
86740,11856,FUN_3,FUN_2
86747,27980,FUN_1,FUN_2
86749,17790,FUN_5,FUN_6
86750,9713,CUBE_L,RET
86778,27114,FUN_6,CUBE_R
86788,18610,FUN_6,CUBE_R
86789,5188,RET,CUBE_R
86790,13949,FUN_3,FUN_2
86795,10128,FUN_3,FUN_4
86795,29947,FUN_2,FUN_3
86798,4684,FUN_4,FUN_5
86807,4644,FUN_2,FUN_3
86810,29560,FUN_1,FUN_2
86815,5259,FUN_2,FUN_3
86815,9892,FUN_3,FUN_2
86820,3880,FUN_2,FUN_3
86824,6738,FUN_2,FUN_3
86833,11319,FUN_4,FUN_3
86838,2978,FUN_1,FUN_2
86871,22720,FUN_4,FUN_3
86882,3050,FUN_3,FUN_2
86886,9545,FUN_3,FUN_2
86890,1784,CUBE_R,RET
86896,2978,FUN_2,FUN_1
86898,9853,FUN_3,FUN_2
86912,19515,FUN_3,FUN_2
86914,1098,FUN_1,FUN_2
86973,19090,FUN_3,FUN_2
86976,17220,FUN_3,FUN_4
86980,7955,FUN_1,FUN_2
86992,9571,FUN_3,FUN_2
86999,3367,FUN_3,FUN_2
87000,10350,FUN_3,FUN_2
87005,23513,FUN_4,FUN_3
87007,1064,FUN_3,FUN_2
87014,15632,FUN_6,FUN_5
87015,18212,FUN_3,FUN_2
87031,8315,FUN_1,FUN_2
87041,4077,FUN_3,FUN_4
87048,24105,CUBE_L,RET
87134,19645,RET,CUBE_R
87150,25510,FUN_1,CUBE_L
87159,29215,FUN_4,FUN_5
87206,25899,FUN_2,FUN_1
87207,311,FUN_3,FUN_2
87210,21874,CUBE_R,RET
87211,10234,FUN_1,FUN_2
87239,18212,FUN_2,FUN_3
87242,11095,FUN_3,FUN_2
87245,3490,FUN_4,FUN_3
87247,7795,FUN_4,FUN_3
87252,12422,RET,CUBE_R
87258,17790,FUN_6,FUN_5
87290,20504,FUN_2,FUN_3
87295,26988,FUN_3,FUN_2
87306,5031,FUN_3,FUN_4
87319,27481,FUN_1,FUN_2
87320,21929,FUN_1,FUN_2
87321,1098,FUN_2,FUN_1
87322,1171,FUN_6,FUN_5
87344,4234,FUN_3,FUN_4
87347,26247,FUN_2,FUN_3
87362,17078,FUN_1,FUN_2
87366,21481,FUN_2,FUN_3
87367,22255,FUN_6,FUN_5
87375,15097,FUN_1,CUBE_L
87380,3767,FUN_1,FUN_2
87389,21736,FUN_2,FUN_1
87391,4117,FUN_4,FUN_3
87398,26748,FUN_2,FUN_1
87403,2345,FUN_2,FUN_3
87409,18774,CUBE_R,RET
87417,1732,FUN_3,FUN_4
87428,26493,CUBE_L,FUN_1
87446,5120,FUN_2,FUN_1
87466,8472,FUN_3,FUN_2
87475,9892,FUN_2,FUN_3
87479,7051,CUBE_L,FUN_1
87479,27151,CUBE_R,RET
87493,18774,RET,CUBE_R
87496,3619,FUN_1,CUBE_L
87578,22766,FUN_4,FUN_3
87583,6797,CUBE_L,RET
87583,28362,FUN_5,FUN_6
87589,2037,CUBE_R,FUN_6
87620,13513,FUN_2,FUN_3
87630,9146,FUN_2,FUN_3
87649,26112,FUN_4,FUN_5
87650,25831,FUN_5,FUN_4
87680,5334,CUBE_R,RET
87686,17220,FUN_4,FUN_3
87689,10350,FUN_2,FUN_3
87690,7621,FUN_2,FUN_1
87703,21228,FUN_2,FUN_3
87714,5256,CUBE_L,RET
87715,16218,FUN_2,FUN_3
87733,19552,FUN_5,FUN_6
87746,27164,FUN_3,FUN_2
87750,29466,FUN_1,FUN_2
87754,27305,FUN_6,CUBE_R
87762,27549,CUBE_L,RET
87769,14026,FUN_1,FUN_2
87773,12422,CUBE_R,RET
87804,23513,FUN_3,FUN_4
87816,24262,FUN_1,FUN_2
87817,12989,CUBE_R,FUN_6
87824,13294,RET,CUBE_R
87833,24945,FUN_1,FUN_2
87855,3937,FUN_2,FUN_1
87858,3050,FUN_2,FUN_3
87859,9208,FUN_3,FUN_2
87860,1986,FUN_3,FUN_2
87861,20445,FUN_2,FUN_1
87866,28485,FUN_6,CUBE_R
87874,22871,FUN_4,FUN_5
87903,19294,FUN_4,FUN_3
87905,19041,FUN_2,FUN_1
87910,2925,FUN_1,FUN_2
87920,4077,FUN_4,FUN_3
87942,7074,FUN_2,FUN_3
87967,8434,FUN_3,FUN_2
87968,11856,FUN_2,FUN_3
87990,19376,CUBE_L,RET
87994,19344,RET,CUBE_L
87995,22040,FUN_1,FUN_2
88000,26551,FUN_3,FUN_2
88004,8202,CUBE_R,FUN_6
88005,1784,RET,CUBE_R
88024,7790,FUN_2,FUN_1
88032,15859,FUN_5,FUN_6
88032,21228,FUN_3,FUN_2
88041,11386,FUN_3,FUN_4
88053,1461,FUN_3,FUN_2
88054,14031,FUN_3,FUN_4
88067,12422,RET,CUBE_R
88069,13726,FUN_6,CUBE_R
88071,8380,FUN_1,FUN_2
88077,5660,FUN_1,FUN_2
88087,10350,FUN_3,FUN_2
88098,8037,FUN_2,FUN_1
88135,4498,FUN_3,FUN_2
88136,8864,FUN_4,FUN_3
88158,12422,CUBE_R,RET
88171,6553,FUN_2,FUN_1
88178,12422,RET,CUBE_R
88198,10350,FUN_2,FUN_3
88198,17790,FUN_5,FUN_6
88217,884,FUN_1,FUN_2
88228,19552,FUN_6,FUN_5
88230,8558,FUN_4,FUN_3
88250,3937,FUN_1,FUN_2
88258,10350,FUN_3,FUN_2
88264,12422,CUBE_R,RET
88292,9526,FUN_2,FUN_1
88303,22082,FUN_6,CUBE_R
88309,27599,FUN_6,FUN_5
88313,4885,FUN_3,FUN_4
88313,28437,CUBE_R,RET
88321,28300,FUN_2,FUN_3
88322,2518,FUN_2,FUN_1
88325,16549,FUN_4,FUN_5
88326,19600,FUN_6,CUBE_R
88334,17739,CUBE_R,RET
88337,15464,FUN_1,FUN_2
88359,29713,RET,CUBE_R
88373,1461,FUN_2,FUN_3
88376,311,FUN_2,FUN_3
88378,1020,FUN_1,FUN_2
88411,16815,FUN_4,FUN_5
88420,21969,FUN_3,FUN_2
88421,6553,FUN_1,FUN_2
88425,22302,FUN_2,FUN_1
88454,13044,FUN_2,FUN_1
88458,2835,CUBE_L,FUN_1
88461,25510,CUBE_L,FUN_1
88468,29201,FUN_6,FUN_5
88471,14626,FUN_2,FUN_1
88478,15344,FUN_4,FUN_5
88509,5259,FUN_3,FUN_2
88510,22186,FUN_1,FUN_2
88512,8864,FUN_3,FUN_4
88528,5592,RET,CUBE_R
88539,12087,FUN_1,FUN_2
88539,21350,CUBE_R,FUN_6
88541,11930,FUN_4,FUN_5
88548,28845,FUN_4,FUN_3
88568,20284,FUN_2,FUN_1
88576,13979,FUN_5,FUN_6
88578,11095,FUN_2,FUN_3
88579,1461,FUN_3,FUN_2
88620,12044,FUN_2,FUN_1
88624,3806,FUN_3,FUN_4
88646,5188,CUBE_R,RET
88654,3490,FUN_3,FUN_4
88656,9487,FUN_3,FUN_4
88662,396,FUN_2,FUN_3
88672,16410,CUBE_R,RET
88717,21210,FUN_3,FUN_2
88724,27251,CUBE_R,RET
88729,4896,FUN_1,FUN_2
88732,29521,FUN_4,FUN_3
88749,7269,FUN_2,FUN_1
88752,19487,FUN_2,FUN_3
88760,27164,FUN_2,FUN_3
88761,13031,FUN_1,FUN_2
88762,24102,CUBE_L,FUN_1
88763,23543,FUN_2,FUN_3
88771,18907,CUBE_R,RET
88776,3495,FUN_2,FUN_3
88785,25325,FUN_2,FUN_1
88791,14852,FUN_2,FUN_3
88802,26423,CUBE_L,RET
88805,8380,FUN_2,FUN_1
88812,276,FUN_4,FUN_5
88814,29492,FUN_2,FUN_3
88836,26304,FUN_4,FUN_5
88840,19515,FUN_2,FUN_3
88858,22530,CUBE_L,RET
88868,11911,FUN_6,FUN_5
88872,12422,RET,CUBE_R
88881,22498,RET,CUBE_L
88891,5576,FUN_4,FUN_5
88895,6944,FUN_2,FUN_3
88898,1908,FUN_3,FUN_2
88900,13491,FUN_1,FUN_2
88908,4885,FUN_4,FUN_3
88926,2481,FUN_4,FUN_5
88926,13295,FUN_3,FUN_2
88935,15959,RET,CUBE_R
88935,26681,FUN_4,FUN_3
88948,6222,FUN_1,FUN_2
88949,10410,FUN_4,FUN_3
88957,16354,FUN_1,CUBE_L
88964,110,FUN_2,FUN_1
88968,26178,FUN_2,FUN_3
88991,24105,RET,CUBE_L
88995,4644,FUN_3,FUN_2
88997,22302,FUN_1,FUN_2
89000,14471,FUN_5,FUN_6
89008,17322,CUBE_L,FUN_1
89011,28845,FUN_3,FUN_4
89015,15464,FUN_2,FUN_1
89016,28984,FUN_3,FUN_2
89026,5256,RET,CUBE_L
89032,14351,FUN_4,FUN_5
89046,7322,CUBE_L,FUN_1
89051,8107,FUN_4,FUN_3
89052,11856,FUN_3,FUN_2
89061,22408,FUN_2,FUN_3
89066,3948,FUN_6,FUN_5
89072,4673,FUN_1,FUN_2
89102,20562,CUBE_R,RET
89119,8548,FUN_1,FUN_2
89132,27105,FUN_2,FUN_3
89167,22186,FUN_2,FUN_1
89189,4800,FUN_3,FUN_2
89196,16331,FUN_5,FUN_4
89206,20603,FUN_3,FUN_4
89207,22915,FUN_2,FUN_1
89211,2347,FUN_1,FUN_2
89263,12422,CUBE_R,RET
89274,1000,FUN_3,FUN_2
89278,14481,FUN_2,FUN_3
89290,4594,FUN_2,FUN_1
89297,7499,FUN_2,FUN_3
89308,4700,FUN_2,FUN_1
89310,14609,FUN_3,FUN_2
89317,6696,FUN_3,FUN_2
89353,4937,FUN_2,FUN_3
89366,2371,FUN_3,FUN_4
89367,18377,RET,CUBE_L
89369,21379,FUN_1,FUN_2
89384,21482,FUN_3,FUN_2
89385,485,FUN_5,FUN_6
89389,11386,FUN_4,FUN_3
89400,14098,FUN_3,FUN_2
89413,22530,RET,CUBE_L
89413,27108,FUN_6,FUN_5
89429,12623,FUN_2,FUN_3
89433,18322,FUN_4,FUN_3
89438,21461,FUN_4,FUN_5
89439,17790,FUN_6,FUN_5
89440,14136,FUN_4,FUN_3
89452,29920,FUN_2,FUN_3
89460,6131,FUN_2,FUN_1
89472,23020,RET,CUBE_R
89477,7508,FUN_5,FUN_6
89509,8107,FUN_3,FUN_4
89513,10153,FUN_4,FUN_3
89526,16173,FUN_1,FUN_2
89528,15803,FUN_3,FUN_2
89529,18907,RET,CUBE_R
89531,11451,RET,CUBE_L
89540,10196,FUN_1,CUBE_L
89562,4723,FUN_1,FUN_2
89564,19090,FUN_2,FUN_3
89575,20228,FUN_2,FUN_1
89591,9112,FUN_4,FUN_5
89592,22515,FUN_2,FUN_1
89594,17530,FUN_3,FUN_2
89596,20600,FUN_1,CUBE_L
89597,10234,FUN_2,FUN_1
89598,25567,FUN_2,FUN_1
89601,8275,FUN_3,FUN_2
89612,14122,FUN_4,FUN_5
89620,19420,RET,CUBE_R
89627,14122,FUN_5,FUN_4
89627,27784,FUN_4,FUN_3
89647,27108,FUN_5,FUN_6
89650,17421,FUN_3,FUN_2
89656,26302,FUN_6,CUBE_R
89661,1470,FUN_1,FUN_2
89671,16709,FUN_6,FUN_5
89684,7269,FUN_1,FUN_2
89693,4197,FUN_5,FUN_6
89708,4999,CUBE_L,FUN_1
89711,6977,CUBE_L,RET
89716,22143,FUN_5,FUN_4
89754,15771,FUN_2,FUN_1
89773,17261,FUN_1,FUN_2
89781,24003,FUN_2,FUN_3
89787,15632,FUN_5,FUN_6
89805,16362,CUBE_R,RET
89807,18322,FUN_3,FUN_4
89807,22458,FUN_2,FUN_3
89814,15991,CUBE_R,RET
89824,20369,FUN_3,FUN_2
89841,3050,FUN_3,FUN_2
89843,29328,FUN_3,FUN_2
89856,9232,FUN_6,CUBE_R
89859,25872,FUN_3,FUN_2
89879,16197,FUN_3,FUN_2
89882,12783,CUBE_R,FUN_6
89889,15773,FUN_3,FUN_2
89895,17803,FUN_3,FUN_4
89897,20413,FUN_1,FUN_2
89915,27108,FUN_6,FUN_5
89919,13560,FUN_3,FUN_4
89937,6132,FUN_1,FUN_2
89944,5164,FUN_2,FUN_3
89944,17517,FUN_3,FUN_2
89945,27086,FUN_4,FUN_5
89972,19990,FUN_4,FUN_5
89974,25899,FUN_1,FUN_2
89978,7032,FUN_2,FUN_1
89978,10658,FUN_5,FUN_4
89987,10718,FUN_2,FUN_1
89991,20868,FUN_3,FUN_4
89991,25338,FUN_3,FUN_4
90000,22143,FUN_4,FUN_5
90002,21101,FUN_3,FUN_4
90005,6172,FUN_6,CUBE_R
90014,28622,CUBE_R,RET
90022,6721,FUN_3,FUN_2
90029,11451,CUBE_L,RET
90040,22143,FUN_5,FUN_4
90044,16650,FUN_2,FUN_3
90054,24333,CUBE_R,RET
90066,18322,FUN_4,FUN_3
90097,10153,FUN_3,FUN_4
90109,16250,FUN_6,FUN_5
90110,5256,CUBE_L,RET
90111,28845,FUN_4,FUN_3
90122,26185,FUN_1,FUN_2
90124,1461,FUN_2,FUN_3
90126,22720,FUN_3,FUN_4
90129,14621,CUBE_R,RET
90134,24747,FUN_3,FUN_2
90159,28437,RET,CUBE_R
90167,27549,RET,CUBE_L
90171,441,CUBE_R,RET
90173,14626,FUN_1,FUN_2
90185,19468,FUN_2,FUN_1
90188,13450,FUN_2,FUN_1
90191,20361,FUN_2,FUN_3
90194,1470,FUN_2,FUN_1
90203,1964,FUN_2,FUN_1
90206,4594,FUN_1,FUN_2
90206,26354,FUN_2,FUN_1
90237,29052,FUN_3,FUN_2
90240,24051,FUN_2,FUN_1
90242,19804,CUBE_L,RET
90245,21228,FUN_2,FUN_3
90248,11716,FUN_5,FUN_4
90256,13675,FUN_4,FUN_5
90272,5256,RET,CUBE_L
90278,5256,CUBE_L,RET
90284,5256,RET,CUBE_L
90284,16685,FUN_2,FUN_1
90287,22143,FUN_4,FUN_5
90291,24964,RET,CUBE_L
90298,1281,FUN_5,FUN_4
90325,22082,CUBE_R,FUN_6
90327,12212,CUBE_L,RET
90328,4257,FUN_2,FUN_3
90338,17803,FUN_4,FUN_3
90370,3495,FUN_3,FUN_2
90379,15859,FUN_6,FUN_5
90441,14136,FUN_3,FUN_4
90490,6912,FUN_3,FUN_2
90591,22899,FUN_6,CUBE_R
90610,15803,FUN_2,FUN_3
90613,23314,CUBE_R,RET
90620,3822,FUN_1,FUN_2
90620,10562,FUN_3,FUN_2
90630,3490,FUN_4,FUN_3
90647,7074,FUN_3,FUN_2
90654,12854,FUN_3,FUN_2
90673,23020,CUBE_R,RET
90675,22515,FUN_1,FUN_2
90685,16164,CUBE_R,RET
90709,8558,FUN_3,FUN_4
90721,1964,FUN_1,FUN_2
90727,3490,FUN_3,FUN_4
90728,25745,FUN_5,FUN_6
90729,1113,FUN_1,FUN_2
90755,12349,FUN_3,FUN_4
90767,13183,CUBE_R,RET
90782,22712,FUN_1,FUN_2
90784,8407,RET,CUBE_R
90812,28680,FUN_1,FUN_2
90830,21100,FUN_4,FUN_5
90831,21705,FUN_2,FUN_3
90835,3495,FUN_2,FUN_3
90846,16809,FUN_3,FUN_2
90847,26920,FUN_3,FUN_2
90848,14624,RET,CUBE_L
90851,353,RET,CUBE_R
90862,5256,CUBE_L,RET
90870,8535,RET,CUBE_L
90885,26354,FUN_1,FUN_2
90887,14034,RET,CUBE_R
90888,6690,FUN_1,FUN_2
90889,24416,RET,CUBE_L
90920,26423,RET,CUBE_L
90922,277,FUN_2,FUN_3
90946,2838,FUN_2,FUN_1
90949,27108,FUN_5,FUN_6
90953,28507,FUN_2,FUN_3
90957,661,CUBE_L,RET
90957,14624,CUBE_L,RET
90958,22178,CUBE_R,RET
90964,25487,CUBE_L,FUN_1
90968,4673,FUN_2,FUN_1
90976,11169,CUBE_L,RET
90978,19092,FUN_2,FUN_1
90980,26414,FUN_5,FUN_6
90988,6172,CUBE_R,FUN_6
90994,11768,FUN_2,FUN_1
91000,7508,FUN_6,FUN_5
91013,7074,FUN_2,FUN_3
91044,1064,FUN_2,FUN_3
91055,27660,FUN_2,FUN_1
91056,27588,CUBE_R,RET
91061,14621,RET,CUBE_R
91062,3937,FUN_2,FUN_1
91062,16469,RET,CUBE_R
91081,19515,FUN_3,FUN_2
91083,26304,FUN_5,FUN_4
91088,20445,FUN_1,FUN_2
91100,27108,FUN_6,FUN_5
91117,3929,FUN_6,FUN_5
91120,12854,FUN_2,FUN_3
91120,24851,FUN_3,FUN_2
91123,8749,FUN_3,FUN_4
91135,9060,FUN_6,FUN_5
91142,12989,FUN_6,CUBE_R
91145,12783,FUN_6,CUBE_R
91146,1470,FUN_1,FUN_2
91152,8740,RET,CUBE_R
91187,16599,CUBE_L,FUN_1
91188,21763,FUN_4,FUN_3
91197,19515,FUN_2,FUN_3
91209,21448,FUN_1,FUN_2
91211,22143,FUN_5,FUN_4
91216,6690,FUN_2,FUN_1
91229,22915,FUN_1,FUN_2
91239,22530,CUBE_L,RET
91248,396,FUN_3,FUN_2
91256,19754,FUN_1,FUN_2
91284,15938,FUN_2,FUN_1
91333,2133,FUN_4,FUN_5
91343,20022,CUBE_R,RET
91351,2597,FUN_2,FUN_1
91378,41,FUN_3,FUN_2
91406,9391,FUN_2,FUN_1
91421,19525,CUBE_R,RET
91433,27343,FUN_1,FUN_2
91434,9216,FUN_2,FUN_1
91460,1098,FUN_1,FUN_2
91462,16469,CUBE_R,RET
91463,142,FUN_3,FUN_2
91466,22530,RET,CUBE_L
91479,23755,FUN_4,FUN_5
91487,20562,RET,CUBE_R
91491,21448,FUN_2,FUN_1
91493,7795,FUN_3,FUN_4
91500,21736,FUN_1,FUN_2
91502,15192,FUN_4,FUN_3
91504,20598,FUN_3,FUN_2
91506,2049,FUN_2,FUN_3
91512,8558,FUN_4,FUN_3
91521,23158,FUN_3,FUN_2
91522,21135,FUN_3,FUN_2
91540,10767,FUN_3,FUN_4
91580,10614,FUN_2,FUN_1
91581,3730,CUBE_L,RET
91583,21100,FUN_5,FUN_4
91590,12595,FUN_6,FUN_5
91600,27802,CUBE_R,FUN_6
91604,3937,FUN_1,FUN_2
91605,7084,FUN_3,FUN_2
91608,11242,FUN_3,FUN_2
91609,26079,FUN_4,FUN_3
91614,4644,FUN_2,FUN_3
91653,1425,FUN_5,FUN_4
91653,10240,RET,CUBE_L
91653,12889,CUBE_R,RET
91654,9216,FUN_1,FUN_2
91656,18884,FUN_3,FUN_2
91663,29132,FUN_2,FUN_1
91671,11856,FUN_2,FUN_3
91694,16469,RET,CUBE_R
91698,27086,FUN_5,FUN_4
91714,7760,FUN_5,FUN_6
91721,7826,FUN_1,FUN_2
91721,23755,FUN_5,FUN_4
91739,13979,FUN_6,FUN_5
91742,7826,FUN_2,FUN_1
91749,10088,FUN_3,FUN_2
91775,21135,FUN_2,FUN_3
91783,23755,FUN_4,FUN_5
91799,18050,FUN_2,FUN_1
91810,11812,FUN_3,FUN_2
91812,20413,FUN_2,FUN_1
91849,9853,FUN_2,FUN_3
91853,13295,FUN_2,FUN_3
91855,19395,FUN_2,FUN_1
91861,17517,FUN_2,FUN_3
91866,27802,FUN_6,CUBE_R
91894,9284,FUN_1,FUN_2
91899,11930,FUN_5,FUN_4
91903,27108,FUN_5,FUN_6
91935,3495,FUN_3,FUN_2
91939,27496,FUN_2,FUN_1
91943,7074,FUN_3,FUN_2
91951,238,FUN_4,FUN_3
91971,27006,FUN_6,CUBE_R
91974,390,FUN_2,FUN_1
91975,7982,FUN_3,FUN_2
91988,13759,FUN_5,FUN_4
91995,22417,FUN_4,FUN_5
92002,10562,FUN_2,FUN_3
92004,22915,FUN_2,FUN_1
92022,6977,RET,CUBE_L
92026,3050,FUN_2,FUN_3
92037,238,FUN_3,FUN_4
92037,4886,RET,CUBE_L
92038,14624,RET,CUBE_L
92053,2133,FUN_5,FUN_4
92058,11451,RET,CUBE_L
92071,13941,FUN_3,FUN_2
92073,19220,FUN_4,FUN_3
92076,4933,FUN_5,FUN_6
92080,18322,FUN_3,FUN_4
92087,20857,FUN_2,FUN_3
92094,28763,CUBE_R,RET
92098,25475,FUN_2,FUN_1
92107,9787,CUBE_L,FUN_1
92109,6180,FUN_3,FUN_2
92113,15959,CUBE_R,RET
92120,21100,FUN_4,FUN_5
92126,25203,FUN_3,FUN_4
92130,2978,FUN_1,FUN_2
92149,3050,FUN_3,FUN_2
92150,27940,FUN_3,FUN_4
92161,10234,FUN_1,FUN_2
92175,13515,FUN_2,FUN_1
92181,19552,FUN_5,FUN_6
92184,27980,FUN_2,FUN_1
92187,22797,FUN_3,FUN_2
92200,5427,CUBE_L,FUN_1
92201,6690,FUN_1,FUN_2
92220,2226,CUBE_R,RET
92247,12213,FUN_1,FUN_2
92260,27660,FUN_1,FUN_2
92262,12989,CUBE_R,FUN_6
92273,29487,FUN_3,FUN_2
92280,24617,FUN_2,FUN_3
92285,13979,FUN_5,FUN_6
92286,15848,FUN_3,FUN_2
92306,8127,CUBE_L,RET
92308,16437,FUN_4,FUN_3
92311,26493,FUN_1,CUBE_L
92346,27802,CUBE_R,FUN_6
92347,12757,FUN_2,FUN_1
92360,12348,FUN_2,FUN_3
92364,12349,FUN_4,FUN_3
92395,1865,FUN_1,CUBE_L
92411,3367,FUN_2,FUN_3
92413,1990,RET,CUBE_L
92414,18377,CUBE_L,RET
92420,27572,FUN_2,FUN_3
92422,9533,FUN_3,FUN_4
92434,26069,FUN_3,FUN_2
92439,24035,CUBE_L,RET
92444,9249,FUN_4,FUN_3
92452,29920,FUN_3,FUN_2
92463,19092,FUN_1,FUN_2
92466,11490,FUN_2,FUN_1
92480,10725,FUN_3,FUN_2
92482,28041,RET,CUBE_R
92493,10854,FUN_5,FUN_6
92497,15344,FUN_5,FUN_4
92502,2636,CUBE_R,FUN_6
92511,11095,FUN_3,FUN_2
92525,16208,FUN_5,FUN_4
92542,5035,FUN_2,FUN_3
92549,12134,FUN_2,FUN_1
92622,10234,FUN_2,FUN_1
92633,11130,FUN_5,FUN_6
92634,28656,FUN_2,FUN_3
92639,10234,FUN_1,FUN_2
92641,3948,FUN_5,FUN_6
92647,16208,FUN_4,FUN_5
92657,1908,FUN_2,FUN_3
92658,6131,FUN_1,FUN_2
92666,12136,FUN_4,FUN_3
92676,13941,FUN_2,FUN_3
92678,16599,FUN_1,CUBE_L
92682,22368,FUN_2,FUN_1
92685,7074,FUN_2,FUN_3
92689,6912,FUN_2,FUN_3
92696,23768,FUN_2,FUN_1
92699,15699,FUN_3,FUN_2
92699,19650,FUN_6,FUN_5
92713,7982,FUN_2,FUN_3
92715,3170,FUN_3,FUN_2
92721,7525,FUN_1,FUN_2
92731,6132,FUN_2,FUN_1
92738,10234,FUN_2,FUN_1
92747,16709,FUN_5,FUN_6
92761,25325,FUN_1,FUN_2
92775,10234,FUN_1,FUN_2
92777,24333,RET,CUBE_R
92807,15848,FUN_2,FUN_3
92807,15989,FUN_2,FUN_3
92814,8471,FUN_5,FUN_4
92814,10350,FUN_2,FUN_3
92820,20228,FUN_1,FUN_2
92826,8214,FUN_1,FUN_2
92827,21132,FUN_3,FUN_2
92835,21341,RET,CUBE_R
92837,8740,CUBE_R,RET
92848,19536,FUN_2,FUN_3
92880,9438,FUN_2,FUN_3
92892,6696,FUN_2,FUN_3
92901,27802,FUN_6,CUBE_R
92910,24226,FUN_4,FUN_3
92913,25126,FUN_1,FUN_2
92916,9752,RET,CUBE_L
92918,13974,CUBE_R,FUN_6
92921,17530,FUN_2,FUN_3
92956,1507,FUN_2,FUN_1
92963,20284,FUN_1,FUN_2
92964,11386,FUN_3,FUN_4
92982,28767,FUN_1,FUN_2
93002,1970,CUBE_R,FUN_6
93007,21969,FUN_2,FUN_3
93026,20600,CUBE_L,FUN_1
93033,23768,FUN_1,FUN_2
93034,14026,FUN_2,FUN_1
93037,967,FUN_1,FUN_2
93055,19525,RET,CUBE_R
93055,27762,FUN_1,CUBE_L
93058,9652,RET,CUBE_R
93066,28437,CUBE_R,RET
93071,8471,FUN_4,FUN_5
93074,7806,FUN_3,FUN_2
93085,28174,FUN_3,FUN_2
93094,24226,FUN_3,FUN_4
93099,12422,RET,CUBE_R
93122,23768,FUN_2,FUN_1
93126,18976,FUN_4,FUN_5
93132,2978,FUN_2,FUN_1
93140,1098,FUN_2,FUN_1
93144,15464,FUN_1,FUN_2
93153,6120,RET,CUBE_R
93161,22534,FUN_6,FUN_5
93167,12471,FUN_3,FUN_4
93175,24118,CUBE_R,RET
93178,12584,FUN_6,CUBE_R
93182,19990,FUN_5,FUN_4
93189,26681,FUN_3,FUN_4
93191,4583,FUN_3,FUN_2
93193,26069,FUN_2,FUN_3
93206,15959,RET,CUBE_R
93210,17322,FUN_1,CUBE_L
93216,3730,RET,CUBE_L
93218,14026,FUN_1,FUN_2
93219,12408,FUN_3,FUN_2
93222,23768,FUN_1,FUN_2
93248,2978,FUN_1,FUN_2
93251,1027,CUBE_R,RET
93272,20361,FUN_3,FUN_2
93302,11523,FUN_5,FUN_6
93302,29215,FUN_5,FUN_4
93308,2133,FUN_4,FUN_5
93311,21132,FUN_2,FUN_3
93318,10291,FUN_1,FUN_2
93337,875,RET,CUBE_R
93345,22224,FUN_3,FUN_2
93348,10686,FUN_2,FUN_3
93351,18802,FUN_1,FUN_2
93352,21481,FUN_3,FUN_2
93365,4885,FUN_3,FUN_4
93411,23068,FUN_4,FUN_3
93416,2518,FUN_1,FUN_2
93426,12422,CUBE_R,RET
93433,28845,FUN_3,FUN_4
93446,2133,FUN_5,FUN_4
93470,17350,FUN_4,FUN_5
93478,11095,FUN_2,FUN_3
93478,24851,FUN_2,FUN_3
93485,12422,RET,CUBE_R
93509,2838,FUN_1,FUN_2
93522,276,FUN_5,FUN_4
93535,19374,FUN_1,FUN_2
93537,2755,CUBE_L,RET
93541,4004,CUBE_L,RET
93547,19646,FUN_5,FUN_6
93556,24351,FUN_3,FUN_2
93558,3598,FUN_6,FUN_5
93558,19632,CUBE_L,RET
93562,19539,CUBE_L,FUN_1
93563,22871,FUN_5,FUN_4
93564,4425,FUN_3,FUN_2
93574,28656,FUN_3,FUN_2
93581,9571,FUN_2,FUN_3
93589,26147,CUBE_R,FUN_6
93609,10310,FUN_2,FUN_3
93616,2133,FUN_4,FUN_5
93631,18873,FUN_4,FUN_3
93632,920,FUN_1,FUN_2
93632,2371,FUN_4,FUN_3
93653,27599,FUN_5,FUN_6
93654,7806,FUN_2,FUN_3
93654,11490,FUN_1,FUN_2
93663,29487,FUN_2,FUN_3
93678,25567,FUN_1,FUN_2
93710,3050,FUN_2,FUN_3
93711,19666,FUN_3,FUN_2
93713,12783,CUBE_R,FUN_6
93713,27802,CUBE_R,FUN_6
93723,29920,FUN_2,FUN_3
93725,19090,FUN_3,FUN_2
93743,14026,FUN_2,FUN_1
93786,3811,FUN_4,FUN_3
93799,2953,FUN_4,FUN_3
93805,26304,FUN_4,FUN_5
93807,6120,CUBE_R,RET
93810,13044,FUN_1,FUN_2
93814,19037,FUN_6,CUBE_R
93819,7462,FUN_4,FUN_3
93828,12871,FUN_2,FUN_3
93846,2037,FUN_6,CUBE_R
93846,19600,CUBE_R,FUN_6
93850,14634,FUN_4,FUN_3
93851,1732,FUN_4,FUN_3
93900,24861,FUN_4,FUN_5
93905,4673,FUN_1,FUN_2
93907,21210,FUN_2,FUN_3
93914,22534,FUN_5,FUN_6
93922,23129,FUN_2,FUN_1
93926,19374,FUN_2,FUN_1
93933,23129,FUN_1,FUN_2
93937,27295,FUN_3,FUN_2
93942,1470,FUN_2,FUN_1
93944,25416,FUN_2,FUN_1
93960,27105,FUN_3,FUN_2
93961,23937,FUN_2,FUN_1
93962,4700,FUN_1,FUN_2
93976,19650,FUN_5,FUN_6
93991,24617,FUN_3,FUN_2
94014,709,FUN_4,FUN_3
94015,28359,FUN_2,FUN_3
94028,22022,FUN_5,FUN_4
94033,16469,CUBE_R,RET
94037,29201,FUN_5,FUN_6
94040,5210,FUN_2,FUN_1
94048,16362,RET,CUBE_R
94055,29487,FUN_3,FUN_2
94058,27772,FUN_5,FUN_4
94059,8434,FUN_2,FUN_3
94069,14481,FUN_3,FUN_2
94070,3937,FUN_2,FUN_1
94071,2273,RET,CUBE_L
94071,2347,FUN_2,FUN_1
94082,16650,FUN_3,FUN_2
94083,12212,RET,CUBE_L
94091,8471,FUN_5,FUN_4
94095,29304,FUN_1,FUN_2
94096,1027,RET,CUBE_R
94108,23129,FUN_2,FUN_1
94115,12783,FUN_6,CUBE_R
94122,26354,FUN_2,FUN_1
94124,10678,FUN_1,FUN_2
94131,19399,FUN_4,FUN_5
94132,19525,CUBE_R,RET
94141,19469,FUN_6,CUBE_R
94160,17315,FUN_5,FUN_4
94167,11550,FUN_1,FUN_2
94185,13979,FUN_6,FUN_5
94187,25235,FUN_3,FUN_2
94195,4723,FUN_2,FUN_1
94196,21481,FUN_2,FUN_3
94214,13244,FUN_5,FUN_6
94226,5242,FUN_3,FUN_4
94226,23937,FUN_1,FUN_2
94257,25475,FUN_1,FUN_2
94258,14852,FUN_3,FUN_2
94274,19650,FUN_6,FUN_5
94285,22573,FUN_4,FUN_3
94304,4498,FUN_2,FUN_3
94309,920,FUN_2,FUN_1
94309,20002,FUN_4,FUN_3
94333,28266,FUN_2,FUN_1
94342,7806,FUN_3,FUN_2
94365,16437,FUN_3,FUN_4
94370,25475,FUN_2,FUN_1
94371,7868,CUBE_L,RET
94417,21459,FUN_2,FUN_3
94418,672,FUN_2,FUN_3
94420,15989,FUN_3,FUN_2
94425,2636,FUN_6,CUBE_R
94464,27496,FUN_1,FUN_2
94467,9430,FUN_2,FUN_3
94473,2828,FUN_1,FUN_2
94476,24351,FUN_2,FUN_3
94484,24269,FUN_1,FUN_2
94512,9284,FUN_2,FUN_1
94515,26964,FUN_6,FUN_5
94515,29487,FUN_2,FUN_3
94525,16076,FUN_5,FUN_6
94535,6703,FUN_1,CUBE_L
94547,27599,FUN_6,FUN_5
94550,22530,CUBE_L,RET
94561,3100,FUN_6,FUN_5
94567,17421,FUN_2,FUN_3
94574,7662,FUN_2,FUN_1
94583,9232,CUBE_R,FUN_6
94589,29466,FUN_2,FUN_1
94593,20857,FUN_3,FUN_2
94603,14026,FUN_1,FUN_2
94610,17227,FUN_5,FUN_4
94627,27090,RET,CUBE_R
94652,14027,FUN_5,FUN_6
94655,29226,FUN_2,FUN_1
94680,13183,RET,CUBE_R
94690,27151,RET,CUBE_R
94695,25123,FUN_3,FUN_2
94702,20562,CUBE_R,RET
94706,18112,CUBE_L,RET
94708,13623,FUN_6,FUN_5
94714,6690,FUN_2,FUN_1
94724,7084,FUN_2,FUN_3
94725,4885,FUN_4,FUN_3
94732,4312,FUN_3,FUN_2
94750,27931,FUN_5,FUN_6
94761,14475,RET,CUBE_R
94770,19090,FUN_2,FUN_3
94772,10410,FUN_3,FUN_4
94780,13980,FUN_4,FUN_5
94781,20118,FUN_3,FUN_2
94785,10088,FUN_2,FUN_3
94802,11251,FUN_3,FUN_4
94803,19515,FUN_3,FUN_2
94804,11370,FUN_2,FUN_3
94821,6691,FUN_2,FUN_1
94827,8685,FUN_3,FUN_2
94829,5334,RET,CUBE_R
94830,2039,FUN_1,FUN_2
94835,2321,FUN_4,FUN_3
94861,28041,CUBE_R,RET
94866,18884,FUN_2,FUN_3
94879,10350,FUN_3,FUN_2
94890,26988,FUN_2,FUN_3
94895,24269,FUN_2,FUN_1
94896,6172,FUN_6,CUBE_R
94896,19374,FUN_1,FUN_2
94901,2382,FUN_4,FUN_3
94903,20603,FUN_4,FUN_3
94905,25184,FUN_3,FUN_2
94908,9489,FUN_6,FUN_5
94925,26423,CUBE_L,RET
94928,3924,FUN_4,FUN_3
94945,19374,FUN_2,FUN_1
94945,27408,FUN_2,FUN_1
94946,5189,RET,CUBE_R
94960,15358,FUN_3,FUN_4
94965,11095,FUN_3,FUN_2
94967,22603,CUBE_R,FUN_6
94971,8248,FUN_2,FUN_3
94989,20682,FUN_6,CUBE_R
94997,19374,FUN_1,FUN_2
95000,20868,FUN_4,FUN_3
95006,3583,FUN_1,FUN_2
95008,20118,FUN_2,FUN_3
95012,17739,RET,CUBE_R
95026,5245,RET,CUBE_L
95042,17500,FUN_1,FUN_2
95052,2273,CUBE_L,RET
95059,29144,FUN_2,FUN_1
95087,10177,FUN_5,FUN_6
95101,14795,FUN_3,FUN_2
95110,13623,FUN_5,FUN_6
95121,22082,FUN_6,CUBE_R
95135,22082,CUBE_R,FUN_6
95141,10217,FUN_3,FUN_2
95143,24066,FUN_2,FUN_3
95164,24054,FUN_4,FUN_5
95166,27105,FUN_2,FUN_3
95175,11242,FUN_2,FUN_3
95179,26493,CUBE_L,FUN_1
95182,23266,FUN_3,FUN_2
95188,8859,RET,CUBE_L
95204,23910,CUBE_L,RET
95206,10614,FUN_1,FUN_2
95213,22712,FUN_2,FUN_1
95221,9918,CUBE_R,RET
95221,28605,CUBE_L,FUN_1
95228,18223,CUBE_R,RET
95237,2039,FUN_2,FUN_1
95274,20600,FUN_1,CUBE_L
95287,29144,FUN_1,FUN_2
95299,24152,FUN_4,FUN_5
95304,1373,FUN_2,FUN_3
95334,21499,FUN_4,FUN_3
95336,1865,CUBE_L,FUN_1
95339,18884,FUN_3,FUN_2
95344,25960,FUN_2,FUN_1
95351,6180,FUN_2,FUN_3
95362,27772,FUN_4,FUN_5
95378,18245,CUBE_L,RET
95418,8380,FUN_1,FUN_2
95435,21705,FUN_3,FUN_2
95449,2039,FUN_1,FUN_2
95450,3948,FUN_6,FUN_5
95450,18566,FUN_6,CUBE_R
95465,9208,FUN_2,FUN_3
95472,12854,FUN_3,FUN_2
95478,16061,FUN_4,FUN_3
95503,11550,FUN_2,FUN_1
95511,4970,FUN_2,FUN_1
95514,4447,FUN_2,FUN_1
95523,2039,FUN_2,FUN_1
95531,25325,FUN_2,FUN_1
95543,4004,RET,CUBE_L
95551,28586,FUN_5,FUN_4
95580,14624,CUBE_L,RET
95587,17227,FUN_4,FUN_5
95597,15272,FUN_6,FUN_5
95597,25475,FUN_1,FUN_2
95613,1246,FUN_2,FUN_1
95627,17223,FUN_4,FUN_3
95629,29487,FUN_3,FUN_2
95630,27588,RET,CUBE_R
95632,709,FUN_3,FUN_4
95632,2039,FUN_1,FUN_2
95632,7484,FUN_2,FUN_1
95636,18485,RET,CUBE_L
95641,5480,CUBE_L,FUN_1
95651,10409,FUN_4,FUN_5
95652,11768,FUN_1,FUN_2
95665,24792,CUBE_R,RET
95666,15464,FUN_2,FUN_1
95676,26568,RET,CUBE_R
95679,29737,CUBE_R,FUN_6
95681,1657,FUN_3,FUN_2
95681,17350,FUN_5,FUN_4
95684,29144,FUN_2,FUN_1
95695,27295,FUN_2,FUN_3
95713,13613,FUN_3,FUN_2
95714,19864,FUN_4,FUN_3
95718,4542,FUN_2,FUN_3
95724,8918,FUN_1,FUN_2
95729,9752,CUBE_L,RET
95748,813,FUN_2,FUN_1
95748,3583,FUN_2,FUN_1
95757,27549,CUBE_L,RET
95764,10350,FUN_2,FUN_3
95789,10597,FUN_6,FUN_5
95789,24861,FUN_5,FUN_4
95790,13005,FUN_5,FUN_4
95818,7051,FUN_1,CUBE_L
95835,2037,CUBE_R,FUN_6
95851,27090,CUBE_R,RET
95857,661,RET,CUBE_L
95872,15192,FUN_3,FUN_4
95882,20562,RET,CUBE_R
95889,1886,CUBE_L,FUN_1
95899,19515,FUN_2,FUN_3
95906,13894,FUN_2,FUN_1
95919,695,FUN_1,CUBE_L
95929,5259,FUN_2,FUN_3
95941,16410,RET,CUBE_R
95942,3170,FUN_2,FUN_3
95948,20607,CUBE_L,RET
95953,28250,CUBE_L,FUN_1
95956,5354,FUN_5,FUN_6
95969,15989,FUN_2,FUN_3
95979,15699,FUN_2,FUN_3
95989,7074,FUN_3,FUN_2
96000,12805,CUBE_L,RET
96008,12134,FUN_1,FUN_2
96025,28923,CUBE_L,FUN_1
96030,16197,FUN_2,FUN_3
96039,13804,FUN_1,CUBE_L
96043,22368,FUN_1,FUN_2
96047,12212,CUBE_L,RET
96048,16256,CUBE_R,RET
96068,13798,RET,CUBE_L
96078,22203,FUN_3,FUN_2
96079,15773,FUN_2,FUN_3
96080,17584,FUN_2,FUN_3
96081,11242,FUN_3,FUN_2
96083,26914,FUN_6,CUBE_R
96086,8749,FUN_4,FUN_3
96092,5334,CUBE_R,RET
96099,19374,FUN_2,FUN_1
96107,10240,CUBE_L,RET
96108,1908,FUN_3,FUN_2
96116,18112,RET,CUBE_L
96130,20849,CUBE_R,FUN_6
96140,26838,FUN_6,CUBE_R
96156,22603,FUN_6,CUBE_R
96157,8859,CUBE_L,RET
96172,4673,FUN_2,FUN_1
96185,4937,FUN_3,FUN_2
96192,8471,FUN_4,FUN_5
96203,15699,FUN_3,FUN_2
96206,7032,FUN_1,FUN_2
96219,813,FUN_1,FUN_2
96236,1865,FUN_1,CUBE_L
96247,25666,FUN_1,FUN_2
96248,21210,FUN_3,FUN_2
96261,13295,FUN_3,FUN_2
96264,29904,FUN_2,FUN_1
96269,8859,RET,CUBE_L
96270,19864,FUN_3,FUN_4
96288,3705,FUN_2,FUN_1
96290,19090,FUN_3,FUN_2
96292,9232,FUN_6,CUBE_R
96298,26988,FUN_3,FUN_2
96332,11550,FUN_1,FUN_2
96356,5062,FUN_6,FUN_5
96394,1017,FUN_1,FUN_2
96405,27295,FUN_3,FUN_2
96428,17533,FUN_4,FUN_3
96432,5035,FUN_3,FUN_2
96440,9054,CUBE_R,FUN_6
96455,22398,FUN_6,CUBE_R
96457,25872,FUN_2,FUN_3
96472,1320,FUN_1,FUN_2
96485,15989,FUN_3,FUN_2
96488,8859,CUBE_L,RET
96491,16436,CUBE_R,FUN_6
96492,26247,FUN_3,FUN_2
96493,22186,FUN_1,FUN_2
96503,21705,FUN_2,FUN_3
96505,18826,CUBE_L,RET
96512,19864,FUN_4,FUN_3
96515,13623,FUN_6,FUN_5
96516,11909,FUN_1,FUN_2
96517,28174,FUN_2,FUN_3
96518,2924,FUN_2,FUN_3
96528,12212,RET,CUBE_L
96531,5767,FUN_2,FUN_1
96538,16173,FUN_2,FUN_1
96558,21379,FUN_2,FUN_1
96559,3598,FUN_5,FUN_6
96567,20598,FUN_2,FUN_3
96588,22203,FUN_2,FUN_3
96600,6067,FUN_4,FUN_5
96606,15528,RET,CUBE_R
96608,8749,FUN_3,FUN_4
96630,11229,FUN_3,FUN_2
96641,13183,CUBE_R,RET
96642,1886,FUN_1,CUBE_L
96647,4036,FUN_3,FUN_4
96658,13736,FUN_2,FUN_3
96666,28605,FUN_1,CUBE_L
96677,20682,CUBE_R,FUN_6
96683,28736,FUN_2,FUN_3
96692,8389,RET,CUBE_R
96696,23068,FUN_3,FUN_4
96698,28717,FUN_3,FUN_2
96700,17441,FUN_1,FUN_2
96701,16276,FUN_3,FUN_2
96709,15397,RET,CUBE_R
96719,10234,FUN_2,FUN_1
96724,14471,FUN_6,FUN_5
96725,1373,FUN_3,FUN_2
96726,17500,FUN_2,FUN_1
96741,10725,FUN_2,FUN_3
96757,7051,CUBE_L,FUN_1
96762,29869,FUN_3,FUN_2
96763,27588,CUBE_R,RET
96764,10601,RET,CUBE_R
96766,26354,FUN_1,FUN_2
96777,14667,FUN_2,FUN_3
96778,4036,FUN_4,FUN_3
96781,7051,FUN_1,CUBE_L
96784,16089,FUN_4,FUN_3
96804,1291,FUN_6,FUN_5
96825,14303,CUBE_R,FUN_6
96826,2347,FUN_1,FUN_2
96828,9321,FUN_2,FUN_3
96839,485,FUN_6,FUN_5
96846,1373,FUN_2,FUN_3
96856,7051,CUBE_L,FUN_1
96878,8222,FUN_2,FUN_1
96894,5569,FUN_5,FUN_4
96905,12105,FUN_3,FUN_2
96913,668,FUN_3,FUN_2
96919,27305,CUBE_R,FUN_6
96920,25325,FUN_1,FUN_2
96947,695,CUBE_L,FUN_1
96948,7051,FUN_1,CUBE_L
96952,14852,FUN_2,FUN_3
96953,15096,FUN_3,FUN_4
96962,661,CUBE_L,RET
96965,19395,FUN_1,FUN_2
96976,21499,FUN_3,FUN_4
96978,1202,FUN_2,FUN_1
96985,14351,FUN_5,FUN_4
96985,15095,FUN_2,FUN_3
96986,17223,FUN_3,FUN_4
96988,3437,RET,CUBE_R
96999,7051,CUBE_L,FUN_1
97013,1027,CUBE_R,RET
97019,29923,FUN_3,FUN_2
97029,2321,FUN_3,FUN_4
97038,7032,FUN_2,FUN_1
97041,7565,FUN_3,FUN_2
97078,12805,RET,CUBE_L
97081,8775,FUN_2,FUN_3
97085,7051,FUN_1,CUBE_L
97091,9652,CUBE_R,RET
97097,10931,FUN_2,FUN_1
97107,17201,RET,CUBE_L
97112,2039,FUN_2,FUN_1
97116,7051,CUBE_L,FUN_1
97120,390,FUN_1,FUN_2
97133,3686,FUN_3,FUN_2
97133,5035,FUN_2,FUN_3
97140,3583,FUN_1,FUN_2
97140,10012,FUN_3,FUN_2
97141,7051,FUN_1,CUBE_L
97151,23910,RET,CUBE_L
97161,7051,CUBE_L,FUN_1
97174,18884,FUN_2,FUN_3
97183,7051,FUN_1,CUBE_L
97211,4885,FUN_3,FUN_4
97226,23910,CUBE_L,RET
97228,9321,FUN_3,FUN_2
97234,12105,FUN_2,FUN_3
97252,6172,CUBE_R,FUN_6
97259,19376,RET,CUBE_L
97262,22677,RET,CUBE_R
97270,8749,FUN_4,FUN_3
97272,20392,CUBE_R,RET
97275,21135,FUN_3,FUN_2
97284,19469,CUBE_R,FUN_6
97295,27126,FUN_3,FUN_2
97297,10689,FUN_1,CUBE_L
97297,15632,FUN_6,FUN_5
97310,14481,FUN_2,FUN_3
97322,1507,FUN_1,FUN_2
97329,26079,FUN_3,FUN_4
97345,3844,FUN_2,FUN_3
97353,23910,RET,CUBE_L
97358,9487,FUN_4,FUN_3
97361,24861,FUN_4,FUN_5
97369,27305,FUN_6,CUBE_R
97385,4411,FUN_3,FUN_4
97406,7445,CUBE_R,RET
97406,28716,FUN_3,FUN_2
97407,17222,FUN_3,FUN_2
97413,27090,RET,CUBE_R
97424,21899,CUBE_R,FUN_6
97431,13894,FUN_1,FUN_2
97432,12455,FUN_5,FUN_6
97436,1908,FUN_2,FUN_3
97439,15662,FUN_4,FUN_3
97448,813,FUN_2,FUN_1
97456,29408,FUN_6,FUN_5
97458,19245,FUN_3,FUN_2
97460,22022,FUN_4,FUN_5
97465,25225,FUN_3,FUN_2
97472,485,FUN_5,FUN_6
97472,18622,FUN_5,FUN_6
97479,10240,RET,CUBE_L
97494,2455,FUN_4,FUN_3
97495,8535,CUBE_L,RET
97507,27006,CUBE_R,FUN_6
97510,14150,FUN_5,FUN_6
97534,27305,CUBE_R,FUN_6
97558,8037,FUN_1,FUN_2
97558,21308,FUN_6,CUBE_R
97582,27980,FUN_1,FUN_2
97606,503,FUN_2,FUN_3
97623,9840,FUN_4,FUN_3
97629,2518,FUN_2,FUN_1
97631,16354,CUBE_L,FUN_1
97640,25123,FUN_2,FUN_3
97651,15993,FUN_2,FUN_3
97654,5686,FUN_3,FUN_4
97659,3598,FUN_6,FUN_5
97664,24861,FUN_5,FUN_4
97665,26069,FUN_3,FUN_2
97666,23910,CUBE_L,RET
97669,16437,FUN_4,FUN_3
97673,4164,FUN_4,FUN_3
97691,10409,FUN_5,FUN_4
97699,6799,FUN_6,FUN_5
97710,24688,FUN_2,FUN_1
97724,12871,FUN_3,FUN_2
97744,20392,RET,CUBE_R
97753,29144,FUN_1,FUN_2
97755,813,FUN_1,FUN_2
97758,4673,FUN_1,FUN_2
97758,6748,FUN_3,FUN_2
97765,354,FUN_3,FUN_4
97770,10557,FUN_3,FUN_2
97781,4892,RET,CUBE_L
97798,3619,CUBE_L,FUN_1
97800,15938,FUN_1,FUN_2
97806,14471,FUN_5,FUN_6
97810,6758,FUN_3,FUN_2
97827,27802,FUN_6,CUBE_R
97837,17223,FUN_4,FUN_3
97843,19650,FUN_5,FUN_6
97876,26681,FUN_4,FUN_3
97878,21517,FUN_5,FUN_4
97882,16204,FUN_1,FUN_2
97893,276,FUN_4,FUN_5
97893,12455,FUN_6,FUN_5
97903,7922,FUN_3,FUN_2
97905,28736,FUN_3,FUN_2
97915,1165,CUBE_L,RET
97916,25416,FUN_1,FUN_2
97922,18907,CUBE_R,RET
97925,3282,FUN_4,FUN_3
97928,14481,FUN_3,FUN_2
97939,14805,FUN_4,FUN_5
97941,485,FUN_6,FUN_5
97951,21899,FUN_6,CUBE_R
97956,7194,FUN_3,FUN_4
97960,9922,FUN_6,FUN_5
97960,12783,CUBE_R,FUN_6
97974,19117,FUN_3,FUN_2
97981,15192,FUN_4,FUN_3
97982,27368,FUN_6,FUN_5
98009,4036,FUN_3,FUN_4
98021,14781,CUBE_L,RET
98027,28266,FUN_1,FUN_2
98050,14771,FUN_4,FUN_5
98051,4542,FUN_3,FUN_2
98051,14034,CUBE_R,RET
98053,2953,FUN_3,FUN_4
98055,18526,FUN_5,FUN_4
98062,24105,CUBE_L,RET
98063,27083,FUN_2,FUN_1
98073,17062,CUBE_R,FUN_6
98093,24747,FUN_2,FUN_3
98113,24152,FUN_5,FUN_4
98115,19152,FUN_4,FUN_3
98121,24051,FUN_1,FUN_2
98127,22990,FUN_3,FUN_4
98131,15814,FUN_2,FUN_1
98132,18050,FUN_1,FUN_2
98159,12854,FUN_2,FUN_3
98161,19133,FUN_3,FUN_2
98167,29801,FUN_2,FUN_3
98168,21517,FUN_4,FUN_5
98177,12408,FUN_2,FUN_3
98181,23266,FUN_2,FUN_3
98201,7008,FUN_1,FUN_2
98205,10689,CUBE_L,FUN_1
98216,354,FUN_4,FUN_3
98226,1657,FUN_2,FUN_3
98235,17315,FUN_4,FUN_5
98240,24747,FUN_3,FUN_2
98266,13464,FUN_4,FUN_5
98272,23910,RET,CUBE_L
98307,19152,FUN_3,FUN_4
98307,24035,RET,CUBE_L
98329,21499,FUN_4,FUN_3
98335,17062,FUN_6,CUBE_R
98344,9645,FUN_2,FUN_1
98347,2857,CUBE_R,FUN_6
98355,17818,CUBE_L,FUN_1
98363,27003,CUBE_L,FUN_1
98380,18485,CUBE_L,RET
98389,6131,FUN_2,FUN_1
98390,695,FUN_1,CUBE_L
98392,10673,FUN_2,FUN_1
98395,28245,FUN_2,FUN_3
98411,29304,FUN_2,FUN_1
98423,26681,FUN_3,FUN_4
98441,14624,RET,CUBE_L
98455,20967,FUN_2,FUN_1
98461,23266,FUN_3,FUN_2
98467,21484,RET,CUBE_R
98488,5602,FUN_2,FUN_3
98492,29904,FUN_1,FUN_2
98528,11523,FUN_6,FUN_5
98529,11856,FUN_3,FUN_2
98530,22224,FUN_2,FUN_3
98532,10658,FUN_4,FUN_5
98534,25001,CUBE_R,RET
98538,13759,FUN_4,FUN_5
98539,8749,FUN_3,FUN_4
98552,17474,FUN_3,FUN_2
98571,5800,FUN_2,FUN_3
98571,13491,FUN_2,FUN_1
98576,26493,FUN_1,CUBE_L
98586,19796,FUN_1,FUN_2
98589,26681,FUN_4,FUN_3
98596,10282,FUN_3,FUN_4
98600,3948,FUN_5,FUN_6
98602,1373,FUN_3,FUN_2
98603,2455,FUN_3,FUN_4
98610,5186,FUN_2,FUN_3
98614,18485,RET,CUBE_L
98623,20041,FUN_2,FUN_3
98635,19395,FUN_2,FUN_1
98645,1320,FUN_2,FUN_1
98645,14034,RET,CUBE_R
98662,10861,FUN_3,FUN_4
98662,20408,CUBE_R,RET
98681,27599,FUN_5,FUN_6
98689,22136,FUN_3,FUN_2
98694,26178,FUN_3,FUN_2
98704,18245,RET,CUBE_L
98716,13450,FUN_1,FUN_2
98718,26748,FUN_1,FUN_2
98730,23099,FUN_6,FUN_5
98731,23560,RET,CUBE_R
98732,13894,FUN_2,FUN_1
98759,13679,FUN_3,FUN_2
98764,6696,FUN_3,FUN_2
98767,21210,FUN_2,FUN_3
98769,7074,FUN_2,FUN_3
98791,20392,CUBE_R,RET
98791,23068,FUN_4,FUN_3
98795,12408,FUN_3,FUN_2
98803,14771,FUN_5,FUN_4
98814,7912,FUN_1,FUN_2
98817,24377,FUN_6,CUBE_R
98821,8558,FUN_3,FUN_4
98829,6691,FUN_1,FUN_2
98834,319,FUN_2,FUN_3
98835,4937,FUN_2,FUN_3
98835,17441,FUN_2,FUN_1
98852,12071,FUN_2,FUN_1
98856,16367,FUN_3,FUN_4
98861,9545,FUN_2,FUN_3
98883,10582,FUN_2,FUN_1
98885,22573,FUN_3,FUN_4
98888,11095,FUN_2,FUN_3
98889,23914,RET,CUBE_L
98897,29132,FUN_1,FUN_2
98899,25325,FUN_2,FUN_1
98902,14098,FUN_2,FUN_3
98926,2133,FUN_5,FUN_4
98931,16276,FUN_2,FUN_3
98947,1376,CUBE_R,FUN_6
98951,7178,FUN_5,FUN_6
98968,1908,FUN_3,FUN_2
98974,14031,FUN_4,FUN_3
98980,15662,FUN_3,FUN_4
98987,28415,FUN_2,FUN_3
98991,26920,FUN_2,FUN_3
98992,21350,FUN_6,CUBE_R
99009,26681,FUN_3,FUN_4
99011,9571,FUN_3,FUN_2
99013,14303,FUN_6,CUBE_R
99019,9752,RET,CUBE_L
99030,26126,FUN_3,FUN_2
99034,24377,CUBE_R,FUN_6
99041,1796,FUN_5,FUN_4
99048,2597,FUN_1,FUN_2
99053,6912,FUN_3,FUN_2
99068,6067,FUN_5,FUN_4
99071,25810,FUN_3,FUN_4
99071,25960,FUN_1,FUN_2
99072,9840,FUN_3,FUN_4
99079,16709,FUN_6,FUN_5
99084,24044,FUN_2,FUN_3
99095,26748,FUN_2,FUN_1
99096,7032,FUN_1,FUN_2
99096,13165,FUN_3,FUN_4
99102,276,FUN_5,FUN_4
99109,5569,FUN_4,FUN_5
99129,3948,FUN_6,FUN_5
99151,20598,FUN_3,FUN_2
99158,29801,FUN_3,FUN_2
99163,21350,CUBE_R,FUN_6
99189,24105,RET,CUBE_L
99195,11737,FUN_2,FUN_3
99200,2924,FUN_3,FUN_2
99212,29305,FUN_2,FUN_1
99215,11183,FUN_1,CUBE_L
99215,18622,FUN_6,FUN_5
99216,14852,FUN_3,FUN_2
99230,12854,FUN_3,FUN_2
99272,24269,FUN_1,FUN_2
99273,9249,FUN_3,FUN_4
99278,20495,RET,CUBE_L
99279,23266,FUN_2,FUN_3
99301,24441,FUN_3,FUN_4
99304,13894,FUN_1,FUN_2
99318,696,CUBE_R,RET
99328,17410,RET,CUBE_L
99334,21476,CUBE_R,RET
99352,14034,CUBE_R,RET
99367,13150,FUN_3,FUN_4
99369,23338,FUN_4,FUN_5
99371,23910,CUBE_L,RET
99412,4873,FUN_6,FUN_5
99413,7790,FUN_1,FUN_2
99419,7499,FUN_3,FUN_2
99420,10234,FUN_1,FUN_2
99431,19152,FUN_4,FUN_3
99443,3730,CUBE_L,RET
99454,11774,FUN_5,FUN_4
99478,10658,FUN_5,FUN_4
99482,1990,CUBE_L,RET
99484,10861,FUN_4,FUN_3
99494,10240,CUBE_L,RET
99495,7145,RET,CUBE_L
99495,22136,FUN_2,FUN_3
99550,13623,FUN_5,FUN_6
99558,1020,FUN_2,FUN_1
99587,21499,FUN_3,FUN_4
99592,13530,FUN_3,FUN_4
99604,7621,FUN_1,FUN_2
99604,9078,FUN_4,FUN_3
99641,7449,RET,CUBE_L
99643,8987,CUBE_L,RET
99652,22744,FUN_2,FUN_1
99677,24269,FUN_2,FUN_1
99678,3480,FUN_2,FUN_1
99678,23099,FUN_5,FUN_6
99694,11313,FUN_3,FUN_2
99703,16256,RET,CUBE_R
99727,328,FUN_3,FUN_2
99730,8471,FUN_5,FUN_4
99731,18716,FUN_2,FUN_3
99738,9968,FUN_1,CUBE_L
99738,15622,CUBE_R,RET
99752,3480,FUN_1,FUN_2
99757,20432,FUN_2,FUN_1
99767,5950,CUBE_L,FUN_1
99778,6912,FUN_2,FUN_3
99814,3959,CUBE_L,RET
99815,9174,FUN_2,FUN_3
99823,23338,FUN_5,FUN_4
99834,2800,RET,CUBE_R
99838,12783,FUN_6,CUBE_R
99842,29297,RET,CUBE_R
99848,8222,FUN_1,FUN_2
99869,9923,FUN_4,FUN_3
99884,14339,RET,CUBE_L
99887,13613,FUN_2,FUN_3
99896,13645,CUBE_R,FUN_6
99920,25488,FUN_3,FUN_2
99933,18119,FUN_6,FUN_5
99938,20495,CUBE_L,RET
99939,25225,FUN_2,FUN_3
99948,14303,CUBE_R,FUN_6
99976,276,FUN_4,FUN_5
99986,21978,CUBE_L,FUN_1
99991,8022,FUN_2,FUN_1
99992,1886,CUBE_L,FUN_1
99995,5088,CUBE_R,FUN_6
99996,5210,FUN_1,FUN_2
100005,10234,FUN_2,FUN_1
100006,28717,FUN_2,FUN_3
100010,1064,FUN_3,FUN_2
100020,18212,FUN_3,FUN_2
100021,17646,FUN_1,FUN_2
100032,12358,RET,CUBE_L
100033,23850,FUN_2,FUN_1
100048,7790,FUN_2,FUN_1
100049,24851,FUN_3,FUN_2
100054,23338,FUN_4,FUN_5
100072,2347,FUN_2,FUN_1
100075,276,FUN_5,FUN_4
100086,20408,RET,CUBE_R
100092,19973,FUN_4,FUN_5
100103,1113,FUN_2,FUN_1
100112,13980,FUN_5,FUN_4
100118,11130,FUN_6,FUN_5
100121,26178,FUN_2,FUN_3
100125,16089,FUN_3,FUN_4
100135,276,FUN_4,FUN_5
100160,26930,FUN_3,FUN_4
100161,16850,FUN_4,FUN_3
100162,276,FUN_5,FUN_4
100162,23974,FUN_2,FUN_1
100167,19650,FUN_6,FUN_5
100180,21110,FUN_2,FUN_1
100182,8248,FUN_3,FUN_2
100208,341,FUN_3,FUN_2
100216,19037,CUBE_R,FUN_6
100227,27343,FUN_2,FUN_1
100235,27422,RET,CUBE_L
100239,7790,FUN_1,FUN_2
100239,10658,FUN_4,FUN_5
100276,661,RET,CUBE_L
100288,22534,FUN_6,FUN_5
100288,25225,FUN_3,FUN_2
100288,26923,CUBE_L,RET
100299,18485,CUBE_L,RET
100311,7499,FUN_2,FUN_3
100321,25719,FUN_3,FUN_4
100325,668,FUN_2,FUN_3
100348,25142,RET,CUBE_R
100353,6758,FUN_2,FUN_3
100357,8864,FUN_4,FUN_3
100407,7499,FUN_3,FUN_2
100417,12071,FUN_1,FUN_2
100418,10931,FUN_1,FUN_2
100422,6691,FUN_2,FUN_1
100422,13613,FUN_3,FUN_2
100427,18063,FUN_2,FUN_1
100428,23338,FUN_5,FUN_4
100430,23079,CUBE_R,RET
100469,19090,FUN_2,FUN_3
100471,1320,FUN_1,FUN_2
100478,23974,FUN_1,FUN_2
100480,11909,FUN_2,FUN_1
100480,26159,FUN_3,FUN_4
100487,15938,FUN_2,FUN_1
100496,3705,FUN_1,FUN_2
100503,27105,FUN_3,FUN_2
100512,6241,FUN_3,FUN_2
100515,4411,FUN_4,FUN_3
100522,3619,FUN_1,CUBE_L
100522,5924,FUN_2,FUN_1
100531,1320,FUN_2,FUN_1
100533,22515,FUN_2,FUN_3
100540,1098,FUN_1,FUN_2
100546,1784,CUBE_R,RET
100549,503,FUN_3,FUN_2
100559,19691,CUBE_L,RET
100561,5088,FUN_6,CUBE_R
100571,18167,FUN_2,FUN_3
100582,21135,FUN_2,FUN_3
100611,5035,FUN_3,FUN_2
100612,27408,FUN_1,FUN_2
100636,2481,FUN_5,FUN_4
100643,27108,FUN_6,FUN_5
100663,3730,RET,CUBE_L
100671,364,FUN_2,FUN_1
100671,26414,FUN_6,FUN_5
100678,12803,FUN_2,FUN_1
100682,19334,FUN_3,FUN_2
100690,4561,FUN_4,FUN_3
100698,6691,FUN_1,FUN_2
100708,15938,FUN_1,FUN_2
100710,1373,FUN_2,FUN_3
100716,27619,FUN_6,FUN_5
100748,3880,FUN_3,FUN_2
100749,11774,FUN_4,FUN_5
100757,1320,FUN_1,FUN_2
100775,19058,CUBE_R,FUN_6
100786,13679,FUN_2,FUN_3
100798,7982,FUN_3,FUN_2
100800,7592,RET,CUBE_L
100826,23099,FUN_6,FUN_5
100843,8022,FUN_1,FUN_2
100845,11856,FUN_2,FUN_3
100845,11909,FUN_1,FUN_2
100855,29052,FUN_2,FUN_1
100856,672,FUN_3,FUN_2
100856,26079,FUN_4,FUN_3
100861,503,FUN_2,FUN_3
100865,661,CUBE_L,RET
100896,5065,FUN_2,FUN_1
100915,27108,FUN_5,FUN_6
100926,5924,FUN_1,FUN_2
100932,28763,RET,CUBE_R
100937,12105,FUN_3,FUN_2
100944,22915,FUN_1,FUN_2
100950,5760,CUBE_R,RET
100963,8864,FUN_3,FUN_4
100963,17517,FUN_3,FUN_2
100974,10767,FUN_4,FUN_3
100987,4447,FUN_1,FUN_2
100993,10557,FUN_2,FUN_3
101000,15938,FUN_2,FUN_1
101008,7297,RET,CUBE_L
101009,28736,FUN_2,FUN_3
101021,29144,FUN_2,FUN_1
101027,17261,FUN_2,FUN_1
101039,18972,FUN_4,FUN_5
101042,9078,FUN_3,FUN_4
101058,3959,RET,CUBE_L
101087,328,FUN_2,FUN_3
101090,13623,FUN_6,FUN_5
101091,10217,FUN_2,FUN_3
101111,27932,CUBE_R,FUN_6
101134,11902,FUN_6,CUBE_R
101140,17223,FUN_3,FUN_4
101142,23625,CUBE_R,FUN_6
101143,7621,FUN_2,FUN_1
101146,11737,FUN_3,FUN_2
101160,27003,FUN_1,CUBE_L
101170,15096,FUN_4,FUN_3
101181,24908,RET,CUBE_R
101201,13645,FUN_6,CUBE_R
101201,18245,CUBE_L,RET
101202,2211,FUN_2,FUN_1
101213,1000,FUN_2,FUN_3
101217,18802,FUN_2,FUN_1
101218,19691,RET,CUBE_L
101220,25416,FUN_2,FUN_1
101222,13733,FUN_2,FUN_1
101233,6460,FUN_2,FUN_1
101236,18972,FUN_5,FUN_4
101244,29747,CUBE_L,FUN_1
101246,17244,CUBE_L,FUN_1
101251,21899,CUBE_R,FUN_6
101257,26964,FUN_5,FUN_6
101262,2684,CUBE_L,FUN_1
101270,19039,FUN_4,FUN_3
101272,27343,FUN_1,FUN_2
101275,24377,FUN_6,CUBE_R
101283,9345,RET,CUBE_L
101290,21350,FUN_6,CUBE_R
101292,503,FUN_3,FUN_2
101306,3660,RET,CUBE_R
101310,9638,RET,CUBE_R
101312,503,FUN_2,FUN_3
101319,12854,FUN_2,FUN_3
101319,24283,FUN_4,FUN_3
101341,1113,FUN_1,FUN_2
101345,7390,FUN_1,FUN_2
101349,9548,FUN_2,FUN_1
101352,503,FUN_3,FUN_2
101352,1821,FUN_4,FUN_5
101353,18435,RET,CUBE_L
101360,22178,RET,CUBE_R
101365,14034,RET,CUBE_R
101381,26112,FUN_5,FUN_4
101383,1821,FUN_5,FUN_4
101391,27105,FUN_2,FUN_3
101393,28984,FUN_2,FUN_3
101404,17261,FUN_1,FUN_2
101419,23099,FUN_5,FUN_6
101429,13736,FUN_3,FUN_2
101444,22022,FUN_5,FUN_4
101458,9430,FUN_3,FUN_2
101459,15632,FUN_5,FUN_6
101478,1821,FUN_4,FUN_5
101488,8389,CUBE_R,RET
101491,5203,FUN_5,FUN_6
101498,16648,CUBE_R,FUN_6
101499,15849,FUN_3,FUN_4
101499,19094,CUBE_L,RET
101504,24066,FUN_3,FUN_2
101512,23625,FUN_6,CUBE_R
101516,1796,FUN_4,FUN_5
101517,13165,FUN_4,FUN_3
101519,15095,FUN_3,FUN_2
101525,1281,FUN_4,FUN_5
101534,28250,FUN_1,CUBE_L
101535,29102,FUN_3,FUN_2
101542,6691,FUN_2,FUN_1
101553,12355,RET,CUBE_R
101554,6748,FUN_2,FUN_3
101555,3053,FUN_4,FUN_3
101565,29144,FUN_1,FUN_2
101591,15424,FUN_4,FUN_5
101603,1291,FUN_5,FUN_6
101641,7297,CUBE_L,RET
101653,19469,FUN_6,CUBE_R
101661,9487,FUN_3,FUN_4
101663,920,FUN_1,FUN_2
101666,19650,FUN_5,FUN_6
101672,28462,FUN_4,FUN_3
101674,7565,FUN_2,FUN_3
101696,11401,FUN_3,FUN_4
101704,5007,FUN_2,FUN_1
101716,6758,FUN_3,FUN_2
101723,20075,FUN_2,FUN_1
101727,2039,FUN_1,FUN_2
101734,14031,FUN_3,FUN_4
101738,20868,FUN_3,FUN_4
101740,13761,FUN_4,FUN_5
101745,3292,FUN_4,FUN_3
101763,11164,FUN_3,FUN_4
101767,11164,FUN_4,FUN_3
101773,6691,FUN_1,FUN_2
101782,24269,FUN_1,FUN_2
101785,9232,CUBE_R,FUN_6
101787,11164,FUN_3,FUN_4
101791,18296,FUN_3,FUN_4
101805,9645,FUN_1,FUN_2
101805,16301,FUN_3,FUN_2
101810,22408,FUN_3,FUN_2
101824,3437,CUBE_R,RET
101830,661,RET,CUBE_L
101849,15095,FUN_2,FUN_3
101857,19245,FUN_2,FUN_3
101862,3921,FUN_3,FUN_4
101872,11164,FUN_4,FUN_3
101872,25810,FUN_4,FUN_3
101884,27343,FUN_2,FUN_1
101892,24351,FUN_3,FUN_2
101893,28763,CUBE_R,RET
101899,9391,FUN_1,FUN_2
101907,17584,FUN_3,FUN_2
101909,23899,CUBE_L,FUN_1
101910,18344,CUBE_R,FUN_6
101916,23338,FUN_4,FUN_5
101927,25488,FUN_2,FUN_3
101929,17410,CUBE_L,RET
101931,2039,FUN_2,FUN_1
101934,16187,FUN_3,FUN_2
101954,17261,FUN_2,FUN_1
101955,24851,FUN_2,FUN_3
101986,11164,FUN_3,FUN_4
101989,1098,FUN_2,FUN_1
101991,22573,FUN_4,FUN_3
102003,28415,FUN_3,FUN_2
102016,11130,FUN_5,FUN_6
102027,20002,FUN_3,FUN_4
102028,18566,CUBE_R,FUN_6
102045,20562,CUBE_R,RET
102046,25416,FUN_1,FUN_2
102046,29982,CUBE_R,FUN_6
102049,23597,FUN_3,FUN_2
102053,24226,FUN_4,FUN_3
102064,5683,FUN_3,FUN_2
102067,15091,FUN_2,FUN_1
102072,7573,FUN_2,FUN_1
102076,4411,FUN_3,FUN_4
102099,23625,CUBE_R,FUN_6
102124,28591,CUBE_L,RET
102138,12455,FUN_5,FUN_6
102139,24333,CUBE_R,RET
102147,20607,RET,CUBE_L
102159,2924,FUN_2,FUN_3
102161,7074,FUN_3,FUN_2
102164,24583,FUN_4,FUN_5
102165,28923,FUN_1,CUBE_L
102173,8478,FUN_2,FUN_1
102178,661,CUBE_L,RET
102190,11401,FUN_4,FUN_3
102192,26964,FUN_6,FUN_5
102193,13645,CUBE_R,FUN_6
102195,21933,FUN_5,FUN_6
102198,17137,FUN_3,FUN_2
102213,16089,FUN_4,FUN_3
102222,5342,RET,CUBE_R
102226,27083,FUN_1,FUN_2
102236,24583,FUN_5,FUN_4
102250,29050,FUN_5,FUN_6
102252,24168,FUN_6,FUN_5
102262,15095,FUN_3,FUN_2
102287,17261,FUN_1,FUN_2
102297,20095,FUN_6,FUN_5
102308,28736,FUN_3,FUN_2
102329,13132,FUN_2,FUN_3
102356,3937,FUN_1,FUN_2
102361,24212,FUN_5,FUN_6
102366,6758,FUN_2,FUN_3
102368,7371,FUN_3,FUN_2
102370,22573,FUN_3,FUN_4
102380,3898,CUBE_L,FUN_1
102393,29747,FUN_1,CUBE_L
102399,12105,FUN_2,FUN_3
102399,28923,CUBE_L,FUN_1
102402,17223,FUN_4,FUN_3
102412,12455,FUN_6,FUN_5
102417,24226,FUN_3,FUN_4
102418,11251,FUN_4,FUN_3
102429,19691,CUBE_L,RET
102454,2953,FUN_4,FUN_3
102458,28591,RET,CUBE_L
102467,15762,FUN_3,FUN_4
102495,25639,FUN_5,FUN_4
102499,22951,RET,CUBE_L
102502,9548,FUN_1,FUN_2
102515,29050,FUN_6,FUN_5
102542,16241,FUN_4,FUN_3
102561,4561,FUN_3,FUN_4
102579,1098,FUN_1,FUN_2
102586,25475,FUN_2,FUN_1
102588,7982,FUN_2,FUN_3
102592,14150,FUN_6,FUN_5
102597,23024,FUN_4,FUN_5
102612,15219,FUN_2,FUN_1
102617,13761,FUN_5,FUN_4
102624,9487,FUN_4,FUN_3
102628,27087,FUN_3,FUN_4
102641,6460,FUN_1,FUN_2
102654,18225,FUN_4,FUN_3
102658,18907,RET,CUBE_R
102662,10217,FUN_3,FUN_2
102662,16367,FUN_4,FUN_3
102690,13530,FUN_4,FUN_3
102715,1566,FUN_2,FUN_1
102728,28825,FUN_2,FUN_1
102738,1441,FUN_1,FUN_2
102768,21504,FUN_4,FUN_3
102772,25745,FUN_6,FUN_5
102776,10391,FUN_4,FUN_3
102778,1808,FUN_4,FUN_3
102786,27427,CUBE_R,RET
102787,27176,FUN_5,FUN_6
102791,7240,FUN_3,FUN_2
102795,672,FUN_2,FUN_3
102797,24226,FUN_4,FUN_3
102798,13165,FUN_3,FUN_4
102802,3921,FUN_4,FUN_3
102808,20075,FUN_1,FUN_2
102809,24792,RET,CUBE_R
102809,29201,FUN_6,FUN_5
102847,24226,FUN_3,FUN_4
102888,20040,FUN_1,FUN_2
102889,29546,FUN_4,FUN_5
102890,1886,FUN_1,CUBE_L
102911,2008,FUN_2,FUN_1
102912,18119,FUN_5,FUN_6
102913,1566,FUN_1,FUN_2
102940,18066,FUN_2,FUN_3
102945,11401,FUN_3,FUN_4
102948,19969,FUN_4,FUN_5
102950,10217,FUN_2,FUN_3
102950,16850,FUN_3,FUN_4
102950,18414,FUN_5,FUN_4
102954,4673,FUN_2,FUN_1
102954,28426,RET,CUBE_R
102961,21101,FUN_4,FUN_3
102967,23129,FUN_1,FUN_2
102973,695,CUBE_L,FUN_1
102982,16286,FUN_1,FUN_2
102983,17818,FUN_1,CUBE_L
103021,14303,FUN_6,CUBE_R
103025,28032,FUN_2,FUN_1
103026,20562,RET,CUBE_R
103059,17227,FUN_5,FUN_4
103064,4999,FUN_1,CUBE_L
103069,9975,FUN_2,FUN_3
103073,7297,RET,CUBE_L
103087,18526,FUN_4,FUN_5
103092,10240,RET,CUBE_L
103116,15095,FUN_2,FUN_3
103118,13841,FUN_4,FUN_3
103120,29201,FUN_5,FUN_6
103122,23024,FUN_5,FUN_4
103129,29770,FUN_1,FUN_2
103130,21120,FUN_3,FUN_2
103132,7449,CUBE_L,RET
103136,19376,CUBE_L,RET
103151,24688,FUN_1,FUN_2
103162,25184,FUN_2,FUN_3
103163,9159,FUN_4,FUN_5
103173,27176,FUN_6,FUN_5
103174,18322,FUN_4,FUN_3
103177,23643,FUN_2,FUN_1
103225,18225,FUN_3,FUN_4
103227,12136,FUN_3,FUN_4
103238,18437,FUN_3,FUN_4
103248,1886,CUBE_L,FUN_1
103250,4425,FUN_2,FUN_3
103266,1098,FUN_2,FUN_1
103273,10767,FUN_3,FUN_4
103275,27090,CUBE_R,RET
103290,7826,FUN_1,FUN_2
103309,7826,FUN_2,FUN_1
103313,5245,CUBE_L,RET
103317,29731,FUN_2,FUN_1
103318,15849,FUN_4,FUN_3
103322,23128,FUN_2,FUN_1
103330,16439,FUN_2,FUN_3
103332,7826,FUN_1,FUN_2
103339,20149,CUBE_R,RET
103342,20868,FUN_4,FUN_3
103344,28032,FUN_1,FUN_2
103345,13645,FUN_6,CUBE_R
103364,4251,FUN_4,FUN_3
103380,15079,FUN_3,FUN_2
103399,11319,FUN_3,FUN_4
103402,29139,CUBE_R,FUN_6
103425,20495,RET,CUBE_L
103429,3437,RET,CUBE_R
103437,28716,FUN_2,FUN_3
103444,24583,FUN_4,FUN_5
103448,3495,FUN_2,FUN_3
103468,20369,FUN_2,FUN_3
103471,5800,FUN_3,FUN_2
103471,21086,FUN_6,CUBE_R
103480,27343,FUN_1,FUN_2
103481,25488,FUN_3,FUN_2
103524,28245,FUN_3,FUN_2
103550,6037,FUN_5,FUN_4
103552,3959,CUBE_L,RET
103559,2037,FUN_6,CUBE_R
103560,29102,FUN_2,FUN_3
103562,23338,FUN_5,FUN_4
103579,12804,FUN_3,FUN_2
103589,5245,RET,CUBE_L
103592,16301,FUN_2,FUN_3
103599,2039,FUN_1,FUN_2
103605,19973,FUN_5,FUN_4
103609,24066,FUN_2,FUN_3
103621,24477,FUN_2,FUN_1
103628,27316,FUN_1,FUN_2
103638,316,FUN_2,FUN_3
103642,7826,FUN_2,FUN_1
103645,19285,FUN_2,FUN_1
103651,23597,FUN_2,FUN_3
103660,27772,FUN_5,FUN_4
103660,28763,RET,CUBE_R
103702,16256,CUBE_R,RET
103725,15091,FUN_1,FUN_2
103740,17517,FUN_2,FUN_3
103758,24695,FUN_3,FUN_2
103762,1246,FUN_1,FUN_2
103769,11911,FUN_5,FUN_6
103783,22178,CUBE_R,RET
103786,20868,FUN_3,FUN_4
103789,23899,FUN_1,CUBE_L
103800,7831,FUN_3,FUN_2
103800,27003,CUBE_L,FUN_1
103807,20753,FUN_4,FUN_3
103815,4312,FUN_2,FUN_3
103825,1566,FUN_2,FUN_1
103829,19090,FUN_3,FUN_2
103830,8305,FUN_3,FUN_4
103835,24158,RET,CUBE_L
103835,29546,FUN_5,FUN_4
103837,12281,FUN_4,FUN_3
103842,8131,FUN_2,FUN_3
103866,25225,FUN_2,FUN_3
103879,9391,FUN_2,FUN_1
103888,25142,CUBE_R,RET
103896,19973,FUN_4,FUN_5
103897,25889,CUBE_L,RET
103925,23850,FUN_1,FUN_2
103937,15684,FUN_3,FUN_4
103949,13031,FUN_2,FUN_1
103957,3210,FUN_4,FUN_3
103962,7240,FUN_2,FUN_3
103967,27474,FUN_1,FUN_2
103975,15219,FUN_1,FUN_2
103987,10901,FUN_5,FUN_6
103996,19039,FUN_3,FUN_4
104005,20600,CUBE_L,FUN_1
104011,29770,FUN_2,FUN_1
104024,3437,CUBE_R,RET
104039,4314,FUN_2,FUN_1
104042,6703,CUBE_L,FUN_1
104058,16850,FUN_4,FUN_3
104069,5055,CUBE_R,FUN_6
104069,9345,CUBE_L,RET
104097,4511,CUBE_R,RET
104101,24426,FUN_6,CUBE_R
104107,27114,CUBE_R,FUN_6
104127,9232,FUN_6,CUBE_R
104127,14795,FUN_2,FUN_3
104135,16367,FUN_3,FUN_4
104148,1425,FUN_4,FUN_5
104148,4673,FUN_1,FUN_2
104171,27114,FUN_6,CUBE_R
104179,3755,FUN_3,FUN_2
104184,20967,FUN_1,FUN_2
104201,8987,RET,CUBE_L
104212,27176,FUN_5,FUN_6
104225,9345,RET,CUBE_L
104231,813,FUN_2,FUN_1
104233,1376,FUN_6,CUBE_R
104239,22398,CUBE_R,FUN_6
104245,3921,FUN_3,FUN_4
104245,7697,FUN_5,FUN_6
104249,16850,FUN_3,FUN_4
104256,7524,CUBE_R,FUN_6
104262,5358,RET,CUBE_R
104283,19686,FUN_6,FUN_5
104286,12281,FUN_3,FUN_4
104298,12871,FUN_2,FUN_3
104302,11373,FUN_2,FUN_3
104306,26354,FUN_2,FUN_1
104320,26128,RET,CUBE_R
104326,5108,FUN_2,FUN_1
104331,14395,FUN_3,FUN_2
104338,15557,FUN_3,FUN_4
104358,16241,FUN_3,FUN_4
104366,16367,FUN_4,FUN_3
104376,29297,CUBE_R,RET
104383,3948,FUN_5,FUN_6
104396,9391,FUN_1,FUN_2
104408,26069,FUN_2,FUN_3
104413,3437,RET,CUBE_R
104447,24617,FUN_2,FUN_3
104448,12281,FUN_4,FUN_3
104454,19691,RET,CUBE_L
104458,9526,FUN_1,FUN_2
104467,19058,FUN_6,CUBE_R
104471,6169,FUN_3,FUN_2
104478,29269,FUN_3,FUN_2
104478,29546,FUN_4,FUN_5
104481,18972,FUN_4,FUN_5
104494,5203,FUN_6,FUN_5
104495,1986,FUN_2,FUN_3
104500,1990,RET,CUBE_L
104508,14805,FUN_5,FUN_4
104525,9950,CUBE_R,RET
104527,15684,FUN_4,FUN_3
104544,29305,FUN_1,FUN_2
104549,29770,FUN_1,FUN_2
104561,22077,CUBE_R,RET
104565,29334,CUBE_L,FUN_1
104567,1291,FUN_6,FUN_5
104572,26128,CUBE_R,RET
104576,17261,FUN_2,FUN_1
104581,13761,FUN_4,FUN_5
104584,6797,RET,CUBE_L
104587,709,FUN_4,FUN_3
104603,9548,FUN_2,FUN_1
104603,19469,CUBE_R,FUN_6
104606,26079,FUN_3,FUN_4
104613,13031,FUN_1,FUN_2
104616,2347,FUN_1,FUN_2
104634,7445,RET,CUBE_R
104640,19072,CUBE_R,FUN_6
104643,28247,FUN_2,FUN_3
104649,13959,FUN_1,CUBE_L
104652,28586,FUN_4,FUN_5
104664,23024,FUN_4,FUN_5
104674,7982,FUN_3,FUN_2
104677,19973,FUN_5,FUN_4
104692,16850,FUN_4,FUN_3
104700,5886,FUN_5,FUN_4
104726,10806,FUN_2,FUN_3
104743,17410,RET,CUBE_L
104747,277,FUN_3,FUN_2
104750,742,FUN_2,FUN_1
104752,26595,FUN_1,FUN_2
104753,13759,FUN_5,FUN_4
104754,8646,FUN_2,FUN_1
104759,672,FUN_3,FUN_2
104762,21228,FUN_3,FUN_2
104769,9391,FUN_2,FUN_1
104769,27557,FUN_2,FUN_3
104771,29201,FUN_6,FUN_5
104775,10582,FUN_1,FUN_2
104780,25798,CUBE_R,FUN_6
104781,8859,RET,CUBE_L
104794,27796,FUN_6,FUN_5
104798,27572,FUN_3,FUN_2
104800,879,FUN_5,FUN_6
104837,15773,FUN_3,FUN_2
104847,24283,FUN_3,FUN_4
104852,17223,FUN_3,FUN_4
104857,9968,CUBE_L,FUN_1
104861,27762,CUBE_L,FUN_1
104873,22515,FUN_3,FUN_2
104885,23643,FUN_1,FUN_2
104902,27343,FUN_2,FUN_1
104904,22935,FUN_4,FUN_3
104909,5760,RET,CUBE_R
104913,5569,FUN_5,FUN_4
104929,19713,FUN_1,FUN_2
104944,19133,FUN_2,FUN_3
104948,13733,FUN_1,FUN_2
104949,13679,FUN_3,FUN_2
104979,7912,FUN_2,FUN_1
105001,241,CUBE_R,RET
105007,25184,FUN_3,FUN_2
105021,14136,FUN_4,FUN_3
105024,24333,RET,CUBE_R
105029,12871,FUN_3,FUN_2
105053,6169,FUN_2,FUN_3
105056,17227,FUN_4,FUN_5
105057,23910,RET,CUBE_L
105059,8791,CUBE_R,RET
105065,5753,CUBE_L,RET
105069,28817,FUN_5,FUN_4
105080,23266,FUN_3,FUN_2
105099,23899,CUBE_L,FUN_1
105102,27305,FUN_6,CUBE_R
105112,16173,FUN_1,FUN_2
105117,10718,FUN_1,FUN_2
105124,27105,FUN_3,FUN_2
105133,23850,FUN_2,FUN_1
105138,10410,FUN_4,FUN_3
105152,1970,FUN_6,CUBE_R
105157,11229,FUN_2,FUN_3
105184,15040,FUN_2,FUN_3
105188,1886,FUN_1,CUBE_L
105190,9232,CUBE_R,FUN_6
105192,10217,FUN_3,FUN_2
105199,29269,FUN_2,FUN_3
105216,25486,FUN_3,FUN_4
105222,22515,FUN_2,FUN_3
105223,17078,FUN_2,FUN_1
105240,17244,FUN_1,CUBE_L
105242,709,FUN_3,FUN_4
105249,695,FUN_1,CUBE_L
105250,12105,FUN_3,FUN_2
105257,25442,FUN_2,FUN_1
105258,12168,FUN_3,FUN_4
105260,6806,FUN_3,FUN_4
105272,29269,FUN_3,FUN_2
105274,9645,FUN_2,FUN_1
105302,24184,CUBE_R,RET
105307,1796,FUN_5,FUN_4
105307,18344,FUN_6,CUBE_R
105309,8535,RET,CUBE_L
105323,14150,FUN_5,FUN_6
105325,16932,FUN_4,FUN_5
105332,7508,FUN_5,FUN_6
105337,22368,FUN_2,FUN_1
105349,9941,FUN_6,FUN_5
105357,29933,FUN_3,FUN_2
105360,25488,FUN_2,FUN_3
105369,5427,FUN_1,CUBE_L
105379,709,FUN_4,FUN_3
105405,14395,FUN_2,FUN_3
105419,25416,FUN_2,FUN_1
105424,24168,FUN_5,FUN_6
105442,26748,FUN_1,FUN_2
105445,9526,FUN_2,FUN_1
105448,7621,FUN_1,FUN_2
105464,17225,FUN_4,FUN_3
105468,418,FUN_3,FUN_2
105472,25719,FUN_4,FUN_3
105479,9345,CUBE_L,RET
105484,695,CUBE_L,FUN_1
105503,1796,FUN_4,FUN_5
105503,19340,FUN_3,FUN_2
105543,14150,FUN_6,FUN_5
105544,20445,FUN_2,FUN_1
105551,28778,FUN_2,FUN_1
105564,4649,CUBE_L,FUN_1
105564,10686,FUN_3,FUN_2
105578,24226,FUN_4,FUN_3
105580,26920,FUN_3,FUN_2
105593,15212,FUN_3,FUN_2
105600,10234,FUN_1,FUN_2
105600,14031,FUN_4,FUN_3
105603,1940,FUN_6,CUBE_R
105608,390,FUN_2,FUN_1
105615,29814,FUN_2,FUN_1
105617,25325,FUN_1,FUN_2
105637,23197,FUN_3,FUN_2
105644,25442,FUN_1,FUN_2
105645,3437,CUBE_R,RET
105663,18225,FUN_4,FUN_3
105664,19334,FUN_2,FUN_3
105681,18894,FUN_1,FUN_2
105685,19650,FUN_6,FUN_5
105715,16367,FUN_3,FUN_4
105720,24806,FUN_2,FUN_3
105736,24481,FUN_3,FUN_2
105755,27114,CUBE_R,FUN_6
105761,6131,FUN_1,FUN_2
105763,10391,FUN_3,FUN_4
105764,25810,FUN_3,FUN_4
105777,29956,FUN_3,FUN_4
105787,27932,FUN_6,CUBE_R
105791,22935,FUN_3,FUN_4
105792,25038,CUBE_L,RET
105799,29869,FUN_2,FUN_3
105821,20002,FUN_4,FUN_3
105848,6691,FUN_2,FUN_1
105862,27772,FUN_4,FUN_5
105865,22464,FUN_4,FUN_5
105895,16354,FUN_1,CUBE_L
105899,17798,FUN_3,FUN_2
105905,9345,RET,CUBE_L
105905,13949,FUN_2,FUN_3
105905,17818,CUBE_L,FUN_1
105913,15773,FUN_2,FUN_3
105919,29305,FUN_2,FUN_1
105942,12871,FUN_2,FUN_3
105948,20649,FUN_2,FUN_1
105961,5950,FUN_1,CUBE_L
105962,7240,FUN_3,FUN_2
105970,13759,FUN_4,FUN_5
105981,16241,FUN_4,FUN_3
105988,11695,FUN_3,FUN_4
105998,28656,FUN_2,FUN_3
106012,875,CUBE_R,RET
106034,22568,FUN_5,FUN_4
106036,1289,RET,CUBE_L
106040,2372,CUBE_L,RET
106044,668,FUN_3,FUN_2
106052,22602,FUN_5,FUN_4
106053,17500,FUN_1,FUN_2
106068,26354,FUN_1,FUN_2
106070,8646,FUN_1,FUN_2
106088,3951,FUN_6,FUN_5
106089,29672,FUN_3,FUN_2
106096,22398,FUN_6,CUBE_R
106103,1376,CUBE_R,FUN_6
106105,11695,FUN_4,FUN_3
106109,26795,FUN_2,FUN_3
106133,10557,FUN_3,FUN_2
106133,14771,FUN_4,FUN_5
106142,27813,FUN_4,FUN_3
106158,10931,FUN_2,FUN_1
106175,23614,CUBE_R,RET
106185,10767,FUN_4,FUN_3
106189,19469,FUN_6,CUBE_R
106212,13949,FUN_3,FUN_2
106213,6748,FUN_3,FUN_2
106221,12168,FUN_4,FUN_3
106227,3490,FUN_4,FUN_3
106227,9345,CUBE_L,RET
106233,9548,FUN_1,FUN_2
106235,20040,FUN_2,FUN_1
106238,7779,FUN_3,FUN_2
106238,10086,FUN_4,FUN_5
106246,10686,FUN_2,FUN_3
106261,13759,FUN_5,FUN_4
106281,6085,FUN_2,FUN_1
106283,29492,FUN_3,FUN_2
106292,11370,FUN_3,FUN_2
106294,15170,FUN_1,CUBE_L
106303,6797,CUBE_L,RET
106305,21829,FUN_2,FUN_3
106306,5358,CUBE_R,RET
106318,2722,FUN_2,FUN_1
106318,2755,RET,CUBE_L
106320,9571,FUN_2,FUN_3
106325,25639,FUN_4,FUN_5
106326,18312,CUBE_L,RET
106329,19340,FUN_2,FUN_3
106330,8864,FUN_4,FUN_3
106336,6432,FUN_4,FUN_5
106349,10931,FUN_1,FUN_2
106353,13821,RET,CUBE_L
106355,24102,FUN_1,CUBE_L
106363,12856,FUN_2,FUN_1
106364,661,RET,CUBE_L
106364,8791,RET,CUBE_R
106379,23099,FUN_6,FUN_5
106385,10068,FUN_2,FUN_3
106396,9951,FUN_3,FUN_4
106400,9078,FUN_4,FUN_3
106405,9430,FUN_2,FUN_3
106409,12136,FUN_4,FUN_3
106413,27316,FUN_2,FUN_1
106426,4970,FUN_1,FUN_2
106430,28736,FUN_2,FUN_3
106458,12383,FUN_4,FUN_5
106458,20228,FUN_2,FUN_1
106458,28923,FUN_1,CUBE_L
106471,4526,FUN_3,FUN_2
106477,22027,FUN_4,FUN_3
106478,15708,CUBE_L,RET
106483,16187,FUN_2,FUN_3
106485,10557,FUN_2,FUN_3
106503,28250,CUBE_L,FUN_1
106506,17609,FUN_2,FUN_3
106512,2722,FUN_1,FUN_2
106512,15464,FUN_1,FUN_2
106515,24168,FUN_6,FUN_5
106516,16208,FUN_5,FUN_4
106524,19049,FUN_5,FUN_4
106542,8938,FUN_4,FUN_5
106557,6131,FUN_2,FUN_1
106579,15989,FUN_2,FUN_3
106583,12623,FUN_3,FUN_2
106584,23694,FUN_2,FUN_1
106587,22787,FUN_3,FUN_4
106594,2722,FUN_2,FUN_1
106597,20600,FUN_1,CUBE_L
106601,11911,FUN_6,FUN_5
106601,17227,FUN_5,FUN_4
106603,10410,FUN_3,FUN_4
106633,1819,FUN_2,FUN_1
106657,10068,FUN_3,FUN_2
106658,23910,CUBE_L,RET
106666,18485,RET,CUBE_L
106667,23020,RET,CUBE_R
106669,9399,FUN_3,FUN_2
106674,2481,FUN_4,FUN_5
106678,17410,CUBE_L,RET
106692,3495,FUN_3,FUN_2
106719,26988,FUN_2,FUN_3
106731,20321,FUN_3,FUN_4
106733,5427,CUBE_L,FUN_1
106737,7621,FUN_2,FUN_1
106740,3730,CUBE_L,RET
106748,1990,CUBE_L,RET
106756,10238,CUBE_L,RET
106769,6241,FUN_2,FUN_3
106769,28247,FUN_3,FUN_2
106798,4800,FUN_2,FUN_3
106798,20753,FUN_3,FUN_4
106815,12856,FUN_1,FUN_2
106819,9391,FUN_1,FUN_2
106822,29052,FUN_1,FUN_2
106829,7592,CUBE_L,RET
106841,7891,FUN_3,FUN_2
106844,17315,FUN_5,FUN_4
106849,5480,FUN_1,CUBE_L
106851,695,FUN_1,CUBE_L
106851,15699,FUN_2,FUN_3
106863,13511,FUN_3,FUN_2
106870,9922,FUN_5,FUN_6
106885,22530,RET,CUBE_L
106902,14266,FUN_5,FUN_6
106921,28825,FUN_1,FUN_2
106952,27492,FUN_5,FUN_4
106954,2321,FUN_4,FUN_3
106964,695,CUBE_L,FUN_1
106971,10350,FUN_3,FUN_2
106973,1908,FUN_2,FUN_3
106981,17410,RET,CUBE_L
106985,9761,FUN_3,FUN_2
106988,3118,FUN_3,FUN_2
106990,2722,FUN_1,FUN_2
107017,27867,FUN_3,FUN_2
107022,11774,FUN_5,FUN_4
107030,565,RET,CUBE_L
107036,4234,FUN_4,FUN_3
107039,11853,FUN_4,FUN_5
107049,4511,RET,CUBE_R
107056,16256,RET,CUBE_R
107058,23850,FUN_1,FUN_2
107062,14150,FUN_5,FUN_6
107064,29345,FUN_4,FUN_3
107074,4937,FUN_3,FUN_2
107075,22464,FUN_5,FUN_4
107089,27090,RET,CUBE_R
107090,18286,CUBE_R,RET
107091,10854,FUN_6,FUN_5
107112,3118,FUN_2,FUN_3
107116,18414,FUN_4,FUN_5
107117,2461,FUN_1,FUN_2
107121,13203,CUBE_L,RET
107122,29904,FUN_2,FUN_1
107137,7826,FUN_1,FUN_2
107141,3948,FUN_6,FUN_5
107141,17508,FUN_1,FUN_2
107155,20432,FUN_1,FUN_2
107163,10686,FUN_3,FUN_2
107168,23457,FUN_4,FUN_5
107191,5035,FUN_2,FUN_3
107195,7149,FUN_3,FUN_2
107206,27813,FUN_3,FUN_4
107227,9321,FUN_2,FUN_3
107243,9438,FUN_3,FUN_2
107253,17410,CUBE_L,RET
107259,6774,FUN_2,FUN_3
107261,27105,FUN_2,FUN_3
107278,8685,FUN_2,FUN_3
107281,19709,FUN_4,FUN_5
107285,17244,CUBE_L,FUN_1
107290,9765,FUN_4,FUN_5
107324,15079,FUN_2,FUN_3
107324,15219,FUN_2,FUN_1
107326,16354,CUBE_L,FUN_1
107333,5576,FUN_5,FUN_4
107338,14089,FUN_5,FUN_6
107341,4220,FUN_4,FUN_3
107353,12383,FUN_5,FUN_4
107353,14483,RET,CUBE_L
107367,21499,FUN_4,FUN_3
107380,9782,CUBE_L,RET
107386,7508,FUN_6,FUN_5
107391,709,FUN_3,FUN_4
107395,27721,FUN_3,FUN_4
107407,3705,FUN_2,FUN_1
107409,6748,FUN_2,FUN_3
107426,19973,FUN_4,FUN_5
107435,28763,CUBE_R,RET
107437,10177,FUN_6,FUN_5
107446,7826,FUN_2,FUN_1
107451,17533,FUN_3,FUN_4
107452,24269,FUN_2,FUN_1
107459,20408,CUBE_R,RET
107469,28680,FUN_2,FUN_1
107472,20649,FUN_1,FUN_2
107476,19969,FUN_5,FUN_4
107496,7406,FUN_3,FUN_2
107498,19340,FUN_3,FUN_2
107504,3210,FUN_3,FUN_4
107510,15153,CUBE_R,FUN_6
107511,13530,FUN_3,FUN_4
107525,21899,FUN_6,CUBE_R
107532,920,FUN_2,FUN_1
107536,2755,CUBE_L,RET
107558,25155,FUN_5,FUN_4
107590,21130,FUN_2,FUN_1
107603,5108,FUN_1,FUN_2
107609,2967,RET,CUBE_R
107637,11229,FUN_3,FUN_2
107640,15699,FUN_3,FUN_2
107641,23099,FUN_5,FUN_6
107648,2722,FUN_2,FUN_1
107674,12843,CUBE_R,FUN_6
107699,20682,FUN_6,CUBE_R
107703,17609,FUN_3,FUN_2
107704,10854,FUN_5,FUN_6
107704,29305,FUN_1,FUN_2
107724,13821,CUBE_L,RET
107728,28586,FUN_5,FUN_4
107730,9438,FUN_2,FUN_3
107731,16256,CUBE_R,RET
107736,19973,FUN_5,FUN_4
107738,7149,FUN_2,FUN_3
107761,22464,FUN_4,FUN_5
107761,22990,FUN_4,FUN_3
107793,5660,FUN_2,FUN_1
107801,7267,FUN_1,FUN_2
107811,10658,FUN_5,FUN_4
107823,9571,FUN_3,FUN_2
107825,18414,FUN_5,FUN_4
107828,18830,FUN_4,FUN_3
107832,12358,CUBE_L,RET
107835,27392,FUN_2,FUN_3
107848,24964,CUBE_L,RET
107859,13530,FUN_4,FUN_3
107879,23020,CUBE_R,RET
107891,17508,FUN_2,FUN_1
107900,3118,FUN_3,FUN_2
107904,22143,FUN_4,FUN_5
107906,19340,FUN_2,FUN_3
107918,27572,FUN_2,FUN_3
107928,29952,FUN_2,FUN_1
107935,24158,CUBE_L,RET
107972,22929,FUN_2,FUN_3
107984,3118,FUN_2,FUN_3
107990,2321,FUN_3,FUN_4
107996,18855,FUN_5,FUN_6
108004,7499,FUN_2,FUN_3
108007,390,FUN_1,FUN_2
108048,10086,FUN_5,FUN_4
108052,9892,FUN_3,FUN_2
108060,28250,FUN_1,CUBE_L
108063,23020,RET,CUBE_R
108069,7499,FUN_3,FUN_2
108076,5800,FUN_2,FUN_3
108081,2481,FUN_5,FUN_4
108095,13530,FUN_3,FUN_4
108098,29358,FUN_2,FUN_1
108116,742,FUN_1,FUN_2
108116,5203,FUN_5,FUN_6
108129,9888,CUBE_L,RET
108132,28716,FUN_3,FUN_2
108138,5108,FUN_2,FUN_1
108149,13455,FUN_2,FUN_3
108151,27721,FUN_4,FUN_3
108165,17508,FUN_1,FUN_2
108168,4986,FUN_4,FUN_3
108172,7499,FUN_2,FUN_3
108175,22530,CUBE_L,RET
108204,2261,FUN_4,FUN_5
108211,22368,FUN_1,FUN_2
108215,19552,FUN_6,FUN_5
108230,26920,FUN_2,FUN_3
108236,25338,FUN_4,FUN_3
108243,24688,FUN_2,FUN_1
108248,4498,FUN_3,FUN_2
108257,5065,FUN_1,FUN_2
108270,10068,FUN_2,FUN_3
108271,20649,FUN_2,FUN_1
108273,5188,RET,CUBE_R
108282,24283,FUN_4,FUN_3
108285,695,FUN_1,CUBE_L
108303,5434,FUN_1,FUN_2
108309,27867,FUN_2,FUN_3
108333,23266,FUN_2,FUN_3
108339,24441,FUN_4,FUN_3
108358,7241,CUBE_R,FUN_6
108364,6538,RET,CUBE_L
108389,5910,FUN_3,FUN_2
108390,17975,FUN_5,FUN_6
108405,8685,FUN_3,FUN_2
108406,4526,FUN_2,FUN_3
108416,22398,CUBE_R,FUN_6
108418,13821,RET,CUBE_L
108422,27887,FUN_5,FUN_6
108425,6487,FUN_3,FUN_2
108431,17216,CUBE_L,RET
108449,29345,FUN_3,FUN_4
108451,22534,FUN_5,FUN_6
108456,11401,FUN_4,FUN_3
108458,18485,CUBE_L,RET
108461,22603,CUBE_R,FUN_6
108475,25416,FUN_1,FUN_2
108504,11911,FUN_5,FUN_6
108508,16256,RET,CUBE_R
108530,954,FUN_5,FUN_6
108533,2481,FUN_4,FUN_5
108539,18894,FUN_2,FUN_1
108555,5767,FUN_1,FUN_2
108566,10088,FUN_3,FUN_2
108568,19222,CUBE_L,RET
108580,1908,FUN_3,FUN_2
108580,5910,FUN_2,FUN_3
108604,9782,RET,CUBE_L
108608,13183,RET,CUBE_R
108609,18457,FUN_3,FUN_2
108610,7267,FUN_2,FUN_1
108616,11425,FUN_4,FUN_3
108618,12804,FUN_2,FUN_3
108640,15699,FUN_2,FUN_3
108652,22178,RET,CUBE_R
108663,10931,FUN_2,FUN_1
108701,29345,FUN_4,FUN_3
108722,7508,FUN_5,FUN_6
108724,14935,CUBE_R,FUN_6
108726,22277,RET,CUBE_R
108729,7779,FUN_2,FUN_3
108745,25152,FUN_2,FUN_1
108783,16549,FUN_5,FUN_4
108786,20493,RET,CUBE_L
108829,24313,FUN_2,FUN_3
108837,20040,FUN_1,FUN_2
108852,1769,FUN_3,FUN_4
108856,19469,CUBE_R,FUN_6
108861,1841,CUBE_L,RET
108872,29345,FUN_3,FUN_4
108893,28437,RET,CUBE_R
108901,10875,FUN_1,FUN_2
108908,20868,FUN_4,FUN_3
108911,1314,FUN_1,FUN_2
108916,18855,FUN_6,FUN_5
108933,28415,FUN_2,FUN_3
108935,2211,FUN_1,FUN_2
108936,8275,FUN_2,FUN_3
108936,13821,CUBE_L,RET
108942,4447,FUN_2,FUN_1
108942,29144,FUN_2,FUN_1
108943,20967,FUN_2,FUN_1
108947,19515,FUN_3,FUN_2
108951,7826,FUN_1,FUN_2
108951,17609,FUN_2,FUN_3
108959,25627,FUN_3,FUN_2
108960,12584,CUBE_R,FUN_6
108963,4197,FUN_6,FUN_5
108967,10282,FUN_4,FUN_3
108973,17315,FUN_4,FUN_5
108982,20827,RET,CUBE_L
108982,23643,FUN_2,FUN_1
108983,18566,FUN_6,CUBE_R
108991,11989,CUBE_R,RET
108998,19604,RET,CUBE_R
109026,5108,FUN_1,FUN_2
109028,22573,FUN_4,FUN_3
109039,9438,FUN_3,FUN_2
109050,29052,FUN_2,FUN_1
109059,1314,FUN_2,FUN_1
109066,4169,RET,CUBE_R
109066,15424,FUN_5,FUN_4
109069,9888,RET,CUBE_L
109080,1289,CUBE_L,RET
109081,7508,FUN_6,FUN_5
109110,26551,FUN_2,FUN_3
109114,8685,FUN_2,FUN_3
109116,26964,FUN_5,FUN_6
109119,3501,FUN_3,FUN_4
109120,709,FUN_4,FUN_3
109125,14815,FUN_2,FUN_1
109128,13518,RET,CUBE_L
109130,23197,FUN_2,FUN_3
109156,27682,FUN_3,FUN_2
109166,28605,CUBE_L,FUN_1
109173,7406,FUN_2,FUN_3
109176,4986,FUN_3,FUN_4
109185,29144,FUN_1,FUN_2
109189,10658,FUN_4,FUN_5
109196,16925,FUN_3,FUN_2
109197,16089,FUN_3,FUN_4
109197,27090,CUBE_R,RET
109201,14634,FUN_3,FUN_4
109210,7240,FUN_2,FUN_3
109212,20753,FUN_4,FUN_3
109245,14351,FUN_4,FUN_5
109262,18855,FUN_5,FUN_6
109264,7508,FUN_5,FUN_6
109269,7826,FUN_2,FUN_1
109273,17216,RET,CUBE_L
109278,884,FUN_2,FUN_1
109296,29904,FUN_1,FUN_2
109308,25338,FUN_3,FUN_4
109309,10686,FUN_2,FUN_3
109321,13132,FUN_3,FUN_2
109325,12044,FUN_1,FUN_2
109361,3053,FUN_3,FUN_4
109362,28919,FUN_2,FUN_1
109364,7779,FUN_3,FUN_2
109368,7826,FUN_1,FUN_2
109369,16510,FUN_4,FUN_3
109374,24313,FUN_3,FUN_2
109391,25183,FUN_2,FUN_3
109420,18526,FUN_5,FUN_4
109425,23099,FUN_6,FUN_5
109428,4799,FUN_6,FUN_5
109448,25416,FUN_2,FUN_1
109451,10350,FUN_2,FUN_3
109457,14935,FUN_6,CUBE_R
109462,4350,CUBE_R,RET
109470,4350,RET,CUBE_R
109472,22530,RET,CUBE_L
109476,4350,CUBE_R,RET
109483,14351,FUN_5,FUN_4
109484,13142,FUN_3,FUN_4
109490,4350,RET,CUBE_R
109495,6703,FUN_1,CUBE_L
109507,1314,FUN_1,FUN_2
109508,27316,FUN_1,FUN_2
109510,24564,FUN_5,FUN_6
109513,4986,FUN_4,FUN_3
109528,8419,FUN_1,FUN_2
109533,14532,FUN_3,FUN_2
109546,1970,CUBE_R,FUN_6
109546,19709,FUN_5,FUN_4
109548,11229,FUN_2,FUN_3
109549,18855,FUN_6,FUN_5
109550,27992,FUN_3,FUN_2
109553,19515,FUN_2,FUN_3
109559,10391,FUN_4,FUN_3
109565,1113,FUN_2,FUN_1
109566,19199,CUBE_L,RET
109579,26414,FUN_5,FUN_6
109591,22603,FUN_6,CUBE_R
109592,22464,FUN_5,FUN_4
109600,2178,FUN_2,FUN_1
109601,9438,FUN_2,FUN_3
109607,14046,FUN_4,FUN_3
109610,6774,FUN_3,FUN_2
109619,7508,FUN_6,FUN_5
109621,7449,RET,CUBE_L
109631,5354,FUN_6,FUN_5
109636,5293,FUN_5,FUN_6
109659,7406,FUN_3,FUN_2
109660,3983,FUN_2,FUN_3
109666,7922,FUN_2,FUN_3
109669,1470,FUN_1,FUN_2
109673,21120,FUN_2,FUN_3
109684,4350,CUBE_R,RET
109707,19713,FUN_2,FUN_1
109712,3050,FUN_3,FUN_2
109713,25899,FUN_2,FUN_1
109720,17517,FUN_3,FUN_2
109724,23099,FUN_5,FUN_6
109726,4732,FUN_2,FUN_1
109729,3959,RET,CUBE_L
109752,24964,RET,CUBE_L
109753,4568,FUN_3,FUN_2
109786,13518,CUBE_L,RET
109800,16850,FUN_3,FUN_4
109802,7449,CUBE_L,RET
109803,6774,FUN_2,FUN_3
109804,24142,FUN_6,CUBE_R
109805,25627,FUN_2,FUN_3
109815,26923,RET,CUBE_L
109816,390,FUN_2,FUN_1
109822,13183,CUBE_R,RET
109832,3556,FUN_3,FUN_2
109832,22826,FUN_3,FUN_4
109840,19010,CUBE_R,RET
109844,8037,FUN_2,FUN_1
109851,13530,FUN_4,FUN_3
109859,14838,FUN_3,FUN_4
109864,7621,FUN_1,FUN_2
109865,1461,FUN_3,FUN_2
109866,18183,CUBE_L,RET
109875,16815,FUN_5,FUN_4
109878,27202,FUN_2,FUN_3
109882,19090,FUN_2,FUN_3
109884,28936,CUBE_L,FUN_1
109885,4124,FUN_3,FUN_2
109893,27020,FUN_2,FUN_1
109894,8114,FUN_1,CUBE_L
109896,16469,RET,CUBE_R
109899,23910,RET,CUBE_L
109901,9438,FUN_3,FUN_2
109901,22744,FUN_1,FUN_2
109923,18086,FUN_4,FUN_5
109931,20321,FUN_4,FUN_3
109933,7240,FUN_3,FUN_2
109984,28415,FUN_3,FUN_2
109997,27492,FUN_4,FUN_5
110008,7462,FUN_3,FUN_4
110009,18855,FUN_5,FUN_6
110033,6487,FUN_2,FUN_3
110037,28605,FUN_1,CUBE_L
110051,10895,FUN_2,FUN_1
110052,7508,FUN_5,FUN_6
110065,6553,FUN_2,FUN_1
110066,18437,FUN_4,FUN_3
110069,10693,CUBE_L,RET
110084,396,FUN_2,FUN_3
110087,7406,FUN_2,FUN_3
110092,28362,FUN_6,FUN_5
110099,7499,FUN_3,FUN_2
110120,16301,FUN_3,FUN_2
110144,27090,RET,CUBE_R
110145,9438,FUN_2,FUN_3
110157,3480,FUN_2,FUN_1
110160,21754,FUN_3,FUN_4
110163,7508,FUN_6,FUN_5
110171,14483,CUBE_L,RET
110173,29499,FUN_5,FUN_4
110181,23256,FUN_2,FUN_1
110206,696,RET,CUBE_R
110206,17315,FUN_5,FUN_4
110209,2636,CUBE_R,FUN_6
110212,8864,FUN_3,FUN_4
110217,25899,FUN_1,FUN_2
110234,21316,FUN_3,FUN_4
110244,29527,FUN_3,FUN_4
110255,22603,CUBE_R,FUN_6
110259,28362,FUN_5,FUN_6
110266,11958,FUN_5,FUN_6
110280,25719,FUN_3,FUN_4
110286,2249,FUN_3,FUN_2
110297,9888,CUBE_L,RET
110317,22082,FUN_6,CUBE_R
110343,7632,RET,CUBE_L
110344,13645,CUBE_R,FUN_6
110351,10525,FUN_2,FUN_3
110360,7508,FUN_5,FUN_6
110364,15254,FUN_3,FUN_4
110383,5629,FUN_2,FUN_1
110402,12623,FUN_2,FUN_3
110412,26748,FUN_2,FUN_1
110414,23625,FUN_6,CUBE_R
110419,29731,FUN_1,FUN_2
110420,27572,FUN_3,FUN_2
110424,25627,FUN_3,FUN_2
110426,21341,CUBE_R,RET
110448,5188,CUBE_R,RET
110448,6049,CUBE_R,FUN_6
110456,2249,FUN_2,FUN_3
110458,17818,FUN_1,CUBE_L
110460,1289,RET,CUBE_L
110466,7060,FUN_6,CUBE_R
110470,15078,CUBE_R,FUN_6
110481,5120,FUN_1,FUN_2
110493,10245,FUN_2,FUN_1
110498,7826,FUN_2,FUN_1
110502,6611,FUN_6,FUN_5
110504,5188,RET,CUBE_R
110532,26128,RET,CUBE_R
110535,26483,FUN_3,FUN_4
110536,7241,FUN_6,CUBE_R
110545,25639,FUN_5,FUN_4
110572,9782,CUBE_L,RET
110578,17818,CUBE_L,FUN_1
110581,16925,FUN_2,FUN_3
110586,12071,FUN_2,FUN_1
110592,19650,FUN_5,FUN_6
110603,10725,FUN_3,FUN_2
110610,2249,FUN_3,FUN_2
110617,17517,FUN_2,FUN_3
110619,20603,FUN_3,FUN_4
110629,2321,FUN_4,FUN_3
110637,4498,FUN_2,FUN_3
110641,21361,FUN_4,FUN_5
110642,4673,FUN_2,FUN_1
110643,3619,CUBE_L,FUN_1
110644,28680,FUN_1,FUN_2
110655,18901,CUBE_R,RET
110700,15992,FUN_3,FUN_4
110715,20408,RET,CUBE_R
110719,27796,FUN_5,FUN_6
110721,24583,FUN_5,FUN_4
110743,18894,FUN_1,FUN_2
110744,5576,FUN_4,FUN_5
110772,18659,CUBE_R,FUN_6
110783,9782,RET,CUBE_L
110785,27607,FUN_3,FUN_4
110797,26923,CUBE_L,RET
110827,5201,RET,CUBE_L
110828,20280,FUN_5,FUN_6
110832,8894,FUN_4,FUN_5
110836,4220,FUN_3,FUN_4
110840,6432,FUN_5,FUN_4
110843,19549,FUN_5,FUN_6
110850,29345,FUN_4,FUN_3
110855,29499,FUN_4,FUN_5
110857,13736,FUN_2,FUN_3
110889,10875,FUN_2,FUN_1
110890,4561,FUN_4,FUN_3
110890,25001,RET,CUBE_R
110920,13976,FUN_4,FUN_3
110922,8932,FUN_1,FUN_2
110926,26681,FUN_4,FUN_3
110944,28716,FUN_2,FUN_3
110948,20321,FUN_3,FUN_4
110952,15096,FUN_3,FUN_4
110972,14805,FUN_4,FUN_5
110986,4568,FUN_2,FUN_3
110990,12136,FUN_3,FUN_4
110998,2249,FUN_2,FUN_3
111018,20868,FUN_3,FUN_4
111027,8894,FUN_5,FUN_4
111030,23076,FUN_3,FUN_4
111041,28362,FUN_6,FUN_5
111047,21361,FUN_5,FUN_4
111048,672,FUN_2,FUN_3
111050,117,FUN_3,FUN_4
111058,8823,FUN_2,FUN_1
111072,8593,RET,CUBE_R
111099,27932,CUBE_R,FUN_6
111100,10391,FUN_3,FUN_4
111105,4498,FUN_3,FUN_2
111114,28356,CUBE_L,RET
111120,8823,FUN_1,FUN_2
111120,23587,FUN_1,FUN_2
111137,28250,CUBE_L,FUN_1
111147,27020,FUN_1,FUN_2
111157,25152,FUN_1,FUN_2
111169,10875,FUN_1,FUN_2
111177,16075,FUN_2,FUN_1
111179,7326,FUN_2,FUN_1
111204,10346,FUN_3,FUN_2
111206,10488,FUN_3,FUN_2
111214,23099,FUN_6,FUN_5
111236,8864,FUN_4,FUN_3
111261,19334,FUN_3,FUN_2
111265,23899,FUN_1,CUBE_L
111271,2004,FUN_3,FUN_2
111276,25152,FUN_2,FUN_1
111289,5354,FUN_5,FUN_6
111289,6085,FUN_1,FUN_2
111297,14831,FUN_5,FUN_4
111301,8864,FUN_3,FUN_4
111311,1769,FUN_4,FUN_3
111319,14483,RET,CUBE_L
111320,5629,FUN_1,FUN_2
111339,25439,CUBE_L,RET
111377,8593,CUBE_R,RET
111377,19796,FUN_2,FUN_1
111417,13511,FUN_2,FUN_3
111426,29297,RET,CUBE_R
111428,20967,FUN_1,FUN_2
111439,8823,FUN_2,FUN_1
111440,25235,FUN_2,FUN_1
111452,15219,FUN_1,FUN_2
111455,4673,FUN_1,FUN_2
111472,25036,RET,CUBE_L
111474,19549,FUN_6,FUN_5
111475,9345,RET,CUBE_L
111488,24212,FUN_6,FUN_5
111489,24517,FUN_2,FUN_1
111507,9782,CUBE_L,RET
111520,12584,FUN_6,CUBE_R
111520,25235,FUN_1,FUN_2
111530,7499,FUN_2,FUN_3
111540,22744,FUN_2,FUN_1
111544,6797,RET,CUBE_L
111545,1314,FUN_2,FUN_1
111548,20863,FUN_1,CUBE_L
111552,23338,FUN_4,FUN_5
111568,8864,FUN_4,FUN_3
111577,20649,FUN_1,FUN_2
111586,6806,FUN_4,FUN_3
111586,17140,FUN_4,FUN_3
111605,142,FUN_2,FUN_3
111609,12636,FUN_5,FUN_4
111641,17722,FUN_4,FUN_3
111642,22587,FUN_3,FUN_4
111646,13949,FUN_2,FUN_3
111685,56,CUBE_R,RET
111696,20600,CUBE_L,FUN_1
111719,20228,FUN_1,FUN_2
111735,725,CUBE_R,RET
111741,27912,FUN_3,FUN_2
111751,29940,FUN_2,FUN_1
111755,18931,CUBE_L,FUN_1
111764,10875,FUN_2,FUN_1
111765,21100,FUN_5,FUN_4
111771,27105,FUN_3,FUN_2
111776,8864,FUN_3,FUN_4
111777,4561,FUN_3,FUN_4
111800,28507,FUN_3,FUN_2
111803,16685,FUN_1,FUN_2
111809,17474,FUN_2,FUN_3
111813,25126,FUN_2,FUN_3
111822,28245,FUN_2,FUN_3
111823,17223,FUN_4,FUN_3
111830,21316,FUN_4,FUN_3
111835,23197,FUN_3,FUN_2
111927,24452,FUN_3,FUN_2
111930,8864,FUN_4,FUN_3
111937,25627,FUN_2,FUN_3
111947,10875,FUN_1,FUN_2
111955,1281,FUN_5,FUN_4
111961,29731,FUN_2,FUN_1
111969,15848,FUN_3,FUN_2
111980,1990,RET,CUBE_L
111998,17798,FUN_2,FUN_3
112013,25719,FUN_4,FUN_3
112020,12296,CUBE_R,RET
112022,23739,FUN_3,FUN_2
112024,4986,FUN_3,FUN_4
112029,20603,FUN_4,FUN_3
112030,21316,FUN_3,FUN_4
112033,21316,FUN_4,FUN_3
112035,5576,FUN_5,FUN_4
112049,21958,RET,CUBE_R
112054,12136,FUN_4,FUN_3
112055,1314,FUN_1,FUN_2
112069,364,FUN_1,FUN_2
112081,19340,FUN_3,FUN_2
112085,15078,FUN_6,CUBE_R
112089,14136,FUN_3,FUN_4
112107,5188,CUBE_R,RET
112128,690,CUBE_R,RET
112129,13949,FUN_3,FUN_2
112134,12757,FUN_1,FUN_2
112151,4896,FUN_2,FUN_1
112152,11853,FUN_5,FUN_4
112158,10658,FUN_5,FUN_4
112184,9950,RET,CUBE_R
112198,27105,FUN_2,FUN_3
112199,5434,FUN_2,FUN_1
112201,10410,FUN_4,FUN_3
112201,26473,RET,CUBE_L
112208,19835,CUBE_L,RET
112215,24477,FUN_1,FUN_2
112220,10582,FUN_2,FUN_1
112221,1491,FUN_4,FUN_3
112233,4885,FUN_4,FUN_3
112242,15580,FUN_5,FUN_4
112251,28716,FUN_3,FUN_2
112257,7779,FUN_2,FUN_3
112271,3880,FUN_2,FUN_3
112275,3705,FUN_1,FUN_2
112290,23132,RET,CUBE_L
112307,16187,FUN_3,FUN_2
112309,15580,FUN_4,FUN_5
112316,20228,FUN_2,FUN_1
112318,21461,FUN_5,FUN_4
112320,2372,RET,CUBE_L
112323,21627,FUN_2,FUN_3
112341,23338,FUN_5,FUN_4
112361,24545,CUBE_R,FUN_6
112364,672,FUN_3,FUN_2
112366,26414,FUN_6,FUN_5
112370,2978,FUN_2,FUN_1
112370,11853,FUN_4,FUN_5
112381,27105,FUN_3,FUN_2
112388,12661,FUN_3,FUN_2
112401,3556,FUN_2,FUN_3
112402,18802,FUN_1,FUN_2
112402,25928,FUN_3,FUN_2
112406,24788,FUN_4,FUN_3
112411,5333,FUN_3,FUN_2
112424,13661,FUN_3,FUN_2
112428,20603,FUN_3,FUN_4
112431,20366,CUBE_R,FUN_6
112433,18414,FUN_4,FUN_5
112436,16187,FUN_2,FUN_3
112440,9761,FUN_2,FUN_3
112447,23338,FUN_4,FUN_5
112451,16007,FUN_3,FUN_2
112456,16925,FUN_3,FUN_2
112460,26483,FUN_4,FUN_3
112468,24283,FUN_3,FUN_4
112474,29201,FUN_5,FUN_6
112485,23338,FUN_5,FUN_4
112491,16925,FUN_2,FUN_3
112492,21913,FUN_2,FUN_1
112492,22929,FUN_3,FUN_2
112495,18437,FUN_3,FUN_4
112497,2697,FUN_5,FUN_4
112501,25038,RET,CUBE_L
112509,1546,CUBE_L,RET
112512,20016,FUN_3,FUN_2
112519,10689,FUN_1,CUBE_L
112523,25666,FUN_2,FUN_1
112542,14389,FUN_3,FUN_2
112552,23338,FUN_4,FUN_5
112557,6774,FUN_3,FUN_2
112559,9399,FUN_2,FUN_3
112563,10238,RET,CUBE_L
112575,18802,FUN_2,FUN_1
112579,25627,FUN_3,FUN_2
112581,8302,FUN_6,CUBE_R
112595,2461,FUN_2,FUN_1
112601,8202,FUN_6,CUBE_R
112621,4986,FUN_4,FUN_3
112623,3767,FUN_2,FUN_1
112647,7074,FUN_2,FUN_1
112678,5293,FUN_6,FUN_5
112680,6048,FUN_3,FUN_2
112694,28763,RET,CUBE_R
112737,20598,FUN_2,FUN_3
112740,20366,FUN_6,CUBE_R
112743,1546,RET,CUBE_L
112757,25928,FUN_2,FUN_3
112767,5786,FUN_3,FUN_4
112767,25567,FUN_2,FUN_1
112768,20868,FUN_4,FUN_3
112774,6758,FUN_3,FUN_2
112785,28362,FUN_5,FUN_6
112796,4885,FUN_3,FUN_4
112818,5722,FUN_2,FUN_3
112827,21913,FUN_1,FUN_2
112843,8037,FUN_1,FUN_2
112852,7779,FUN_3,FUN_2
112861,2700,FUN_4,FUN_3
112861,3556,FUN_3,FUN_2
112870,25224,FUN_4,FUN_5
112890,3100,FUN_5,FUN_6
112901,15773,FUN_3,FUN_2
112903,10525,FUN_3,FUN_2
112913,2857,FUN_6,CUBE_R
112917,23563,FUN_3,FUN_2
112929,22712,FUN_1,FUN_2
112932,13183,RET,CUBE_R
112934,2039,FUN_2,FUN_1
112934,15078,CUBE_R,FUN_6
112937,1769,FUN_3,FUN_4
112941,19864,FUN_3,FUN_4
112951,2924,FUN_3,FUN_2
112959,26784,FUN_1,CUBE_L
112961,4447,FUN_1,FUN_2
112971,5188,RET,CUBE_R
112979,26568,CUBE_R,RET
112982,17419,FUN_3,FUN_4
112992,2978,FUN_1,FUN_2
112999,20366,CUBE_R,FUN_6
113007,4986,FUN_3,FUN_4
113021,17722,FUN_3,FUN_4
113023,5786,FUN_4,FUN_3
113028,6048,FUN_2,FUN_3
113030,19039,FUN_4,FUN_3
113036,3050,FUN_2,FUN_3
113046,4896,FUN_1,FUN_2
113067,20016,FUN_2,FUN_3
113082,4800,FUN_3,FUN_2
113106,4937,FUN_2,FUN_3
113132,2364,FUN_2,FUN_3
113166,13949,FUN_2,FUN_3
113166,14389,FUN_2,FUN_3
113168,24290,FUN_2,FUN_1
113169,20901,FUN_3,FUN_2
113174,5786,FUN_3,FUN_4
113178,18716,FUN_3,FUN_2
113184,9163,FUN_4,FUN_5
113184,10282,FUN_3,FUN_4
113199,16410,CUBE_R,RET
113207,15580,FUN_5,FUN_4
113213,7823,FUN_4,FUN_3
113227,20077,FUN_5,FUN_6
113236,17818,FUN_1,CUBE_L
113245,17244,FUN_1,CUBE_L
113285,4314,FUN_1,FUN_2
113286,2004,FUN_2,FUN_3
113286,20753,FUN_3,FUN_4
113316,25488,FUN_3,FUN_2
113325,4594,FUN_2,FUN_1
113326,22929,FUN_2,FUN_3
113328,3921,FUN_4,FUN_3
113329,16925,FUN_3,FUN_2
113334,25416,FUN_1,FUN_2
113335,10391,FUN_4,FUN_3
113342,20598,FUN_3,FUN_2
113348,10862,FUN_3,FUN_2
113370,3501,FUN_4,FUN_3
113372,3118,FUN_3,FUN_2
113391,20366,FUN_6,CUBE_R
113396,7956,FUN_4,FUN_3
113409,23850,FUN_2,FUN_1
113424,9597,FUN_3,FUN_4
113450,27392,FUN_3,FUN_2
113464,24718,CUBE_R,FUN_6
113486,19709,FUN_4,FUN_5
113506,20366,CUBE_R,FUN_6
113517,4673,FUN_2,FUN_1
113518,19133,FUN_3,FUN_2
113534,25476,FUN_2,FUN_1
113537,672,FUN_2,FUN_3
113545,24517,FUN_1,FUN_2
113551,18802,FUN_1,FUN_2
113553,9174,FUN_3,FUN_2
113555,16549,FUN_4,FUN_5
113564,7891,FUN_2,FUN_3
113593,7779,FUN_2,FUN_3
113595,6797,CUBE_L,RET
113606,3100,FUN_6,FUN_5
113608,19796,FUN_1,FUN_2
113618,13143,FUN_3,FUN_4
113627,3937,FUN_2,FUN_1
113646,1314,FUN_2,FUN_1
113659,25664,FUN_6,CUBE_R
113661,24334,FUN_5,FUN_6
113670,415,CUBE_R,RET
113680,19918,CUBE_L,RET
113683,11164,FUN_4,FUN_3
113690,27368,FUN_5,FUN_6
113716,16549,FUN_5,FUN_4
113732,15095,FUN_3,FUN_2
113752,20016,FUN_3,FUN_2
113768,28356,RET,CUBE_L
113778,20366,FUN_6,CUBE_R
113779,5065,FUN_2,FUN_1
113783,6797,RET,CUBE_L
113783,8389,RET,CUBE_R
113788,4800,FUN_2,FUN_3
113792,18183,RET,CUBE_L
113793,9232,FUN_6,CUBE_R
113803,19010,RET,CUBE_R
113815,16007,FUN_2,FUN_3
113822,19117,FUN_2,FUN_3
113831,21406,FUN_2,FUN_3
113846,4561,FUN_4,FUN_3
113847,25627,FUN_2,FUN_3
113863,17421,FUN_3,FUN_2
113880,1113,FUN_1,FUN_2
113882,21829,FUN_3,FUN_2
113909,20753,FUN_4,FUN_3
113909,24463,FUN_2,FUN_3
113927,19090,FUN_3,FUN_2
113934,25567,FUN_1,FUN_2
113940,14831,FUN_4,FUN_5
113947,5065,FUN_1,FUN_2
113952,16549,FUN_4,FUN_5
113958,8114,CUBE_L,FUN_1
113959,24517,FUN_2,FUN_1
113983,5065,FUN_2,FUN_1
113986,28437,CUBE_R,RET
113988,668,FUN_2,FUN_3
113993,20868,FUN_3,FUN_4
114008,20,RET,CUBE_L
114031,5968,FUN_2,FUN_3
114041,26784,CUBE_L,FUN_1
114051,5065,FUN_1,FUN_2
114071,15773,FUN_2,FUN_3
114083,24517,FUN_1,FUN_2
114084,25664,CUBE_R,FUN_6
114088,10488,FUN_2,FUN_3
114089,8315,FUN_2,FUN_1
114098,14566,FUN_5,FUN_4
114099,6901,FUN_2,FUN_1
114108,6347,FUN_3,FUN_2
114108,19133,FUN_2,FUN_3
114125,19039,FUN_3,FUN_4
114129,27459,FUN_3,FUN_2
114133,19853,FUN_2,FUN_1
114140,12965,FUN_6,CUBE_R
114143,24290,FUN_1,FUN_2
114146,25224,FUN_5,FUN_4
114149,23563,FUN_2,FUN_3
114150,2372,CUBE_L,RET
114174,26522,FUN_2,FUN_1
114211,5358,RET,CUBE_R
114213,19358,FUN_3,FUN_4
114216,21461,FUN_4,FUN_5
114225,5753,RET,CUBE_L
114225,16039,FUN_2,FUN_1
114229,9232,CUBE_R,FUN_6
114250,27459,FUN_2,FUN_3
114262,12168,FUN_3,FUN_4
114267,5142,FUN_4,FUN_5
114273,9146,FUN_3,FUN_2
114280,6797,CUBE_L,RET
114283,6901,FUN_1,FUN_2
114285,2394,FUN_4,FUN_5
114287,25038,CUBE_L,RET
114292,13269,FUN_2,FUN_1
114294,9596,CUBE_L,FUN_1
114308,4796,FUN_2,FUN_3
114312,5910,FUN_3,FUN_2
114321,28356,CUBE_L,RET
114324,15989,FUN_3,FUN_2
114329,4937,FUN_3,FUN_2
114340,7779,FUN_3,FUN_2
114360,26568,RET,CUBE_R
114368,6532,FUN_3,FUN_4
114384,26568,CUBE_R,RET
114414,2178,FUN_1,FUN_2
114424,28023,CUBE_R,RET
114430,2461,FUN_1,FUN_2
114447,6574,CUBE_R,FUN_6
114448,6582,FUN_2,FUN_1
114452,22603,FUN_6,CUBE_R
114452,27626,FUN_3,FUN_4
114454,26522,FUN_1,FUN_2
114456,11719,CUBE_R,FUN_6
114468,5120,FUN_2,FUN_1
114489,6901,FUN_2,FUN_1
114493,7647,FUN_3,FUN_4
114500,25664,FUN_6,CUBE_R
114500,26247,FUN_2,FUN_3
114502,27407,CUBE_L,RET
114504,1314,FUN_1,FUN_2
114504,5065,FUN_2,FUN_1
114515,26473,CUBE_L,RET
114527,17790,FUN_5,FUN_6
114530,15715,FUN_4,FUN_5
114534,28763,CUBE_R,RET
114535,2008,FUN_1,FUN_2
114542,6085,FUN_2,FUN_1
114545,27422,CUBE_L,RET
114550,16354,FUN_1,CUBE_L
114552,5188,CUBE_R,RET
114555,4511,CUBE_R,RET
114568,5968,FUN_3,FUN_2
114569,22099,FUN_2,FUN_1
114571,17954,FUN_2,FUN_1
114574,5135,FUN_3,FUN_2
114575,14233,FUN_3,FUN_4
114576,2372,RET,CUBE_L
114588,5203,FUN_6,FUN_5
114590,20366,CUBE_R,FUN_6
114597,4937,FUN_2,FUN_3
114602,2037,CUBE_R,FUN_6
114604,4561,FUN_3,FUN_4
114608,2372,CUBE_L,RET
114608,4937,FUN_3,FUN_2
114608,21754,FUN_4,FUN_3
114615,28936,FUN_1,CUBE_L
114621,14288,CUBE_L,RET
114633,17954,FUN_1,FUN_2
114637,10582,FUN_1,FUN_2
114637,21406,FUN_3,FUN_2
114638,986,FUN_3,FUN_2
114659,690,RET,CUBE_R
114671,9163,FUN_5,FUN_4
114685,56,RET,CUBE_R
114693,7982,FUN_2,FUN_3
114700,4937,FUN_2,FUN_3
114701,14831,FUN_5,FUN_4
114707,1425,FUN_5,FUN_4
114710,21316,FUN_3,FUN_4
114721,6164,FUN_2,FUN_1
114721,9892,FUN_2,FUN_3
114731,5354,FUN_6,FUN_5
114735,19831,FUN_3,FUN_2
114751,15989,FUN_2,FUN_3
114781,7508,FUN_6,FUN_5
114785,277,FUN_2,FUN_3
114786,7589,FUN_3,FUN_2
114804,15424,FUN_4,FUN_5
114808,9526,FUN_1,FUN_2
114820,5293,FUN_5,FUN_6
114841,9232,FUN_6,CUBE_R
114844,20,CUBE_L,RET
114853,16184,FUN_6,FUN_5
114875,7462,FUN_4,FUN_3
114886,7823,FUN_3,FUN_4
114896,29304,FUN_1,FUN_2
114900,19831,FUN_2,FUN_3
114907,19358,FUN_4,FUN_3
114915,22073,CUBE_L,RET
114928,10956,FUN_6,FUN_5
114931,5434,FUN_1,FUN_2
114938,7956,FUN_3,FUN_4
114946,4305,CUBE_R,FUN_6
114958,5065,FUN_1,FUN_2
114980,10146,FUN_5,FUN_6
115008,15989,FUN_3,FUN_2
115039,4234,FUN_3,FUN_4
115042,7499,FUN_3,FUN_2
115044,29731,FUN_1,FUN_2
115047,4896,FUN_2,FUN_1
115052,6085,FUN_1,FUN_2
115062,5740,FUN_5,FUN_6
115066,11895,FUN_4,FUN_3
115097,15079,FUN_3,FUN_2
115099,20077,FUN_6,FUN_5
115118,23076,FUN_4,FUN_3
115150,21815,FUN_2,FUN_3
115152,23563,FUN_3,FUN_2
115165,9007,RET,CUBE_R
115172,20016,FUN_2,FUN_3
115178,10868,FUN_4,FUN_3
115181,17410,RET,CUBE_L
115182,8864,FUN_3,FUN_4
115186,661,CUBE_L,RET
115186,7655,FUN_3,FUN_2
115197,18435,CUBE_L,RET
115203,21815,FUN_3,FUN_2
115238,640,FUN_6,FUN_5
115245,15079,FUN_2,FUN_3
115252,15803,FUN_3,FUN_2
115256,24283,FUN_4,FUN_3
115262,21815,FUN_2,FUN_3
115277,20603,FUN_4,FUN_3
115305,10240,CUBE_L,RET
115310,24334,FUN_6,FUN_5
115313,27887,FUN_6,FUN_5
115319,11831,RET,CUBE_R
115326,21461,FUN_5,FUN_4
115334,2518,FUN_1,FUN_2
115337,22592,FUN_6,CUBE_R
115339,28688,CUBE_R,RET
115340,9809,FUN_5,FUN_4
115359,3100,FUN_5,FUN_6
115375,21754,FUN_3,FUN_4
115384,13213,FUN_6,FUN_5
115394,15436,FUN_3,FUN_2
115395,29546,FUN_5,FUN_4
115397,17435,FUN_5,FUN_6
115399,17818,CUBE_L,FUN_1
115408,16007,FUN_3,FUN_2
115431,6797,RET,CUBE_L
115440,26414,FUN_5,FUN_6
115445,17225,FUN_3,FUN_4
115449,20192,FUN_3,FUN_4
115451,2039,FUN_1,FUN_2
115454,19512,FUN_2,FUN_1
115457,21815,FUN_3,FUN_2
115462,26568,RET,CUBE_R
115468,25476,FUN_1,FUN_2
115472,6806,FUN_3,FUN_4
115515,25488,FUN_2,FUN_3
115535,6582,FUN_1,FUN_2
115545,10282,FUN_4,FUN_3
115561,2978,FUN_2,FUN_1
115566,29269,FUN_2,FUN_3
115570,22912,FUN_2,FUN_1
115582,5660,FUN_1,FUN_2
115597,12296,RET,CUBE_R
115600,7609,FUN_4,FUN_3
115608,21815,FUN_2,FUN_3
115615,22368,FUN_2,FUN_1
115636,7772,CUBE_L,RET
115650,24426,CUBE_R,FUN_6
115657,28536,CUBE_R,RET
115667,16815,FUN_4,FUN_5
115668,1796,FUN_5,FUN_4
115692,9053,FUN_2,FUN_3
115694,11958,FUN_6,FUN_5
115697,17216,CUBE_L,RET
115732,7655,FUN_2,FUN_3
115732,28356,RET,CUBE_L
115742,29527,FUN_4,FUN_3
115753,1202,FUN_1,FUN_2
115754,16187,FUN_3,FUN_2
115763,117,FUN_4,FUN_3
115764,19559,FUN_1,CUBE_L
115775,7499,FUN_2,FUN_3
115780,966,RET,CUBE_R
115800,18979,FUN_3,FUN_4
115810,2857,CUBE_R,FUN_6
115810,6901,FUN_1,FUN_2
115835,22134,FUN_3,FUN_4
115849,4312,FUN_3,FUN_2
115853,19831,FUN_3,FUN_2
115857,20640,FUN_3,FUN_4
115864,4498,FUN_2,FUN_3
115871,1647,CUBE_R,FUN_6
115878,9208,FUN_3,FUN_2
115880,8389,CUBE_R,RET
115892,17261,FUN_1,FUN_2
115892,22929,FUN_3,FUN_2
115909,22534,FUN_6,FUN_5
115918,6797,CUBE_L,RET
115920,19395,FUN_1,FUN_2
115932,1020,FUN_1,FUN_2
115955,19220,FUN_3,FUN_4
115957,12623,FUN_3,FUN_2
115963,15095,FUN_2,FUN_3
115987,4970,FUN_2,FUN_1
115989,6671,FUN_3,FUN_2
115989,27804,CUBE_R,FUN_6
115997,4067,FUN_3,FUN_2
116005,18928,FUN_2,FUN_1
116037,29731,FUN_2,FUN_1
116044,9399,FUN_3,FUN_2
116076,5007,FUN_1,FUN_2
116114,4885,FUN_4,FUN_3
116115,27407,RET,CUBE_L
116124,4498,FUN_3,FUN_2
116127,8315,FUN_1,FUN_2
116130,415,RET,CUBE_R
116150,19853,FUN_1,FUN_2
116152,19395,FUN_2,FUN_1
116164,640,FUN_5,FUN_6
116164,20040,FUN_2,FUN_1
116168,25152,FUN_1,FUN_2
116172,6691,FUN_1,FUN_2
116175,8471,FUN_4,FUN_5
116185,9968,FUN_1,CUBE_L
116186,7074,FUN_1,FUN_2
116191,15424,FUN_5,FUN_4
116207,10718,FUN_2,FUN_1
116228,11637,FUN_3,FUN_2
116238,23563,FUN_2,FUN_3
116239,4067,FUN_2,FUN_3
116240,28321,CUBE_R,FUN_6
116243,16187,FUN_2,FUN_3
116256,16685,FUN_2,FUN_1
116259,5740,FUN_6,FUN_5
116262,16250,FUN_5,FUN_6
116271,17739,CUBE_R,RET
116281,2249,FUN_3,FUN_2
116300,5358,CUBE_R,RET
116314,8264,FUN_3,FUN_2
116339,29810,FUN_3,FUN_4
116347,1796,FUN_4,FUN_5
116347,6131,FUN_1,FUN_2
116347,16469,CUBE_R,RET
116347,17369,FUN_5,FUN_4
116368,1197,FUN_3,FUN_4
116382,7982,FUN_3,FUN_2
116383,10240,RET,CUBE_L
116385,16250,FUN_6,FUN_5
116388,24283,FUN_3,FUN_4
116406,13949,FUN_3,FUN_2
116418,26304,FUN_5,FUN_4
116423,19831,FUN_2,FUN_3
116424,17419,FUN_4,FUN_3
116429,27867,FUN_3,FUN_2
116438,9676,FUN_5,FUN_4
116441,11550,FUN_2,FUN_1
116443,17790,FUN_6,FUN_5
116452,5807,CUBE_L,RET
116460,17818,FUN_1,CUBE_L
116461,12636,FUN_4,FUN_5
116465,13871,RET,CUBE_R
116465,22592,CUBE_R,FUN_6
116474,18969,FUN_3,FUN_4
116479,19117,FUN_3,FUN_2
116486,19973,FUN_4,FUN_5
116506,19010,CUBE_R,RET
116522,21040,FUN_3,FUN_4
116527,884,FUN_1,FUN_2
116543,21406,FUN_2,FUN_3
116553,9922,FUN_6,FUN_5
116553,18458,RET,CUBE_L
116568,9941,FUN_5,FUN_6
116580,25184,FUN_2,FUN_3
116582,19294,FUN_3,FUN_4
116586,13949,FUN_2,FUN_3
116592,5358,RET,CUBE_R
116618,5358,CUBE_R,RET
116654,20025,FUN_4,FUN_3
116662,29527,FUN_3,FUN_4
116665,10868,FUN_3,FUN_4
116678,10931,FUN_1,FUN_2
116695,5358,RET,CUBE_R
116695,19341,CUBE_R,RET
116719,1945,FUN_3,FUN_4
116720,17410,CUBE_L,RET
116721,26910,FUN_5,FUN_6
116740,13457,CUBE_L,RET
116747,2978,FUN_1,FUN_2
116753,1725,FUN_1,FUN_2
116777,117,FUN_3,FUN_4
116790,19650,FUN_6,FUN_5
116799,3767,FUN_1,FUN_2
116823,4577,FUN_3,FUN_2
116825,29731,FUN_1,FUN_2
116840,25183,FUN_3,FUN_2
116854,6659,RET,CUBE_L
116864,22134,FUN_4,FUN_3
116868,5358,CUBE_R,RET
116871,16723,FUN_3,FUN_4
116877,18435,RET,CUBE_L
116881,28680,FUN_2,FUN_1
116894,24426,FUN_6,CUBE_R
116896,565,CUBE_L,RET
116922,11695,FUN_3,FUN_4
116944,8588,CUBE_L,RET
116949,29731,FUN_2,FUN_1
116959,15424,FUN_4,FUN_5
116971,22134,FUN_3,FUN_4
116978,12931,FUN_5,FUN_6
116983,22082,CUBE_R,FUN_6
116984,13721,FUN_4,FUN_3
116985,22602,FUN_4,FUN_5
116995,19395,FUN_1,FUN_2
116997,4986,FUN_4,FUN_3
116999,813,FUN_1,FUN_2
117006,11909,FUN_2,FUN_1
117010,2722,FUN_1,FUN_2
117010,18102,FUN_5,FUN_6
117024,25225,FUN_3,FUN_2
117026,29731,FUN_1,FUN_2
117028,21406,FUN_3,FUN_2
117036,29328,FUN_2,FUN_3
117037,3100,FUN_6,FUN_5
117048,9430,FUN_3,FUN_2
117061,29499,FUN_5,FUN_4
117078,18458,CUBE_L,RET
117082,22587,FUN_4,FUN_3
117083,16091,FUN_2,FUN_1
117086,5898,CUBE_R,FUN_6
117090,29956,FUN_4,FUN_3
117094,20649,FUN_2,FUN_1
117117,9526,FUN_2,FUN_1
117124,27343,FUN_1,FUN_2
117130,10488,FUN_3,FUN_2
117167,27422,RET,CUBE_L
117169,20228,FUN_1,FUN_2
117179,160,FUN_6,CUBE_R
117181,17208,FUN_2,FUN_1
117185,2226,RET,CUBE_R
117191,17798,FUN_3,FUN_2
117201,18414,FUN_5,FUN_4
117209,13613,FUN_2,FUN_1
117225,21815,FUN_3,FUN_2
117231,19698,FUN_2,FUN_1
117243,7673,RET,CUBE_R
117250,16815,FUN_5,FUN_4
117255,4937,FUN_3,FUN_2
117260,20321,FUN_4,FUN_3
117267,29566,FUN_6,FUN_5
117272,10541,CUBE_R,RET
117293,2039,FUN_2,FUN_1
117306,22368,FUN_1,FUN_2
117308,26748,FUN_1,FUN_2
117316,26449,FUN_2,FUN_1
117322,26522,FUN_2,FUN_1
117341,6760,FUN_3,FUN_2
117344,21406,FUN_2,FUN_3
117379,20321,FUN_3,FUN_4
117385,21276,FUN_3,FUN_2
117386,24583,FUN_4,FUN_5
117401,26311,CUBE_L,FUN_1
117422,23643,FUN_1,FUN_2
117424,27343,FUN_2,FUN_1
117439,24517,FUN_2,FUN_1
117451,24021,FUN_3,FUN_4
117454,14259,FUN_2,FUN_3
117463,9968,CUBE_L,FUN_1
117466,19559,CUBE_L,FUN_1
117467,20366,FUN_6,CUBE_R
117469,25164,CUBE_L,RET
117475,485,FUN_5,FUN_6
117488,328,FUN_3,FUN_2
117489,2466,FUN_2,FUN_1
117490,20321,FUN_4,FUN_3
117499,11637,FUN_2,FUN_3
117501,16888,FUN_2,FUN_1
117502,4970,FUN_1,FUN_2
117521,11106,CUBE_R,RET
117531,29269,FUN_3,FUN_2
117556,22744,FUN_1,FUN_2
117561,9922,FUN_5,FUN_6
117564,10266,FUN_4,FUN_5
117571,920,FUN_1,FUN_2
117575,20535,FUN_2,FUN_3
117591,6691,FUN_2,FUN_1
117616,20598,FUN_2,FUN_3
117630,20493,CUBE_L,RET
117666,15814,FUN_1,FUN_2
117670,28536,RET,CUBE_R
117681,16187,FUN_3,FUN_2
117710,27474,FUN_2,FUN_3
117713,11774,FUN_4,FUN_5
117725,9645,FUN_1,FUN_2
117734,4635,CUBE_L,RET
117738,26910,FUN_6,FUN_5
117751,4117,FUN_3,FUN_4
117755,277,FUN_3,FUN_2
117760,4498,FUN_2,FUN_3
117762,27607,FUN_4,FUN_3
117769,1945,FUN_4,FUN_3
117777,19340,FUN_2,FUN_3
117811,5740,FUN_5,FUN_6
117818,5862,FUN_3,FUN_2
117869,11909,FUN_1,FUN_2
117889,25038,RET,CUBE_L
117890,10627,FUN_4,FUN_3
117899,9704,FUN_5,FUN_6
117913,29499,FUN_4,FUN_5
117918,15848,FUN_2,FUN_3
117932,7673,CUBE_R,RET
117936,14394,CUBE_R,FUN_6
117947,24057,FUN_2,FUN_1
117952,2722,FUN_2,FUN_1
117953,28304,FUN_4,FUN_3
117982,5753,CUBE_L,RET
117985,9533,FUN_4,FUN_3
117993,23024,FUN_5,FUN_4
118005,12484,CUBE_R,RET
118025,9676,FUN_4,FUN_5
118034,29328,FUN_3,FUN_2
118042,27912,FUN_2,FUN_3
118043,1940,CUBE_R,FUN_6
118056,1171,FUN_5,FUN_6
118060,11504,FUN_6,CUBE_R
118061,690,CUBE_R,RET
118064,27626,FUN_4,FUN_3
118067,20535,FUN_3,FUN_2
118072,9809,FUN_4,FUN_5
118074,27572,FUN_2,FUN_3
118077,110,FUN_1,FUN_2
118091,4896,FUN_1,FUN_2
118091,17223,FUN_3,FUN_4
118094,160,CUBE_R,FUN_6
118097,4129,FUN_3,FUN_2
118126,2978,FUN_2,FUN_1
118138,8791,CUBE_R,RET
118139,28680,FUN_1,FUN_2
118158,28023,RET,CUBE_R
118175,19709,FUN_5,FUN_4
118184,11106,RET,CUBE_R
118205,19092,FUN_2,FUN_1
118218,18969,FUN_4,FUN_3
118244,20535,FUN_2,FUN_3
118258,11719,FUN_6,CUBE_R
118258,21010,FUN_3,FUN_4
118263,6164,FUN_1,FUN_2
118266,8471,FUN_5,FUN_4
118268,13661,FUN_2,FUN_3
118300,4526,FUN_3,FUN_2
118320,17208,FUN_1,FUN_2
118324,28536,CUBE_R,RET
118333,10245,FUN_1,FUN_2
118335,10409,FUN_4,FUN_5
118336,4117,FUN_4,FUN_3
118348,2481,FUN_5,FUN_4
118377,19392,FUN_4,FUN_5
118390,5188,RET,CUBE_R
118396,19918,RET,CUBE_L
118405,14394,FUN_6,CUBE_R
118409,534,FUN_1,FUN_2
118410,14394,CUBE_R,FUN_6
118414,5660,FUN_2,FUN_1
118415,27316,FUN_2,FUN_1
118416,24057,FUN_1,FUN_2
118425,24032,CUBE_L,RET
118432,7662,FUN_1,FUN_2
118434,19041,FUN_1,FUN_2
118444,27755,FUN_1,FUN_2
118446,19918,CUBE_L,RET
118466,15194,RET,CUBE_L
118486,5135,FUN_2,FUN_3
118490,16039,FUN_1,FUN_2
118504,29408,FUN_5,FUN_6
118507,2039,FUN_1,FUN_2
118512,22744,FUN_2,FUN_1
118529,20598,FUN_3,FUN_2
118540,28536,RET,CUBE_R
118544,1027,RET,CUBE_R
118554,6574,FUN_6,CUBE_R
118554,12700,FUN_3,FUN_2
118558,9399,FUN_2,FUN_3
118577,17739,RET,CUBE_R
118591,3501,FUN_3,FUN_4
118594,27108,FUN_6,FUN_5
118598,19395,FUN_2,FUN_1
118628,28536,CUBE_R,RET
118638,17419,FUN_3,FUN_4
118650,11401,FUN_3,FUN_4
118653,10957,CUBE_R,FUN_6
118693,10410,FUN_3,FUN_4
118705,16685,FUN_1,FUN_2
118718,28536,RET,CUBE_R
118723,14394,FUN_6,CUBE_R
118734,20,RET,CUBE_L
118734,20535,FUN_3,FUN_2
118742,19341,RET,CUBE_R
118744,1327,FUN_4,FUN_5
118764,18901,RET,CUBE_R
118766,25831,FUN_4,FUN_5
118794,11737,FUN_2,FUN_3
118796,14634,FUN_4,FUN_3
118830,29358,FUN_1,FUN_2
118837,21426,FUN_3,FUN_2
118842,17739,CUBE_R,RET
118847,21392,CUBE_L,RET
118858,672,FUN_3,FUN_2
118861,22587,FUN_3,FUN_4
118869,17208,FUN_2,FUN_1
118898,1098,FUN_1,FUN_2
118926,16091,FUN_1,FUN_2
118936,18086,FUN_5,FUN_4
118966,13623,FUN_5,FUN_6
118970,5358,RET,CUBE_R
118982,29527,FUN_4,FUN_3
118983,29492,FUN_2,FUN_3
118998,12661,FUN_2,FUN_3
119001,10146,FUN_6,FUN_5
119033,20598,FUN_2,FUN_3
119053,24212,FUN_5,FUN_6
119062,19199,RET,CUBE_L
119063,390,FUN_1,FUN_2
119070,17208,FUN_1,FUN_2
119077,18976,FUN_5,FUN_4
119091,12803,FUN_1,FUN_2
119100,9782,RET,CUBE_L
119111,13515,FUN_1,FUN_2
119131,15989,FUN_2,FUN_3
119140,18312,RET,CUBE_L
119159,4129,FUN_2,FUN_3
119163,13491,FUN_1,FUN_2
119177,28716,FUN_2,FUN_3
119190,18976,FUN_4,FUN_5
119206,17530,FUN_3,FUN_2
119214,19392,FUN_5,FUN_4
119215,17208,FUN_2,FUN_1
119245,987,FUN_1,FUN_2
119275,6553,FUN_1,FUN_2
119278,13143,FUN_4,FUN_3
119286,241,RET,CUBE_R
119296,18268,RET,CUBE_L
119322,11856,FUN_3,FUN_2
119322,17240,FUN_4,FUN_3
119370,16685,FUN_2,FUN_1
119375,11184,FUN_6,CUBE_R
119376,6120,RET,CUBE_R
119378,17208,FUN_1,FUN_2
119379,13395,CUBE_R,FUN_6
119404,8779,FUN_5,FUN_6
119413,8864,FUN_4,FUN_3
119416,10240,CUBE_L,RET
119428,5862,FUN_2,FUN_3
119432,23260,FUN_4,FUN_5
119452,1461,FUN_2,FUN_3
119476,160,FUN_6,CUBE_R
119476,11637,FUN_3,FUN_2
119507,2092,CUBE_R,RET
119511,18312,CUBE_L,RET
119544,16650,FUN_2,FUN_3
119571,12595,FUN_5,FUN_6
119580,25183,FUN_2,FUN_3
119606,9733,FUN_2,FUN_1
119635,5171,FUN_2,FUN_3
119642,25798,FUN_6,CUBE_R
119648,9676,FUN_5,FUN_4
119649,17739,RET,CUBE_R
119664,18928,FUN_1,FUN_2
119678,11550,FUN_1,FUN_2
119688,17798,FUN_2,FUN_3
119689,3658,FUN_6,FUN_5
119694,25899,FUN_2,FUN_1
119695,25038,CUBE_L,RET
119709,23850,FUN_1,FUN_2
119731,2857,FUN_6,CUBE_R
119755,2226,CUBE_R,RET
119760,390,FUN_2,FUN_1
119760,7826,FUN_1,FUN_2
119766,24715,FUN_3,FUN_4
119770,19924,FUN_2,FUN_3
119782,4673,FUN_1,FUN_2
119794,20408,CUBE_R,RET
119835,9908,FUN_6,CUBE_R
119844,6169,FUN_3,FUN_2
119862,5862,FUN_3,FUN_2
119881,23197,FUN_2,FUN_3
119888,6760,FUN_2,FUN_3
119891,22787,FUN_4,FUN_3
119899,110,FUN_2,FUN_1
119901,17954,FUN_2,FUN_1
119909,20055,FUN_3,FUN_2
119925,17240,FUN_3,FUN_4
119953,18245,RET,CUBE_L
119953,21040,FUN_4,FUN_3
119971,160,CUBE_R,FUN_6
119975,1580,FUN_2,FUN_1
119989,2700,FUN_3,FUN_4
119998,7995,FUN_3,FUN_2
119998,29269,FUN_2,FUN_3
120001,13273,FUN_3,FUN_4
120014,6901,FUN_2,FUN_1
120016,6806,FUN_4,FUN_3
120024,14876,FUN_2,FUN_3
120058,17240,FUN_4,FUN_3
120059,11550,FUN_2,FUN_1
120065,7306,FUN_4,FUN_5
120089,27332,FUN_3,FUN_2
120091,20030,FUN_3,FUN_4
120106,27682,FUN_2,FUN_3
120110,22787,FUN_3,FUN_4
120118,8037,FUN_2,FUN_1
120129,14854,CUBE_R,FUN_6
120134,1588,FUN_1,FUN_2
120162,15358,FUN_4,FUN_3
120165,3292,FUN_3,FUN_4
120170,11319,FUN_4,FUN_3
120176,2466,FUN_1,FUN_2
120190,21627,FUN_3,FUN_2
120195,4673,FUN_2,FUN_1
120231,6774,FUN_2,FUN_3
120238,20308,FUN_1,FUN_2
120241,9146,FUN_2,FUN_3
120266,17414,FUN_4,FUN_5
120270,27860,CUBE_L,RET
120283,22217,FUN_3,FUN_2
120293,29328,FUN_2,FUN_3
120301,5660,FUN_1,FUN_2
120318,13623,FUN_6,FUN_5
120331,11106,CUBE_R,RET
120336,27108,FUN_5,FUN_6
120342,3767,FUN_2,FUN_1
120358,9676,FUN_4,FUN_5
120382,25126,FUN_3,FUN_2
120391,9174,FUN_2,FUN_3
120391,9284,FUN_1,FUN_2
120406,6164,FUN_2,FUN_1
120413,13613,FUN_1,FUN_2
120417,12071,FUN_1,FUN_2
120417,15496,FUN_4,FUN_3
120418,22368,FUN_2,FUN_1
120425,319,FUN_3,FUN_2
120437,19392,FUN_4,FUN_5
120443,4117,FUN_3,FUN_4
120450,6671,FUN_2,FUN_3
120477,26910,FUN_5,FUN_6
120480,19696,FUN_3,FUN_2
120488,6977,CUBE_L,RET
120499,9533,FUN_3,FUN_4
120501,6553,FUN_2,FUN_1
120504,22368,FUN_1,FUN_2
120517,4305,FUN_6,CUBE_R
120518,690,RET,CUBE_R
120528,11719,CUBE_R,FUN_6
120531,25567,FUN_2,FUN_1
120538,28656,FUN_3,FUN_2
120550,11130,FUN_6,FUN_5
120561,12264,FUN_3,FUN_4
120562,14795,FUN_3,FUN_2
120565,20607,CUBE_L,RET
120566,3658,FUN_5,FUN_6
120568,4359,RET,CUBE_R
120584,28680,FUN_2,FUN_1
120592,6977,RET,CUBE_L
120612,10266,FUN_5,FUN_4
120638,7306,FUN_5,FUN_4
120649,29004,FUN_1,FUN_2
120664,20901,FUN_2,FUN_3
120672,24481,FUN_2,FUN_3
120674,9645,FUN_2,FUN_1
120691,12856,FUN_2,FUN_1
120712,26311,FUN_1,CUBE_L
120724,18969,FUN_3,FUN_4
120725,4673,FUN_1,FUN_2
120741,5862,FUN_2,FUN_3
120743,6553,FUN_1,FUN_2
120748,7823,FUN_4,FUN_3
120765,3158,FUN_2,FUN_1
120772,18450,FUN_1,CUBE_L
120780,28023,CUBE_R,RET
120782,14876,FUN_3,FUN_2
120789,160,FUN_6,CUBE_R
120800,8114,FUN_1,CUBE_L
120801,1819,FUN_1,FUN_2
120860,28656,FUN_2,FUN_3
120869,17807,FUN_3,FUN_4
120874,17954,FUN_1,FUN_2
120877,21448,FUN_1,FUN_2
120890,9174,FUN_3,FUN_2
120920,1647,FUN_6,CUBE_R
120958,13834,FUN_2,FUN_1
120980,16187,FUN_2,FUN_3
120995,9487,FUN_3,FUN_4
120996,7267,FUN_1,FUN_2
120998,29546,FUN_4,FUN_5
121001,110,FUN_1,FUN_2
121006,2755,RET,CUBE_L
121012,4986,FUN_3,FUN_4
121016,20415,FUN_2,FUN_1
121035,5264,CUBE_L,FUN_1
121046,28656,FUN_3,FUN_2
121076,20857,FUN_2,FUN_3
121078,14634,FUN_3,FUN_4
121080,6553,FUN_2,FUN_1
121083,8877,RET,CUBE_R
121108,7395,FUN_4,FUN_3
121110,18377,RET,CUBE_L
121111,10350,FUN_3,FUN_2
121119,1196,FUN_3,FUN_2
121129,22398,FUN_6,CUBE_R
121141,17441,FUN_1,FUN_2
121142,1327,FUN_5,FUN_4
121147,6760,FUN_3,FUN_2
121152,13871,CUBE_R,RET
121164,13457,RET,CUBE_L
121164,22568,FUN_4,FUN_5
121182,15223,FUN_4,FUN_3
121185,10486,FUN_4,FUN_5
121199,20366,CUBE_R,FUN_6
121250,4986,FUN_4,FUN_3
121260,13044,FUN_2,FUN_1
121260,18061,FUN_2,FUN_3
121262,9174,FUN_2,FUN_3
121263,14795,FUN_2,FUN_3
121273,12213,FUN_2,FUN_1
121302,7891,FUN_3,FUN_2
121313,24481,FUN_3,FUN_2
121316,12281,FUN_3,FUN_4
121320,319,FUN_2,FUN_3
121330,19713,FUN_1,FUN_2
121335,2978,FUN_1,FUN_2
121340,21316,FUN_4,FUN_3
121354,8741,CUBE_R,FUN_6
121386,18375,FUN_6,CUBE_R
121391,15708,RET,CUBE_L
121392,418,FUN_2,FUN_3
121398,14487,CUBE_L,FUN_1
121403,24426,CUBE_R,FUN_6
121407,12264,FUN_4,FUN_3
121422,10350,FUN_2,FUN_3
121438,10350,FUN_3,FUN_2
121445,6538,CUBE_L,RET
121452,25164,RET,CUBE_L
121455,25798,CUBE_R,FUN_6
121473,25970,CUBE_R,RET
121475,7306,FUN_4,FUN_5
121477,20228,FUN_2,FUN_1
121480,110,FUN_2,FUN_1
121499,15992,FUN_4,FUN_3
121508,29524,FUN_3,FUN_2
121511,29672,FUN_2,FUN_3
121544,2501,CUBE_L,FUN_1
121556,28120,FUN_3,FUN_2
121565,13613,FUN_2,FUN_1
121580,19281,CUBE_R,RET
121593,110,FUN_1,FUN_2
121593,7772,RET,CUBE_L
121612,2765,FUN_4,FUN_3
121631,2092,RET,CUBE_R
121639,27867,FUN_2,FUN_3
121649,5479,FUN_2,FUN_3
121654,22404,FUN_3,FUN_2
121664,5898,FUN_6,CUBE_R
121682,1360,FUN_3,FUN_2
121683,5786,FUN_4,FUN_3
121726,12131,FUN_4,FUN_5
121730,27108,FUN_6,FUN_5
121764,5740,FUN_6,FUN_5
121777,14854,FUN_6,CUBE_R
121787,4498,FUN_3,FUN_2
121796,19386,FUN_3,FUN_2
121809,9033,CUBE_L,FUN_1
121814,10088,FUN_2,FUN_3
121816,14566,FUN_4,FUN_5
121839,29952,FUN_1,FUN_2
121840,14431,CUBE_L,RET
121857,24,FUN_3,FUN_4
121860,11978,FUN_3,FUN_4
121886,27090,CUBE_R,RET
121902,11276,FUN_3,FUN_2
121902,29524,FUN_2,FUN_3
121908,9337,FUN_2,FUN_3
121913,4544,RET,CUBE_R
121917,1819,FUN_2,FUN_1
121932,4577,FUN_2,FUN_3
121932,26558,CUBE_R,FUN_6
121933,9152,CUBE_L,RET
121933,14795,FUN_3,FUN_2
121934,28825,FUN_2,FUN_1
121969,13613,FUN_1,FUN_2
121973,21969,FUN_3,FUN_2
121990,6347,FUN_2,FUN_3
122003,17078,FUN_1,FUN_2
122008,5479,FUN_3,FUN_2
122025,24688,FUN_1,FUN_2
122031,14795,FUN_2,FUN_3
122035,11550,FUN_1,FUN_2
122043,24251,FUN_4,FUN_3
122060,24268,FUN_4,FUN_5
122068,7891,FUN_2,FUN_3
122072,26605,FUN_4,FUN_5
122074,14076,CUBE_L,RET
122075,17261,FUN_2,FUN_1
122094,5188,CUBE_R,RET
122099,1945,FUN_3,FUN_4
122100,11130,FUN_5,FUN_6
122118,8315,FUN_2,FUN_1
122121,18979,FUN_4,FUN_3
122126,2394,FUN_5,FUN_4
122138,17078,FUN_2,FUN_1
122149,22929,FUN_2,FUN_3
122169,6691,FUN_1,FUN_2
122177,8478,FUN_1,FUN_2
122179,28536,CUBE_R,RET
122191,11853,FUN_5,FUN_4
122192,12212,CUBE_L,RET
122192,29527,FUN_3,FUN_4
122203,22217,FUN_2,FUN_3
122219,24021,FUN_4,FUN_3
122249,25475,FUN_1,FUN_2
122253,28410,RET,CUBE_R
122262,14076,RET,CUBE_L
122266,23260,FUN_5,FUN_4
122267,690,CUBE_R,RET
122276,10868,FUN_4,FUN_3
122291,7673,RET,CUBE_R
122295,5427,FUN_1,CUBE_L
122296,26414,FUN_6,FUN_5
122320,24044,FUN_3,FUN_2
122328,22404,FUN_2,FUN_3
122338,3173,FUN_4,FUN_5
122342,6169,FUN_2,FUN_3
122345,14076,CUBE_L,RET
122358,10854,FUN_6,FUN_5
122364,3210,FUN_4,FUN_3
122365,3921,FUN_3,FUN_4
122396,18086,FUN_4,FUN_5
122473,21123,FUN_1,FUN_2
122480,22720,FUN_4,FUN_3
122499,23593,FUN_3,FUN_2
122500,5479,FUN_2,FUN_3
122502,9597,FUN_4,FUN_3
122517,24592,FUN_3,FUN_4
122527,7067,FUN_5,FUN_6
122536,13245,FUN_4,FUN_3
122540,3292,FUN_4,FUN_3
122546,6305,CUBE_R,RET
122546,17517,FUN_3,FUN_2
122549,20366,FUN_6,CUBE_R
122601,8315,FUN_1,FUN_2
122621,393,FUN_3,FUN_4
122628,5479,FUN_3,FUN_2
122650,3140,FUN_5,FUN_4
122663,9919,FUN_1,FUN_2
122695,24168,FUN_5,FUN_6
122700,1796,FUN_5,FUN_4
122710,3210,FUN_3,FUN_4
122714,319,FUN_3,FUN_2
122723,15773,FUN_3,FUN_2
122730,22992,FUN_5,FUN_4
122757,29546,FUN_5,FUN_4
122782,20535,FUN_2,FUN_3
122816,21482,FUN_2,FUN_3
122827,6300,FUN_1,FUN_2
122829,23593,FUN_2,FUN_3
122834,5884,CUBE_L,FUN_1
122838,5884,FUN_1,CUBE_L
122841,24021,FUN_3,FUN_4
122843,5884,CUBE_L,FUN_1
122847,3084,CUBE_L,FUN_1
122847,29052,FUN_1,FUN_2
122852,5884,FUN_1,CUBE_L
122871,8127,RET,CUBE_L
122889,341,FUN_2,FUN_1
122902,20361,FUN_2,FUN_3
122938,9174,FUN_3,FUN_2
122939,4986,FUN_3,FUN_4
122941,19796,FUN_2,FUN_1
122942,1841,RET,CUBE_L
122968,24583,FUN_5,FUN_4
122973,4343,CUBE_R,RET
122984,3204,FUN_2,FUN_1
122986,7655,FUN_3,FUN_2
122989,6726,CUBE_R,FUN_6
122997,10394,FUN_5,FUN_6
122997,11637,FUN_2,FUN_3
122998,4067,FUN_3,FUN_2
123044,28507,FUN_2,FUN_1
123078,653,RET,CUBE_L
123078,9062,FUN_3,FUN_2
123105,27164,FUN_3,FUN_2
123113,19515,FUN_3,FUN_2
123123,14026,FUN_2,FUN_1
123125,24657,FUN_3,FUN_4
123134,12484,RET,CUBE_R
123143,14431,RET,CUBE_L
123152,13132,FUN_2,FUN_3
123167,879,FUN_6,FUN_5
123181,9174,FUN_2,FUN_3
123186,23739,FUN_2,FUN_3
123193,160,CUBE_R,FUN_6
123212,29672,FUN_3,FUN_2
123216,10868,FUN_3,FUN_4
123216,12071,FUN_2,FUN_1
123219,23236,FUN_4,FUN_3
123234,2924,FUN_2,FUN_3
123246,22744,FUN_1,FUN_2
123266,18801,FUN_4,FUN_5
123266,25203,FUN_4,FUN_3
123280,28247,FUN_2,FUN_3
123283,12131,FUN_5,FUN_4
123288,1823,FUN_3,FUN_2
123294,12474,FUN_4,FUN_3
123303,7662,FUN_2,FUN_1
123315,1819,FUN_1,FUN_2
123320,29597,RET,CUBE_L
123336,20366,CUBE_R,FUN_6
123344,28023,RET,CUBE_R
123346,5862,FUN_3,FUN_2
123359,11401,FUN_4,FUN_3
123360,5862,FUN_2,FUN_3
123373,5188,RET,CUBE_R
123383,5862,FUN_3,FUN_2
123384,3432,CUBE_L,FUN_1
123417,28716,FUN_3,FUN_2
123458,9676,FUN_5,FUN_4
123464,24008,FUN_4,FUN_3
123475,7621,FUN_2,FUN_1
123475,9038,CUBE_R,RET
123479,17807,FUN_4,FUN_3
123505,8471,FUN_4,FUN_5
123512,28507,FUN_1,FUN_2
123515,5862,FUN_2,FUN_3
123529,24,FUN_4,FUN_3
123554,17518,FUN_3,FUN_2
123565,29069,CUBE_L,RET
123571,11106,RET,CUBE_R
123583,21123,FUN_2,FUN_1
123596,5884,CUBE_L,FUN_1
123606,19392,FUN_5,FUN_4
123611,14389,FUN_3,FUN_2
123642,2019,CUBE_L,RET
123646,3318,FUN_6,FUN_5
123648,9747,FUN_3,FUN_4
123663,5659,CUBE_L,FUN_1
123663,13518,RET,CUBE_L
123692,4599,RET,CUBE_L
123692,10394,FUN_6,FUN_5
123693,29052,FUN_2,FUN_1
123694,4117,FUN_4,FUN_3
123694,10245,FUN_2,FUN_1
123700,432,FUN_4,FUN_3
123702,7550,CUBE_R,RET
123707,7662,FUN_1,FUN_2
123714,2765,FUN_3,FUN_4
123716,2765,FUN_4,FUN_3
123722,2765,FUN_3,FUN_4
123722,26073,FUN_2,FUN_3
123740,16645,CUBE_L,FUN_1
123742,24676,FUN_4,FUN_5
123745,26930,FUN_4,FUN_3
123752,21829,FUN_2,FUN_3
123755,21235,FUN_5,FUN_6
123762,2765,FUN_4,FUN_3
123767,29251,FUN_3,FUN_2
123769,16888,FUN_1,FUN_2
123782,8350,FUN_2,FUN_3
123783,22404,FUN_3,FUN_2
123787,19515,FUN_2,FUN_3
123805,22964,CUBE_R,RET
123822,24140,FUN_3,FUN_2
123843,19698,FUN_1,FUN_2
123848,8593,RET,CUBE_R
123848,12136,FUN_3,FUN_4
123849,25510,FUN_1,CUBE_L
123852,9747,FUN_4,FUN_3
123856,5287,FUN_3,FUN_2
123860,9430,FUN_2,FUN_3
123876,18296,FUN_4,FUN_3
123881,17078,FUN_1,FUN_2
123888,12069,FUN_2,FUN_3
123895,13200,CUBE_R,FUN_6
123910,13518,CUBE_L,RET
123922,2364,FUN_3,FUN_2
123951,6726,FUN_6,CUBE_R
123959,5659,FUN_1,CUBE_L
123962,20857,FUN_3,FUN_2
123963,12131,FUN_4,FUN_5
123982,27992,FUN_2,FUN_1
123986,3053,FUN_4,FUN_3
123986,11958,FUN_5,FUN_6
124007,5479,FUN_2,FUN_3
124049,20078,FUN_3,FUN_2
124064,22099,FUN_1,FUN_2
124076,19948,CUBE_L,RET
124084,3480,FUN_1,FUN_2
124092,12595,FUN_6,FUN_5
124096,2226,RET,CUBE_R
124103,25416,FUN_2,FUN_1
124113,8471,FUN_5,FUN_4
124131,9809,FUN_5,FUN_4
124133,12636,FUN_5,FUN_4
124135,25251,RET,CUBE_L
124152,6169,FUN_3,FUN_2
124160,2501,FUN_1,CUBE_L
124175,117,FUN_4,FUN_3
124177,19539,FUN_1,CUBE_L
124179,4110,FUN_2,FUN_3
124187,17078,FUN_2,FUN_1
124202,5287,FUN_2,FUN_3
124211,13518,RET,CUBE_L
124242,11978,FUN_4,FUN_3
124248,8249,FUN_3,FUN_2
124258,19631,FUN_4,FUN_3
124273,7395,FUN_3,FUN_4
124280,7067,FUN_6,FUN_5
124285,7484,FUN_1,FUN_2
124287,15118,FUN_2,FUN_3
124291,7390,FUN_2,FUN_1
124312,21763,FUN_3,FUN_4
124314,25225,FUN_2,FUN_3
124321,24021,FUN_4,FUN_3
124328,2129,CUBE_R,RET
124335,20055,FUN_2,FUN_3
124337,20078,FUN_2,FUN_3
124341,26249,CUBE_L,RET
124350,21829,FUN_3,FUN_2
124371,19358,FUN_3,FUN_4
124383,13183,CUBE_R,RET
124387,19386,FUN_2,FUN_3
124405,27860,RET,CUBE_L
124406,29672,FUN_2,FUN_3
124410,24118,RET,CUBE_R
124422,20607,RET,CUBE_L
124433,17818,CUBE_L,FUN_1
124449,5201,CUBE_L,RET
124458,21668,CUBE_L,RET
124472,12931,FUN_6,FUN_5
124474,6538,RET,CUBE_L
124480,7621,FUN_1,FUN_2
124487,16763,FUN_2,FUN_1
124492,20598,FUN_3,FUN_2
124499,4359,CUBE_R,RET
124505,3480,FUN_2,FUN_1
124514,13395,FUN_6,CUBE_R
124529,19392,FUN_4,FUN_5
124529,25899,FUN_1,FUN_2
124544,10146,FUN_5,FUN_6
124546,13284,CUBE_L,RET
124576,29052,FUN_1,FUN_2
124605,6538,CUBE_L,RET
124612,3318,FUN_5,FUN_6
124632,21389,CUBE_R,FUN_6
124635,7662,FUN_2,FUN_1
124653,6538,RET,CUBE_L
124656,341,FUN_1,FUN_2
124656,4124,FUN_2,FUN_3
124669,3937,FUN_1,FUN_2
124669,24228,RET,CUBE_L
124670,17261,FUN_1,FUN_2
124694,19600,FUN_6,CUBE_R
124706,21829,FUN_2,FUN_3
124719,29847,FUN_4,FUN_3
124723,25442,FUN_2,FUN_3
124726,2004,FUN_3,FUN_2
124730,23260,FUN_4,FUN_5
124738,27844,FUN_3,FUN_4
124746,17897,FUN_4,FUN_3
124748,12131,FUN_5,FUN_4
124757,26073,FUN_3,FUN_2
124760,16586,FUN_2,FUN_1
124762,20598,FUN_2,FUN_3
124764,14976,CUBE_L,FUN_1
124797,8114,CUBE_L,FUN_1
124800,29269,FUN_3,FUN_2
124814,28304,FUN_3,FUN_4
124819,11276,FUN_2,FUN_3
124823,13986,FUN_2,FUN_3
124824,6538,CUBE_L,RET
124862,14717,FUN_3,FUN_2
124866,28437,RET,CUBE_R
124868,24592,FUN_4,FUN_3
124874,6026,FUN_6,FUN_5
124878,11992,CUBE_L,RET
124896,13245,FUN_3,FUN_4
124904,6071,FUN_2,FUN_3
124913,17258,FUN_2,FUN_1
124915,17244,CUBE_L,FUN_1
124938,19392,FUN_5,FUN_4
124943,24452,FUN_2,FUN_3
124944,21389,FUN_6,CUBE_R
124947,7689,FUN_3,FUN_4
124952,9174,FUN_3,FUN_2
124964,2700,FUN_4,FUN_3
124968,23236,FUN_3,FUN_4
124973,27305,CUBE_R,FUN_6
124974,13183,RET,CUBE_R
124976,9487,FUN_4,FUN_3
124982,26930,FUN_3,FUN_4
124984,8478,FUN_2,FUN_1
124991,17722,FUN_4,FUN_3
124994,19392,FUN_4,FUN_5
125005,21776,FUN_3,FUN_4
125017,9919,FUN_2,FUN_1
125029,3937,FUN_2,FUN_1
125030,21829,FUN_3,FUN_2
125066,6026,FUN_5,FUN_6
125072,7215,FUN_3,FUN_2
125078,10486,FUN_5,FUN_4
125081,13871,RET,CUBE_R
125093,28120,FUN_2,FUN_3
125097,8593,CUBE_R,RET
125101,16621,FUN_4,FUN_5
125120,4197,FUN_5,FUN_6
125127,12071,FUN_1,FUN_2
125132,2765,FUN_3,FUN_4
125139,16925,FUN_2,FUN_3
125171,7395,FUN_4,FUN_3
125183,19696,FUN_2,FUN_3
125186,7484,FUN_2,FUN_1
125199,29492,FUN_3,FUN_2
125210,18457,FUN_2,FUN_3
125210,24430,CUBE_R,RET
125226,8949,RET,CUBE_L
125232,21235,FUN_6,FUN_5
125235,29052,FUN_2,FUN_1
125236,21389,CUBE_R,FUN_6
125242,7956,FUN_4,FUN_3
125259,15118,FUN_3,FUN_2
125267,3292,FUN_3,FUN_4
125314,12636,FUN_4,FUN_5
125315,20857,FUN_2,FUN_3
125339,3204,FUN_1,FUN_2
125354,21459,FUN_3,FUN_2
125366,3367,FUN_3,FUN_2
125377,10350,FUN_2,FUN_3
125385,27105,FUN_2,FUN_3
125390,27343,FUN_1,FUN_2
125391,29052,FUN_1,FUN_2
125402,5135,FUN_3,FUN_2
125415,10217,FUN_2,FUN_3
125424,23260,FUN_5,FUN_4
125426,11852,CUBE_R,RET
125430,8593,RET,CUBE_R
125472,8380,FUN_2,FUN_3
125479,4110,FUN_3,FUN_2
125480,5427,CUBE_L,FUN_1
125481,27492,FUN_5,FUN_4
125486,24426,FUN_6,CUBE_R
125493,19512,FUN_1,FUN_2
125495,4528,FUN_1,FUN_2
125496,7662,FUN_1,FUN_2
125502,17818,FUN_1,CUBE_L
125517,24268,FUN_5,FUN_4
125530,8380,FUN_3,FUN_2
125536,22180,FUN_3,FUN_2
125553,1647,CUBE_R,FUN_6
125569,22398,CUBE_R,FUN_6
125577,19358,FUN_4,FUN_3
125584,119,FUN_3,FUN_4
125601,19281,RET,CUBE_R
125616,12484,CUBE_R,RET
125623,4599,CUBE_L,RET
125643,4110,FUN_2,FUN_3
125645,14852,FUN_2,FUN_3
125650,11144,FUN_2,FUN_3
125658,8938,FUN_5,FUN_4
125668,17258,FUN_1,FUN_2
125675,17807,FUN_3,FUN_4
125693,5884,FUN_1,CUBE_L
125694,2765,FUN_4,FUN_3
125696,4732,FUN_1,FUN_2
125703,20040,FUN_1,FUN_2
125734,8593,CUBE_R,RET
125750,26145,CUBE_L,RET
125756,5884,CUBE_L,FUN_1
125759,2700,FUN_3,FUN_4
125764,22964,RET,CUBE_R
125771,13044,FUN_1,FUN_2
125771,29940,FUN_1,FUN_2
125778,1353,RET,CUBE_L
125781,4205,CUBE_R,FUN_6
125781,15700,CUBE_L,RET
125786,9060,FUN_5,FUN_6
125803,23099,FUN_5,FUN_6
125804,3480,FUN_1,FUN_2
125806,7462,FUN_3,FUN_4
125806,9895,FUN_5,FUN_6
125839,18225,FUN_3,FUN_4
125851,9174,FUN_2,FUN_3
125865,10346,FUN_2,FUN_3
125876,29408,FUN_6,FUN_5
125882,22573,FUN_3,FUN_4
125889,8938,FUN_4,FUN_5
125896,21040,FUN_3,FUN_4
125907,11831,CUBE_R,RET
125913,28083,FUN_4,FUN_3
125944,10240,RET,CUBE_L
125948,2394,FUN_4,FUN_5
125953,6901,FUN_1,FUN_2
125958,3084,FUN_1,CUBE_L
125959,10957,FUN_6,CUBE_R
125962,2857,CUBE_R,FUN_6
125962,9919,FUN_1,FUN_2
125993,11401,FUN_3,FUN_4
126009,9968,FUN_1,CUBE_L
126021,29940,FUN_2,FUN_1
126037,26449,FUN_1,FUN_2
126049,13143,FUN_3,FUN_4
126062,16731,FUN_2,FUN_1
126065,7791,FUN_2,FUN_1
126071,25475,FUN_2,FUN_1
126074,6696,FUN_2,FUN_3
126077,16549,FUN_5,FUN_4
126083,19199,CUBE_L,RET
126097,1940,FUN_6,CUBE_R
126098,25225,FUN_3,FUN_2
126116,6164,FUN_1,FUN_2
126133,3937,FUN_1,FUN_2
126135,25038,RET,CUBE_L
126140,20543,CUBE_L,FUN_1
126161,8380,FUN_2,FUN_3
126180,9645,FUN_1,FUN_2
126188,884,FUN_2,FUN_1
126188,7205,CUBE_L,RET
126189,19285,FUN_1,FUN_2
126191,20773,FUN_2,FUN_3
126195,709,FUN_3,FUN_4
126197,10862,FUN_2,FUN_3
126200,27087,FUN_4,FUN_3
126201,24517,FUN_1,FUN_2
126225,27992,FUN_1,FUN_2
126227,4528,FUN_2,FUN_1
126232,11184,CUBE_R,FUN_6
126258,8949,CUBE_L,RET
126274,18969,FUN_4,FUN_3
126279,9225,FUN_6,FUN_5
126283,14838,FUN_4,FUN_3
126303,29315,RET,CUBE_R
126304,29933,FUN_2,FUN_3
126315,25224,FUN_4,FUN_5
126317,24657,FUN_4,FUN_3
126323,29251,FUN_2,FUN_3
126325,4624,FUN_6,CUBE_R
126328,5884,FUN_1,CUBE_L
126344,20944,CUBE_R,FUN_6
126359,19713,FUN_2,FUN_1
126363,5201,RET,CUBE_L
126377,4292,FUN_2,FUN_1
126393,22915,FUN_2,FUN_1
126399,24676,FUN_5,FUN_4
126404,13871,CUBE_R,RET
126406,29940,FUN_1,FUN_2
126433,11992,RET,CUBE_L
126445,9676,FUN_4,FUN_5
126450,8685,FUN_3,FUN_2
126451,11774,FUN_5,FUN_4
126455,25164,CUBE_L,RET
126460,9919,FUN_2,FUN_1
126463,24441,FUN_3,FUN_4
126491,13031,FUN_2,FUN_1
126512,9112,FUN_5,FUN_4
126513,25342,FUN_3,FUN_2
126518,12281,FUN_4,FUN_3
126518,15959,CUBE_R,RET
126523,23593,FUN_3,FUN_2
126556,22082,FUN_6,CUBE_R
126561,25203,FUN_3,FUN_4
126569,7621,FUN_2,FUN_1
126579,27719,FUN_3,FUN_4
126581,29251,FUN_3,FUN_2
126592,6026,FUN_6,FUN_5
126597,24268,FUN_4,FUN_5
126603,5715,FUN_2,FUN_3
126608,18245,CUBE_L,RET
126619,15773,FUN_2,FUN_3
126629,18086,FUN_5,FUN_4
126650,9919,FUN_1,FUN_2
126651,28716,FUN_2,FUN_3
126654,4561,FUN_4,FUN_3
126673,12484,RET,CUBE_R
126682,9919,FUN_2,FUN_1
126705,10875,FUN_2,FUN_1
126726,19747,FUN_1,CUBE_L
126738,22464,FUN_4,FUN_5
126751,1541,FUN_2,FUN_3
126755,4528,FUN_1,FUN_2
126755,29251,FUN_2,FUN_3
126763,14634,FUN_4,FUN_3
126773,10957,CUBE_R,FUN_6
126783,12474,FUN_3,FUN_4
126795,3177,FUN_2,FUN_1
126795,22573,FUN_4,FUN_3
126803,4110,FUN_3,FUN_2
126819,22438,FUN_4,FUN_5
126821,28356,CUBE_L,RET
126843,24718,FUN_6,CUBE_R
126852,5479,FUN_3,FUN_2
126860,22534,FUN_5,FUN_6
126885,14389,FUN_2,FUN_3
126886,905,FUN_2,FUN_1
126886,4110,FUN_2,FUN_3
126895,1587,FUN_3,FUN_2
126899,20600,FUN_1,CUBE_L
126900,28304,FUN_4,FUN_3
126906,503,FUN_2,FUN_1
126907,13958,FUN_3,FUN_2
126909,9487,FUN_3,FUN_4
126932,16586,FUN_1,FUN_2
126934,2700,FUN_4,FUN_3
126940,117,FUN_3,FUN_4
126942,26910,FUN_6,FUN_5
126944,8949,RET,CUBE_L
126960,16184,FUN_5,FUN_6
126965,25891,FUN_4,FUN_5
126986,21011,FUN_3,FUN_2
126989,25342,FUN_2,FUN_3
127004,26249,RET,CUBE_L
127033,119,FUN_4,FUN_3
127033,15987,CUBE_R,FUN_6
127035,9390,FUN_1,FUN_2
127037,19399,FUN_5,FUN_4
127038,6538,RET,CUBE_L
127055,19796,FUN_1,FUN_2
127066,26970,FUN_2,FUN_3
127070,10449,CUBE_R,FUN_6
127078,10287,FUN_6,CUBE_R
127088,27332,FUN_2,FUN_3
127094,12854,FUN_3,FUN_2
127096,9645,FUN_2,FUN_1
127106,13390,FUN_3,FUN_4
127109,20773,FUN_3,FUN_2
127116,13143,FUN_4,FUN_3
127120,25567,FUN_1,FUN_2
127141,19698,FUN_2,FUN_1
127176,18716,FUN_2,FUN_1
127177,9174,FUN_3,FUN_2
127190,1625,FUN_2,FUN_1
127192,19403,FUN_3,FUN_4
127197,6574,CUBE_R,FUN_6
127198,15987,FUN_6,CUBE_R
127200,193,FUN_3,FUN_4
127202,29492,FUN_2,FUN_3
127207,10350,FUN_3,FUN_2
127216,2257,CUBE_L,FUN_1
127223,24008,FUN_3,FUN_4
127234,19910,FUN_2,FUN_3
127239,21776,FUN_4,FUN_3
127246,24715,FUN_4,FUN_3
127253,9390,FUN_2,FUN_1
127256,17530,FUN_2,FUN_3
127264,17223,FUN_4,FUN_3
127268,26414,FUN_5,FUN_6
127284,8749,FUN_4,FUN_3
127289,390,FUN_1,FUN_2
127290,27422,CUBE_L,RET
127297,10488,FUN_2,FUN_3
127303,26910,FUN_5,FUN_6
127304,8249,FUN_2,FUN_3
127307,13273,FUN_4,FUN_3
127325,26910,FUN_6,FUN_5
127347,26145,RET,CUBE_L
127369,12673,CUBE_R,FUN_6
127384,21003,FUN_3,FUN_4
127392,3480,FUN_2,FUN_1
127396,9060,FUN_6,FUN_5
127399,2518,FUN_2,FUN_1
127404,5800,FUN_3,FUN_2
127405,8864,FUN_3,FUN_4
127412,28845,FUN_4,FUN_3
127436,23260,FUN_4,FUN_5
127457,25184,FUN_3,FUN_2
127474,2924,FUN_3,FUN_2
127495,28258,CUBE_L,RET
127507,4594,FUN_1,FUN_2
127518,17530,FUN_3,FUN_2
127526,25865,CUBE_R,RET
127528,26910,FUN_5,FUN_6
127555,2546,FUN_6,CUBE_R
127566,16039,FUN_2,FUN_1
127568,1625,FUN_1,FUN_2
127572,25224,FUN_5,FUN_4
127576,6222,FUN_2,FUN_1
127593,21482,FUN_3,FUN_2
127622,6538,CUBE_L,RET
127639,14487,FUN_1,CUBE_L
127639,16140,FUN_1,FUN_2
127651,21754,FUN_4,FUN_3
127652,21776,FUN_3,FUN_4
127656,1647,FUN_6,CUBE_R
127658,9174,FUN_2,FUN_3
127668,2394,FUN_5,FUN_4
127670,28437,CUBE_R,RET
127685,18183,CUBE_L,RET
127724,26543,FUN_2,FUN_1
127728,16173,FUN_2,FUN_1
127735,10957,FUN_6,CUBE_R
127743,26543,FUN_1,FUN_2
127752,29718,FUN_2,FUN_1
127762,18207,FUN_3,FUN_4
127765,25442,FUN_3,FUN_2
127776,17722,FUN_3,FUN_4
127792,20944,FUN_6,CUBE_R
127798,4528,FUN_2,FUN_1
127801,1625,FUN_2,FUN_1
127851,18207,FUN_4,FUN_3
127853,4528,FUN_1,FUN_2
127858,18716,FUN_1,FUN_2
127862,26970,FUN_3,FUN_2
127863,2315,FUN_6,FUN_5
127869,193,FUN_4,FUN_3
127878,12595,FUN_5,FUN_6
127885,241,CUBE_R,RET
127895,27006,FUN_6,CUBE_R
127904,26605,FUN_5,FUN_4
127912,13200,FUN_6,CUBE_R
127915,10012,FUN_2,FUN_3
127916,4067,FUN_2,FUN_3
127924,11184,FUN_6,CUBE_R
127936,23694,FUN_1,FUN_2
127945,24430,RET,CUBE_R
127946,15959,RET,CUBE_R
127968,10956,FUN_5,FUN_6
127968,24715,FUN_3,FUN_4
127979,20148,FUN_2,FUN_1
127980,21341,RET,CUBE_R
127990,13491,FUN_2,FUN_3
127990,16586,FUN_2,FUN_1
128002,4528,FUN_2,FUN_1
128002,5861,FUN_2,FUN_1
128009,22573,FUN_3,FUN_4
128021,6305,RET,CUBE_R
128021,15987,CUBE_R,FUN_6
128030,15989,FUN_3,FUN_2
128048,5471,RET,CUBE_R
128056,26681,FUN_3,FUN_4
128058,22915,FUN_1,FUN_2
128068,13491,FUN_3,FUN_2
128074,859,RET,CUBE_L
128082,4318,CUBE_R,FUN_6
128082,18716,FUN_2,FUN_1
128090,21482,FUN_2,FUN_3
128111,12258,CUBE_R,RET
128139,22312,FUN_2,FUN_1
128142,17530,FUN_2,FUN_3
128143,3302,FUN_3,FUN_4
128150,6718,CUBE_L,FUN_1
128155,18061,FUN_3,FUN_2
128177,21544,FUN_3,FUN_2
128183,4528,FUN_1,FUN_2
128192,20543,FUN_1,CUBE_L
128195,18207,FUN_3,FUN_4
128196,7205,RET,CUBE_L
128241,2782,FUN_2,FUN_1
128263,5800,FUN_2,FUN_3
128270,13986,FUN_3,FUN_2
128271,8478,FUN_1,FUN_2
128273,7891,FUN_3,FUN_2
128274,15390,CUBE_R,RET
128282,10449,FUN_6,CUBE_R
128315,29184,FUN_3,FUN_2
128322,26258,FUN_3,FUN_2
128323,28108,FUN_3,FUN_2
128326,2700,FUN_3,FUN_4
128336,23128,FUN_1,FUN_2
128340,7621,FUN_1,FUN_2
128371,7371,FUN_2,FUN_3
128375,142,FUN_3,FUN_2
128375,12264,FUN_3,FUN_4
128375,25666,FUN_1,FUN_2
128384,11040,RET,CUBE_L
128391,813,FUN_2,FUN_1
128397,21776,FUN_4,FUN_3
128401,10129,FUN_3,FUN_2
128413,14683,FUN_3,FUN_4
128413,15815,FUN_2,FUN_1
128436,18830,FUN_3,FUN_4
128440,7891,FUN_2,FUN_3
128454,28437,RET,CUBE_R
128456,15959,CUBE_R,RET
128458,27751,FUN_4,FUN_5
128470,27332,FUN_3,FUN_2
128474,20773,FUN_2,FUN_3
128476,22787,FUN_4,FUN_3
128477,1008,FUN_2,FUN_1
128477,14720,FUN_2,FUN_3
128479,24715,FUN_4,FUN_3
128481,26311,CUBE_L,FUN_1
128491,18716,FUN_1,FUN_2
128492,6222,FUN_1,FUN_2
128493,3501,FUN_4,FUN_3
128511,3292,FUN_4,FUN_3
128518,12540,CUBE_L,RET
128556,441,RET,CUBE_R
128564,15577,CUBE_L,FUN_1
128565,8588,RET,CUBE_L
128582,25155,FUN_4,FUN_5
128601,29492,FUN_3,FUN_2
128613,24657,FUN_3,FUN_4
128618,29933,FUN_3,FUN_2
128621,4205,FUN_6,CUBE_R
128622,21341,CUBE_R,RET
128663,21123,FUN_1,FUN_2
128677,11040,CUBE_L,RET
128687,11637,FUN_3,FUN_2
128691,813,FUN_1,FUN_2
128705,9895,FUN_6,FUN_5
128733,5140,FUN_3,FUN_2
128748,12834,CUBE_R,FUN_6
128755,27844,FUN_4,FUN_3
128758,3173,FUN_5,FUN_4
128758,28304,FUN_3,FUN_4
128761,29757,FUN_2,FUN_1
128781,14487,CUBE_L,FUN_1
128793,12408,FUN_2,FUN_3
128820,4732,FUN_2,FUN_1
128822,15952,FUN_4,FUN_5
128855,16645,FUN_1,CUBE_L
128865,19374,FUN_1,FUN_2
128874,11242,FUN_2,FUN_3
128877,3767,FUN_1,FUN_2
128887,12296,CUBE_R,RET
128894,27804,FUN_6,CUBE_R
128895,27343,FUN_2,FUN_1
128895,27842,RET,CUBE_R
128921,18716,FUN_2,FUN_1
128922,16140,FUN_2,FUN_1
128923,22912,FUN_1,FUN_2
128970,22992,FUN_4,FUN_5
128976,3367,FUN_2,FUN_3
128998,1696,CUBE_R,FUN_6
129000,9611,FUN_4,FUN_5
129007,29191,FUN_2,FUN_3
129016,9746,FUN_4,FUN_3
129020,17722,FUN_4,FUN_3
129021,8127,CUBE_L,RET
129026,24118,CUBE_R,RET
129066,24481,FUN_2,FUN_3
129067,17216,RET,CUBE_L
129072,17261,FUN_2,FUN_1
129075,2546,CUBE_R,FUN_6
129079,15118,FUN_2,FUN_3
129101,5188,CUBE_R,RET
129117,12540,RET,CUBE_L
129119,2782,FUN_1,FUN_2
129130,3649,FUN_5,FUN_4
129133,28825,FUN_1,FUN_2
129146,813,FUN_2,FUN_1
129149,7956,FUN_3,FUN_4
129150,4318,FUN_6,CUBE_R
129162,14026,FUN_1,FUN_2
129177,14487,FUN_1,CUBE_L
129188,3921,FUN_4,FUN_3
129191,142,FUN_2,FUN_3
129192,19245,FUN_3,FUN_2
129204,23129,FUN_2,FUN_1
129228,11788,CUBE_L,RET
129229,21110,FUN_1,FUN_2
129236,7060,CUBE_R,FUN_6
129239,5264,FUN_1,CUBE_L
129241,12136,FUN_4,FUN_3
129242,11256,RET,CUBE_R
129246,15437,CUBE_L,FUN_1
129250,4732,FUN_1,FUN_2
129259,18296,FUN_3,FUN_4
129261,21481,FUN_3,FUN_2
129270,14838,FUN_3,FUN_4
129278,10146,FUN_6,FUN_5
129280,11774,FUN_4,FUN_5
129284,24430,CUBE_R,RET
129290,396,FUN_3,FUN_2
129293,25164,RET,CUBE_L
129295,7891,FUN_3,FUN_2
129296,625,FUN_3,FUN_4
129311,24514,FUN_3,FUN_4
129317,22787,FUN_3,FUN_4
129327,10914,FUN_3,FUN_2
129342,24715,FUN_3,FUN_4
129349,3814,FUN_6,FUN_5
129385,5740,FUN_5,FUN_6
129399,7215,FUN_2,FUN_3
129404,4544,CUBE_R,RET
129405,18830,FUN_4,FUN_3
129418,6582,FUN_2,FUN_1
129422,9112,FUN_4,FUN_5
129431,5564,FUN_3,FUN_2
129436,15938,FUN_1,FUN_2
129437,19222,RET,CUBE_L
129445,1461,FUN_3,FUN_2
129448,17261,FUN_1,FUN_2
129456,625,FUN_4,FUN_3
129462,25342,FUN_3,FUN_2
129463,10129,FUN_2,FUN_3
129466,24657,FUN_4,FUN_3
129467,13164,FUN_3,FUN_4
129467,21763,FUN_4,FUN_3
129472,117,FUN_4,FUN_3
129478,235,FUN_3,FUN_4
129483,21426,FUN_2,FUN_3
129502,21776,FUN_3,FUN_4
129518,28426,CUBE_R,RET
129530,5564,FUN_2,FUN_3
129530,9029,FUN_5,FUN_6
129531,15987,FUN_6,CUBE_R
129533,6172,FUN_6,CUBE_R
129558,3367,FUN_3,FUN_2
129563,26543,FUN_2,FUN_1
129570,24430,RET,CUBE_R
129576,25475,FUN_1,FUN_2
129602,22592,FUN_6,CUBE_R
129604,12673,FUN_6,CUBE_R
129605,9909,FUN_2,FUN_1
129615,19992,CUBE_L,RET
129619,29028,FUN_3,FUN_2
129625,25251,CUBE_L,RET
129629,12540,CUBE_L,RET
129639,25292,FUN_3,FUN_2
129641,384,FUN_3,FUN_2
129654,8114,FUN_1,CUBE_L
129662,21341,RET,CUBE_R
129669,1353,CUBE_L,RET
129670,18207,FUN_4,FUN_3
129694,18295,CUBE_L,FUN_1
129696,16815,FUN_4,FUN_5
129698,3084,CUBE_L,FUN_1
129703,11841,FUN_4,FUN_3
129706,10895,FUN_1,FUN_2
129709,2724,FUN_2,FUN_3
129734,13599,FUN_3,FUN_2
129751,17419,FUN_4,FUN_3
129754,7350,RET,CUBE_L
129769,10129,FUN_3,FUN_2
129771,26551,FUN_3,FUN_2
129776,2501,CUBE_L,FUN_1
129792,4599,RET,CUBE_L
129825,28375,FUN_4,FUN_3
129853,25488,FUN_3,FUN_2
129855,6168,FUN_5,FUN_6
129861,6358,CUBE_R,FUN_6
129878,503,FUN_1,FUN_2
129878,29672,FUN_3,FUN_2
129887,418,FUN_3,FUN_2
129888,2567,FUN_2,FUN_1
129892,1171,FUN_6,FUN_5
129901,27887,FUN_5,FUN_6
129917,4067,FUN_3,FUN_2
129926,8434,FUN_3,FUN_2
129935,16925,FUN_3,FUN_2
129956,29848,FUN_4,FUN_5
129967,27316,FUN_1,FUN_2
129981,26145,CUBE_L,RET
129991,29731,FUN_2,FUN_1
129993,4544,RET,CUBE_R
129993,28120,FUN_3,FUN_2
129996,10245,FUN_1,FUN_2
130002,29492,FUN_2,FUN_3
130005,29757,FUN_1,FUN_2
130019,2597,FUN_2,FUN_1
130027,21776,FUN_4,FUN_3
130029,28258,RET,CUBE_L
130047,12264,FUN_4,FUN_3
130054,24140,FUN_2,FUN_3
130061,13269,FUN_1,FUN_2
130066,8693,FUN_2,FUN_1
130068,10410,FUN_4,FUN_3
130081,15708,CUBE_L,RET
130095,25416,FUN_1,FUN_2
130096,25038,CUBE_L,RET
130136,21544,FUN_2,FUN_3
130140,12540,RET,CUBE_L
130151,23876,CUBE_R,FUN_6
130155,12258,RET,CUBE_R
130161,22744,FUN_2,FUN_1
130172,18268,CUBE_L,RET
130177,22568,FUN_5,FUN_4
130178,25442,FUN_2,FUN_3
130195,10012,FUN_3,FUN_2
130201,16290,CUBE_R,RET
130203,8378,FUN_4,FUN_5
130239,21341,CUBE_R,RET
130248,21135,FUN_3,FUN_2
130254,10143,CUBE_R,RET
130255,21341,RET,CUBE_R
130266,22404,FUN_2,FUN_3
130270,11401,FUN_4,FUN_3
130278,13491,FUN_2,FUN_3
130296,25639,FUN_4,FUN_5
130305,18901,CUBE_R,RET
130307,21003,FUN_4,FUN_3
130309,26605,FUN_4,FUN_5
130313,24044,FUN_2,FUN_3
130314,29810,FUN_4,FUN_3
130318,3814,FUN_5,FUN_6
130322,14481,FUN_2,FUN_3
130324,21341,CUBE_R,RET
130337,5333,FUN_2,FUN_3
130337,12540,CUBE_L,RET
130339,3158,FUN_1,FUN_2
130347,11164,FUN_3,FUN_4
130355,28356,RET,CUBE_L
130357,1647,CUBE_R,FUN_6
130359,19215,CUBE_R,FUN_6
130364,15436,FUN_2,FUN_3
130371,24118,RET,CUBE_R
130376,21341,RET,CUBE_R
130382,25342,FUN_2,FUN_3
130390,8685,FUN_2,FUN_3
130396,27332,FUN_2,FUN_3
130411,23543,FUN_3,FUN_2
130415,341,FUN_2,FUN_1
130420,1541,FUN_3,FUN_2
130421,6696,FUN_3,FUN_2
130428,28120,FUN_2,FUN_3
130435,4799,FUN_5,FUN_6
130460,12791,FUN_3,FUN_2
130461,24168,FUN_6,FUN_5
130473,18286,RET,CUBE_R
130482,6071,FUN_3,FUN_2
130492,19713,FUN_1,FUN_2
130497,22592,CUBE_R,FUN_6
130509,5201,CUBE_L,RET
130514,16932,FUN_5,FUN_4
130517,10129,FUN_2,FUN_3
130529,9390,FUN_1,FUN_2
130540,14812,FUN_2,FUN_1
130574,22573,FUN_4,FUN_3
130589,5471,CUBE_R,RET
130593,3140,FUN_4,FUN_5
130602,15959,RET,CUBE_R
130608,25891,FUN_5,FUN_4
130611,15577,FUN_1,CUBE_L
130647,23777,FUN_3,FUN_2
130658,25754,FUN_3,FUN_4
130666,24334,FUN_5,FUN_6
130668,20415,FUN_1,FUN_2
130671,24514,FUN_4,FUN_3
130679,15830,FUN_5,FUN_4
130695,22346,CUBE_R,RET
130705,21407,FUN_3,FUN_4
130705,24333,CUBE_R,RET
130736,21017,FUN_4,FUN_3
130747,24118,CUBE_R,RET
130752,29801,FUN_2,FUN_3
130779,2501,FUN_1,CUBE_L
130781,24140,FUN_3,FUN_2
130786,2567,FUN_1,FUN_2
130789,27343,FUN_1,FUN_2
130816,13560,FUN_4,FUN_3
130820,10824,FUN_5,FUN_4
130823,7390,FUN_1,FUN_2
130826,15834,RET,CUBE_R
130830,18813,FUN_2,FUN_1
130835,16290,RET,CUBE_R
130838,2924,FUN_2,FUN_3
130838,10410,FUN_3,FUN_4
130846,1251,RET,CUBE_L
130912,7247,FUN_2,FUN_1
130912,7779,FUN_2,FUN_3
130931,19092,FUN_1,FUN_2
130941,4498,FUN_2,FUN_3
130943,24784,FUN_3,FUN_2
130945,2924,FUN_3,FUN_2
130960,29184,FUN_2,FUN_3
130966,16723,FUN_4,FUN_3
130967,15992,FUN_3,FUN_4
130973,7371,FUN_3,FUN_2
130980,8037,FUN_1,FUN_2
130980,27327,FUN_4,FUN_3
130982,10266,FUN_4,FUN_5
130985,10143,RET,CUBE_R
130989,9611,FUN_5,FUN_4
131001,2369,RET,CUBE_L
131001,27980,FUN_2,FUN_1
131014,22912,FUN_2,FUN_1
131023,13560,FUN_3,FUN_4
131028,13871,RET,CUBE_R
131037,29466,FUN_1,FUN_2
131041,23236,FUN_4,FUN_3
131056,7891,FUN_2,FUN_3
131102,7525,FUN_2,FUN_1
131113,22346,RET,CUBE_R
131114,28437,CUBE_R,RET
131124,23129,FUN_1,FUN_2
131136,11144,FUN_3,FUN_2
131147,26522,FUN_1,FUN_2
131150,15662,FUN_4,FUN_3
131151,21407,FUN_4,FUN_3
131175,23128,FUN_2,FUN_1
131202,13841,FUN_3,FUN_4
131220,13273,FUN_3,FUN_4
131220,24228,CUBE_L,RET
131230,17740,FUN_2,FUN_1
131239,18212,FUN_2,FUN_3
131239,28304,FUN_4,FUN_3
131248,15027,FUN_2,FUN_1
131254,21749,FUN_3,FUN_2
131259,13142,FUN_4,FUN_3
131272,7995,FUN_2,FUN_3
131281,1625,FUN_1,FUN_2
131283,10956,FUN_6,FUN_5
131289,26258,FUN_2,FUN_3
131303,1566,FUN_1,FUN_2
131319,29028,FUN_2,FUN_3
131328,12474,FUN_4,FUN_3
131333,5661,FUN_3,FUN_2
131336,3649,FUN_4,FUN_5
131345,24426,CUBE_R,FUN_6
131349,4624,CUBE_R,FUN_6
131420,19650,FUN_5,FUN_6
131429,1625,FUN_2,FUN_1
131431,13572,CUBE_R,RET
131439,8114,CUBE_L,FUN_1
131443,9661,FUN_5,FUN_6
131475,17419,FUN_3,FUN_4
131485,21341,CUBE_R,RET
131492,5614,FUN_5,FUN_6
131512,22040,FUN_2,FUN_1
131527,23236,FUN_3,FUN_4
131534,24140,FUN_2,FUN_3
131536,18063,FUN_1,FUN_2
131542,25184,FUN_2,FUN_3
131560,25639,FUN_5,FUN_4
131566,2066,FUN_6,FUN_5
131573,26807,CUBE_R,RET
131595,5427,FUN_1,CUBE_L
131595,20415,FUN_2,FUN_1
131613,15830,FUN_4,FUN_5
131617,8471,FUN_4,FUN_5
131640,4732,FUN_2,FUN_1
131649,8037,FUN_2,FUN_1
131670,8798,FUN_2,FUN_1
131676,374,FUN_3,FUN_4
131693,12136,FUN_3,FUN_4
131706,24719,CUBE_L,RET
131719,25203,FUN_4,FUN_3
131746,22787,FUN_4,FUN_3
131754,19199,RET,CUBE_L
131755,25488,FUN_2,FUN_3
131799,25207,FUN_3,FUN_2
131809,28032,FUN_2,FUN_1
131811,5120,FUN_1,FUN_2
131822,25342,FUN_3,FUN_2
131825,12856,FUN_1,FUN_2
131837,12136,FUN_4,FUN_3
131843,19910,FUN_3,FUN_2
131844,19650,FUN_6,FUN_5
131854,3140,FUN_5,FUN_4
131867,24334,FUN_6,FUN_5
131868,24719,RET,CUBE_L
131876,16290,CUBE_R,RET
131885,15714,FUN_3,FUN_2
131898,5186,FUN_3,FUN_2
131898,8037,FUN_1,FUN_2
131928,503,FUN_2,FUN_1
131969,11719,FUN_6,CUBE_R
131975,25567,FUN_2,FUN_1
131979,341,FUN_1,FUN_2
132018,24715,FUN_4,FUN_3
132033,2660,FUN_3,FUN_2
132087,19747,CUBE_L,FUN_1
132107,13515,FUN_2,FUN_1
132129,4110,FUN_3,FUN_2
132130,1819,FUN_2,FUN_1
132131,10488,FUN_3,FUN_2
132137,21203,FUN_2,FUN_1
132161,25038,RET,CUBE_L
132182,21426,FUN_3,FUN_2
132207,1841,CUBE_L,RET
132211,3140,FUN_4,FUN_5
132211,18965,FUN_3,FUN_2
132228,24426,FUN_6,CUBE_R
132251,17740,FUN_1,FUN_2
132261,5861,FUN_1,FUN_2
132270,6582,FUN_1,FUN_2
132278,25907,FUN_2,FUN_1
132299,3400,FUN_3,FUN_2
132300,28437,RET,CUBE_R
132305,19713,FUN_2,FUN_1
132307,16469,RET,CUBE_R
132317,15889,RET,CUBE_L
132322,3367,FUN_2,FUN_3
132327,15992,FUN_4,FUN_3
132340,29201,FUN_6,FUN_5
132354,13841,FUN_4,FUN_3
132355,1171,FUN_5,FUN_6
132358,10266,FUN_5,FUN_4
132371,364,FUN_2,FUN_1
132374,9284,FUN_2,FUN_3
132375,26185,FUN_2,FUN_1
132381,23457,FUN_5,FUN_4
132412,23128,FUN_1,FUN_2
132417,26551,FUN_2,FUN_3
132425,8472,FUN_2,FUN_3
132428,7655,FUN_2,FUN_3
132431,11856,FUN_2,FUN_3
132483,25567,FUN_1,FUN_2
132516,20126,CUBE_L,RET
132524,23236,FUN_4,FUN_3
132537,17261,FUN_2,FUN_1
132560,21481,FUN_2,FUN_3
132568,29201,FUN_5,FUN_6
132571,26858,FUN_2,FUN_3
132578,9208,FUN_2,FUN_3
132595,661,RET,CUBE_L
132603,9390,FUN_2,FUN_1
132603,19910,FUN_2,FUN_3
132604,29315,CUBE_R,RET
132605,22438,FUN_5,FUN_4
132634,10488,FUN_2,FUN_3
132654,20773,FUN_3,FUN_2
132656,19713,FUN_1,FUN_2
132665,24426,CUBE_R,FUN_6
132681,25207,FUN_2,FUN_3
132707,19713,FUN_2,FUN_1
132718,20600,CUBE_L,FUN_1
132727,13797,FUN_2,FUN_1
132742,24118,RET,CUBE_R
132744,888,CUBE_L,RET
132748,4759,CUBE_L,RET
132755,26543,FUN_1,FUN_2
132756,11040,RET,CUBE_L
132784,7411,CUBE_R,FUN_6
132792,4732,FUN_1,FUN_2
132796,29672,FUN_2,FUN_3
132808,2700,FUN_4,FUN_3
132808,25207,FUN_3,FUN_2
132815,27762,FUN_1,CUBE_L
132826,3859,FUN_3,FUN_2
132835,12474,FUN_3,FUN_4
132837,12136,FUN_3,FUN_4
132846,8301,FUN_2,FUN_1
132856,3140,FUN_5,FUN_4
132857,1027,CUBE_R,RET
132857,25907,FUN_1,FUN_2
132860,19215,FUN_6,CUBE_R
132863,21776,FUN_3,FUN_4
132864,5724,CUBE_L,RET
132868,7955,FUN_2,FUN_3
132869,22217,FUN_3,FUN_2
132873,14867,CUBE_L,RET
132892,11144,FUN_2,FUN_3
132896,21829,FUN_2,FUN_3
132898,9611,FUN_4,FUN_5
132909,12569,FUN_6,FUN_5
132928,26681,FUN_4,FUN_3
132929,14812,FUN_1,FUN_2
132929,22404,FUN_3,FUN_2
132931,2722,FUN_1,FUN_2
132945,3045,CUBE_R,FUN_6
132960,7157,FUN_2,FUN_1
132985,15830,FUN_5,FUN_4
132986,14717,FUN_2,FUN_3
132988,24032,RET,CUBE_L
132993,26910,FUN_6,FUN_5
133001,4528,FUN_2,FUN_1
133007,12572,FUN_2,FUN_3
133009,15773,FUN_3,FUN_2
133016,21199,FUN_6,CUBE_R
133017,5290,FUN_2,FUN_3
133022,8350,FUN_3,FUN_2
133039,15817,FUN_2,FUN_1
133044,20228,FUN_1,FUN_2
133056,8249,FUN_3,FUN_2
133064,3158,FUN_2,FUN_1
133082,18296,FUN_4,FUN_3
133085,8675,FUN_1,CUBE_L
133085,12383,FUN_4,FUN_5
133090,14393,FUN_2,FUN_3
133106,17153,FUN_3,FUN_4
133108,18813,FUN_1,FUN_2
133122,3316,FUN_1,CUBE_L
133137,25207,FUN_2,FUN_3
133167,17241,FUN_4,FUN_3
133172,20040,FUN_2,FUN_1
133187,15817,FUN_1,FUN_2
133223,15817,FUN_2,FUN_1
133228,6304,FUN_3,FUN_2
133247,21040,FUN_4,FUN_3
133251,18492,CUBE_R,RET
133260,21426,FUN_2,FUN_3
133265,11891,FUN_6,FUN_5
133268,7912,FUN_1,FUN_2
133269,9645,FUN_1,FUN_2
133269,19650,FUN_5,FUN_6
133299,6304,FUN_2,FUN_3
133305,14254,CUBE_L,RET
133307,25292,FUN_2,FUN_3
133344,3598,FUN_5,FUN_6
133347,13518,CUBE_L,RET
133349,24228,RET,CUBE_L
133362,503,FUN_1,FUN_2
133364,27164,FUN_2,FUN_3
133377,25475,FUN_2,FUN_1
133381,19303,FUN_3,FUN_2
133381,24514,FUN_3,FUN_4
133384,15027,FUN_1,FUN_2
133400,25891,FUN_4,FUN_5
133406,6761,FUN_4,FUN_3
133410,16621,FUN_5,FUN_4
133424,5800,FUN_3,FUN_2
133428,21763,FUN_3,FUN_4
133433,24028,FUN_4,FUN_3
133435,20658,FUN_4,FUN_3
133437,21627,FUN_2,FUN_3
133470,13269,FUN_2,FUN_1
133484,26930,FUN_4,FUN_3
133487,14876,FUN_2,FUN_3
133496,19133,FUN_3,FUN_2
133514,9611,FUN_5,FUN_4
133517,13599,FUN_2,FUN_3
133521,8396,CUBE_R,RET
133545,1699,FUN_2,FUN_1
133552,17241,FUN_3,FUN_4
133553,29847,FUN_3,FUN_4
133554,3045,FUN_6,CUBE_R
133583,11719,CUBE_R,FUN_6
133598,20829,FUN_3,FUN_2
133665,1280,CUBE_L,RET
133678,22766,FUN_3,FUN_2
133682,13312,FUN_4,FUN_3
133684,16888,FUN_2,FUN_1
133687,11206,FUN_3,FUN_4
133713,9284,FUN_3,FUN_2
133713,12296,RET,CUBE_R
133719,27719,FUN_4,FUN_3
133742,29422,FUN_6,CUBE_R
133749,25342,FUN_2,FUN_3
133771,5427,CUBE_L,FUN_1
133771,23465,FUN_2,FUN_1
133772,15662,FUN_3,FUN_4
133773,4077,FUN_3,FUN_4
133803,11695,FUN_4,FUN_3
133828,6092,FUN_6,CUBE_R
133831,16957,FUN_5,FUN_6
133843,7411,FUN_6,CUBE_R
133846,22744,FUN_1,FUN_2
133850,6092,CUBE_R,FUN_6
133850,14609,FUN_2,FUN_1
133852,742,FUN_2,FUN_1
133862,10687,FUN_6,FUN_5
133870,7247,FUN_1,FUN_2
133876,20262,FUN_4,FUN_5
133884,22524,CUBE_L,RET
133885,9645,FUN_2,FUN_1
133918,20228,FUN_2,FUN_1
133929,26258,FUN_3,FUN_2
133938,2433,FUN_3,FUN_2
133957,2597,FUN_1,FUN_2
133959,23563,FUN_3,FUN_2
133971,26324,CUBE_R,RET
133979,28266,FUN_2,FUN_3
133984,6761,FUN_3,FUN_4
133986,13132,FUN_3,FUN_2
133987,15310,CUBE_R,FUN_6
133988,28426,RET,CUBE_R
133996,4077,FUN_4,FUN_3
134002,8699,FUN_2,FUN_1
134003,25891,FUN_5,FUN_4
134010,26923,RET,CUBE_L
134013,5135,FUN_2,FUN_3
134018,19559,FUN_1,CUBE_L
134050,29191,FUN_3,FUN_2
134056,22180,FUN_2,FUN_3
134062,661,CUBE_L,RET
134063,9611,FUN_4,FUN_5
134069,12572,FUN_3,FUN_2
134071,9487,FUN_4,FUN_3
134078,9112,FUN_5,FUN_4
134090,24942,RET,CUBE_R
134092,21130,FUN_1,FUN_2
134095,16173,FUN_1,FUN_2
134128,10901,FUN_6,FUN_5
134163,4649,FUN_1,CUBE_L
134167,17722,FUN_3,FUN_4
134173,20658,FUN_3,FUN_4
134174,8685,FUN_3,FUN_2
134182,18351,FUN_5,FUN_6
134190,22458,FUN_3,FUN_2
134204,26930,FUN_3,FUN_4
134223,13143,FUN_3,FUN_4
134226,6624,FUN_2,FUN_1
134231,4292,FUN_1,FUN_2
134234,10901,FUN_5,FUN_6
134235,5186,FUN_2,FUN_3
134250,7505,FUN_3,FUN_2
134266,19973,FUN_5,FUN_4
134270,4349,FUN_6,CUBE_R
134309,16974,FUN_3,FUN_4
134317,10012,FUN_2,FUN_3
134323,8918,FUN_2,FUN_1
134343,15817,FUN_1,FUN_2
134356,5471,RET,CUBE_R
134357,26543,FUN_2,FUN_1
134359,10901,FUN_6,FUN_5
134363,21011,FUN_2,FUN_3
134365,5884,CUBE_L,FUN_1
134370,12572,FUN_2,FUN_3
134375,5604,FUN_2,FUN_3
134380,28114,FUN_4,FUN_5
134391,13390,FUN_4,FUN_3
134392,3050,FUN_3,FUN_2
134398,27675,FUN_3,FUN_2
134410,17722,FUN_4,FUN_3
134445,1823,FUN_2,FUN_1
134449,13269,FUN_1,FUN_2
134458,7505,FUN_2,FUN_3
134458,20773,FUN_2,FUN_3
134463,9487,FUN_3,FUN_4
134463,10600,CUBE_L,FUN_1
134472,18268,RET,CUBE_L
134473,24334,FUN_5,FUN_6
134479,14609,FUN_1,FUN_2
134485,17722,FUN_3,FUN_4
134485,20415,FUN_1,FUN_2
134494,24374,CUBE_R,FUN_6
134499,2722,FUN_2,FUN_1
134499,29251,FUN_3,FUN_2
134514,9112,FUN_4,FUN_5
134532,29847,FUN_4,FUN_3
134533,22312,FUN_1,FUN_2
134540,20658,FUN_4,FUN_3
134545,19133,FUN_2,FUN_3
134558,27108,FUN_5,FUN_6
134570,15460,FUN_2,FUN_1
134576,24514,FUN_4,FUN_3
134608,7505,FUN_3,FUN_2
134608,9112,FUN_5,FUN_4
134611,503,FUN_2,FUN_1
134617,7060,FUN_6,CUBE_R
134627,18517,FUN_3,FUN_4
134648,6304,FUN_3,FUN_2
134651,4843,FUN_3,FUN_4
134655,23465,FUN_1,FUN_2
134663,15773,FUN_2,FUN_3
134671,29304,FUN_2,FUN_3
134676,26032,CUBE_R,RET
134685,8593,RET,CUBE_R
134687,23300,FUN_3,FUN_2
134693,2433,FUN_2,FUN_3
134700,22180,FUN_3,FUN_2
134702,14481,FUN_3,FUN_2
134702,24042,FUN_3,FUN_4
134704,24042,FUN_4,FUN_3
134706,24042,FUN_3,FUN_4
134708,13599,FUN_3,FUN_2
134708,24042,FUN_4,FUN_3
134715,27422,RET,CUBE_L
134731,661,RET,CUBE_L
134733,28023,CUBE_R,RET
134746,18965,FUN_2,FUN_3
134755,24719,CUBE_L,RET
134761,2004,FUN_2,FUN_3
134770,10600,FUN_1,CUBE_L
134771,13395,CUBE_R,FUN_6
134789,23099,FUN_6,FUN_5
134800,3859,FUN_2,FUN_3
134801,16469,CUBE_R,RET
134803,1251,CUBE_L,RET
134813,13390,FUN_3,FUN_4
134814,6690,FUN_1,FUN_2
134814,10673,FUN_1,FUN_2
134825,7619,FUN_2,FUN_1
134825,22766,FUN_2,FUN_3
134829,6624,FUN_1,FUN_2
134848,3921,FUN_3,FUN_4
134876,17740,FUN_2,FUN_1
134880,13244,FUN_6,FUN_5
134882,24784,FUN_2,FUN_3
134906,4759,RET,CUBE_L
134922,9062,FUN_2,FUN_3
134927,18212,FUN_3,FUN_2
134929,15436,FUN_3,FUN_2
134929,16731,FUN_1,FUN_2
134931,1566,FUN_2,FUN_1
134933,12931,FUN_5,FUN_6
134942,5479,FUN_2,FUN_3
134953,22180,FUN_2,FUN_3
134961,24719,RET,CUBE_L
134963,15480,FUN_4,FUN_5
134967,2567,FUN_2,FUN_1
134970,17241,FUN_4,FUN_3
134976,17722,FUN_4,FUN_3
134983,3921,FUN_4,FUN_3
134983,28688,RET,CUBE_R
134984,29847,FUN_3,FUN_4
134998,23543,FUN_2,FUN_3
134999,10600,CUBE_L,FUN_1
134999,14815,FUN_1,FUN_2
135027,28266,FUN_3,FUN_2
135036,27164,FUN_3,FUN_2
135040,3084,FUN_1,CUBE_L
135046,15027,FUN_2,FUN_1
135051,3921,FUN_3,FUN_4
135054,9284,FUN_2,FUN_3
135060,15987,CUBE_R,FUN_6
135080,13132,FUN_2,FUN_3
135084,11498,CUBE_R,RET
135100,3859,FUN_3,FUN_2
135119,26569,RET,CUBE_R
135124,3863,FUN_2,FUN_3
135124,27006,CUBE_R,FUN_6
135125,13599,FUN_2,FUN_3
135135,8408,CUBE_L,RET
135141,5256,RET,CUBE_L
135151,25225,FUN_2,FUN_3
135163,1823,FUN_1,FUN_2
135165,9752,CUBE_L,RET
135173,28707,FUN_5,FUN_6
135180,8179,FUN_3,FUN_2
135199,29956,FUN_3,FUN_4
135206,27422,CUBE_L,RET
135217,25155,FUN_5,FUN_4
135253,24158,RET,CUBE_L
135298,18553,CUBE_R,FUN_6
135306,8434,FUN_2,FUN_3
135310,364,FUN_1,FUN_2
135322,4110,FUN_2,FUN_3
135342,29050,FUN_5,FUN_6
135347,11498,RET,CUBE_R
135348,8791,RET,CUBE_R
135361,4649,CUBE_L,FUN_1
135362,25416,FUN_2,FUN_1
135368,6093,FUN_2,FUN_3
135377,14481,FUN_2,FUN_3
135380,22099,FUN_2,FUN_1
135385,3050,FUN_2,FUN_3
135386,18268,CUBE_L,RET
135395,20600,FUN_1,CUBE_L
135403,4350,RET,CUBE_R
135453,10150,FUN_6,CUBE_R
135457,28867,CUBE_L,RET
135458,7411,CUBE_R,FUN_6
135478,1423,FUN_2,FUN_1
135483,28356,CUBE_L,RET
135487,12623,FUN_2,FUN_3
135491,2466,FUN_2,FUN_3
135515,12044,FUN_2,FUN_3
135518,1647,FUN_6,CUBE_R
135519,20087,FUN_4,FUN_3
135521,7982,FUN_2,FUN_3
135551,18351,FUN_6,FUN_5
135554,7779,FUN_3,FUN_2
135558,5264,CUBE_L,FUN_1
135561,3292,FUN_3,FUN_4
135570,20773,FUN_3,FUN_2
135570,23300,FUN_2,FUN_3
135574,24042,FUN_3,FUN_4
135578,29422,CUBE_R,FUN_6
135586,22766,FUN_3,FUN_2
135615,25157,FUN_5,FUN_6
135618,9390,FUN_1,FUN_2
135628,24877,RET,CUBE_L
135651,29191,FUN_2,FUN_3
135663,26258,FUN_2,FUN_3
135669,4376,CUBE_L,RET
135698,29814,FUN_1,FUN_2
135705,25416,FUN_1,FUN_2
135732,28108,FUN_2,FUN_3
135742,18245,RET,CUBE_L
135743,3140,FUN_4,FUN_5
135759,2455,FUN_4,FUN_3
135775,7619,FUN_1,FUN_2
135791,27164,FUN_2,FUN_3
135793,8588,CUBE_L,RET
135798,7779,FUN_2,FUN_3
135810,28266,FUN_2,FUN_3
135813,23256,FUN_1,FUN_2
135819,22099,FUN_1,FUN_2
135836,26032,RET,CUBE_R
135839,22912,FUN_1,FUN_2
135860,5898,CUBE_R,FUN_6
135869,27796,FUN_6,FUN_5
135884,9713,RET,CUBE_L
135889,9062,FUN_3,FUN_2
135894,16974,FUN_4,FUN_3
135896,2660,FUN_2,FUN_3
135898,20868,FUN_4,FUN_3
135922,27108,FUN_6,FUN_5
135930,6771,FUN_4,FUN_5
135930,26032,CUBE_R,RET
135933,20829,FUN_2,FUN_3
135947,21440,FUN_4,FUN_3
135949,8127,RET,CUBE_L
135951,20228,FUN_1,FUN_2
135959,3658,FUN_6,FUN_5
135964,15496,FUN_3,FUN_4
135968,26169,FUN_3,FUN_2
135969,13457,CUBE_L,RET
135994,3316,CUBE_L,FUN_1
135996,3924,FUN_3,FUN_4
136004,17320,FUN_4,FUN_3
136010,22404,FUN_2,FUN_3
136020,2394,FUN_4,FUN_5
136023,1823,FUN_2,FUN_1
136024,19559,CUBE_L,FUN_1
136029,8434,FUN_3,FUN_2
136034,26032,RET,CUBE_R
136035,21409,FUN_3,FUN_2
136062,4673,FUN_2,FUN_1
136063,384,FUN_2,FUN_3
136066,18351,FUN_5,FUN_6
136075,28688,CUBE_R,RET
136077,28778,FUN_1,FUN_2
136083,8350,FUN_2,FUN_3
136083,19698,FUN_1,FUN_2
136085,2466,FUN_3,FUN_2
136091,13986,FUN_2,FUN_3
136095,6071,FUN_2,FUN_3
136095,7411,FUN_6,CUBE_R
136096,17500,FUN_2,FUN_1
136097,27156,FUN_2,FUN_3
136099,9112,FUN_4,FUN_5
136101,3495,FUN_2,FUN_1
136131,17500,FUN_1,FUN_2
136131,19374,FUN_2,FUN_1
136136,26258,FUN_3,FUN_2
136137,16974,FUN_3,FUN_4
136145,29848,FUN_5,FUN_4
136146,23974,FUN_2,FUN_1
136164,26169,FUN_2,FUN_3
136184,10901,FUN_5,FUN_6
136184,29191,FUN_3,FUN_2
136189,15700,RET,CUBE_L
136195,19092,FUN_2,FUN_1
136207,29201,FUN_6,FUN_5
136212,14635,FUN_4,FUN_5
136247,28507,FUN_2,FUN_1
136260,17216,CUBE_L,RET
136282,12348,FUN_3,FUN_2
136290,7411,CUBE_R,FUN_6
136292,13599,FUN_3,FUN_2
136308,19860,FUN_2,FUN_3
136318,27719,FUN_3,FUN_4
136337,8675,CUBE_L,FUN_1
136342,27719,FUN_4,FUN_3
136346,26032,CUBE_R,RET
136359,26897,FUN_2,FUN_1
136369,661,CUBE_L,RET
136372,17320,FUN_3,FUN_4
136380,3158,FUN_1,FUN_2
136383,9840,FUN_4,FUN_3
136387,15729,FUN_2,FUN_1
136433,2518,FUN_1,FUN_2
136433,3369,FUN_3,FUN_4
136446,2039,FUN_2,FUN_3
136448,7411,FUN_6,CUBE_R
136477,9645,FUN_1,FUN_2
136481,21407,FUN_3,FUN_4
136494,18972,FUN_5,FUN_4
136505,7411,CUBE_R,FUN_6
136506,29848,FUN_4,FUN_5
136508,503,FUN_1,FUN_2
136516,7955,FUN_3,FUN_2
136519,3880,FUN_3,FUN_2
136527,8791,CUBE_R,RET
136529,2567,FUN_1,FUN_2
136552,18212,FUN_2,FUN_3
136565,4343,RET,CUBE_R
136567,5821,RET,CUBE_R
136581,25488,FUN_3,FUN_2
136583,27108,FUN_5,FUN_6
136592,19860,FUN_3,FUN_2
136605,7411,FUN_6,CUBE_R
136645,26258,FUN_2,FUN_3
136679,273,FUN_6,CUBE_R
136681,19199,CUBE_L,RET
136682,9939,RET,CUBE_L
136687,24418,FUN_2,FUN_1
136692,8380,FUN_3,FUN_2
136696,3050,FUN_3,FUN_2
136700,13143,FUN_4,FUN_3
136701,8315,FUN_2,FUN_1
136711,22912,FUN_2,FUN_1
136714,20415,FUN_2,FUN_1
136730,29731,FUN_1,FUN_2
136731,19860,FUN_2,FUN_3
136734,9208,FUN_3,FUN_2
136745,22312,FUN_2,FUN_1
136757,17078,FUN_1,FUN_2
136763,26930,FUN_4,FUN_3
136765,27900,FUN_1,FUN_2
136771,11373,FUN_3,FUN_2
136771,25157,FUN_6,FUN_5
136777,11891,FUN_5,FUN_6
136783,29191,FUN_2,FUN_3
136789,9713,CUBE_L,RET
136794,12791,FUN_2,FUN_1
136795,1280,RET,CUBE_L
136795,26858,FUN_3,FUN_2
136800,22248,FUN_3,FUN_4
136809,25416,FUN_2,FUN_1
136830,18931,FUN_1,CUBE_L
136868,12553,FUN_3,FUN_2
136878,8434,FUN_2,FUN_3
136884,26952,RET,CUBE_R
136904,15620,FUN_3,FUN_4
136912,9533,FUN_4,FUN_3
136914,2466,FUN_2,FUN_3
136923,11373,FUN_2,FUN_3
136940,11206,FUN_4,FUN_3
136941,25157,FUN_5,FUN_6
136958,21426,FUN_3,FUN_2
136963,8864,FUN_4,FUN_3
136973,1699,FUN_1,FUN_2
136985,2257,FUN_1,CUBE_L
136987,4599,CUBE_L,RET
136994,24653,FUN_4,FUN_5
137007,24583,FUN_4,FUN_5
137009,5186,FUN_3,FUN_2
137033,2440,CUBE_L,RET
137049,29956,FUN_4,FUN_3
137058,4349,CUBE_R,FUN_6
137058,21341,RET,CUBE_R
137085,26169,FUN_3,FUN_2
137092,17216,RET,CUBE_L
137109,26952,CUBE_R,RET
137126,19860,FUN_3,FUN_2
137128,193,FUN_3,FUN_4
137133,20600,CUBE_L,FUN_1
137134,1647,CUBE_R,FUN_6
137141,7619,FUN_2,FUN_1
137147,9453,FUN_3,FUN_2
137175,11774,FUN_5,FUN_4
137175,29050,FUN_6,FUN_5
137182,13736,FUN_3,FUN_2
137184,26952,RET,CUBE_R
137196,18517,FUN_4,FUN_3
137199,16469,RET,CUBE_R
137215,3050,FUN_2,FUN_3
137226,5821,CUBE_R,RET
137254,25037,FUN_3,FUN_2
137269,10223,FUN_3,FUN_4
137282,12636,FUN_5,FUN_4
137288,7955,FUN_2,FUN_3
137293,24719,CUBE_L,RET
137294,29731,FUN_2,FUN_1
137303,3480,FUN_1,FUN_2
137304,16650,FUN_3,FUN_2
137311,18063,FUN_2,FUN_1
137334,12408,FUN_3,FUN_2
137344,3158,FUN_2,FUN_1
137352,16708,CUBE_R,FUN_6
137362,19092,FUN_1,FUN_2
137364,23974,FUN_1,FUN_2
137365,11040,CUBE_L,RET
137371,15620,FUN_4,FUN_3
137379,21341,CUBE_R,RET
137403,6760,FUN_2,FUN_1
137407,2433,FUN_3,FUN_2
137415,7499,FUN_3,FUN_2
137429,4624,FUN_6,CUBE_R
137433,15729,FUN_1,FUN_2
137438,29191,FUN_3,FUN_2
137441,3158,FUN_1,FUN_2
137441,7387,FUN_3,FUN_2
137443,884,FUN_1,FUN_2
137443,10914,FUN_2,FUN_3
137464,20658,FUN_3,FUN_4
137474,24877,CUBE_L,RET
137480,26032,RET,CUBE_R
137491,5821,RET,CUBE_R
137496,117,FUN_3,FUN_4
137503,25416,FUN_1,FUN_2
137513,12553,FUN_2,FUN_3
137544,19374,FUN_1,FUN_2
137545,18965,FUN_3,FUN_2
137556,19769,FUN_5,FUN_6
137563,15729,FUN_2,FUN_1
137574,28688,RET,CUBE_R
137575,18553,FUN_6,CUBE_R
137590,21130,FUN_2,FUN_1
137611,9705,FUN_1,CUBE_L
137615,21889,FUN_3,FUN_4
137623,28266,FUN_3,FUN_2
137624,813,FUN_1,FUN_2
137631,26306,RET,CUBE_L
137655,24042,FUN_4,FUN_3
137667,27599,FUN_6,CUBE_R
137674,1699,FUN_2,FUN_1
137674,20445,FUN_1,FUN_2
137685,4614,FUN_2,FUN_3
137687,9919,FUN_1,FUN_2
137700,29731,FUN_1,FUN_2
137716,966,CUBE_R,RET
137725,16193,FUN_3,FUN_4
137739,27682,FUN_3,FUN_2
137767,24719,RET,CUBE_L
137771,19037,FUN_6,CUBE_R
137771,27164,FUN_3,FUN_2
137784,24487,RET,CUBE_L
137785,13567,FUN_5,FUN_6
137794,13827,FUN_3,FUN_4
137805,13450,FUN_2,FUN_1
137811,26032,CUBE_R,RET
137821,11768,FUN_2,FUN_1
137825,6624,FUN_2,FUN_1
137858,18212,FUN_3,FUN_2
137858,20658,FUN_4,FUN_3
137866,6761,FUN_4,FUN_3
137881,6771,FUN_5,FUN_4
137897,1350,CUBE_R,FUN_6
137901,709,FUN_4,FUN_3
137914,24695,FUN_2,FUN_3
137922,23974,FUN_2,FUN_1
137933,1461,FUN_2,FUN_3
137942,26681,FUN_3,FUN_4
137947,20611,FUN_4,FUN_5
137952,14609,FUN_2,FUN_1
137952,28736,FUN_3,FUN_2
137960,15310,FUN_6,CUBE_R
137966,15729,FUN_1,FUN_2
137975,27868,CUBE_R,FUN_6
137979,4759,CUBE_L,RET
137997,19090,FUN_2,FUN_3
137997,29315,RET,CUBE_R
138011,23256,FUN_2,FUN_1
138015,18492,RET,CUBE_R
138026,7955,FUN_3,FUN_2
138037,21130,FUN_1,FUN_2
138072,27751,FUN_5,FUN_4
138081,1098,FUN_2,FUN_1
138098,26306,CUBE_L,RET
138100,24695,FUN_3,FUN_2
138103,11551,FUN_2,FUN_1
138106,11770,FUN_5,FUN_6
138109,29933,FUN_2,FUN_3
138112,10725,FUN_2,FUN_3
138116,3367,FUN_3,FUN_2
138128,3292,FUN_4,FUN_3
138134,22458,FUN_2,FUN_3
138135,23158,FUN_2,FUN_3
138138,23341,FUN_4,FUN_3
138138,25251,RET,CUBE_L
138159,13834,FUN_1,FUN_2
138173,28032,FUN_1,FUN_2
138179,27682,FUN_2,FUN_3
138187,21440,FUN_3,FUN_4
138188,29024,RET,CUBE_R
138207,29422,FUN_6,CUBE_R
138210,2211,FUN_2,FUN_1
138218,24583,FUN_5,FUN_4
138224,26964,FUN_6,FUN_5
138245,2066,FUN_5,FUN_6
138245,15460,FUN_1,FUN_2
138252,3084,CUBE_L,FUN_1
138259,22534,FUN_6,FUN_5
138292,7074,FUN_2,FUN_1
138314,24719,CUBE_L,RET
138319,29315,CUBE_R,RET
138322,20126,RET,CUBE_L
138330,24418,FUN_1,FUN_2
138344,16815,FUN_5,FUN_4
138348,12348,FUN_2,FUN_3
138353,27932,FUN_6,CUBE_R
138360,9611,FUN_5,FUN_4
138363,16763,FUN_1,FUN_2
138384,28048,CUBE_R,RET
138409,25251,CUBE_L,RET
138410,12071,FUN_2,FUN_3
138430,6204,FUN_3,FUN_4
138431,26857,CUBE_R,RET
138459,6718,FUN_1,CUBE_L
138460,21668,RET,CUBE_L
138468,29201,FUN_5,FUN_6
138469,13511,FUN_3,FUN_2
138489,3658,FUN_5,FUN_6
138500,2321,FUN_3,FUN_4
138501,21817,FUN_2,FUN_1
138508,20415,FUN_1,FUN_2
138509,12636,FUN_4,FUN_5
138512,24268,FUN_5,FUN_4
138523,24653,FUN_5,FUN_4
138530,21482,FUN_3,FUN_2
138532,9939,CUBE_L,RET
138534,1566,FUN_1,FUN_2
138544,3921,FUN_4,FUN_3
138558,25342,FUN_3,FUN_2
138563,2178,FUN_2,FUN_1
138566,19754,FUN_2,FUN_1
138574,5604,FUN_3,FUN_2
138581,28110,FUN_3,FUN_2
138582,12791,FUN_1,FUN_2
138586,3859,FUN_2,FUN_3
138598,5767,FUN_2,FUN_3
138600,9232,CUBE_R,FUN_6
138601,20126,CUBE_L,RET
138608,15480,FUN_5,FUN_4
138620,25157,FUN_6,FUN_5
138664,24487,CUBE_L,RET
138669,6760,FUN_1,FUN_2
138675,1625,FUN_1,FUN_2
138679,13513,FUN_3,FUN_2
138685,28736,FUN_2,FUN_3
138691,19133,FUN_3,FUN_2
138712,22598,FUN_3,FUN_2
138715,13394,FUN_6,CUBE_R
138715,15830,FUN_4,FUN_5
138719,10086,FUN_4,FUN_3
138738,26145,RET,CUBE_L
138753,21392,RET,CUBE_L
138770,11719,FUN_6,CUBE_R
138772,20415,FUN_2,FUN_1
138782,28867,RET,CUBE_L
138793,24695,FUN_2,FUN_3
138806,29933,FUN_3,FUN_2
138821,6696,FUN_2,FUN_3
138842,6037,FUN_4,FUN_5
138844,22345,FUN_5,FUN_4
138845,22312,FUN_1,FUN_2
138857,12408,FUN_2,FUN_3
138864,29422,CUBE_R,FUN_6
138920,1796,FUN_4,FUN_5
138921,26032,RET,CUBE_R
138931,19747,FUN_1,CUBE_L
138933,9602,FUN_3,FUN_4
138944,19358,FUN_3,FUN_4
138946,17740,FUN_1,FUN_2
138961,22816,FUN_2,FUN_3
139008,4376,RET,CUBE_L
139019,12071,FUN_3,FUN_2
139035,24945,FUN_2,FUN_3
139037,9915,FUN_4,FUN_3
139042,3618,FUN_5,FUN_4
139054,15118,FUN_3,FUN_2
139059,29408,FUN_5,FUN_6
139063,27692,CUBE_L,RET
139067,25872,FUN_3,FUN_2
139089,18410,CUBE_L,RET
139110,24290,FUN_2,FUN_1
139134,10824,FUN_4,FUN_5
139143,24949,FUN_2,FUN_1
139147,25691,FUN_3,FUN_2
139173,6246,FUN_3,FUN_2
139176,20149,RET,CUBE_R
139181,12062,FUN_6,FUN_5
139189,13827,FUN_4,FUN_3
139189,22346,CUBE_R,RET
139192,19376,RET,CUBE_L
139195,2261,FUN_5,FUN_4
139206,5139,FUN_5,FUN_4
139232,21753,FUN_2,FUN_1
139233,3921,FUN_3,FUN_4
139237,22797,FUN_2,FUN_1
139248,27470,CUBE_R,RET
139255,5135,FUN_3,FUN_2
139280,23596,FUN_2,FUN_1
139291,13196,FUN_4,FUN_3
139307,21933,FUN_6,FUN_5
139308,24649,CUBE_R,FUN_6
139322,5604,FUN_2,FUN_3
139324,3658,FUN_6,FUN_5
139327,21101,FUN_3,FUN_4
139351,20445,FUN_2,FUN_1
139358,8864,FUN_3,FUN_4
139361,20112,CUBE_R,FUN_6
139363,23596,FUN_1,FUN_2
139375,26185,FUN_1,FUN_2
139378,19092,FUN_2,FUN_1
139383,9390,FUN_2,FUN_1
139390,20415,FUN_1,FUN_2
139395,390,FUN_2,FUN_1
139395,13031,FUN_1,FUN_2
139400,13196,FUN_3,FUN_4
139402,17124,CUBE_R,FUN_6
139408,23751,CUBE_R,FUN_6
139411,22224,FUN_3,FUN_2
139417,6538,RET,CUBE_L
139441,3369,FUN_4,FUN_3
139444,13661,FUN_3,FUN_2
139460,10530,FUN_2,FUN_1
139477,21889,FUN_4,FUN_3
139478,7462,FUN_4,FUN_3
139503,7795,FUN_4,FUN_3
139503,28239,FUN_3,FUN_2
139521,6738,FUN_3,FUN_2
139529,24719,RET,CUBE_L
139530,9526,FUN_1,FUN_2
139535,12623,FUN_3,FUN_2
139560,26073,FUN_2,FUN_3
139584,25024,FUN_3,FUN_2
139589,6718,CUBE_L,FUN_1
139595,16241,FUN_3,FUN_4
139599,3921,FUN_4,FUN_3
139599,8350,FUN_3,FUN_2
139599,12352,CUBE_R,RET
139614,13196,FUN_4,FUN_3
139617,18212,FUN_2,FUN_3
139630,29024,CUBE_R,RET
139641,28015,FUN_3,FUN_2
139646,25251,RET,CUBE_L
139656,17474,FUN_3,FUN_2
139669,26605,FUN_5,FUN_4
139670,17222,FUN_2,FUN_1
139685,25251,CUBE_L,RET
139700,24487,RET,CUBE_L
139731,16723,FUN_3,FUN_4
139742,3087,CUBE_L,RET
139742,18749,FUN_4,FUN_3
139753,19559,FUN_1,CUBE_L
139757,12471,FUN_4,FUN_3
139767,28536,RET,CUBE_R
139779,16925,FUN_2,FUN_3
139801,6771,FUN_4,FUN_5
139812,696,CUBE_R,RET
139815,20087,FUN_3,FUN_4
139823,26569,CUBE_R,RET
139841,6246,FUN_2,FUN_3
139844,25157,FUN_5,FUN_6
139855,9390,FUN_1,FUN_2
139866,8114,FUN_1,CUBE_L
139874,28507,FUN_1,FUN_2
139878,2257,CUBE_L,FUN_1
139884,15027,FUN_1,FUN_2
139906,19747,CUBE_L,FUN_1
139909,25157,FUN_6,FUN_5
139912,25691,FUN_2,FUN_3
139924,17222,FUN_1,FUN_2
139928,17419,FUN_4,FUN_3
139950,1353,RET,CUBE_L
139956,6164,FUN_2,FUN_1
139969,20640,FUN_4,FUN_3
139981,4376,CUBE_L,RET
139992,17222,FUN_2,FUN_1
140007,1699,FUN_1,FUN_2
140011,7621,FUN_2,FUN_1
140011,13797,FUN_1,FUN_2
140021,27719,FUN_3,FUN_4
140025,6164,FUN_1,FUN_2
140044,26930,FUN_3,FUN_4
140045,25251,RET,CUBE_L
140046,8938,FUN_5,FUN_4
140049,26311,FUN_1,CUBE_L
140070,29024,RET,CUBE_R
140073,14027,FUN_6,CUBE_R
140076,13196,FUN_3,FUN_4
140081,10409,FUN_5,FUN_4
140083,29801,FUN_3,FUN_2
140089,2321,FUN_4,FUN_3
140096,17740,FUN_2,FUN_1
140101,16579,FUN_3,FUN_2
140105,19515,FUN_3,FUN_2
140114,16301,FUN_2,FUN_1
140123,18268,RET,CUBE_L
140135,28845,FUN_3,FUN_4
140144,27593,FUN_4,FUN_5
140149,23300,FUN_3,FUN_2
140198,8834,FUN_3,FUN_2
140223,14852,FUN_3,FUN_2
140232,12540,RET,CUBE_L
140238,1768,RET,CUBE_R
140250,20156,FUN_4,FUN_3
140257,29933,FUN_2,FUN_3
140272,20149,CUBE_R,RET
140290,26306,RET,CUBE_L
140298,14110,RET,CUBE_L
140303,29184,FUN_3,FUN_2
140307,19092,FUN_1,FUN_2
140308,27427,RET,CUBE_R
140314,26522,FUN_2,FUN_1
140318,10177,FUN_5,FUN_6
140326,19009,RET,CUBE_R
140333,6314,FUN_2,FUN_3
140360,13112,FUN_2,FUN_1
140362,13183,CUBE_R,RET
140364,21668,CUBE_L,RET
140365,3225,FUN_3,FUN_2
140381,18663,CUBE_L,RET
140394,7411,CUBE_R,FUN_6
140423,20415,FUN_2,FUN_1
140424,2257,FUN_1,CUBE_L
140440,3859,FUN_3,FUN_2
140441,27593,FUN_5,FUN_4
140452,3204,FUN_2,FUN_1
140462,56,CUBE_R,RET
140468,2257,CUBE_L,FUN_1
140473,19358,FUN_4,FUN_3
140479,27156,FUN_3,FUN_2
140486,11637,FUN_2,FUN_3
140488,18716,FUN_1,FUN_2
140488,21199,CUBE_R,FUN_6
140492,21341,RET,CUBE_R
140494,26543,FUN_1,FUN_2
140500,17222,FUN_1,FUN_2
140504,19334,FUN_2,FUN_3
140511,25514,CUBE_L,RET
140528,23850,FUN_2,FUN_1
140533,22935,FUN_4,FUN_3
140541,696,RET,CUBE_R
140542,24086,FUN_4,FUN_5
140546,13816,FUN_3,FUN_2
140549,8548,FUN_2,FUN_1
140553,11965,FUN_5,FUN_6
140558,4220,FUN_4,FUN_3
140561,24581,FUN_3,FUN_4
140578,18663,RET,CUBE_L
140580,22346,RET,CUBE_R
140588,24784,FUN_3,FUN_2
140595,17078,FUN_2,FUN_1
140604,24290,FUN_1,FUN_2
140610,27923,FUN_2,FUN_3
140612,19469,FUN_6,CUBE_R
140621,29251,FUN_2,FUN_3
140635,19769,FUN_6,FUN_5
140638,2211,FUN_1,FUN_2
140639,20445,FUN_1,FUN_2
140639,28174,FUN_3,FUN_2
140645,5256,CUBE_L,RET
140652,16974,FUN_4,FUN_3
140707,29731,FUN_2,FUN_1
140713,23751,FUN_6,CUBE_R
140728,15286,FUN_4,FUN_3
140736,7157,FUN_1,FUN_2
140740,19709,FUN_4,FUN_5
140748,28845,FUN_4,FUN_3
140757,7004,FUN_4,FUN_3
140758,26176,CUBE_L,FUN_1
140775,20149,RET,CUBE_R
140783,14635,FUN_5,FUN_4
140796,7499,FUN_2,FUN_3
140800,13196,FUN_4,FUN_3
140868,28845,FUN_3,FUN_4
140870,20662,RET,CUBE_L
140873,18774,CUBE_R,RET
140889,10557,FUN_3,FUN_2
140913,6624,FUN_1,FUN_2
140916,21199,FUN_6,CUBE_R
140921,28386,FUN_4,FUN_3
140926,6314,FUN_3,FUN_2
140931,7411,FUN_6,CUBE_R
140931,21461,FUN_4,FUN_5
140953,26073,FUN_3,FUN_2
140959,9809,FUN_4,FUN_5
140959,12608,FUN_2,FUN_3
140961,23256,FUN_1,FUN_2
140963,15431,FUN_2,FUN_1
140967,26748,FUN_2,FUN_3
140971,15223,FUN_3,FUN_4
140984,16076,FUN_6,CUBE_R
141003,22464,FUN_5,FUN_4
141007,13679,FUN_2,FUN_3
141016,22346,CUBE_R,RET
141035,23974,FUN_1,FUN_2
141039,24283,FUN_4,FUN_3
141042,1251,RET,CUBE_L
141061,28386,FUN_3,FUN_4
141062,12083,FUN_4,FUN_3
141070,23485,FUN_3,FUN_2
141072,24715,FUN_3,FUN_4
141073,10699,CUBE_L,RET
141082,28386,FUN_4,FUN_3
141107,10696,FUN_3,FUN_4
141157,2369,CUBE_L,RET
141186,536,CUBE_L,FUN_1
141186,1768,CUBE_R,RET
141196,3859,FUN_2,FUN_3
141202,28867,CUBE_L,RET
141214,7795,FUN_3,FUN_4
141233,25037,FUN_2,FUN_3
141235,19835,RET,CUBE_L
141251,8823,FUN_1,FUN_2
141254,1681,FUN_3,FUN_4
141258,22324,FUN_3,FUN_2
141266,22797,FUN_1,FUN_2
141271,18976,FUN_5,FUN_4
141285,29770,FUN_2,FUN_1
141310,27932,CUBE_R,FUN_6
141330,6538,CUBE_L,RET
141333,19487,FUN_3,FUN_2
141336,334,FUN_4,FUN_5
141353,12255,FUN_3,FUN_2
141363,16039,FUN_1,FUN_2
141370,28412,FUN_5,FUN_4
141373,9733,FUN_1,FUN_2
141388,3863,FUN_3,FUN_2
141388,19386,FUN_3,FUN_2
141409,23596,FUN_2,FUN_1
141431,10914,FUN_3,FUN_2
141461,4624,CUBE_R,FUN_6
141473,27578,CUBE_R,RET
141474,28707,FUN_6,FUN_5
141480,16173,FUN_2,FUN_1
141481,18931,CUBE_L,FUN_1
141489,22992,FUN_5,FUN_4
141505,17530,FUN_3,FUN_2
141517,27156,FUN_2,FUN_3
141523,12474,FUN_4,FUN_3
141530,23485,FUN_2,FUN_3
141538,12258,CUBE_R,RET
141544,9225,FUN_5,FUN_6
141548,9112,FUN_5,FUN_4
141552,7057,FUN_2,FUN_1
141552,7589,FUN_2,FUN_1
141553,6901,FUN_2,FUN_1
141561,27496,FUN_2,FUN_3
141570,8958,FUN_3,FUN_2
141573,27459,FUN_3,FUN_2
141574,1580,FUN_1,FUN_2
141583,8396,RET,CUBE_R
141593,26185,FUN_2,FUN_1
141601,29024,CUBE_R,RET
141611,21311,CUBE_R,RET
141621,21199,CUBE_R,FUN_6
141628,8350,FUN_2,FUN_3
141637,21407,FUN_4,FUN_3
141652,1197,FUN_4,FUN_3
141687,4425,FUN_3,FUN_2
141708,26145,CUBE_L,RET
141721,18767,CUBE_R,RET
141723,5333,FUN_3,FUN_2
141733,29380,FUN_2,FUN_3
141735,16594,FUN_2,FUN_1
141740,23593,FUN_2,FUN_3
141762,17740,FUN_1,FUN_2
141766,21341,CUBE_R,RET
141773,9430,FUN_3,FUN_2
141785,20868,FUN_3,FUN_4
141807,13661,FUN_2,FUN_3
141808,27692,RET,CUBE_L
141830,6624,FUN_2,FUN_1
141837,6314,FUN_2,FUN_3
141847,3432,FUN_1,CUBE_L
141867,3367,FUN_2,FUN_3
141873,21341,RET,CUBE_R
141883,10530,FUN_1,FUN_2
141888,18517,FUN_3,FUN_4
141899,27923,FUN_3,FUN_2
141903,23485,FUN_3,FUN_2
141913,1223,RET,CUBE_L
141916,23079,RET,CUBE_R
141925,3760,FUN_4,FUN_3
141927,27804,CUBE_R,FUN_6
141955,19553,FUN_4,FUN_5
141966,27493,FUN_2,FUN_1
141975,24487,CUBE_L,RET
142018,29184,FUN_2,FUN_3
142023,14609,FUN_1,FUN_2
142027,12578,FUN_5,FUN_6
142036,20415,FUN_1,FUN_2
142049,16469,CUBE_R,RET
142053,17168,RET,CUBE_L
142073,16763,FUN_2,FUN_1
142077,19281,CUBE_R,RET
142081,12071,FUN_2,FUN_3
142085,15156,FUN_6,CUBE_R
142114,16731,FUN_2,FUN_1
142115,3495,FUN_1,FUN_2
142117,15027,FUN_2,FUN_1
142133,12071,FUN_3,FUN_2
142173,26268,FUN_2,FUN_1
142180,29731,FUN_1,FUN_2
142183,1280,CUBE_L,RET
142204,12700,FUN_2,FUN_3
142206,1267,CUBE_R,FUN_6
142206,9939,RET,CUBE_L
142220,25251,CUBE_L,RET
142279,12989,FUN_6,CUBE_R
142286,3437,RET,CUBE_R
142299,29315,RET,CUBE_R
142308,21154,FUN_4,FUN_3
142311,26605,FUN_4,FUN_5
142315,26533,CUBE_L,FUN_1
142325,21440,FUN_4,FUN_3
142339,3225,FUN_2,FUN_3
142353,6901,FUN_1,FUN_2
142356,8834,FUN_2,FUN_3
142368,21662,FUN_3,FUN_2
142374,396,FUN_2,FUN_3
142380,26543,FUN_2,FUN_1
142383,1098,FUN_1,FUN_2
142389,19795,CUBE_R,FUN_6
142412,9345,CUBE_L,RET
142418,15579,CUBE_R,RET
142432,3760,FUN_3,FUN_4
142449,21199,FUN_6,CUBE_R
142494,10725,FUN_3,FUN_2
142495,9713,RET,CUBE_L
142498,13450,FUN_1,FUN_2
142502,29544,FUN_1,FUN_2
142514,7484,FUN_1,FUN_2
142529,15344,FUN_4,FUN_5
142544,29858,FUN_3,FUN_4
142556,3880,FUN_2,FUN_3
142560,9611,FUN_4,FUN_5
142562,20445,FUN_2,FUN_1
142571,5801,CUBE_R,FUN_6
142584,4220,FUN_3,FUN_4
142587,12422,CUBE_R,RET
142613,26414,FUN_6,FUN_5
142615,2321,FUN_3,FUN_4
142615,9345,RET,CUBE_L
142624,16586,FUN_1,FUN_2
142640,6487,FUN_3,FUN_2
142642,27804,FUN_6,CUBE_R
142647,17369,FUN_4,FUN_5
142654,2695,FUN_4,FUN_5
142658,12071,FUN_2,FUN_3
142661,28015,FUN_2,FUN_3
142685,24540,CUBE_R,FUN_6
142688,29544,FUN_2,FUN_1
142700,3437,CUBE_R,RET
142715,20662,CUBE_L,RET
142723,17168,CUBE_L,RET
142724,19281,RET,CUBE_R
142732,11500,FUN_2,FUN_1
142735,28867,RET,CUBE_L
142750,12471,FUN_3,FUN_4
142751,29380,FUN_3,FUN_2
142753,6901,FUN_2,FUN_1
142757,12989,CUBE_R,FUN_6
142759,4599,RET,CUBE_L
142760,2433,FUN_2,FUN_3
142784,8472,FUN_3,FUN_2
142798,29305,FUN_2,FUN_1
142818,6164,FUN_2,FUN_1
142824,26730,FUN_5,FUN_4
142825,13586,FUN_2,FUN_1
142829,29718,FUN_1,FUN_2
142837,27772,FUN_5,FUN_4
142840,12474,FUN_3,FUN_4
142848,13450,FUN_2,FUN_1
142852,19334,FUN_3,FUN_2
142856,3087,RET,CUBE_L
142874,1251,CUBE_L,RET
142877,15817,FUN_2,FUN_1
142879,15156,CUBE_R,FUN_6
142880,13450,FUN_1,FUN_2
142899,9908,CUBE_R,FUN_6
142909,13450,FUN_2,FUN_1
142912,16173,FUN_1,FUN_2
142913,21130,FUN_2,FUN_1
142917,26533,FUN_1,CUBE_L
142933,17790,FUN_5,FUN_6
142940,3921,FUN_3,FUN_4
142941,1580,FUN_2,FUN_1
142955,1969,FUN_6,CUBE_R
142973,4392,CUBE_R,RET
142989,23006,FUN_5,FUN_4
143010,27474,FUN_3,FUN_2
143015,10177,FUN_6,FUN_5
143016,12071,FUN_3,FUN_2
143018,7371,FUN_2,FUN_3
143018,23563,FUN_2,FUN_3
143020,6553,FUN_1,FUN_2
143035,20773,FUN_2,FUN_3
143047,27772,FUN_4,FUN_5
143053,26730,FUN_4,FUN_5
143083,26169,FUN_2,FUN_3
143102,13986,FUN_3,FUN_2
143123,6038,FUN_3,FUN_2
143128,16089,FUN_4,FUN_3
143147,12258,RET,CUBE_R
143160,21154,FUN_3,FUN_4
143160,22842,FUN_2,FUN_3
143181,21440,FUN_3,FUN_4
143183,26145,RET,CUBE_L
143205,24733,RET,CUBE_R
143209,9430,FUN_2,FUN_3
143250,4594,FUN_2,FUN_1
143256,884,FUN_2,FUN_1
143261,15460,FUN_2,FUN_1
143268,12856,FUN_2,FUN_1
143270,3302,FUN_4,FUN_3
143294,6901,FUN_1,FUN_2
143310,15156,FUN_6,CUBE_R
143312,28375,FUN_3,FUN_4
143316,3968,FUN_6,FUN_5
143318,11206,FUN_3,FUN_4
143321,22744,FUN_2,FUN_1
143322,29827,FUN_4,FUN_3
143323,27492,FUN_4,FUN_5
143326,14506,FUN_2,FUN_3
143327,2257,FUN_1,CUBE_L
143327,17802,FUN_3,FUN_2
143329,6059,FUN_3,FUN_4
143342,11164,FUN_4,FUN_3
143346,22524,RET,CUBE_L
143359,27156,FUN_3,FUN_2
143362,6487,FUN_2,FUN_3
143364,4932,CUBE_L,FUN_1
143374,21997,FUN_4,FUN_5
143398,21130,FUN_1,FUN_2
143407,13759,FUN_4,FUN_5
143415,20,CUBE_L,RET
143422,10419,FUN_2,FUN_3
143429,27474,FUN_2,FUN_3
143437,2129,RET,CUBE_R
143441,319,FUN_2,FUN_3
143462,8958,FUN_2,FUN_3
143468,14683,FUN_4,FUN_3
143475,9487,FUN_4,FUN_3
143484,26180,FUN_2,FUN_1
143495,3863,FUN_2,FUN_3
143497,15118,FUN_2,FUN_3
143500,7621,FUN_1,FUN_2
143515,18063,FUN_1,FUN_2
143516,18351,FUN_6,FUN_5
143520,20002,FUN_3,FUN_4
143531,29848,FUN_5,FUN_4
143552,4292,FUN_2,FUN_1
143559,9661,FUN_6,FUN_5
143560,3629,FUN_3,FUN_2
143566,26180,FUN_1,FUN_2
143571,8178,FUN_5,FUN_6
143607,23006,FUN_4,FUN_5
143612,9661,FUN_5,FUN_6
143617,10914,FUN_2,FUN_3
143629,20611,FUN_5,FUN_4
143638,8685,FUN_2,FUN_3
143642,9661,FUN_6,FUN_5
143647,29940,FUN_2,FUN_1
143658,5139,FUN_4,FUN_5
143661,19903,FUN_2,FUN_1
143666,22248,FUN_4,FUN_3
143673,5801,FUN_6,CUBE_R
143690,25251,RET,CUBE_L
143698,1580,FUN_1,FUN_2
143714,41,FUN_2,FUN_1
143718,9476,FUN_6,FUN_5
143719,12358,RET,CUBE_L
143732,29810,FUN_3,FUN_4
143735,28536,CUBE_R,RET
143741,29940,FUN_1,FUN_2
143748,7621,FUN_2,FUN_1
143786,23128,FUN_2,FUN_1
143805,17745,CUBE_R,RET
143809,3118,FUN_2,FUN_3
143811,14935,CUBE_R,FUN_6
143828,10956,FUN_5,FUN_6
143851,15027,FUN_1,FUN_2
143861,27588,RET,CUBE_R
143877,14635,FUN_4,FUN_5
143879,9260,FUN_4,FUN_5
143894,8396,CUBE_R,RET
143903,10687,FUN_5,FUN_6
143907,23236,FUN_3,FUN_4
143916,24051,FUN_2,FUN_1
143929,6038,FUN_2,FUN_3
143930,9314,CUBE_L,FUN_1
143932,20112,FUN_6,CUBE_R
143933,8007,FUN_5,FUN_4
143949,20652,FUN_5,FUN_6
143964,3045,CUBE_R,FUN_6
143969,29191,FUN_2,FUN_3
143983,14976,FUN_1,CUBE_L
143984,28412,FUN_4,FUN_5
144000,18767,RET,CUBE_R
144022,28845,FUN_4,FUN_3
144046,13023,FUN_3,FUN_2
144050,22842,FUN_3,FUN_2
144088,9430,FUN_3,FUN_2
144097,2433,FUN_3,FUN_2
144098,17500,FUN_2,FUN_1
144127,12071,FUN_2,FUN_3
144134,2598,FUN_3,FUN_2
144141,24087,FUN_3,FUN_4
144144,4117,FUN_3,FUN_4
144193,3210,FUN_4,FUN_3
144198,27593,FUN_4,FUN_5
144222,6043,FUN_4,FUN_5
144245,4526,FUN_2,FUN_3
144252,28536,RET,CUBE_R
144259,11206,FUN_4,FUN_3
144274,6092,FUN_6,CUBE_R
144276,15431,FUN_1,FUN_2
144285,9174,FUN_3,FUN_2
144308,2369,RET,CUBE_L
144308,14920,FUN_2,FUN_1
144329,17530,FUN_2,FUN_3
144358,26492,CUBE_R,RET
144360,19924,FUN_3,FUN_2
144360,26569,RET,CUBE_R
144366,7621,FUN_1,FUN_2
144368,8798,FUN_1,FUN_2
144405,6761,FUN_3,FUN_4
144418,26414,FUN_5,FUN_6
144429,8765,FUN_2,FUN_3
144440,1085,FUN_4,FUN_3
144443,3634,FUN_1,FUN_2
144449,11637,FUN_3,FUN_2
144453,24481,FUN_3,FUN_2
144464,22312,FUN_2,FUN_1
144466,16721,FUN_4,FUN_5
144466,28356,RET,CUBE_L
144473,9752,RET,CUBE_L
144497,4564,CUBE_L,RET
144524,15620,FUN_3,FUN_4
144525,13986,FUN_2,FUN_3
144531,20413,FUN_1,FUN_2
144541,26349,FUN_1,FUN_2
144552,26605,FUN_5,FUN_4
144555,12569,FUN_5,FUN_6
144561,5862,FUN_3,FUN_2
144575,27578,RET,CUBE_R
144597,6093,FUN_3,FUN_2
144605,19698,FUN_2,FUN_1
144611,21135,FUN_2,FUN_3
144616,12608,FUN_3,FUN_2
144627,25488,FUN_2,FUN_3
144657,26522,FUN_1,FUN_2
144659,27164,FUN_2,FUN_3
144662,15027,FUN_2,FUN_1
144664,23129,FUN_2,FUN_1
144665,29191,FUN_3,FUN_2
144684,4932,FUN_1,CUBE_L
144706,23850,FUN_1,FUN_2
144709,13723,FUN_3,FUN_2
144711,27422,RET,CUBE_L
144716,3118,FUN_3,FUN_2
144732,2303,FUN_3,FUN_2
144737,9661,FUN_5,FUN_6
144738,6718,FUN_1,CUBE_L
144744,6624,FUN_1,FUN_2
144764,28845,FUN_3,FUN_4
144765,12213,FUN_1,FUN_2
144765,29269,FUN_2,FUN_3
144768,23341,FUN_3,FUN_4
144769,9733,FUN_2,FUN_1
144777,28174,FUN_2,FUN_3
144788,7868,RET,CUBE_L
144813,16586,FUN_2,FUN_1
144822,23236,FUN_4,FUN_3
144835,20262,FUN_5,FUN_4
144877,18212,FUN_3,FUN_2
144878,7387,FUN_2,FUN_3
144880,16731,FUN_1,FUN_2
144884,7956,FUN_4,FUN_3
144890,6596,CUBE_L,RET
144913,26090,FUN_2,FUN_3
144915,24784,FUN_2,FUN_3
144919,12471,FUN_4,FUN_3
144965,390,FUN_1,FUN_2
144979,15557,FUN_4,FUN_3
144982,12062,FUN_5,FUN_6
144985,20033,FUN_2,FUN_1
144988,13708,FUN_3,FUN_4
144993,11319,FUN_3,FUN_4
144998,23596,FUN_1,FUN_2
145045,8548,FUN_1,FUN_2
145052,1769,FUN_4,FUN_3
145065,13511,FUN_2,FUN_3
145065,27492,FUN_5,FUN_4
145066,1699,FUN_2,FUN_1
145073,24333,RET,CUBE_R
145079,17369,FUN_5,FUN_4
145088,6691,FUN_2,FUN_1
145088,21396,RET,CUBE_R
145089,15635,FUN_3,FUN_2
145110,9784,CUBE_L,RET
145118,28536,CUBE_R,RET
145124,19650,FUN_6,FUN_5
145137,23341,FUN_4,FUN_3
145149,12673,CUBE_R,FUN_6
145161,21409,FUN_2,FUN_1
145163,5661,FUN_2,FUN_3
145171,16173,FUN_2,FUN_1
145174,26730,FUN_5,FUN_4
145181,24345,FUN_2,FUN_1
145202,7779,FUN_3,FUN_2
145222,16932,FUN_4,FUN_5
145230,15118,FUN_3,FUN_2
145230,22312,FUN_1,FUN_2
145244,16721,FUN_5,FUN_4
145254,24945,FUN_3,FUN_2
145266,13733,FUN_2,FUN_3
145294,7525,FUN_1,FUN_2
145300,6314,FUN_3,FUN_2
145300,22178,CUBE_R,RET
145326,25754,FUN_4,FUN_3
145336,22992,FUN_4,FUN_5
145337,16173,FUN_1,FUN_2
145339,15834,CUBE_R,RET
145348,8078,FUN_3,FUN_2
145351,13958,FUN_2,FUN_3
145353,11164,FUN_3,FUN_4
145357,12484,CUBE_R,RET
145377,4799,FUN_6,FUN_5
145382,29144,FUN_2,FUN_1
145389,26730,FUN_4,FUN_5
145439,41,FUN_1,FUN_2
145441,9399,FUN_3,FUN_2
145448,4799,FUN_5,FUN_6
145456,15993,FUN_3,FUN_2
145458,4970,FUN_2,FUN_1
145459,21889,FUN_3,FUN_4
145461,12255,FUN_2,FUN_3
145476,25514,RET,CUBE_L
145480,10725,FUN_2,FUN_3
145521,23587,FUN_2,FUN_1
145522,2066,FUN_6,FUN_5
145527,15480,FUN_4,FUN_5
145530,4564,RET,CUBE_L
145554,14920,FUN_1,FUN_2
145558,28394,FUN_4,FUN_3
145559,13733,FUN_3,FUN_2
145593,3618,FUN_4,FUN_5
145603,9390,FUN_2,FUN_1
145606,8588,RET,CUBE_L
145611,11551,FUN_1,FUN_2
145614,14938,FUN_3,FUN_2
145615,15620,FUN_4,FUN_3
145624,20797,CUBE_L,RET
145626,26522,FUN_2,FUN_1
145647,28650,FUN_4,FUN_3
145648,12608,FUN_2,FUN_3
145661,19553,FUN_5,FUN_4
145683,27607,FUN_3,FUN_4
145693,9611,FUN_5,FUN_4
145700,2676,FUN_6,FUN_5
145703,22248,FUN_3,FUN_4
145717,15620,FUN_3,FUN_4
145730,29191,FUN_2,FUN_3
145744,17167,FUN_2,FUN_3
145749,10245,FUN_2,FUN_1
145750,2722,FUN_1,FUN_2
145774,6171,FUN_3,FUN_4
145782,13834,FUN_2,FUN_1
145793,6252,FUN_1,CUBE_L
145794,1566,FUN_2,FUN_1
145798,23633,FUN_2,FUN_1
145815,23236,FUN_3,FUN_4
145824,1681,FUN_4,FUN_3
145838,26569,CUBE_R,RET
145881,11251,FUN_3,FUN_4
145889,7462,FUN_3,FUN_4
145920,5604,FUN_3,FUN_2
145927,7406,FUN_3,FUN_2
145936,24051,FUN_1,FUN_2
145956,5740,FUN_6,FUN_5
145956,29858,FUN_4,FUN_3
145970,20628,RET,CUBE_R
145976,23341,FUN_3,FUN_4
145990,15620,FUN_4,FUN_3
145995,8765,FUN_3,FUN_2
146024,6514,CUBE_L,RET
146026,3619,FUN_1,CUBE_L
146031,18929,FUN_2,FUN_1
146042,29731,FUN_2,FUN_1
146049,5862,FUN_2,FUN_3
146062,3084,FUN_1,CUBE_L
146066,1393,FUN_2,FUN_1
146091,26169,FUN_3,FUN_2
146115,20148,FUN_1,FUN_2
146128,241,RET,CUBE_R
146129,4299,FUN_3,FUN_4
146137,8378,FUN_5,FUN_4
146144,18936,CUBE_R,RET
146149,10012,FUN_3,FUN_2
146152,10449,CUBE_R,FUN_6
146156,13816,FUN_2,FUN_3
146160,8313,FUN_5,FUN_4
146162,27086,FUN_4,FUN_5
146179,2433,FUN_2,FUN_3
146197,1251,RET,CUBE_L
146204,24105,CUBE_L,RET
146219,21528,FUN_4,FUN_3
146227,13530,FUN_3,FUN_4
146242,20628,CUBE_R,RET
146254,1769,FUN_3,FUN_4
146274,8078,FUN_2,FUN_3
146277,19133,FUN_2,FUN_3
146283,25024,FUN_2,FUN_3
146304,12071,FUN_3,FUN_2
146312,20628,RET,CUBE_R
146317,28015,FUN_3,FUN_2
146325,11319,FUN_4,FUN_3
146345,12255,FUN_3,FUN_2
146350,6071,FUN_3,FUN_2
146353,18965,FUN_2,FUN_3
146360,13759,FUN_5,FUN_4
146367,27470,RET,CUBE_R
146374,19133,FUN_3,FUN_2
146387,11891,FUN_6,FUN_5
146392,18767,CUBE_R,RET
146393,9453,FUN_2,FUN_3
146402,9908,FUN_6,CUBE_R
146403,14852,FUN_2,FUN_3
146404,6514,RET,CUBE_L
146411,16586,FUN_1,FUN_2
146419,10627,FUN_3,FUN_4
146420,3556,FUN_2,FUN_1
146424,15122,FUN_3,FUN_4
146437,29144,FUN_1,FUN_2
146450,18302,FUN_3,FUN_2
146450,19473,FUN_4,FUN_3
146458,20107,CUBE_R,FUN_6
146470,26543,FUN_1,FUN_2
146474,4564,CUBE_L,RET
146478,6093,FUN_2,FUN_3
146480,16140,FUN_1,FUN_2
146482,25797,FUN_2,FUN_1
146501,10245,FUN_1,FUN_2
146523,8798,FUN_2,FUN_1
146526,21135,FUN_3,FUN_2
146538,8007,FUN_4,FUN_5
146541,11206,FUN_3,FUN_4
146545,20628,CUBE_R,RET
146547,26522,FUN_1,FUN_2
146548,19024,FUN_2,FUN_3
146557,22747,CUBE_L,FUN_1
146559,3629,FUN_2,FUN_3
146586,23587,FUN_1,FUN_2
146590,10956,FUN_6,FUN_5
146591,22573,FUN_3,FUN_4
146608,16708,FUN_6,CUBE_R
146613,24268,FUN_4,FUN_5
146622,14947,FUN_4,FUN_3
146637,24945,FUN_2,FUN_3
146644,7462,FUN_4,FUN_3
146647,28266,FUN_2,FUN_3
146672,12105,FUN_2,FUN_3
146673,2722,FUN_2,FUN_1
146680,27422,CUBE_L,RET
146683,16888,FUN_1,FUN_2
146718,536,FUN_1,CUBE_L
146718,24269,FUN_1,FUN_2
146720,19795,FUN_6,CUBE_R
146726,26276,CUBE_L,RET
146730,9752,CUBE_L,RET
146745,6300,FUN_2,FUN_1
146746,4030,FUN_5,FUN_6
146756,14393,FUN_3,FUN_2
146776,5245,CUBE_L,RET
146791,23593,FUN_3,FUN_2
146801,1027,RET,CUBE_R
146815,15620,FUN_3,FUN_4
146821,24333,CUBE_R,RET
146834,13733,FUN_2,FUN_3
146838,3893,FUN_3,FUN_2
146838,10085,FUN_2,FUN_3
146840,12358,CUBE_L,RET
146844,3204,FUN_1,FUN_2
146851,12549,RET,CUBE_R
146858,24733,CUBE_R,RET
146864,661,RET,CUBE_L
146867,13023,FUN_2,FUN_3
146875,3320,FUN_4,FUN_5
146875,17173,FUN_4,FUN_3
146876,23566,CUBE_L,FUN_1
146880,9784,RET,CUBE_L
146888,12791,FUN_2,FUN_1
146897,17369,FUN_4,FUN_5
146905,24345,FUN_1,FUN_2
146906,8798,FUN_1,FUN_2
146907,20039,FUN_2,FUN_1
146914,18774,RET,CUBE_R
146919,29527,FUN_4,FUN_3
146924,29144,FUN_2,FUN_1
146933,4299,FUN_4,FUN_3
146943,20829,FUN_3,FUN_2
146948,931,FUN_1,CUBE_L
146969,15620,FUN_4,FUN_3
146976,13530,FUN_4,FUN_3
146977,2129,CUBE_R,RET
146986,24333,RET,CUBE_R
147004,19796,FUN_2,FUN_1
147009,2722,FUN_1,FUN_2
147009,23631,FUN_2,FUN_1
147024,15620,FUN_3,FUN_4
147053,6514,CUBE_L,RET
147057,23345,CUBE_L,RET
147069,13112,FUN_1,FUN_2
147082,709,FUN_3,FUN_4
147099,1,CUBE_R,FUN_6
147101,26169,FUN_2,FUN_3
147105,17223,FUN_3,FUN_4
147138,29943,FUN_2,FUN_1
147150,6252,CUBE_L,FUN_1
147156,1769,FUN_4,FUN_3
147156,7004,FUN_3,FUN_4
147157,7779,FUN_2,FUN_3
147162,29546,FUN_4,FUN_5
147177,26239,FUN_6,FUN_5
147183,23485,FUN_2,FUN_3
147185,23850,FUN_2,FUN_1
147187,29144,FUN_1,FUN_2
147195,29380,FUN_2,FUN_3
147203,773,FUN_5,FUN_6
147210,11366,FUN_2,FUN_1
147212,15834,RET,CUBE_R
147214,2129,RET,CUBE_R
147216,10725,FUN_3,FUN_2
147263,9260,FUN_5,FUN_4
147274,21502,FUN_3,FUN_2
147280,26730,FUN_5,FUN_4
147285,21817,FUN_1,FUN_2
147287,1970,FUN_6,CUBE_R
147289,18931,FUN_1,CUBE_L
147292,28536,RET,CUBE_R
147294,3844,FUN_3,FUN_2
147294,28982,CUBE_R,RET
147305,13031,FUN_2,FUN_1
147310,5715,FUN_3,FUN_2
147312,18156,CUBE_L,FUN_1
147330,13708,FUN_4,FUN_3
147341,24945,FUN_3,FUN_2
147371,10453,FUN_3,FUN_2
147372,7322,FUN_1,CUBE_L
147375,7589,FUN_1,FUN_2
147387,18212,FUN_2,FUN_3
147397,4735,CUBE_R,FUN_6
147406,10901,FUN_6,FUN_5
147406,23587,FUN_2,FUN_1
147413,14771,FUN_5,FUN_4
147432,3320,FUN_5,FUN_4
147435,13567,FUN_6,FUN_5
147440,28656,FUN_2,FUN_1
147441,2396,FUN_4,FUN_3
147447,7524,FUN_6,CUBE_R
147453,9476,FUN_5,FUN_6
147455,26311,CUBE_L,FUN_1
147461,1897,RET,CUBE_L
147464,4561,FUN_3,FUN_4
147467,27492,FUN_4,FUN_5
147470,20829,FUN_2,FUN_3
147471,9840,FUN_3,FUN_4
147485,390,FUN_2,FUN_1
147500,12856,FUN_1,FUN_2
147506,6252,FUN_1,CUBE_L
147506,22747,FUN_1,CUBE_L
147515,24142,CUBE_R,FUN_6
147520,11965,FUN_6,FUN_5
147532,20156,FUN_3,FUN_4
147535,27156,FUN_2,FUN_3
147536,24354,FUN_5,FUN_4
147552,21440,FUN_4,FUN_3
147552,29546,FUN_5,FUN_4
147568,4564,RET,CUBE_L
147584,12791,FUN_1,FUN_2
147596,9321,FUN_3,FUN_2
147600,5715,FUN_2,FUN_3
147608,22747,CUBE_L,FUN_1
147639,26085,FUN_3,FUN_2
147642,28919,FUN_1,FUN_2
147650,10557,FUN_2,FUN_3
147676,22498,CUBE_L,RET
147690,534,FUN_2,FUN_1
147704,28375,FUN_4,FUN_3
147726,11500,FUN_1,FUN_2
147735,1393,FUN_1,FUN_2
147752,26147,FUN_6,CUBE_R
147753,7462,FUN_3,FUN_4
147758,20107,FUN_6,CUBE_R
147759,26569,RET,CUBE_R
147774,24545,FUN_6,CUBE_R
147779,23006,FUN_5,FUN_4
147784,5715,FUN_3,FUN_2
147795,13253,FUN_2,FUN_1
147799,22040,FUN_1,FUN_2
147822,13196,FUN_3,FUN_4
147829,15579,RET,CUBE_R
147840,7891,FUN_3,FUN_2
147844,10532,FUN_2,FUN_3
147846,14393,FUN_2,FUN_3
147856,21135,FUN_2,FUN_3
147882,5135,FUN_2,FUN_3
147883,8693,FUN_1,FUN_2
147901,8741,FUN_6,CUBE_R
147917,3634,FUN_2,FUN_1
147921,24345,FUN_2,FUN_1
147946,24251,FUN_3,FUN_4
147958,14303,CUBE_R,FUN_6
147981,21708,RET,CUBE_L
147991,20087,FUN_4,FUN_3
148017,27493,FUN_1,FUN_2
148028,19796,FUN_1,FUN_2
148039,18997,CUBE_R,FUN_6
148055,23587,FUN_1,FUN_2
148061,12358,RET,CUBE_L
148090,16208,FUN_4,FUN_3
148090,20645,FUN_2,FUN_1
148091,4839,FUN_3,FUN_4
148100,1423,FUN_1,FUN_2
148109,10449,FUN_6,CUBE_R
148110,28015,FUN_2,FUN_3
148120,4349,FUN_6,CUBE_R
148120,4673,FUN_1,FUN_2
148124,1580,FUN_2,FUN_1
148124,29731,FUN_1,FUN_2
148127,920,FUN_2,FUN_3
148140,2433,FUN_3,FUN_2
148140,28656,FUN_1,FUN_2
148145,20107,CUBE_R,FUN_6
148157,461,FUN_3,FUN_2
148169,27593,FUN_5,FUN_4
148181,5590,FUN_3,FUN_4
148183,4292,FUN_1,FUN_2
148194,24345,FUN_1,FUN_2
148210,6538,RET,CUBE_L
148233,22524,CUBE_L,RET
148236,13196,FUN_4,FUN_3
148239,15118,FUN_2,FUN_3
148248,11284,CUBE_R,RET
148257,19024,FUN_3,FUN_2
148306,29440,FUN_6,FUN_5
148308,26970,FUN_2,FUN_1
148326,15834,CUBE_R,RET
148342,15700,CUBE_L,RET
148349,28919,FUN_2,FUN_1
148369,21135,FUN_3,FUN_2
148373,6037,FUN_5,FUN_4
148374,18437,FUN_4,FUN_3
148384,1461,FUN_3,FUN_2
148416,5715,FUN_2,FUN_3
148426,3921,FUN_4,FUN_3
148441,21053,FUN_3,FUN_2
148444,4839,FUN_4,FUN_3
148458,27156,FUN_3,FUN_2
148465,4496,FUN_3,FUN_2
148470,28015,FUN_3,FUN_2
148471,2,FUN_5,FUN_6
148479,13586,FUN_1,FUN_2
148482,56,RET,CUBE_R
148482,28375,FUN_3,FUN_4
148490,15620,FUN_4,FUN_3
148515,22747,FUN_1,CUBE_L
148531,5767,FUN_3,FUN_2
148539,11164,FUN_4,FUN_3
148545,7411,CUBE_R,FUN_6
148549,19698,FUN_1,FUN_2
148552,138,CUBE_L,RET
148554,22178,RET,CUBE_R
148564,22458,FUN_3,FUN_2
148584,24374,FUN_6,CUBE_R
148615,4799,FUN_6,FUN_5
148626,21753,FUN_1,FUN_2
148644,534,FUN_1,FUN_2
148663,17258,FUN_2,FUN_1
148663,22040,FUN_2,FUN_1
148677,21997,FUN_5,FUN_4
148686,27860,CUBE_L,RET
148688,6718,CUBE_L,FUN_1
148702,17803,FUN_3,FUN_4
148708,26311,FUN_1,CUBE_L
148714,7742,CUBE_L,FUN_1
148728,29139,FUN_6,FUN_5
148734,22964,CUBE_R,RET
148736,6718,FUN_1,CUBE_L
148736,7074,FUN_1,FUN_2
148738,5186,FUN_2,FUN_3
148757,2369,CUBE_L,RET
148778,9174,FUN_2,FUN_3
148789,6538,CUBE_L,RET
148793,28919,FUN_1,FUN_2
148799,4673,FUN_2,FUN_1
148807,20262,FUN_4,FUN_5
148814,5767,FUN_2,FUN_3
148823,28767,FUN_2,FUN_1
148825,21502,FUN_2,FUN_3
148828,23868,FUN_2,FUN_3
148838,21105,FUN_4,FUN_5
148841,24955,FUN_3,FUN_2
148869,1393,FUN_2,FUN_1
148869,2980,CUBE_L,RET
148881,20652,FUN_6,FUN_5
148930,26085,FUN_2,FUN_3
148935,22217,FUN_2,FUN_3
148937,5715,FUN_3,FUN_2
148959,20645,FUN_1,FUN_2
148973,15460,FUN_1,FUN_2
148981,9969,CUBE_R,RET
148999,17474,FUN_2,FUN_3
149014,25522,CUBE_R,RET
149023,12071,FUN_2,FUN_3
149041,26970,FUN_1,FUN_2
149056,7406,FUN_2,FUN_3
149064,28015,FUN_2,FUN_3
149076,29731,FUN_2,FUN_1
149081,5264,FUN_1,CUBE_L
149098,15959,CUBE_R,RET
149100,56,CUBE_R,RET
149105,3140,FUN_5,FUN_4
149109,20107,FUN_6,CUBE_R
149121,16809,FUN_2,FUN_1
149150,16256,CUBE_R,RET
149180,7074,FUN_2,FUN_1
149180,22040,FUN_1,FUN_2
149205,12422,RET,CUBE_R
149212,23631,FUN_1,FUN_2
149214,15210,CUBE_R,FUN_6
149215,23631,FUN_2,FUN_1
149230,20645,FUN_2,FUN_1
149233,28650,FUN_3,FUN_4
149234,13253,FUN_1,FUN_2
149259,15993,FUN_2,FUN_3
149266,2722,FUN_2,FUN_1
149268,21874,RET,CUBE_R
149281,21389,FUN_6,CUBE_R
149287,21817,FUN_2,FUN_1
149289,8870,RET,CUBE_R
149300,27923,FUN_2,FUN_3
149305,4349,CUBE_R,FUN_6
149307,25292,FUN_3,FUN_2
149321,3868,FUN_4,FUN_3
149325,6718,CUBE_L,FUN_1
149333,1566,FUN_1,FUN_2
149345,9033,FUN_1,CUBE_L
149351,7790,FUN_2,FUN_1
149356,24087,FUN_4,FUN_3
149357,2211,FUN_2,FUN_1
149373,24035,CUBE_L,RET
149378,13432,FUN_3,FUN_2
149386,26533,CUBE_L,FUN_1
149413,17078,FUN_1,FUN_2
149415,7891,FUN_2,FUN_3
149425,20562,CUBE_R,RET
149435,25928,FUN_3,FUN_2
149437,11637,FUN_2,FUN_3
149441,26747,FUN_3,FUN_2
149464,4526,FUN_3,FUN_2
149465,27176,FUN_6,FUN_5
149466,26085,FUN_3,FUN_2
149468,14477,CUBE_L,RET
149473,56,RET,CUBE_R
149489,17240,FUN_3,FUN_4
149499,5942,FUN_3,FUN_2
149505,5942,FUN_2,FUN_3
149505,16579,FUN_2,FUN_3
149508,16648,FUN_6,CUBE_R
149511,5290,FUN_3,FUN_2
149511,7004,FUN_4,FUN_3
149515,19334,FUN_2,FUN_3
149517,22312,FUN_2,FUN_1
149532,23631,FUN_1,FUN_2
149548,22312,FUN_1,FUN_2
149558,20600,FUN_1,CUBE_L
149562,20628,RET,CUBE_R
149562,26858,FUN_2,FUN_1
149580,28982,RET,CUBE_R
149590,20562,RET,CUBE_R
149595,13986,FUN_3,FUN_2
149605,16256,RET,CUBE_R
149609,13530,FUN_3,FUN_4
149611,5222,CUBE_R,RET
149634,18398,FUN_3,FUN_4
149636,18310,FUN_2,FUN_3
149643,21074,FUN_5,FUN_6
149651,2008,FUN_2,FUN_1
149675,27156,FUN_2,FUN_3
149678,22816,FUN_3,FUN_2
149693,1587,FUN_2,FUN_3
149699,22217,FUN_3,FUN_2
149702,374,FUN_4,FUN_3
149704,25488,FUN_3,FUN_2
149713,15834,RET,CUBE_R
149720,8870,CUBE_R,RET
149722,12255,FUN_2,FUN_3
149730,14303,FUN_6,CUBE_R
149736,26085,FUN_2,FUN_3
149748,21135,FUN_2,FUN_3
149752,10532,FUN_3,FUN_2
149753,13708,FUN_3,FUN_4
149768,7742,FUN_1,CUBE_L
149771,22178,CUBE_R,RET
149801,23566,FUN_1,CUBE_L
149808,18130,FUN_6,CUBE_R
149812,14683,FUN_3,FUN_4
149820,26748,FUN_3,FUN_2
149833,16731,FUN_2,FUN_1
149835,16191,FUN_3,FUN_4
149835,22935,FUN_3,FUN_4
149837,24545,CUBE_R,FUN_6
149843,20230,FUN_4,FUN_5
149868,22346,RET,CUBE_R
149872,19144,FUN_4,FUN_3
149874,27980,FUN_1,FUN_2
149876,23739,FUN_3,FUN_2
149881,15390,RET,CUBE_R
149881,19024,FUN_2,FUN_3
149886,10735,FUN_3,FUN_2
149886,20645,FUN_1,FUN_2
149898,1587,FUN_3,FUN_2
149906,10217,FUN_3,FUN_2
149915,10718,FUN_1,FUN_2
149935,2369,RET,CUBE_L
149936,17258,FUN_1,FUN_2
149947,18965,FUN_3,FUN_2
149960,14027,CUBE_R,FUN_6
149965,23631,FUN_2,FUN_1
149992,24290,FUN_2,FUN_1
150007,13572,RET,CUBE_R
150026,1393,FUN_1,FUN_2
150031,27632,FUN_5,FUN_4
150041,26085,FUN_3,FUN_2
150047,29380,FUN_3,FUN_2
150056,19903,FUN_1,FUN_2
150064,28982,CUBE_R,RET
150066,13586,FUN_2,FUN_1
150066,23739,FUN_2,FUN_3
150070,18542,FUN_4,FUN_5
150073,2598,FUN_2,FUN_3
150087,17482,FUN_5,FUN_4
150093,15622,RET,CUBE_R
150098,8178,FUN_6,FUN_5
150100,2546,FUN_6,CUBE_R
150100,16594,FUN_1,FUN_2
150108,3583,FUN_2,FUN_1
150117,24269,FUN_2,FUN_1
150121,20967,FUN_2,FUN_1
150121,24051,FUN_2,FUN_1
150128,4030,FUN_6,FUN_5
150137,21074,FUN_6,FUN_5
150147,809,CUBE_L,FUN_1
150150,7004,FUN_3,FUN_4
150163,2129,CUBE_R,RET
150163,26543,FUN_2,FUN_1
150166,5185,FUN_4,FUN_3
150167,8759,CUBE_L,RET
150206,19390,FUN_3,FUN_2
150211,2924,FUN_2,FUN_3
150212,21647,FUN_6,CUBE_R
150217,23850,FUN_1,FUN_2
150218,20645,FUN_2,FUN_1
150218,28982,RET,CUBE_R
150220,16415,CUBE_R,RET
150230,21874,CUBE_R,RET
150251,14303,CUBE_R,FUN_6
150255,22964,RET,CUBE_R
150281,26748,FUN_2,FUN_3
150286,25053,FUN_3,FUN_4
150297,26032,CUBE_R,RET
150318,4800,FUN_3,FUN_2
150320,13312,FUN_3,FUN_4
150323,24520,CUBE_R,FUN_6
150331,29801,FUN_2,FUN_3
150333,12071,FUN_3,FUN_2
150339,3204,FUN_2,FUN_1
150346,14389,FUN_3,FUN_2
150359,2838,FUN_2,FUN_1
150364,15992,FUN_3,FUN_4
150370,9533,FUN_3,FUN_4
150377,8465,RET,CUBE_L
150387,1580,FUN_1,FUN_2
150397,26085,FUN_2,FUN_3
150418,19334,FUN_3,FUN_2
150420,5942,FUN_3,FUN_2
150429,9533,FUN_4,FUN_3
150443,56,CUBE_R,RET
150450,17474,FUN_3,FUN_2
150463,25053,FUN_4,FUN_3
150481,5767,FUN_3,FUN_2
150481,26748,FUN_3,FUN_2
150484,29718,FUN_2,FUN_1
150492,4299,FUN_3,FUN_4
150503,18312,RET,CUBE_L
150510,12856,FUN_2,FUN_1
150515,20040,FUN_1,FUN_2
150517,21154,FUN_4,FUN_3
150524,29184,FUN_3,FUN_2
150526,8465,CUBE_L,RET
150531,56,RET,CUBE_R
150537,7178,FUN_6,FUN_5
150543,13661,FUN_3,FUN_2
150554,4298,CUBE_R,FUN_6
150560,26297,FUN_3,FUN_2
150574,2467,FUN_5,FUN_6
150579,27316,FUN_2,FUN_1
150589,18160,CUBE_L,RET
150593,20413,FUN_2,FUN_1
150594,21829,FUN_3,FUN_2
150595,10449,CUBE_R,FUN_6
150600,725,RET,CUBE_R
150600,19390,FUN_2,FUN_3
150605,4159,FUN_1,FUN_2
150611,4649,FUN_1,CUBE_L
150641,28091,FUN_3,FUN_4
150654,22842,FUN_2,FUN_3
150656,29237,CUBE_R,RET
150657,24545,FUN_6,CUBE_R
150664,2178,FUN_1,FUN_2
150688,23739,FUN_3,FUN_2
150688,26085,FUN_3,FUN_2
150691,6555,FUN_4,FUN_5
150697,28259,CUBE_L,FUN_1
150700,4561,FUN_4,FUN_3
150705,21874,RET,CUBE_R
150708,12608,FUN_3,FUN_2
150743,21913,FUN_2,FUN_1
150748,56,CUBE_R,RET
150776,27632,FUN_4,FUN_5
150791,16708,CUBE_R,FUN_6
150797,10422,CUBE_R,FUN_6
150799,21997,FUN_4,FUN_5
150809,13491,FUN_3,FUN_2
150810,20262,FUN_5,FUN_4
150814,7956,FUN_3,FUN_4
150816,25348,CUBE_R,RET
150817,10153,FUN_4,FUN_3
150835,17078,FUN_2,FUN_1
150836,21874,CUBE_R,RET
150842,13127,FUN_3,FUN_2
150846,22964,CUBE_R,RET
150860,26747,FUN_2,FUN_3
150875,328,FUN_2,FUN_3
150893,25037,FUN_3,FUN_2
150899,19117,FUN_2,FUN_3
150910,27534,CUBE_L,FUN_1
150913,15480,FUN_5,FUN_4
150923,14532,FUN_2,FUN_3
150938,22217,FUN_2,FUN_3
150939,29002,CUBE_R,FUN_6
150940,328,FUN_3,FUN_2
150941,14506,FUN_3,FUN_2
150946,21874,RET,CUBE_R
150949,9533,FUN_3,FUN_4
150951,3437,RET,CUBE_R
150961,14635,FUN_5,FUN_4
150983,29923,FUN_2,FUN_1
150985,3619,CUBE_L,FUN_1
150985,15210,FUN_6,CUBE_R
150987,6043,FUN_5,FUN_4
150999,27156,FUN_3,FUN_2
151000,19698,FUN_2,FUN_1
151003,7791,FUN_1,FUN_2
151009,26483,FUN_3,FUN_4
151024,27156,FUN_2,FUN_3
151026,16415,RET,CUBE_R
151039,27156,FUN_3,FUN_2
151048,9602,FUN_4,FUN_3
151050,26858,FUN_1,FUN_2
151055,17803,FUN_4,FUN_3
151057,20377,FUN_5,FUN_4
151057,23646,FUN_2,FUN_1
151062,10532,FUN_2,FUN_3
151074,10488,FUN_3,FUN_2
151089,1696,FUN_6,CUBE_R
151100,2660,FUN_3,FUN_2
151111,18312,CUBE_L,RET
151114,23631,FUN_1,FUN_2
151116,10453,FUN_2,FUN_3
151128,15814,FUN_2,FUN_1
151134,24540,FUN_6,CUBE_R
151136,17435,FUN_6,FUN_5
151156,10085,FUN_3,FUN_2
151160,22197,FUN_3,FUN_2
151164,25928,FUN_2,FUN_3
151169,23751,CUBE_R,FUN_6
151177,601,CUBE_R,RET
151181,5677,FUN_4,FUN_3
151191,11788,RET,CUBE_L
151211,5604,FUN_2,FUN_3
151225,13491,FUN_2,FUN_3
151237,7004,FUN_4,FUN_3
151246,12370,FUN_3,FUN_2
151253,27868,FUN_6,CUBE_R
151255,17435,FUN_5,FUN_6
151266,17623,FUN_3,FUN_2
151267,13946,FUN_3,FUN_2
151291,4735,FUN_6,CUBE_R
151294,7205,CUBE_L,RET
151294,10735,FUN_2,FUN_3
151314,24105,RET,CUBE_L
151346,13530,FUN_4,FUN_3
151346,23751,FUN_6,CUBE_R
151348,16579,FUN_3,FUN_2
151353,5047,FUN_4,FUN_5
151353,17258,FUN_2,FUN_1
151399,4528,FUN_1,FUN_2
151408,26169,FUN_3,FUN_2
151419,24105,CUBE_L,RET
151421,15577,CUBE_L,FUN_1
151422,19698,FUN_1,FUN_2
151429,8313,FUN_4,FUN_5
151457,22498,RET,CUBE_L
151458,10422,FUN_6,CUBE_R
151476,20280,FUN_6,FUN_5
151479,23485,FUN_3,FUN_2
151488,21749,FUN_2,FUN_3
151492,10525,FUN_2,FUN_1
151497,15817,FUN_1,FUN_2
151517,10085,FUN_2,FUN_3
151563,4274,FUN_4,FUN_5
151565,29184,FUN_2,FUN_3
151570,7205,RET,CUBE_L
151573,29923,FUN_1,FUN_2
151590,9661,FUN_6,FUN_5
151597,5767,FUN_2,FUN_3
151606,10287,CUBE_R,FUN_6
151612,18398,FUN_4,FUN_3
151613,24152,FUN_4,FUN_5
151616,13759,FUN_4,FUN_5
151619,20662,RET,CUBE_L
151624,3885,CUBE_R,RET
151627,19024,FUN_3,FUN_2
151644,20262,FUN_4,FUN_5
151647,4349,FUN_6,CUBE_R
151648,4496,FUN_2,FUN_3
151653,28437,CUBE_R,RET
151656,23596,FUN_2,FUN_1
151660,21817,FUN_1,FUN_2
151672,8465,RET,CUBE_L
151687,24105,RET,CUBE_L
151702,18183,RET,CUBE_L
151714,13661,FUN_2,FUN_3
151719,24057,FUN_2,FUN_3
151723,11315,FUN_1,FUN_2
151733,15436,FUN_2,FUN_3
151737,10287,FUN_6,CUBE_R
151744,15175,CUBE_L,RET
151756,20377,FUN_4,FUN_5
151764,601,RET,CUBE_R
151772,9533,FUN_4,FUN_3
151781,14506,FUN_2,FUN_3
151783,25928,FUN_3,FUN_2
151794,17435,FUN_6,FUN_5
151801,21929,FUN_2,FUN_1
151853,21889,FUN_4,FUN_3
151857,16415,CUBE_R,RET
151870,8313,FUN_5,FUN_4
151870,9908,CUBE_R,FUN_6
151876,22197,FUN_2,FUN_3
151878,7326,FUN_1,FUN_2
151879,26492,RET,CUBE_R
151905,14717,FUN_3,FUN_2
151912,10449,FUN_6,CUBE_R
151930,22197,FUN_3,FUN_2
151935,916,CUBE_L,RET
151947,18716,FUN_2,FUN_1
151951,16708,FUN_6,CUBE_R
151960,16579,FUN_2,FUN_3
151969,26970,FUN_2,FUN_1
151974,27599,CUBE_R,FUN_6
151978,19144,FUN_3,FUN_4
151983,12569,FUN_6,FUN_5
151995,2178,FUN_2,FUN_1
151995,5884,FUN_1,CUBE_L
151999,2372,RET,CUBE_L
152006,1696,CUBE_R,FUN_6
152009,12623,FUN_2,FUN_1
152020,20262,FUN_5,FUN_4
152027,11788,CUBE_L,RET
152042,15122,FUN_4,FUN_3
152052,16594,FUN_2,FUN_1
152055,12836,FUN_2,FUN_1
152070,7876,RET,CUBE_L
152102,4299,FUN_4,FUN_3
152141,1897,CUBE_L,RET
152159,15814,FUN_1,FUN_2
152164,9216,FUN_2,FUN_1
152172,3369,FUN_3,FUN_4
152175,824,FUN_5,FUN_4
152203,25348,RET,CUBE_R
152205,2008,FUN_1,FUN_2
152208,11788,RET,CUBE_L
152219,24333,CUBE_R,RET
152254,28048,RET,CUBE_R
152255,28680,FUN_1,FUN_2
152303,22346,CUBE_R,RET
152333,2980,RET,CUBE_L
152343,2211,FUN_1,FUN_2
152343,11206,FUN_4,FUN_3
152357,13723,FUN_2,FUN_3
152362,1699,FUN_1,FUN_2
152367,15579,CUBE_R,RET
152369,4274,FUN_5,FUN_4
152390,23485,FUN_2,FUN_3
152392,29718,FUN_1,FUN_2
152397,14389,FUN_2,FUN_3
152397,15830,FUN_5,FUN_4
152417,1768,RET,CUBE_R
152419,26499,FUN_2,FUN_1
152420,9939,CUBE_L,RET
152426,6314,FUN_2,FUN_3
152434,2980,CUBE_L,RET
152449,9939,RET,CUBE_L
152454,19754,FUN_1,FUN_2
152462,22842,FUN_3,FUN_2
152477,13394,CUBE_R,FUN_6
152505,16236,FUN_3,FUN_2
152511,8741,CUBE_R,FUN_6
152515,1701,FUN_2,FUN_1
152533,22865,FUN_3,FUN_2
152536,21074,FUN_5,FUN_6
152551,8009,CUBE_L,RET
152559,21997,FUN_5,FUN_4
152561,9584,CUBE_R,FUN_6
152568,11206,FUN_3,FUN_4
152571,19561,FUN_4,FUN_3
152594,8542,FUN_5,FUN_6
152600,9533,FUN_3,FUN_4
152621,18490,FUN_5,FUN_4
152624,7080,CUBE_R,RET
152624,10287,CUBE_R,FUN_6
152633,15285,FUN_2,FUN_1
152651,15579,RET,CUBE_R
152694,3937,FUN_2,FUN_1
152706,28015,FUN_3,FUN_2
152713,4496,FUN_3,FUN_2
152713,28656,FUN_2,FUN_1
152719,1844,FUN_5,FUN_4
152719,5715,FUN_2,FUN_3
152722,18156,FUN_1,CUBE_L
152725,14329,FUN_2,FUN_1
152739,19800,CUBE_R,RET
152747,12404,CUBE_L,RET
152758,14859,FUN_6,CUBE_R
152763,28048,CUBE_R,RET
152772,5189,CUBE_R,RET
152776,14110,CUBE_L,RET
152786,5767,FUN_3,FUN_2
152786,11637,FUN_3,FUN_2
152786,24105,CUBE_L,RET
152794,15122,FUN_3,FUN_4
152805,17802,FUN_2,FUN_3
152808,4274,FUN_4,FUN_5
152812,3893,FUN_2,FUN_3
152813,22963,FUN_6,FUN_5
152815,26543,FUN_1,FUN_2
152823,9661,FUN_5,FUN_6
152824,512,FUN_3,FUN_4
152825,13527,FUN_4,FUN_3
152828,20107,CUBE_R,FUN_6
152856,5683,FUN_2,FUN_1
152859,9029,FUN_6,FUN_5
152862,14935,FUN_6,CUBE_R
152869,28660,FUN_3,FUN_4
152879,4117,FUN_4,FUN_3
152881,23631,FUN_2,FUN_1
152895,1541,FUN_2,FUN_3
152905,13450,FUN_1,FUN_2
152906,8009,RET,CUBE_L
152914,7620,FUN_3,FUN_2
152937,22865,FUN_2,FUN_3
152956,12673,FUN_6,CUBE_R
152960,16410,RET,CUBE_R
152980,10811,FUN_3,FUN_2
152983,21929,FUN_1,FUN_2
152983,21997,FUN_4,FUN_5
153003,25142,RET,CUBE_R
153008,4528,FUN_2,FUN_1
153014,28767,FUN_1,FUN_2
153057,12569,FUN_5,FUN_6
153076,8741,FUN_6,CUBE_R
153080,8007,FUN_5,FUN_4
153083,7348,FUN_3,FUN_4
153100,8329,FUN_3,FUN_2
153114,26484,RET,CUBE_R
153120,5245,RET,CUBE_L
153131,20776,FUN_4,FUN_3
153144,725,CUBE_R,RET
153161,29325,FUN_1,FUN_2
153164,12856,FUN_1,FUN_2
153171,7008,FUN_2,FUN_3
153205,12662,CUBE_L,RET
153215,9321,FUN_2,FUN_3
153222,21105,FUN_5,FUN_4
153243,20683,CUBE_R,FUN_6
153260,5801,CUBE_R,FUN_6
153277,11206,FUN_4,FUN_3
153305,14658,FUN_2,FUN_1
153316,29731,FUN_1,FUN_2
153324,18495,FUN_3,FUN_2
153342,15700,RET,CUBE_L
153346,20262,FUN_4,FUN_5
153351,20262,FUN_5,FUN_4
153365,23266,FUN_3,FUN_2
153401,22816,FUN_2,FUN_3
153406,15577,FUN_1,CUBE_L
153422,21929,FUN_2,FUN_1
153433,28680,FUN_2,FUN_1
153436,17240,FUN_4,FUN_3
153459,25872,FUN_2,FUN_3
153460,8465,CUBE_L,RET
153461,10511,FUN_3,FUN_2
153479,8249,FUN_2,FUN_3
153500,4398,FUN_4,FUN_5
153510,24087,FUN_3,FUN_4
153518,17482,FUN_4,FUN_5
153518,24283,FUN_3,FUN_4
153525,13782,FUN_2,FUN_1
153530,16301,FUN_1,FUN_2
153541,3316,FUN_1,CUBE_L
153544,557,CUBE_R,RET
153563,1696,FUN_6,CUBE_R
153566,27107,RET,CUBE_L
153568,5604,FUN_3,FUN_2
153582,26239,FUN_5,FUN_6
153585,18542,FUN_5,FUN_4
153593,512,FUN_4,FUN_3
153604,4022,RET,CUBE_R
153604,6164,FUN_1,FUN_2
153608,2546,CUBE_R,FUN_6
153614,23540,FUN_4,FUN_3
153615,13450,FUN_2,FUN_1
153632,5479,FUN_3,FUN_2
153632,7074,FUN_1,FUN_2
153651,24733,RET,CUBE_R
153683,17482,FUN_5,FUN_4
153709,17078,FUN_1,FUN_2
153712,27980,FUN_2,FUN_1
153738,17240,FUN_3,FUN_4
153744,23631,FUN_1,FUN_2
153752,29325,FUN_2,FUN_1
153767,12673,CUBE_R,FUN_6
153776,4496,FUN_2,FUN_3
153782,4159,FUN_2,FUN_1
153783,14110,RET,CUBE_L
153785,21997,FUN_5,FUN_4
153785,27569,FUN_6,FUN_5
153789,22456,FUN_3,FUN_2
153802,27692,CUBE_L,RET
153803,15557,FUN_3,FUN_4
153806,5677,FUN_3,FUN_4
153815,9321,FUN_3,FUN_2
153830,16191,FUN_4,FUN_3
153853,24426,FUN_6,CUBE_R
153863,24354,FUN_4,FUN_5
153867,19793,FUN_4,FUN_5
153877,9314,FUN_1,CUBE_L
153878,4485,FUN_2,FUN_1
153886,1587,FUN_2,FUN_3
153890,6120,CUBE_R,RET
153904,13819,FUN_1,CUBE_L
153922,9097,CUBE_L,RET
153927,29380,FUN_2,FUN_3
153939,7956,FUN_4,FUN_3
153947,16184,FUN_6,FUN_5
153953,29731,FUN_2,FUN_1
153959,824,FUN_4,FUN_5
153973,2660,FUN_2,FUN_3
153984,10085,FUN_3,FUN_2
153990,27858,FUN_2,FUN_3
153995,16089,FUN_3,FUN_4
154048,12836,FUN_1,FUN_2
154062,824,FUN_5,FUN_4
154081,27860,RET,CUBE_L
154089,27164,FUN_3,FUN_2
154091,13450,FUN_1,FUN_2
154136,10725,FUN_2,FUN_3
154145,20671,CUBE_L,FUN_1
154156,10085,FUN_2,FUN_3
154171,9263,FUN_3,FUN_2
154211,8759,RET,CUBE_L
154223,24152,FUN_5,FUN_4
154223,27164,FUN_2,FUN_3
154224,2064,FUN_3,FUN_2
154228,1541,FUN_3,FUN_2
154235,9314,CUBE_L,FUN_1
154248,6691,FUN_1,FUN_2
154250,7080,RET,CUBE_R
154271,26239,FUN_6,FUN_5
154276,23587,FUN_2,FUN_1
154278,24333,RET,CUBE_R
154292,27692,RET,CUBE_L
154293,9216,FUN_1,FUN_2
154306,7505,FUN_2,FUN_3
154307,26169,FUN_2,FUN_3
154309,3369,FUN_4,FUN_3
154350,10956,FUN_5,FUN_6
154357,22557,FUN_2,FUN_1
154368,12259,FUN_2,FUN_1
154372,10287,FUN_6,CUBE_R
154380,7205,CUBE_L,RET
154382,12540,CUBE_L,RET
154386,2162,CUBE_L,RET
154399,20753,FUN_3,FUN_4
154404,5661,FUN_3,FUN_2
154430,20776,FUN_3,FUN_4
154476,4599,CUBE_L,RET
154477,10422,CUBE_R,FUN_6
154480,10895,FUN_2,FUN_1
154486,13394,FUN_6,CUBE_R
154508,7406,FUN_3,FUN_2
154540,1393,FUN_2,FUN_1
154563,1707,CUBE_L,RET
154575,24733,CUBE_R,RET
154622,17124,FUN_6,CUBE_R
154674,13527,FUN_3,FUN_4
154682,15700,CUBE_L,RET
154692,13834,FUN_1,FUN_2
154697,6691,FUN_2,FUN_1
154713,4022,CUBE_R,RET
154713,22912,FUN_1,FUN_2
154739,15453,CUBE_R,RET
154778,27923,FUN_3,FUN_2
154788,8958,FUN_3,FUN_2
154812,10541,RET,CUBE_R
154813,2345,FUN_3,FUN_2
154814,4022,RET,CUBE_R
154826,14848,FUN_6,FUN_5
154827,16439,FUN_3,FUN_2
154840,22312,FUN_2,FUN_1
154857,17482,FUN_4,FUN_5
154885,22912,FUN_2,FUN_1
154905,8009,CUBE_L,RET
154910,15714,FUN_2,FUN_3
154912,3173,FUN_4,FUN_5
154934,20868,FUN_4,FUN_3
154937,12791,FUN_2,FUN_3
154952,23631,FUN_2,FUN_1
154955,2064,FUN_2,FUN_3
154957,16708,CUBE_R,FUN_6
154963,20797,RET,CUBE_L
154970,8249,FUN_3,FUN_2
154977,13127,FUN_2,FUN_3
154980,13723,FUN_3,FUN_2
154996,14626,FUN_2,FUN_1
155030,1897,RET,CUBE_L
155033,9263,FUN_2,FUN_3
155037,18906,FUN_3,FUN_2
155046,21749,FUN_3,FUN_2
155053,12370,FUN_2,FUN_3
155062,29718,FUN_2,FUN_1
155068,12608,FUN_2,FUN_3
155087,20488,FUN_3,FUN_4
155089,1587,FUN_3,FUN_2
155089,6120,RET,CUBE_R
155099,16191,FUN_3,FUN_4
155104,16089,FUN_4,FUN_3
155119,4932,CUBE_L,FUN_1
155123,22398,FUN_6,CUBE_R
155147,4839,FUN_3,FUN_4
155158,11461,CUBE_L,RET
155174,9078,FUN_3,FUN_4
155197,19666,FUN_2,FUN_3
155198,26492,CUBE_R,RET
155202,10488,FUN_2,FUN_3
155213,5884,CUBE_L,FUN_1
155215,29325,FUN_1,FUN_2
155231,1774,RET,CUBE_L
155231,18440,CUBE_R,RET
155238,13909,FUN_2,FUN_1
155242,14717,FUN_2,FUN_3
155261,21929,FUN_1,FUN_2
155262,5479,FUN_2,FUN_3
155263,13112,FUN_2,FUN_1
155267,12856,FUN_2,FUN_1
155278,13245,FUN_4,FUN_3
155291,9029,FUN_5,FUN_6
155300,1838,CUBE_R,FUN_6
155311,23300,FUN_2,FUN_3
155320,7620,FUN_2,FUN_3
155353,24354,FUN_5,FUN_4
155358,17623,FUN_2,FUN_3
155373,8078,FUN_3,FUN_2
155378,26073,FUN_2,FUN_3
155384,27156,FUN_2,FUN_3
155386,7084,FUN_3,FUN_2
155394,6691,FUN_1,FUN_2
155413,10488,FUN_3,FUN_2
155416,26681,FUN_4,FUN_3
155434,14626,FUN_1,FUN_2
155436,8329,FUN_2,FUN_3
155436,21997,FUN_4,FUN_5
155439,4159,FUN_1,FUN_2
155442,2660,FUN_3,FUN_2
155448,7589,FUN_2,FUN_1
155454,5661,FUN_2,FUN_3
155464,27860,CUBE_L,RET
155467,22398,CUBE_R,FUN_6
155481,26492,RET,CUBE_R
155491,27992,FUN_2,FUN_1
155499,21420,FUN_2,FUN_1
155509,14848,FUN_5,FUN_6
155515,12931,FUN_6,FUN_5
155520,24283,FUN_4,FUN_3
155530,9007,CUBE_R,RET
155544,29305,FUN_1,FUN_2
155560,24481,FUN_2,FUN_3
155564,8759,CUBE_L,RET
155571,17803,FUN_3,FUN_4
155577,15662,FUN_4,FUN_3
155578,10422,FUN_6,CUBE_R
155585,5257,CUBE_L,FUN_1
155589,6487,FUN_3,FUN_2
155600,18440,RET,CUBE_R
155600,27578,CUBE_R,RET
155604,9645,FUN_2,FUN_3
155617,7068,FUN_1,FUN_2
155617,12408,FUN_3,FUN_2
155619,12608,FUN_3,FUN_2
155626,25891,FUN_4,FUN_5
155635,7084,FUN_2,FUN_3
155649,9733,FUN_1,FUN_2
155649,10488,FUN_2,FUN_3
155652,10104,RET,CUBE_L
155659,27675,FUN_2,FUN_1
155669,19754,FUN_2,FUN_1
155673,29718,FUN_1,FUN_2
155674,21749,FUN_2,FUN_3
155679,138,RET,CUBE_L
155696,16191,FUN_4,FUN_3
155703,4298,FUN_6,CUBE_R
155704,1,FUN_6,CUBE_R
155705,18440,CUBE_R,RET
155730,5479,FUN_3,FUN_2
155751,2372,CUBE_L,RET
155764,6043,FUN_4,FUN_5
155769,22524,RET,CUBE_L
155772,23300,FUN_3,FUN_2
155824,19386,FUN_2,FUN_3
155844,13432,FUN_2,FUN_3
155846,931,CUBE_L,FUN_1
155870,15285,FUN_1,FUN_2
155874,9631,FUN_6,FUN_5
155879,14848,FUN_6,FUN_5
155890,4588,CUBE_L,FUN_1
155898,7348,FUN_4,FUN_3
155904,10488,FUN_3,FUN_2
155910,9676,FUN_5,FUN_4
155937,10525,FUN_1,FUN_2
155939,2980,RET,CUBE_L
155946,14848,FUN_5,FUN_6
155971,4673,FUN_1,FUN_2
155988,13044,FUN_2,FUN_1
155994,29718,FUN_2,FUN_1
156004,4485,FUN_1,FUN_2
156015,1125,FUN_3,FUN_4
156033,28259,FUN_1,CUBE_L
156057,5479,FUN_2,FUN_3
156061,6043,FUN_5,FUN_4
156067,9216,FUN_2,FUN_1
156067,14259,FUN_3,FUN_2
156068,1587,FUN_2,FUN_3
156093,2433,FUN_2,FUN_3
156095,9263,FUN_3,FUN_2
156098,1113,FUN_2,FUN_3
156118,29082,CUBE_L,FUN_1
156122,22816,FUN_3,FUN_2
156179,18152,RET,CUBE_L
156181,11366,FUN_1,FUN_2
156201,2660,FUN_2,FUN_3
156224,13150,FUN_4,FUN_3
156243,16650,FUN_2,FUN_3
156254,1541,FUN_2,FUN_3
156260,2064,FUN_3,FUN_2
156306,9097,RET,CUBE_L
156338,10562,FUN_3,FUN_2
156347,17168,RET,CUBE_L
156356,14806,CUBE_L,FUN_1
156369,1125,FUN_4,FUN_3
156370,1823,FUN_1,FUN_2
156370,4298,CUBE_R,FUN_6
156413,6744,FUN_3,FUN_4
156420,6171,FUN_4,FUN_3
156429,15662,FUN_3,FUN_4
156477,9676,FUN_4,FUN_5
156487,2925,FUN_2,FUN_1
156507,27083,FUN_2,FUN_1
156510,5614,FUN_6,FUN_5
156511,372,FUN_4,FUN_5
156525,13605,FUN_5,FUN_4
156544,9097,CUBE_L,RET
156562,1587,FUN_3,FUN_2
156562,10623,FUN_2,FUN_3
156589,12071,FUN_2,FUN_3
156589,25872,FUN_3,FUN_2
156597,14938,FUN_2,FUN_3
156608,4298,FUN_6,CUBE_R
156623,10150,CUBE_R,FUN_6
156624,24347,FUN_4,FUN_3
156626,18716,FUN_1,FUN_2
156629,23587,FUN_1,FUN_2
156637,954,FUN_6,CUBE_R
156644,6538,RET,CUBE_L
156654,13801,FUN_4,FUN_3
156658,2334,RET,CUBE_R
156661,16709,FUN_5,FUN_6
156710,11276,FUN_3,FUN_2
156731,19561,FUN_3,FUN_4
156739,24051,FUN_1,FUN_2
156758,334,FUN_5,FUN_4
156796,9652,RET,CUBE_R
156797,15830,FUN_4,FUN_5
156797,18437,FUN_3,FUN_4
156798,18183,CUBE_L,RET
156811,372,FUN_5,FUN_4
156824,201,FUN_3,FUN_4
156827,931,FUN_1,CUBE_L
156827,27492,FUN_5,FUN_4
156829,19666,FUN_3,FUN_2
156830,14848,FUN_6,FUN_5
156867,7008,FUN_3,FUN_2
156872,18774,CUBE_R,RET
156905,809,FUN_1,CUBE_L
156910,18620,FUN_4,FUN_5
156912,10811,FUN_2,FUN_3
156931,20645,FUN_1,FUN_2
156948,14658,FUN_1,FUN_2
156965,11784,FUN_2,FUN_3
156969,6347,FUN_3,FUN_2
156984,18930,FUN_2,FUN_1
156999,29527,FUN_3,FUN_4
157000,18377,CUBE_L,RET
157003,11777,CUBE_R,RET
157006,22964,RET,CUBE_R
157031,19095,FUN_3,FUN_4
157031,28867,CUBE_L,RET
157032,10488,FUN_2,FUN_3
157049,9314,FUN_1,CUBE_L
157056,26058,FUN_2,FUN_1
157057,13819,CUBE_L,FUN_1
157057,17311,CUBE_R,RET
157061,21889,FUN_3,FUN_4
157061,25666,FUN_2,FUN_3
157080,9840,FUN_4,FUN_3
157099,4348,FUN_1,CUBE_L
157106,1580,FUN_2,FUN_1
157115,15096,FUN_4,FUN_3
157118,13031,FUN_1,FUN_2
157121,22404,FUN_3,FUN_2
157126,14848,FUN_5,FUN_6
157141,9216,FUN_1,FUN_2
157152,22217,FUN_3,FUN_2
157153,2450,CUBE_R,RET
157161,12771,FUN_3,FUN_4
157164,4348,CUBE_L,FUN_1
157170,13183,RET,CUBE_R
157177,18130,CUBE_R,FUN_6
157188,28437,RET,CUBE_R
157191,24333,CUBE_R,RET
157200,22398,FUN_6,CUBE_R
157200,25342,FUN_2,FUN_3
157211,2579,CUBE_R,FUN_6
157215,26629,FUN_4,FUN_3
157224,5767,FUN_2,FUN_3
157226,3618,FUN_5,FUN_4
157227,8007,FUN_4,FUN_5
157228,21440,FUN_3,FUN_4
157245,7074,FUN_2,FUN_1
157247,27980,FUN_1,FUN_2
157249,201,FUN_4,FUN_3
157255,3035,FUN_3,FUN_2
157283,26522,FUN_2,FUN_1
157288,2303,FUN_2,FUN_3
157300,15175,RET,CUBE_L
157304,29810,FUN_4,FUN_3
157310,15715,FUN_5,FUN_4
157317,28536,CUBE_R,RET
157319,201,FUN_3,FUN_4
157319,17803,FUN_4,FUN_3
157330,10012,FUN_2,FUN_3
157335,15192,FUN_3,FUN_4
157342,4159,FUN_2,FUN_1
157345,12259,FUN_1,FUN_2
157368,2579,FUN_6,CUBE_R
157374,4298,CUBE_R,FUN_6
157394,858,FUN_5,FUN_6
157414,8933,FUN_3,FUN_2
157434,905,FUN_1,FUN_2
157434,25053,FUN_3,FUN_4
157445,27992,FUN_1,FUN_2
157452,24333,RET,CUBE_R
157467,10562,FUN_2,FUN_3
157470,13723,FUN_2,FUN_3
157474,12408,FUN_2,FUN_3
157492,19090,FUN_3,FUN_2
157494,8353,FUN_4,FUN_5
157498,328,FUN_2,FUN_3
157505,14838,FUN_4,FUN_3
157559,18050,FUN_2,FUN_1
157570,19800,RET,CUBE_R
157576,2579,CUBE_R,FUN_6
157583,22217,FUN_2,FUN_3
157584,9908,FUN_6,CUBE_R
157584,9969,RET,CUBE_R
157599,12856,FUN_1,FUN_2
157620,20075,FUN_2,FUN_1
157643,13031,FUN_2,FUN_1
157653,5683,FUN_1,FUN_2
157665,1125,FUN_3,FUN_4
157672,18495,FUN_2,FUN_3
157732,11251,FUN_4,FUN_3
157737,20628,CUBE_R,RET
157753,3158,FUN_2,FUN_3
157753,15333,FUN_4,FUN_3
157756,4159,FUN_1,FUN_2
157756,8083,CUBE_L,FUN_1
157759,29363,FUN_2,FUN_3
157791,1125,FUN_4,FUN_3
157792,11841,FUN_3,FUN_4
157839,10486,FUN_4,FUN_3
157841,28415,FUN_2,FUN_3
157845,24051,FUN_2,FUN_1
157862,14806,FUN_1,CUBE_L
157864,21988,CUBE_L,FUN_1
157876,20413,FUN_1,FUN_2
157876,29718,FUN_1,FUN_2
157883,8083,FUN_1,CUBE_L
157900,6347,FUN_2,FUN_3
157903,3369,FUN_3,FUN_4
157907,12925,FUN_3,FUN_4
157908,8083,CUBE_L,FUN_1
157914,9908,CUBE_R,FUN_6
157927,18913,FUN_5,FUN_6
157931,24262,FUN_2,FUN_1
157933,24851,FUN_3,FUN_4
157958,15192,FUN_4,FUN_3
157967,24226,FUN_3,FUN_4
157973,18906,FUN_2,FUN_3
157986,19172,FUN_4,FUN_5
157990,29801,FUN_3,FUN_2
158005,6171,FUN_3,FUN_4
158058,13736,FUN_2,FUN_3
158069,14848,FUN_6,FUN_5
158078,1197,FUN_3,FUN_4
158086,7067,FUN_5,FUN_6
158089,24226,FUN_4,FUN_3
158099,24333,CUBE_R,RET
158114,9263,FUN_2,FUN_3
158118,29933,FUN_3,FUN_2
158139,21100,FUN_4,FUN_5
158141,4251,FUN_3,FUN_4
158144,16301,FUN_2,FUN_1
158152,884,FUN_1,FUN_2
158162,10740,FUN_1,CUBE_L
158177,738,CUBE_L,FUN_1
158230,1823,FUN_2,FUN_1
158232,11251,FUN_3,FUN_4
158236,25053,FUN_4,FUN_3
158254,18620,FUN_5,FUN_4
158259,8329,FUN_3,FUN_2
158264,27492,FUN_4,FUN_5
158273,9232,FUN_6,FUN_5
158273,20156,FUN_4,FUN_3
158303,1587,FUN_2,FUN_3
158316,20230,FUN_5,FUN_4
158351,25053,FUN_3,FUN_4
158355,26930,FUN_4,FUN_3
158359,20167,FUN_3,FUN_4
158381,7513,FUN_2,FUN_1
158430,18151,CUBE_L,FUN_1
158432,18437,FUN_4,FUN_3
158438,1838,FUN_6,CUBE_R
158440,11289,CUBE_R,RET
158443,3863,FUN_3,FUN_2
158451,14266,FUN_6,FUN_5
158457,28686,FUN_4,FUN_5
158460,11512,FUN_2,FUN_3
158481,2369,CUBE_L,RET
158485,3937,FUN_1,FUN_2
158510,23838,FUN_3,FUN_4
158511,3480,FUN_2,FUN_1
158516,18440,RET,CUBE_R
158518,24226,FUN_3,FUN_4
158525,2064,FUN_2,FUN_3
158525,8870,RET,CUBE_R
158558,23631,FUN_1,FUN_2
158559,7004,FUN_3,FUN_4
158622,24262,FUN_1,FUN_2
158626,22398,CUBE_R,FUN_6
158630,2020,CUBE_R,FUN_6
158635,28536,RET,CUBE_R
158636,15620,FUN_3,FUN_4
158646,23963,FUN_3,FUN_2
158649,8329,FUN_2,FUN_3
158654,11276,FUN_2,FUN_3
158659,16236,FUN_2,FUN_3
158668,26858,FUN_2,FUN_1
158680,5801,FUN_6,CUBE_R
158686,24087,FUN_4,FUN_3
158691,26276,RET,CUBE_L
158724,17763,FUN_2,FUN_1
158733,13491,FUN_3,FUN_2
158736,15814,FUN_2,FUN_1
158736,18965,FUN_2,FUN_3
158753,21003,FUN_3,FUN_4
158769,201,FUN_4,FUN_3
158785,1251,CUBE_L,RET
158790,3045,FUN_6,CUBE_R
158807,24262,FUN_2,FUN_1
158811,13958,FUN_3,FUN_2
158822,28867,RET,CUBE_L
158834,21838,FUN_2,FUN_1
158851,14266,FUN_5,FUN_6
158859,21889,FUN_4,FUN_3
158880,5189,RET,CUBE_R
158888,22040,FUN_2,FUN_1
158907,9390,FUN_1,FUN_2
158912,21662,FUN_2,FUN_3
158915,21298,FUN_3,FUN_2
158921,18663,CUBE_L,RET
158943,20299,CUBE_L,RET
158953,18972,FUN_4,FUN_5
158962,11251,FUN_4,FUN_3
158968,1707,RET,CUBE_L
158979,11373,FUN_3,FUN_2
158981,11777,RET,CUBE_R
158981,15992,FUN_4,FUN_3
158999,12258,CUBE_R,RET
159031,6300,FUN_1,FUN_2
159058,16650,FUN_3,FUN_2
159070,15122,FUN_4,FUN_3
159079,23596,FUN_1,FUN_2
159081,8083,FUN_1,CUBE_L
159084,23705,FUN_3,FUN_2
159088,2178,FUN_1,FUN_2
159096,4025,CUBE_L,FUN_1
159109,4025,FUN_1,CUBE_L
159109,19800,CUBE_R,RET
159109,22568,FUN_4,FUN_5
159113,25564,FUN_3,FUN_2
159153,5614,FUN_5,FUN_6
159165,5319,RET,CUBE_R
159169,380,CUBE_L,RET
159170,8007,FUN_5,FUN_4
159179,875,RET,CUBE_R
159179,14266,FUN_6,FUN_5
159202,10449,CUBE_R,FUN_6
159233,22464,FUN_4,FUN_5
159236,18151,FUN_1,CUBE_L
159248,13586,FUN_1,FUN_2
159270,21059,FUN_1,FUN_2
159276,12168,FUN_4,FUN_5
159279,23285,FUN_4,FUN_3
159286,19918,RET,CUBE_L
159287,10422,CUBE_R,FUN_6
159293,9840,FUN_3,FUN_4
159295,6347,FUN_3,FUN_2
159320,11831,RET,CUBE_R
159331,14848,FUN_5,FUN_6
159359,29933,FUN_2,FUN_3
159374,18774,RET,CUBE_R
159393,1125,FUN_3,FUN_4
159394,13511,FUN_3,FUN_2
159427,16648,CUBE_R,FUN_6
159431,22912,FUN_1,FUN_2
159446,18752,FUN_2,FUN_1
159466,1321,FUN_4,FUN_3
159466,14493,CUBE_R,RET
159471,15579,CUBE_R,RET
159490,12553,FUN_3,FUN_2
159492,15993,FUN_3,FUN_2
159503,2700,FUN_3,FUN_4
159511,22766,FUN_2,FUN_3
159511,28375,FUN_4,FUN_3
159513,1587,FUN_3,FUN_2
159536,325,CUBE_L,FUN_1
159548,4509,FUN_5,FUN_4
159580,22197,FUN_2,FUN_3
159581,24226,FUN_4,FUN_3
159583,26522,FUN_1,FUN_2
159587,23563,FUN_3,FUN_2
159590,18130,FUN_6,CUBE_R
159595,13926,FUN_4,FUN_3
159604,8408,RET,CUBE_L
159609,27930,FUN_3,FUN_2
159618,26276,CUBE_L,RET
159622,12623,FUN_1,FUN_2
159635,10486,FUN_3,FUN_4
159661,25797,FUN_1,FUN_2
159714,19754,FUN_1,FUN_2
159717,18965,FUN_3,FUN_2
159775,23266,FUN_2,FUN_3
159779,25542,FUN_3,FUN_4
159790,13958,FUN_2,FUN_3
159796,20868,FUN_3,FUN_4
159820,9908,FUN_6,CUBE_R
159829,14266,FUN_5,FUN_6
159831,11373,FUN_2,FUN_3
159841,5479,FUN_3,FUN_2
159845,20299,RET,CUBE_L
159854,26145,CUBE_L,RET
159870,9989,CUBE_R,RET
159880,12035,RET,CUBE_L
159934,21817,FUN_2,FUN_1
159939,17078,FUN_2,FUN_1
159962,26858,FUN_1,FUN_2
159976,7067,FUN_6,FUN_5
159983,8933,FUN_2,FUN_3
159990,7080,CUBE_R,RET
159995,4025,CUBE_L,FUN_1
159999,6000,FUN_3,FUN_2
160004,19754,FUN_2,FUN_1
160006,13031,FUN_1,FUN_2
160015,20562,CUBE_R,RET
160040,19754,FUN_1,FUN_2
160066,10488,FUN_3,FUN_2
160077,17441,FUN_2,FUN_1
160083,16415,RET,CUBE_R
160088,29943,FUN_1,FUN_2
160093,19090,FUN_2,FUN_3
160093,27492,FUN_5,FUN_4
160099,7057,FUN_1,FUN_2
160100,5767,FUN_3,FUN_2
160105,21929,FUN_2,FUN_1
160106,20810,FUN_6,CUBE_R
160109,4485,FUN_2,FUN_1
160117,22903,CUBE_R,FUN_6
160129,6171,FUN_4,FUN_3
160140,15989,FUN_2,FUN_1
160151,10895,FUN_1,FUN_2
160180,25053,FUN_4,FUN_3
160184,13150,FUN_3,FUN_4
160189,2980,CUBE_L,RET
160204,3701,RET,CUBE_R
160209,17315,FUN_4,FUN_5
160218,1346,FUN_3,FUN_2
160224,27913,FUN_2,FUN_1
160226,15744,FUN_3,FUN_4
160239,18152,CUBE_L,RET
160248,16236,FUN_3,FUN_2
160253,17500,FUN_1,FUN_2
160264,696,CUBE_R,RET
160271,25495,CUBE_L,RET
160275,27459,FUN_2,FUN_3
160307,2273,RET,CUBE_L
160308,13736,FUN_3,FUN_2
160328,21420,FUN_1,FUN_2
160330,24226,FUN_3,FUN_4
160333,6264,FUN_4,FUN_3
160337,1768,CUBE_R,RET
160344,24226,FUN_4,FUN_3
160346,23256,FUN_2,FUN_3
160358,19754,FUN_2,FUN_1
160374,18972,FUN_5,FUN_4
160392,26551,FUN_3,FUN_2
160393,14481,FUN_3,FUN_2
160396,2345,FUN_2,FUN_3
160396,6000,FUN_2,FUN_3
160404,18620,FUN_4,FUN_5
160405,11500,FUN_2,FUN_1
160414,1125,FUN_4,FUN_3
160416,20299,CUBE_L,RET
160423,11251,FUN_3,FUN_4
160426,21985,FUN_2,FUN_1
160428,24283,FUN_3,FUN_4
160428,26483,FUN_4,FUN_3
160430,18976,FUN_4,FUN_5
160439,27692,CUBE_L,RET
160458,725,RET,CUBE_R
160470,17936,RET,CUBE_L
160489,18411,FUN_3,FUN_4
160509,23633,FUN_1,FUN_2
160535,9748,FUN_2,FUN_3
160541,22197,FUN_3,FUN_2
160548,23300,FUN_2,FUN_3
160553,26788,RET,CUBE_R
160559,28998,FUN_3,FUN_2
160560,21838,FUN_1,FUN_2
160634,18718,FUN_3,FUN_2
160647,4117,FUN_3,FUN_4
160663,19183,FUN_3,FUN_2
160673,26145,RET,CUBE_L
160680,23024,FUN_4,FUN_5
160705,28934,CUBE_L,RET
160715,12771,FUN_4,FUN_3
160739,26145,CUBE_L,RET
160746,6000,FUN_3,FUN_2
160770,25542,FUN_4,FUN_3
160781,7084,FUN_3,FUN_2
160795,6369,CUBE_L,RET
160832,16925,FUN_3,FUN_2
160833,26354,FUN_2,FUN_1
160834,4067,FUN_2,FUN_3
160841,23300,FUN_3,FUN_2
160870,10511,FUN_2,FUN_3
160874,380,RET,CUBE_L
160903,22040,FUN_1,FUN_2
160910,10012,FUN_3,FUN_2
160925,15424,FUN_5,FUN_4
160950,23631,FUN_2,FUN_1
160994,1393,FUN_1,FUN_2
160994,20299,RET,CUBE_L
161002,13432,FUN_3,FUN_2
161005,167,CUBE_L,RET
161021,25338,FUN_4,FUN_3
161025,23719,FUN_2,FUN_1
161028,23300,FUN_2,FUN_3
161031,29028,FUN_3,FUN_2
161034,22557,FUN_1,FUN_2
161056,17508,FUN_2,FUN_1
161057,7370,CUBE_R,FUN_6
161058,13031,FUN_2,FUN_1
161059,19521,CUBE_L,RET
161110,5171,FUN_3,FUN_2
161116,15577,CUBE_L,FUN_1
161116,26169,FUN_3,FUN_2
161117,21396,CUBE_R,RET
161137,20299,CUBE_L,RET
161154,21985,FUN_1,FUN_2
161163,11821,FUN_3,FUN_2
161171,3118,FUN_2,FUN_3
161171,26730,FUN_4,FUN_5
161181,15126,FUN_2,FUN_1
161186,14848,FUN_6,FUN_5
161190,23646,FUN_1,FUN_2
161204,5120,FUN_2,FUN_3
161204,8315,FUN_1,FUN_2
161223,3118,FUN_3,FUN_2
161225,6889,FUN_3,FUN_2
161234,7080,RET,CUBE_R
161243,15744,FUN_4,FUN_3
161244,2394,FUN_5,FUN_4
161261,11315,FUN_2,FUN_1
161266,26276,RET,CUBE_L
161273,20033,FUN_1,FUN_2
161279,16583,FUN_3,FUN_2
161295,13723,FUN_3,FUN_2
161300,25564,FUN_2,FUN_3
161336,3476,FUN_3,FUN_2
161336,26111,FUN_2,FUN_1
161337,3320,FUN_4,FUN_5
161380,20156,FUN_3,FUN_4
161382,7080,CUBE_R,RET
161384,334,FUN_4,FUN_5
161403,26522,FUN_2,FUN_1
161405,4022,CUBE_R,RET
161423,27675,FUN_1,FUN_2
161442,5676,FUN_3,FUN_4
161468,20299,RET,CUBE_L
161485,17240,FUN_4,FUN_3
161489,5767,FUN_2,FUN_3
161494,25183,FUN_3,FUN_2
161508,22558,FUN_1,CUBE_L
161511,16925,FUN_2,FUN_3
161541,6369,RET,CUBE_L
161549,25251,CUBE_L,RET
161551,22408,FUN_2,FUN_1
161562,22302,FUN_2,FUN_3
161569,20868,FUN_4,FUN_3
161583,24564,FUN_6,CUBE_R
161587,10947,CUBE_R,RET
161599,5753,RET,CUBE_L
161603,6347,FUN_2,FUN_3
161605,22842,FUN_2,FUN_3
161606,5676,FUN_4,FUN_3
161620,19220,FUN_4,FUN_3
161623,23171,FUN_5,FUN_6
161634,4124,FUN_3,FUN_2
161659,15744,FUN_3,FUN_4
161671,8009,RET,CUBE_L
161678,6000,FUN_2,FUN_3
161683,21482,FUN_2,FUN_3
161693,23171,FUN_6,FUN_5
161695,418,FUN_2,FUN_3
161707,6300,FUN_2,FUN_1
161710,7153,CUBE_L,RET
161717,4292,FUN_2,FUN_1
161721,6246,FUN_3,FUN_2
161724,7691,FUN_3,FUN_2
161727,21482,FUN_3,FUN_2
161742,14626,FUN_2,FUN_1
161748,7619,FUN_1,FUN_2
161773,15437,FUN_1,CUBE_L
161775,11459,RET,CUBE_L
161775,29810,FUN_3,FUN_4
161780,18972,FUN_4,FUN_5
161782,24142,FUN_6,CUBE_R
161792,23171,FUN_5,FUN_6
161794,25183,FUN_2,FUN_3
161828,21988,FUN_1,CUBE_L
161861,11841,FUN_4,FUN_3
161867,14150,FUN_6,FUN_5
161868,15715,FUN_4,FUN_5
161901,7406,FUN_2,FUN_3
161909,13645,FUN_6,CUBE_R
161913,9174,FUN_3,FUN_2
161916,12252,FUN_4,FUN_5
161942,21482,FUN_2,FUN_3
161947,26730,FUN_5,FUN_4
161989,14076,RET,CUBE_L
161993,5676,FUN_3,FUN_4
161999,16301,FUN_1,FUN_2
162018,20040,FUN_2,FUN_1
162025,15051,FUN_3,FUN_4
162027,9288,RET,CUBE_L
162030,21379,FUN_1,FUN_2
162044,15126,FUN_1,FUN_2
162051,11777,CUBE_R,RET
162069,23777,FUN_2,FUN_1
162083,17441,FUN_1,FUN_2
162091,12252,FUN_5,FUN_4
162099,29380,FUN_3,FUN_2
162102,14329,FUN_1,FUN_2
162108,26169,FUN_2,FUN_3
162121,22983,FUN_4,FUN_3
162122,2129,RET,CUBE_R
162147,23631,FUN_1,FUN_2
162154,16439,FUN_2,FUN_3
162168,23705,FUN_2,FUN_3
162170,15620,FUN_4,FUN_3
162173,27492,FUN_4,FUN_5
162180,28767,FUN_2,FUN_1
162187,29440,FUN_5,FUN_6
162215,3058,FUN_6,FUN_5
162220,8078,FUN_2,FUN_3
162221,14076,CUBE_L,RET
162226,18151,CUBE_L,FUN_1
162229,15156,CUBE_R,FUN_6
162233,11777,RET,CUBE_R
162250,6000,FUN_3,FUN_2
162274,20413,FUN_2,FUN_1
162278,23024,FUN_5,FUN_4
162283,15118,FUN_3,FUN_2
162288,11532,CUBE_R,RET
162291,8127,CUBE_L,RET
162306,6141,CUBE_L,RET
162315,15744,FUN_4,FUN_3
162325,17740,FUN_2,FUN_1
162335,7395,FUN_3,FUN_4
162341,7691,FUN_2,FUN_3
162341,8315,FUN_2,FUN_1
162342,15744,FUN_3,FUN_4
162345,21482,FUN_3,FUN_2
162350,25021,FUN_2,FUN_1
162357,21674,FUN_3,FUN_2
162365,15744,FUN_4,FUN_3
162369,6889,FUN_2,FUN_3
162374,19196,RET,CUBE_R
162375,6000,FUN_2,FUN_3
162386,21120,FUN_3,FUN_2
162389,28998,FUN_2,FUN_3
162392,29023,CUBE_L,RET
162420,10104,CUBE_L,RET
162433,24262,FUN_1,FUN_2
162438,26169,FUN_3,FUN_2
162442,4314,FUN_2,FUN_1
162443,12608,FUN_2,FUN_3
162456,1587,FUN_2,FUN_3
162470,3937,FUN_2,FUN_1
162496,7691,FUN_3,FUN_2
162507,27470,CUBE_R,RET
162528,10851,FUN_2,FUN_1
162529,20849,FUN_6,CUBE_R
162551,1321,FUN_3,FUN_4
162557,16380,FUN_3,FUN_4
162575,20810,CUBE_R,FUN_6
162579,8315,FUN_1,FUN_2
162580,13974,FUN_6,CUBE_R
162589,1069,RET,CUBE_R
162605,21409,FUN_1,FUN_2
162616,2283,FUN_3,FUN_2
162667,25021,FUN_1,FUN_2
162672,26522,FUN_1,FUN_2
162677,20,RET,CUBE_L
162682,14493,RET,CUBE_R
162725,12252,FUN_4,FUN_5
162728,28686,FUN_5,FUN_4
162746,7589,FUN_1,FUN_2
162752,18151,FUN_1,CUBE_L
162758,4159,FUN_2,FUN_1
162764,9029,FUN_6,FUN_5
162772,6358,FUN_6,CUBE_R
162774,22197,FUN_2,FUN_3
162784,10449,FUN_6,CUBE_R
162802,17508,FUN_1,FUN_2
162807,19220,FUN_3,FUN_4
162818,12069,FUN_3,FUN_2
162829,1026,FUN_3,FUN_2
162852,20230,FUN_4,FUN_5
162857,28763,RET,CUBE_R
162877,26795,FUN_3,FUN_2
162879,20645,FUN_2,FUN_1
162887,7178,FUN_5,FUN_6
162905,10488,FUN_2,FUN_3
162908,10287,CUBE_R,FUN_6
162915,5140,FUN_2,FUN_3
162929,17722,FUN_3,FUN_4
162932,15715,FUN_5,FUN_4
162934,26483,FUN_3,FUN_4
162939,384,FUN_3,FUN_2
162941,15528,CUBE_R,RET
162948,23300,FUN_3,FUN_2
162951,10851,FUN_1,FUN_2
162967,8465,RET,CUBE_L
162974,27675,FUN_2,FUN_1
162998,26522,FUN_2,FUN_1
163005,8072,CUBE_R,RET
163008,3490,FUN_3,FUN_4
163011,12355,CUBE_R,RET
163012,6487,FUN_2,FUN_3
163019,27078,FUN_5,FUN_6
163021,3880,FUN_3,FUN_2
163030,17508,FUN_2,FUN_1
163036,23838,FUN_4,FUN_3
163045,10104,RET,CUBE_L
163080,7742,CUBE_L,FUN_1
163093,10397,CUBE_R,RET
163097,4970,FUN_1,FUN_2
163117,7153,RET,CUBE_L
163132,25666,FUN_3,FUN_2
163147,17798,FUN_3,FUN_2
163156,3490,FUN_4,FUN_3
163166,18152,RET,CUBE_L
163169,9548,FUN_2,FUN_1
163171,29028,FUN_2,FUN_3
163175,16075,FUN_1,FUN_2
163188,3490,FUN_3,FUN_4
163194,4509,FUN_4,FUN_5
163200,3490,FUN_4,FUN_3
163204,3644,FUN_3,FUN_2
163204,26522,FUN_1,FUN_2
163246,19367,FUN_6,FUN_5
163261,27156,FUN_3,FUN_2
163262,21171,FUN_3,FUN_2
163308,14506,FUN_3,FUN_2
163314,14481,FUN_2,FUN_3
163331,4292,FUN_1,FUN_2
163358,29477,FUN_2,FUN_1
163364,7370,FUN_6,CUBE_R
163430,4526,FUN_2,FUN_3
163436,15715,FUN_4,FUN_5
163440,4509,FUN_5,FUN_4
163465,16650,FUN_2,FUN_3
163466,3035,FUN_2,FUN_3
163473,9174,FUN_2,FUN_3
163481,3476,FUN_2,FUN_3
163484,15715,FUN_5,FUN_4
163511,3316,CUBE_L,FUN_1
163526,4970,FUN_2,FUN_1
163526,13196,FUN_3,FUN_4
163546,11386,FUN_4,FUN_3
163579,1823,FUN_1,FUN_2
163582,25488,FUN_2,FUN_1
163601,11721,FUN_2,FUN_3
163602,27078,FUN_6,FUN_5
163614,28766,FUN_5,FUN_4
163623,23563,FUN_2,FUN_3
163624,26185,FUN_1,FUN_2
163631,858,FUN_6,FUN_5
163632,18183,RET,CUBE_L
163644,15057,FUN_2,FUN_1
163668,6171,FUN_3,FUN_4
163669,11169,RET,CUBE_L
163676,6447,FUN_3,FUN_2
163683,73,FUN_2,FUN_1
163694,24051,FUN_1,FUN_2
163703,27487,FUN_3,FUN_2
163751,5614,FUN_6,FUN_5
163770,21647,CUBE_R,FUN_6
163781,14301,FUN_2,FUN_1
163797,19709,FUN_5,FUN_4
163800,20807,FUN_2,FUN_1
163812,9353,FUN_3,FUN_2
163821,19308,FUN_6,CUBE_R
163826,14970,CUBE_R,FUN_6
163827,27470,RET,CUBE_R
163830,13599,FUN_2,FUN_3
163853,27537,FUN_3,FUN_2
163858,25797,FUN_2,FUN_1
163862,9353,FUN_2,FUN_3
163867,3490,FUN_3,FUN_4
163876,24945,FUN_2,FUN_3
163889,1844,FUN_4,FUN_5
163894,21481,FUN_3,FUN_2
163899,4274,FUN_5,FUN_4
163925,7550,RET,CUBE_R
163935,29440,FUN_6,FUN_5
163940,27537,FUN_2,FUN_3
163944,4995,FUN_4,FUN_3
163951,110,FUN_2,FUN_3
163967,3629,FUN_3,FUN_2
163970,9526,FUN_2,FUN_3
163986,5479,FUN_2,FUN_3
163989,12617,CUBE_R,FUN_6
163996,28766,FUN_4,FUN_5
163997,21817,FUN_1,FUN_2
164003,7399,CUBE_R,RET
164010,11386,FUN_3,FUN_4
164014,26111,FUN_1,FUN_2
164056,70,CUBE_R,FUN_6
164059,26499,FUN_1,FUN_2
164080,2345,FUN_3,FUN_2
164082,3861,FUN_3,FUN_2
164083,21933,FUN_5,FUN_6
164087,24505,FUN_3,FUN_2
164096,14300,CUBE_L,FUN_1
164118,3861,FUN_2,FUN_3
164120,21074,FUN_6,FUN_5
164123,5801,CUBE_R,FUN_6
164130,26706,CUBE_R,FUN_6
164132,15528,RET,CUBE_R
164155,22364,CUBE_R,FUN_6
164157,20849,CUBE_R,FUN_6
164182,16997,CUBE_L,FUN_1
164183,3937,FUN_1,FUN_2
164187,3861,FUN_3,FUN_2
164197,18972,FUN_5,FUN_4
164200,725,CUBE_R,RET
164206,29082,FUN_1,CUBE_L
164215,10914,FUN_3,FUN_2
164233,4599,RET,CUBE_L
164235,3861,FUN_2,FUN_3
164246,8329,FUN_3,FUN_2
164247,7067,FUN_5,FUN_6
164250,809,CUBE_L,FUN_1
164263,384,FUN_2,FUN_3
164265,19754,FUN_1,FUN_2
164293,1098,FUN_2,FUN_3
164305,5722,FUN_3,FUN_2
164309,15744,FUN_3,FUN_4
164328,8023,CUBE_R,RET
164340,24290,FUN_1,FUN_2
164347,27409,CUBE_L,FUN_1
164354,18527,CUBE_R,FUN_6
164356,9430,FUN_2,FUN_3
164359,25225,FUN_3,FUN_2
164383,24276,CUBE_R,FUN_6
164416,11768,FUN_1,FUN_2
164425,3861,FUN_3,FUN_2
164425,22312,FUN_1,FUN_2
164476,18527,FUN_6,CUBE_R
164477,6049,FUN_6,CUBE_R
164494,10410,FUN_4,FUN_3
164499,11500,FUN_1,FUN_2
164499,20075,FUN_1,FUN_2
164508,19234,FUN_4,FUN_5
164517,2303,FUN_3,FUN_2
164524,4995,FUN_3,FUN_4
164533,7912,FUN_2,FUN_1
164539,7067,FUN_6,FUN_5
164550,7067,FUN_5,FUN_6
164568,2004,FUN_3,FUN_2
164573,29082,CUBE_L,FUN_1
164594,23850,FUN_2,FUN_3
164596,20167,FUN_4,FUN_3
164608,27020,FUN_2,FUN_1
164609,858,FUN_5,FUN_6
164612,16439,FUN_3,FUN_2
164612,22558,CUBE_L,FUN_1
164617,17740,FUN_1,FUN_2
164619,22099,FUN_2,FUN_1
164629,14266,FUN_6,FUN_5
164631,9353,FUN_3,FUN_2
164642,10582,FUN_2,FUN_1
164642,27052,FUN_3,FUN_4
164645,18716,FUN_2,FUN_1
164650,3861,FUN_2,FUN_3
164654,7067,FUN_6,FUN_5
164673,6000,FUN_3,FUN_2
164686,13723,FUN_2,FUN_3
164710,3861,FUN_3,FUN_2
164713,25187,FUN_4,FUN_3
164723,23587,FUN_2,FUN_1
164729,4498,FUN_3,FUN_2
164738,20543,CUBE_L,FUN_1
164751,18527,CUBE_R,FUN_6
164756,7067,FUN_5,FUN_6
164767,9287,FUN_3,FUN_2
164781,18527,FUN_6,CUBE_R
164783,10104,CUBE_L,RET
164790,18663,RET,CUBE_L
164812,9548,FUN_1,FUN_2
164830,5724,RET,CUBE_L
164830,7790,FUN_1,FUN_2
164851,27492,FUN_5,FUN_4
164865,23751,CUBE_R,FUN_6
164882,6120,CUBE_R,RET
164897,2857,FUN_6,CUBE_R
164899,19747,FUN_1,CUBE_L
164900,21003,FUN_4,FUN_3
164902,17137,FUN_2,FUN_3
164913,3861,FUN_2,FUN_3
164916,201,FUN_3,FUN_4
164938,560,FUN_6,CUBE_R
164941,15395,FUN_2,FUN_3
164947,1366,FUN_3,FUN_2
164954,23963,FUN_2,FUN_3
164968,20280,FUN_5,FUN_6
164980,5479,FUN_3,FUN_2
164982,27052,FUN_4,FUN_3
164994,22816,FUN_2,FUN_3
165026,5800,FUN_2,FUN_1
165045,8315,FUN_2,FUN_1
165045,23563,FUN_3,FUN_2
165046,24142,CUBE_R,FUN_6
165055,16650,FUN_3,FUN_2
165080,70,FUN_6,CUBE_R
165082,8329,FUN_2,FUN_3
165107,8009,CUBE_L,RET
165108,19618,CUBE_R,FUN_6
165146,4022,RET,CUBE_R
165148,22398,FUN_6,CUBE_R
165151,7484,FUN_2,FUN_1
165156,4995,FUN_4,FUN_3
165161,22398,CUBE_R,FUN_6
165161,22766,FUN_3,FUN_2
165165,22398,FUN_6,CUBE_R
165189,20652,FUN_5,FUN_6
165191,6761,FUN_4,FUN_3
165193,4995,FUN_3,FUN_4
165193,27858,FUN_3,FUN_2
165221,17078,FUN_1,FUN_2
165225,334,FUN_5,FUN_4
165225,21409,FUN_2,FUN_1
165227,18271,FUN_4,FUN_3
165248,8007,FUN_4,FUN_5
165248,20119,FUN_2,FUN_3
165252,6280,CUBE_R,FUN_6
165261,26276,CUBE_L,RET
165267,18312,RET,CUBE_L
165271,14481,FUN_3,FUN_2
165297,20230,FUN_5,FUN_4
165305,4995,FUN_4,FUN_3
165312,25970,RET,CUBE_R
165318,22398,CUBE_R,FUN_6
165322,19800,RET,CUBE_R
165327,12836,FUN_2,FUN_1
165338,24051,FUN_2,FUN_1
165341,24695,FUN_3,FUN_2
165365,3861,FUN_3,FUN_2
165373,7589,FUN_2,FUN_1
165375,10772,FUN_5,FUN_4
165376,27487,FUN_2,FUN_3
165389,3588,CUBE_L,RET
165402,23563,FUN_2,FUN_3
165403,18527,CUBE_R,FUN_6
165407,8072,RET,CUBE_R
165409,21120,FUN_2,FUN_3
165409,26795,FUN_2,FUN_3
165418,1844,FUN_5,FUN_4
165423,14506,FUN_2,FUN_3
165438,3880,FUN_2,FUN_3
165447,22417,FUN_5,FUN_4
165463,22964,CUBE_R,RET
165482,19632,RET,CUBE_L
165489,16208,FUN_3,FUN_4
165498,23777,FUN_1,FUN_2
165512,8472,FUN_2,FUN_1
165550,25970,CUBE_R,RET
165553,15528,CUBE_R,RET
165555,6313,FUN_3,FUN_2
165560,26473,RET,CUBE_L
165563,24105,RET,CUBE_L
165567,16439,FUN_2,FUN_3
165577,12383,FUN_5,FUN_4
165600,26311,CUBE_L,FUN_1
165610,29284,RET,CUBE_R
165613,5319,CUBE_R,RET
165649,10287,FUN_6,CUBE_R
165651,2178,FUN_2,FUN_1
165651,23054,FUN_3,FUN_2
165652,9877,RET,CUBE_L
165655,2283,FUN_2,FUN_3
165659,18050,FUN_1,FUN_2
165668,14626,FUN_1,FUN_2
165672,23264,FUN_6,CUBE_R
165673,12168,FUN_5,FUN_4
165688,26311,FUN_1,CUBE_L
165705,21440,FUN_4,FUN_3
165707,7655,FUN_3,FUN_2
165714,23704,FUN_5,FUN_6
165718,16648,FUN_6,CUBE_R
165745,18492,CUBE_R,RET
165757,5801,FUN_6,CUBE_R
165762,24051,FUN_1,FUN_2
165767,24140,FUN_3,FUN_2
165789,13092,FUN_5,FUN_4
165810,1461,FUN_2,FUN_3
165817,809,FUN_1,CUBE_L
165824,16075,FUN_2,FUN_1
165833,1844,FUN_4,FUN_5
165835,3204,FUN_1,FUN_2
165841,18527,FUN_6,CUBE_R
165850,2751,FUN_1,FUN_2
165852,9425,FUN_3,FUN_4
165857,3861,FUN_2,FUN_3
165864,1595,FUN_5,FUN_4
165867,8472,FUN_1,FUN_2
165883,22217,FUN_3,FUN_2
165898,1587,FUN_3,FUN_2
165898,9809,FUN_5,FUN_4
165907,22816,FUN_3,FUN_2
165922,16586,FUN_2,FUN_1
165940,7389,RET,CUBE_R
165940,24105,CUBE_L,RET
165948,24042,FUN_3,FUN_4
165949,18476,CUBE_R,RET
165954,29810,FUN_4,FUN_3
165981,20075,FUN_2,FUN_1
165987,7067,FUN_6,FUN_5
165996,22964,RET,CUBE_R
166006,3634,FUN_1,FUN_2
166015,28494,FUN_3,FUN_2
166035,13244,FUN_5,FUN_6
166056,9748,FUN_3,FUN_2
166081,5676,FUN_4,FUN_3
166104,6168,FUN_6,FUN_5
166107,4349,CUBE_R,FUN_6
166153,27409,FUN_1,CUBE_L
166156,22398,FUN_6,CUBE_R
166203,18527,CUBE_R,FUN_6
166205,5457,FUN_2,FUN_1
166217,29082,FUN_1,CUBE_L
166220,10488,FUN_3,FUN_2
166229,22398,CUBE_R,FUN_6
166230,5479,FUN_2,FUN_3
166257,21985,FUN_2,FUN_1
166267,13031,FUN_1,FUN_2
166271,7008,FUN_2,FUN_3
166276,3588,RET,CUBE_L
166280,25416,FUN_2,FUN_3
166289,18563,FUN_3,FUN_2
166294,809,CUBE_L,FUN_1
166294,2345,FUN_2,FUN_3
166300,22842,FUN_3,FUN_2
166305,7008,FUN_3,FUN_2
166307,8214,FUN_2,FUN_1
166327,7008,FUN_2,FUN_3
166330,70,CUBE_R,FUN_6
166342,7008,FUN_3,FUN_2
166346,24964,CUBE_L,RET
166368,4124,FUN_2,FUN_3
166368,22766,FUN_2,FUN_3
166373,22398,FUN_6,CUBE_R
166394,4498,FUN_2,FUN_3
166402,22217,FUN_2,FUN_3
166404,18437,FUN_3,FUN_4
166407,14683,FUN_4,FUN_3
166419,14300,FUN_1,CUBE_L
166427,24105,RET,CUBE_L
166436,70,FUN_6,CUBE_R
166438,3861,FUN_3,FUN_2
166441,22621,FUN_6,CUBE_R
166442,23719,FUN_1,FUN_2
166448,3951,FUN_5,FUN_6
166481,29731,FUN_1,FUN_2
166491,11329,CUBE_R,FUN_6
166491,24877,RET,CUBE_L
166499,29878,FUN_4,FUN_5
166507,20230,FUN_4,FUN_5
166519,28562,FUN_4,FUN_5
166540,29440,FUN_5,FUN_6
166547,23751,FUN_6,CUBE_R
166552,3556,FUN_1,FUN_2
166561,2004,FUN_2,FUN_3
166565,19754,FUN_2,FUN_1
166569,22816,FUN_2,FUN_3
166571,9809,FUN_4,FUN_5
166590,21481,FUN_2,FUN_3
166591,15122,FUN_3,FUN_4
166604,20211,FUN_6,FUN_5
166616,9756,FUN_5,FUN_6
166617,23345,RET,CUBE_L
166618,4292,FUN_2,FUN_1
166639,3138,RET,CUBE_L
166644,1196,FUN_2,FUN_3
166644,22618,FUN_3,FUN_2
166654,22842,FUN_2,FUN_3
166672,17936,CUBE_L,RET
166672,21379,FUN_2,FUN_1
166673,18476,RET,CUBE_R
166675,24676,FUN_4,FUN_5
166679,29831,FUN_4,FUN_3
166680,3058,FUN_5,FUN_6
166700,3861,FUN_2,FUN_3
166703,19754,FUN_1,FUN_2
166713,4498,FUN_3,FUN_2
166714,25037,FUN_2,FUN_3
166715,22706,FUN_3,FUN_4
166716,18718,FUN_2,FUN_3
166727,193,FUN_4,FUN_3
166730,22842,FUN_3,FUN_2
166730,24142,FUN_6,CUBE_R
166736,14848,FUN_5,FUN_6
166736,15992,FUN_3,FUN_4
166736,18511,RET,CUBE_R
166741,19600,CUBE_R,FUN_6
166751,11461,RET,CUBE_L
166754,15815,FUN_1,FUN_2
166755,11386,FUN_4,FUN_3
166767,27086,FUN_5,FUN_4
166768,22464,FUN_5,FUN_4
166770,20413,FUN_1,FUN_2
166778,7194,FUN_4,FUN_5
166779,29770,FUN_1,FUN_2
166782,20230,FUN_5,FUN_4
166791,13244,FUN_6,FUN_5
166795,12549,CUBE_R,RET
166796,12702,FUN_3,FUN_2
166813,15715,FUN_4,FUN_5
166825,5559,FUN_4,FUN_5
166826,25488,FUN_1,FUN_2
166828,7370,CUBE_R,FUN_6
166836,9430,FUN_3,FUN_2
166855,9969,CUBE_R,RET
166862,22816,FUN_3,FUN_2
166871,2724,FUN_3,FUN_4
166896,4995,FUN_3,FUN_4
166899,27569,FUN_5,FUN_6
166909,23465,FUN_2,FUN_1
166910,3084,CUBE_L,FUN_1
166917,21379,FUN_1,FUN_2
166924,3615,FUN_4,FUN_5
166926,12212,RET,CUBE_L
166949,18575,CUBE_R,RET
166980,15992,FUN_4,FUN_3
166983,8022,FUN_2,FUN_3
166998,8329,FUN_3,FUN_2
167007,9353,FUN_2,FUN_3
167016,26449,FUN_2,FUN_1
167017,27858,FUN_2,FUN_3
167032,6429,FUN_3,FUN_4
167035,18774,CUBE_R,RET
167036,15992,FUN_3,FUN_4
167049,7004,FUN_4,FUN_3
167050,6264,FUN_3,FUN_4
167063,20731,CUBE_R,RET
167078,10772,FUN_4,FUN_5
167109,22224,FUN_2,FUN_3
167112,4498,FUN_2,FUN_3
167120,19754,FUN_2,FUN_1
167122,19234,FUN_5,FUN_4
167127,8363,FUN_2,FUN_1
167132,15992,FUN_4,FUN_3
167148,24290,FUN_2,FUN_1
167164,7912,FUN_1,FUN_2
167168,15992,FUN_3,FUN_4
167173,15992,FUN_4,FUN_3
167177,160,FUN_6,FUN_5
167178,26449,FUN_1,FUN_2
167184,1314,FUN_2,FUN_3
167187,1393,FUN_2,FUN_1
167190,27151,CUBE_R,RET
167195,8214,FUN_1,FUN_2
167198,12608,FUN_3,FUN_2
167204,25797,FUN_1,FUN_2
167205,6037,FUN_4,FUN_5
167205,24676,FUN_5,FUN_4
167209,9840,FUN_4,FUN_3
167239,22816,FUN_2,FUN_3
167244,15744,FUN_4,FUN_3
167247,23850,FUN_3,FUN_2
167269,20380,FUN_6,CUBE_R
167283,1017,FUN_2,FUN_1
167298,11386,FUN_3,FUN_4
167325,21988,CUBE_L,FUN_1
167326,16231,FUN_2,FUN_1
167327,2345,FUN_3,FUN_2
167329,29304,FUN_3,FUN_2
167341,11532,RET,CUBE_R
167358,1026,FUN_2,FUN_3
167376,3644,FUN_2,FUN_3
167420,12790,CUBE_R,RET
167426,17798,FUN_2,FUN_3
167438,23597,FUN_3,FUN_4
167440,3138,CUBE_L,RET
167459,19709,FUN_4,FUN_5
167461,8378,FUN_4,FUN_5
167461,25021,FUN_2,FUN_1
167467,1725,FUN_2,FUN_1
167468,2178,FUN_1,FUN_2
167471,15992,FUN_3,FUN_4
167477,25891,FUN_5,FUN_4
167480,6093,FUN_3,FUN_2
167481,17758,CUBE_L,RET
167489,15239,FUN_3,FUN_2
167489,17722,FUN_4,FUN_3
167506,8139,FUN_1,FUN_2
167527,23597,FUN_4,FUN_3
167528,19395,FUN_1,FUN_2
167535,6168,FUN_5,FUN_6
167549,14300,CUBE_L,FUN_1
167570,17803,FUN_3,FUN_4
167573,8315,FUN_1,FUN_2
167575,9763,RET,CUBE_L
167576,8023,RET,CUBE_R
167597,13244,FUN_5,FUN_6
167606,4832,FUN_3,FUN_2
167624,8329,FUN_2,FUN_3
167630,24715,FUN_4,FUN_3
167644,20140,FUN_2,FUN_1
167649,23054,FUN_2,FUN_3
167666,21926,FUN_3,FUN_2
167680,25135,CUBE_R,RET
167684,21409,FUN_1,FUN_2
167693,11251,FUN_4,FUN_3
167697,28494,FUN_2,FUN_3
167698,3634,FUN_2,FUN_1
167699,10146,FUN_5,FUN_4
167700,22842,FUN_2,FUN_3
167702,18061,FUN_2,FUN_1
167716,27496,FUN_3,FUN_2
167726,16894,FUN_3,FUN_4
167726,20562,RET,CUBE_R
167735,26826,CUBE_R,RET
167745,12044,FUN_3,FUN_2
167747,11386,FUN_4,FUN_3
167760,4314,FUN_1,FUN_2
167764,27607,FUN_4,FUN_3
167781,560,CUBE_R,FUN_6
167786,29557,FUN_3,FUN_2
167791,10678,FUN_2,FUN_1
167799,653,CUBE_L,RET
167818,2730,FUN_5,FUN_4
167831,7513,FUN_1,FUN_2
167849,18686,FUN_1,CUBE_L
167871,15620,FUN_3,FUN_4
167873,29440,FUN_6,FUN_5
167876,27408,FUN_2,FUN_1
167894,7178,FUN_6,FUN_5
167902,20284,FUN_2,FUN_1
167922,9809,FUN_5,FUN_4
167933,24140,FUN_2,FUN_3
167956,22789,FUN_2,FUN_1
167962,17518,FUN_2,FUN_1
168025,4274,FUN_4,FUN_5
168043,22099,FUN_1,FUN_2
168054,2303,FUN_2,FUN_3
168063,3138,RET,CUBE_L
168075,14848,FUN_6,FUN_5
168083,10201,CUBE_L,RET
168092,1587,FUN_2,FUN_3
168100,14752,FUN_4,FUN_5
168102,1897,CUBE_L,RET
168103,23171,FUN_6,FUN_5
168105,4292,FUN_1,FUN_2
168105,8526,FUN_3,FUN_2
168108,20488,FUN_4,FUN_3
168108,23587,FUN_1,FUN_2
168112,15993,FUN_2,FUN_3
168154,4562,FUN_1,CUBE_L
168162,10532,FUN_3,FUN_2
168175,8759,RET,CUBE_L
168175,15699,FUN_3,FUN_2
168212,1965,FUN_3,FUN_4
168226,25485,CUBE_L,RET
168237,19666,FUN_2,FUN_3
168277,7982,FUN_3,FUN_2
168278,7738,CUBE_R,RET
168280,725,RET,CUBE_R
168284,12836,FUN_1,FUN_2
168295,13150,FUN_4,FUN_3
168308,11114,RET,CUBE_R
168322,4349,FUN_6,CUBE_R
168342,19816,FUN_4,FUN_3
168343,23207,FUN_3,FUN_2
168347,29023,RET,CUBE_L
168349,27086,FUN_4,FUN_5
168366,17646,FUN_2,FUN_3
168403,11251,FUN_3,FUN_4
168409,7074,FUN_1,FUN_2
168433,5924,FUN_2,FUN_3
168441,26436,CUBE_R,FUN_6
168476,24505,FUN_2,FUN_3
168484,25225,FUN_2,FUN_3
168486,10012,FUN_2,FUN_3
168487,16063,CUBE_L,FUN_1
168493,10201,RET,CUBE_L
168503,27919,FUN_3,FUN_4
168504,4932,FUN_1,CUBE_L
168512,18437,FUN_4,FUN_3
168516,28845,FUN_4,FUN_3
168526,29731,FUN_2,FUN_1
168572,9029,FUN_5,FUN_6
168573,17240,FUN_3,FUN_4
168593,167,RET,CUBE_L
168598,3863,FUN_2,FUN_3
168611,27675,FUN_1,FUN_2
168621,13926,FUN_3,FUN_4
168624,14848,FUN_5,FUN_6
168624,28494,FUN_3,FUN_2
168639,17240,FUN_4,FUN_3
168642,23454,CUBE_R,RET
168644,17240,FUN_3,FUN_4
168646,6630,FUN_5,FUN_6
168647,27858,FUN_3,FUN_2
168656,21409,FUN_2,FUN_1
168660,21406,FUN_3,FUN_2
168687,9809,FUN_4,FUN_5
168695,16650,FUN_2,FUN_3
168702,26970,FUN_1,FUN_2
168711,29284,CUBE_R,RET
168727,6691,FUN_2,FUN_1
168732,9430,FUN_2,FUN_3
168733,21985,FUN_1,FUN_2
168738,10287,CUBE_R,FUN_6
168744,12474,FUN_4,FUN_3
168752,21298,FUN_2,FUN_3
168764,17518,FUN_1,FUN_2
168771,17482,FUN_5,FUN_4
168775,17240,FUN_4,FUN_3
168776,7717,RET,CUBE_L
168776,18716,FUN_1,FUN_2
168784,13943,CUBE_L,FUN_1
168784,18686,CUBE_L,FUN_1
168791,22766,FUN_3,FUN_2
168794,21420,FUN_2,FUN_1
168800,17240,FUN_3,FUN_4
168801,1965,FUN_4,FUN_3
168831,20611,FUN_4,FUN_5
168860,9430,FUN_3,FUN_2
168870,19183,FUN_2,FUN_3
168883,7067,FUN_5,FUN_6
168896,5457,FUN_1,FUN_2
168916,2724,FUN_4,FUN_3
168963,4832,FUN_2,FUN_3
168981,17240,FUN_4,FUN_3
168998,28462,FUN_3,FUN_4
169008,18377,RET,CUBE_L
169031,25021,FUN_1,FUN_2
169038,25134,FUN_2,FUN_1
169058,11674,FUN_3,FUN_2
169061,6313,FUN_2,FUN_3
169080,22224,FUN_3,FUN_2
169108,5807,RET,CUBE_L
169137,17518,FUN_2,FUN_1
169167,6305,CUBE_R,RET
169172,22621,CUBE_R,FUN_6
169173,4124,FUN_3,FUN_2
169173,27839,FUN_2,FUN_1
169184,8791,RET,CUBE_R
169212,461,FUN_2,FUN_3
169215,14026,FUN_2,FUN_1
169224,21420,FUN_1,FUN_2
169260,17240,FUN_3,FUN_4
169265,18527,FUN_6,CUBE_R
169290,7691,FUN_2,FUN_3
169290,28656,FUN_1,FUN_2
169294,26826,RET,CUBE_R
169310,24649,FUN_6,FUN_5
169313,10982,FUN_4,FUN_5
169344,3588,CUBE_L,RET
169360,12083,FUN_3,FUN_4
169375,18716,FUN_2,FUN_1
169378,5074,FUN_6,CUBE_R
169388,9661,FUN_6,FUN_5
169403,27963,FUN_3,FUN_2
169406,26297,FUN_2,FUN_3
169428,15542,FUN_3,FUN_4
169455,21406,FUN_2,FUN_3
169457,17258,FUN_1,FUN_2
169461,14026,FUN_1,FUN_2
169464,19220,FUN_4,FUN_3
169472,12069,FUN_2,FUN_3
169485,3556,FUN_2,FUN_1
169487,12244,FUN_2,FUN_1
169487,26920,FUN_3,FUN_2
169493,22438,FUN_4,FUN_5
169494,3316,FUN_1,CUBE_L
169499,10895,FUN_2,FUN_1
169505,23719,FUN_2,FUN_1
169523,15814,FUN_1,FUN_2
169530,12259,FUN_2,FUN_1
169544,5676,FUN_3,FUN_4
169551,16585,FUN_3,FUN_4
169573,21889,FUN_3,FUN_4
169584,12595,FUN_6,FUN_5
169590,6447,FUN_2,FUN_3
169593,601,CUBE_R,RET
169610,9809,FUN_5,FUN_4
169623,19800,CUBE_R,RET
169631,7912,FUN_2,FUN_1
169631,23633,FUN_2,FUN_1
169632,21171,FUN_2,FUN_3
169655,15528,RET,CUBE_R
169665,10350,FUN_2,FUN_3
169669,15815,FUN_2,FUN_1
169674,22935,FUN_4,FUN_3
169681,10627,FUN_4,FUN_3
169751,15620,FUN_4,FUN_3
169753,1887,CUBE_R,FUN_6
169770,725,CUBE_R,RET
169772,18972,FUN_4,FUN_5
169778,29477,FUN_1,FUN_2
169792,7589,FUN_1,FUN_2
169798,931,CUBE_L,FUN_1
169800,24290,FUN_1,FUN_2
169802,12706,RET,CUBE_R
169803,18976,FUN_5,FUN_4
169811,1507,FUN_2,FUN_1
169821,15744,FUN_3,FUN_4
169825,15368,FUN_2,FUN_1
169828,29363,FUN_3,FUN_2
169847,27839,FUN_1,FUN_2
169853,9284,FUN_3,FUN_2
169854,27083,FUN_1,FUN_2
169866,8022,FUN_3,FUN_2
169870,20025,FUN_3,FUN_4
169883,5171,FUN_2,FUN_3
169890,4542,FUN_2,FUN_3
169890,7008,FUN_2,FUN_3
169891,11251,FUN_4,FUN_3
169892,7550,CUBE_R,RET
169914,9174,FUN_3,FUN_2
169916,12474,FUN_3,FUN_4
169922,22324,FUN_2,FUN_3
169931,13112,FUN_1,FUN_2
169939,2724,FUN_3,FUN_4
169992,14301,FUN_1,FUN_2
170012,3588,RET,CUBE_L
170040,9174,FUN_2,FUN_3
170043,19816,FUN_3,FUN_4
170048,24276,FUN_6,CUBE_R
170103,15542,FUN_4,FUN_3
170114,27496,FUN_2,FUN_3
170122,22197,FUN_3,FUN_2
170123,2394,FUN_4,FUN_5
170125,9430,FUN_2,FUN_3
170138,15814,FUN_2,FUN_1
170142,16098,FUN_1,CUBE_L
170158,15542,FUN_3,FUN_4
170178,24676,FUN_4,FUN_5
170181,5287,FUN_3,FUN_2
170192,20611,FUN_5,FUN_4
170195,14026,FUN_2,FUN_1
170221,22364,FUN_6,CUBE_R
170226,26826,CUBE_R,RET
170229,26905,FUN_3,FUN_4
170248,18063,FUN_2,FUN_1
170261,6447,FUN_3,FUN_2
170262,4509,FUN_4,FUN_5
170268,17258,FUN_2,FUN_1
170296,17518,FUN_1,FUN_2
170299,25891,FUN_4,FUN_5
170303,6280,FUN_6,CUBE_R
170311,11777,CUBE_R,RET
170318,20284,FUN_1,FUN_2
170318,27496,FUN_3,FUN_2
170321,2724,FUN_4,FUN_3
170341,5797,FUN_5,FUN_6
170356,17137,FUN_3,FUN_2
170374,5877,FUN_2,FUN_3
170374,9430,FUN_3,FUN_2
170380,20600,CUBE_L,FUN_1
170392,28462,FUN_4,FUN_3
170398,70,CUBE_R,FUN_6
170424,10627,FUN_3,FUN_4
170429,10150,FUN_6,CUBE_R
170432,21460,FUN_3,FUN_2
170433,26297,FUN_3,FUN_2
170444,19109,FUN_2,FUN_1
170452,10217,FUN_2,FUN_3
170455,29731,FUN_1,FUN_2
170468,14622,FUN_1,CUBE_L
170470,27932,FUN_6,CUBE_R
170480,9792,FUN_3,FUN_4
170481,27410,CUBE_L,RET
170484,5676,FUN_4,FUN_3
170490,27089,FUN_2,FUN_1
170514,1765,CUBE_R,FUN_6
170514,3556,FUN_1,FUN_2
170557,19521,RET,CUBE_L
170558,13530,FUN_3,FUN_4
170563,3138,CUBE_L,RET
170563,12386,FUN_1,FUN_2
170571,1423,FUN_2,FUN_1
170581,14266,FUN_5,FUN_6
170619,15333,FUN_3,FUN_4
170626,10201,CUBE_L,RET
170638,21171,FUN_3,FUN_2
170650,13432,FUN_2,FUN_3
170659,27496,FUN_2,FUN_3
170662,12705,FUN_2,FUN_3
170672,9809,FUN_4,FUN_5
170684,25705,FUN_2,FUN_1
170703,9809,FUN_5,FUN_4
170725,10346,FUN_3,FUN_2
170739,7178,FUN_5,FUN_6
170752,19686,FUN_5,FUN_6
170759,26414,FUN_6,FUN_5
170777,5171,FUN_3,FUN_2
170779,27988,CUBE_L,FUN_1
170796,29284,RET,CUBE_R
170802,15331,FUN_3,FUN_4
170824,24313,FUN_2,FUN_1
170826,27569,FUN_6,FUN_5
170838,6313,FUN_3,FUN_2
170842,17258,FUN_1,FUN_2
170863,9840,FUN_3,FUN_4
170866,3649,FUN_5,FUN_4
170876,29962,CUBE_L,RET
170888,18061,FUN_1,FUN_2
170902,15699,FUN_2,FUN_3
170908,24313,FUN_1,FUN_2
170914,18312,CUBE_L,RET
170927,16585,FUN_4,FUN_3
170936,28640,FUN_2,FUN_3
170943,6447,FUN_2,FUN_3
170947,14532,FUN_3,FUN_2
170952,14752,FUN_5,FUN_4
170965,16231,FUN_1,FUN_2
170966,12790,RET,CUBE_R
170967,1366,FUN_2,FUN_3
170978,11315,FUN_1,FUN_2
171013,4124,FUN_2,FUN_3
171021,19399,FUN_4,FUN_5
171049,11282,FUN_3,FUN_2
171065,27052,FUN_3,FUN_4
171106,2042,FUN_3,FUN_4
171116,1069,CUBE_R,RET
171131,17137,FUN_2,FUN_3
171146,20628,RET,CUBE_R
171183,29878,FUN_5,FUN_4
171184,22398,CUBE_R,FUN_6
171185,601,RET,CUBE_R
171186,6049,CUBE_R,FUN_6
171208,3556,FUN_2,FUN_1
171209,15699,FUN_3,FUN_2
171211,70,FUN_6,CUBE_R
171211,19374,FUN_2,FUN_1
171238,15814,FUN_1,FUN_2
171252,15611,CUBE_R,FUN_6
171259,24009,FUN_2,FUN_3
171262,16469,RET,CUBE_R
171269,11282,FUN_2,FUN_3
171278,3523,FUN_6,CUBE_R
171279,13127,FUN_3,FUN_2
171280,17789,FUN_3,FUN_2
171294,25928,FUN_2,FUN_3
171301,18972,FUN_5,FUN_4
171323,7157,FUN_2,FUN_1
171333,5862,FUN_3,FUN_2
171340,19196,CUBE_R,RET
171348,2303,FUN_3,FUN_2
171350,1197,FUN_4,FUN_3
171363,4292,FUN_2,FUN_1
171366,967,FUN_2,FUN_1
171367,24009,FUN_3,FUN_2
171379,21889,FUN_4,FUN_3
171382,2303,FUN_2,FUN_3
171389,24251,FUN_4,FUN_3
171390,13832,CUBE_L,FUN_1
171391,24695,FUN_2,FUN_3
171412,24715,FUN_3,FUN_4
171434,4485,FUN_1,FUN_2
171451,7194,FUN_5,FUN_4
171467,26551,FUN_2,FUN_3
171486,2162,RET,CUBE_L
171491,1461,FUN_3,FUN_2
171515,702,RET,CUBE_R
171541,14852,FUN_3,FUN_2
171541,20413,FUN_2,FUN_1
171556,12706,CUBE_R,RET
171561,13112,FUN_2,FUN_1
171575,19374,FUN_1,FUN_2
171579,13096,FUN_3,FUN_2
171623,18563,FUN_2,FUN_3
171645,24686,CUBE_L,RET
171647,6582,FUN_2,FUN_1
171661,22983,FUN_3,FUN_4
171666,18050,FUN_2,FUN_1
171678,686,FUN_3,FUN_2
171719,28714,FUN_5,FUN_6
171723,6313,FUN_2,FUN_3
171788,7370,FUN_6,CUBE_R
171792,9425,FUN_4,FUN_3
171794,27089,FUN_1,FUN_2
171808,5514,CUBE_L,FUN_1
171808,17791,CUBE_R,RET
171822,21988,FUN_1,CUBE_L
171835,14938,FUN_3,FUN_2
171836,10290,CUBE_R,FUN_6
171836,27919,FUN_4,FUN_3
171837,557,RET,CUBE_R
171841,29770,FUN_2,FUN_1
171842,2283,FUN_3,FUN_2
171855,10678,FUN_1,FUN_2
171858,27156,FUN_2,FUN_3
171864,10678,FUN_2,FUN_1
171866,7178,FUN_6,FUN_5
171869,9208,FUN_2,FUN_3
171879,20413,FUN_1,FUN_2
171888,763,FUN_2,FUN_1
171905,9969,RET,CUBE_R
171905,27052,FUN_4,FUN_3
171912,28763,CUBE_R,RET
171916,28462,FUN_3,FUN_4
171919,20562,CUBE_R,RET
171933,15557,FUN_4,FUN_3
171933,16062,FUN_3,FUN_2
171936,6222,FUN_2,FUN_1
171972,4117,FUN_4,FUN_3
171989,25797,FUN_2,FUN_1
171990,22618,FUN_2,FUN_3
172001,23264,CUBE_R,FUN_6
172006,6313,FUN_3,FUN_2
172024,22398,FUN_6,CUBE_R
172036,6280,CUBE_R,FUN_6
172045,18798,FUN_3,FUN_4
172049,8072,CUBE_R,RET
172052,18718,FUN_3,FUN_2
172053,14447,CUBE_R,FUN_6
172055,28622,RET,CUBE_R
172058,461,FUN_3,FUN_2
172078,24436,FUN_5,FUN_6
172083,24786,CUBE_L,RET
172097,11282,FUN_3,FUN_2
172104,2249,FUN_2,FUN_3
172108,15814,FUN_2,FUN_1
172123,26730,FUN_4,FUN_5
172126,1197,FUN_3,FUN_4
172130,4162,FUN_3,FUN_4
172134,19196,RET,CUBE_R
172138,7484,FUN_1,FUN_2
172145,21171,FUN_2,FUN_3
172150,12212,CUBE_L,RET
172150,19294,FUN_4,FUN_3
172153,10771,CUBE_L,RET
172155,686,FUN_2,FUN_3
172161,1366,FUN_3,FUN_2
172176,14481,FUN_2,FUN_3
172184,26569,CUBE_R,RET
172228,18273,CUBE_L,FUN_1
172231,3138,RET,CUBE_L
172231,9792,FUN_4,FUN_3
172237,5287,FUN_2,FUN_3
172238,28680,FUN_1,FUN_2
172282,17740,FUN_2,FUN_1
172291,9533,FUN_4,FUN_3
172293,15239,FUN_2,FUN_3
172308,9478,FUN_3,FUN_2
172330,17740,FUN_1,FUN_2
172332,22568,FUN_5,FUN_4
172349,3523,CUBE_R,FUN_6
172380,967,FUN_1,FUN_2
172383,28249,CUBE_R,RET
172409,19561,FUN_4,FUN_3
172409,28108,FUN_3,FUN_2
172412,3411,CUBE_R,RET
172413,27496,FUN_3,FUN_2
172420,3316,CUBE_L,FUN_1
172427,16075,FUN_1,FUN_2
172441,24276,CUBE_R,FUN_6
172445,13273,FUN_4,FUN_3
172451,7550,RET,CUBE_R
172454,25187,FUN_3,FUN_4
172463,27537,FUN_3,FUN_2
172469,6039,FUN_2,FUN_3
172471,18575,RET,CUBE_R
172484,29284,CUBE_R,RET
172500,503,FUN_2,FUN_1
172504,29878,FUN_4,FUN_5
172507,8315,FUN_2,FUN_1
172507,9054,FUN_6,CUBE_R
172517,9288,CUBE_L,RET
172517,27963,FUN_2,FUN_3
172532,25357,RET,CUBE_L
172545,13112,FUN_1,FUN_2
172554,27534,FUN_1,CUBE_L
172556,13943,FUN_1,CUBE_L
172584,25970,RET,CUBE_R
172605,12836,FUN_2,FUN_1
172619,4542,FUN_3,FUN_2
172620,1595,FUN_4,FUN_5
172620,13031,FUN_2,FUN_1
172627,25797,FUN_1,FUN_2
172631,14980,FUN_3,FUN_4
172638,16231,FUN_2,FUN_1
172647,2225,FUN_1,FUN_2
172649,2064,FUN_3,FUN_2
172665,8839,FUN_3,FUN_2
172684,19390,FUN_3,FUN_2
172689,26551,FUN_3,FUN_2
172697,4117,FUN_3,FUN_4
172724,9092,FUN_3,FUN_4
172740,5171,FUN_2,FUN_3
172742,20671,FUN_1,CUBE_L
172743,27919,FUN_3,FUN_4
172755,1197,FUN_4,FUN_3
172762,11674,FUN_2,FUN_3
172766,2394,FUN_5,FUN_4
172766,4274,FUN_5,FUN_4
172769,18050,FUN_1,FUN_2
172783,22557,FUN_2,FUN_1
172789,8949,CUBE_L,RET
172796,10734,FUN_3,FUN_2
172805,28249,RET,CUBE_R
172810,18458,RET,CUBE_L
172811,2345,FUN_2,FUN_3
172813,6582,FUN_1,FUN_2
172822,14341,CUBE_L,FUN_1
172829,21420,FUN_2,FUN_1
172837,10811,FUN_3,FUN_2
172837,15988,CUBE_L,FUN_1
172838,17158,CUBE_L,RET
172840,14251,CUBE_L,RET
172842,20628,CUBE_R,RET
172847,28362,FUN_6,CUBE_R
172849,10290,FUN_6,CUBE_R
172864,3730,RET,CUBE_L
172877,25235,FUN_2,FUN_1
172886,1165,RET,CUBE_L
172889,8023,CUBE_R,RET
172919,21647,FUN_6,CUBE_R
172922,15620,FUN_3,FUN_4
172929,25891,FUN_5,FUN_4
172931,7982,FUN_2,FUN_3
172935,12259,FUN_1,FUN_2
172969,15993,FUN_3,FUN_2
172980,25225,FUN_3,FUN_2
172999,6168,FUN_6,FUN_5
173000,24351,FUN_2,FUN_3
173009,7926,CUBE_R,FUN_6
173010,28394,FUN_3,FUN_4
173011,7550,CUBE_R,RET
173024,27762,CUBE_L,FUN_1
173036,19308,CUBE_R,FUN_6
173038,6071,FUN_2,FUN_3
173042,26862,FUN_2,FUN_1
173044,13943,CUBE_L,FUN_1
173060,24276,FUN_6,CUBE_R
173062,28108,FUN_2,FUN_3
173077,26624,CUBE_R,RET
173087,15744,FUN_4,FUN_3
173095,8363,FUN_1,FUN_2
173099,2283,FUN_2,FUN_3
173113,6582,FUN_2,FUN_1
173117,16415,CUBE_R,RET
173122,15947,FUN_4,FUN_3
173123,21420,FUN_1,FUN_2
173130,13127,FUN_2,FUN_3
173134,13245,FUN_3,FUN_4
173135,1366,FUN_2,FUN_3
173139,18976,FUN_4,FUN_5
173154,1173,CUBE_L,RET
173154,26128,CUBE_R,RET
173164,21086,CUBE_R,FUN_6
173188,3480,FUN_1,FUN_2
173190,28640,FUN_3,FUN_2
173198,23633,FUN_1,FUN_2
173205,26551,FUN_2,FUN_3
173207,125,CUBE_R,RET
173215,14301,FUN_2,FUN_1
173220,10201,RET,CUBE_L
173221,9969,CUBE_R,RET
173226,13183,CUBE_R,RET
173228,5807,CUBE_L,RET
173237,21100,FUN_5,FUN_4
173238,26260,FUN_3,FUN_4
173243,13031,FUN_1,FUN_2
173257,15993,FUN_2,FUN_3
173289,26436,FUN_6,CUBE_R
173325,28714,FUN_6,FUN_5
173341,25666,FUN_2,FUN_3
173363,24351,FUN_3,FUN_2
173368,3035,FUN_3,FUN_2
173384,2372,RET,CUBE_L
173396,18917,FUN_4,FUN_3
173419,12212,RET,CUBE_L
173419,13112,FUN_2,FUN_1
173419,14879,FUN_3,FUN_4
173419,25981,FUN_2,FUN_1
173426,29557,FUN_2,FUN_3
173431,6305,RET,CUBE_R
173433,5968,FUN_2,FUN_3
173433,6691,FUN_1,FUN_2
173442,20562,RET,CUBE_R
173444,13096,FUN_2,FUN_3
173467,29556,CUBE_L,FUN_1
173470,6810,FUN_3,FUN_2
173474,6630,FUN_6,FUN_5
173476,3993,CUBE_R,FUN_6
173479,11282,FUN_2,FUN_3
173481,3993,FUN_6,CUBE_R
173485,4235,RET,CUBE_R
173486,5249,FUN_4,FUN_3
173497,14635,FUN_4,FUN_5
173514,18901,RET,CUBE_R
173514,24354,FUN_4,FUN_5
173520,19521,CUBE_L,RET
173554,18972,FUN_4,FUN_5
173558,29284,RET,CUBE_R
173559,22324,FUN_3,FUN_2
173560,8659,RET,CUBE_L
173565,5287,FUN_3,FUN_2
173577,5722,FUN_2,FUN_3
173579,2420,FUN_6,FUN_5
173595,27963,FUN_3,FUN_2
173600,14938,FUN_2,FUN_3
173606,668,FUN_3,FUN_2
173615,3523,FUN_6,CUBE_R
173626,3285,FUN_2,FUN_1
173630,25235,FUN_1,FUN_2
173641,27537,FUN_2,FUN_3
173644,23264,FUN_6,CUBE_R
173649,10882,FUN_3,FUN_4
173651,15453,RET,CUBE_R
173655,29770,FUN_1,FUN_2
173661,14622,CUBE_L,FUN_1
173663,13112,FUN_1,FUN_2
173668,3411,RET,CUBE_R
173669,13127,FUN_3,FUN_2
173677,24545,CUBE_R,FUN_6
173694,6222,FUN_1,FUN_2
173705,27164,FUN_3,FUN_2
173714,25514,CUBE_L,RET
173729,22598,FUN_2,FUN_3
173731,22040,FUN_2,FUN_1
173750,22842,FUN_3,FUN_2
173751,15333,FUN_4,FUN_3
173752,14363,FUN_3,FUN_2
173768,11282,FUN_3,FUN_2
173768,21298,FUN_3,FUN_2
173775,23719,FUN_1,FUN_2
173785,23079,CUBE_R,RET
173793,12636,FUN_5,FUN_4
173809,4897,FUN_3,FUN_4
173814,20284,FUN_2,FUN_1
173863,5884,FUN_1,CUBE_L
173880,22797,FUN_2,FUN_3
173885,14341,FUN_1,CUBE_L
173889,503,FUN_1,FUN_2
173902,1696,CUBE_R,FUN_6
173963,5171,FUN_3,FUN_2
173996,20167,FUN_3,FUN_4
173998,29115,FUN_6,FUN_5
174034,10687,FUN_6,FUN_5
174059,14635,FUN_5,FUN_4
174063,3993,CUBE_R,FUN_6
174072,27762,FUN_1,CUBE_L
174080,15620,FUN_4,FUN_3
174114,2534,CUBE_L,RET
174135,29496,CUBE_R,RET
174138,17758,RET,CUBE_L
174148,25981,FUN_1,FUN_2
174150,931,FUN_1,CUBE_L
174158,14635,FUN_4,FUN_5
174161,11282,FUN_2,FUN_3
174175,23457,FUN_4,FUN_5
174183,4292,FUN_1,FUN_2
174203,1314,FUN_3,FUN_2
174216,2249,FUN_3,FUN_2
174236,17223,FUN_4,FUN_3
174243,14027,FUN_6,CUBE_R
174274,15611,FUN_6,CUBE_R
174280,26436,CUBE_R,FUN_6
174298,20284,FUN_1,FUN_2
174300,14635,FUN_5,FUN_4
174303,28998,FUN_3,FUN_2
174325,6758,FUN_2,FUN_3
174329,28386,FUN_3,FUN_2
174343,2064,FUN_2,FUN_3
174370,29737,FUN_6,FUN_5
174379,28394,FUN_4,FUN_3
174381,24964,RET,CUBE_L
174383,5457,FUN_2,FUN_1
174395,29674,CUBE_R,RET
174413,1541,FUN_3,FUN_2
174443,2045,FUN_3,FUN_4
174444,21142,FUN_3,FUN_2
174466,23919,CUBE_L,FUN_1
174501,6562,RET,CUBE_R
174524,24276,CUBE_R,FUN_6
174526,13085,FUN_4,FUN_3
174531,28494,FUN_2,FUN_3
174532,21448,FUN_2,FUN_1
174538,3084,FUN_1,CUBE_L
174552,17530,FUN_3,FUN_2
174554,4314,FUN_2,FUN_1
174567,27660,FUN_2,FUN_1
174571,20308,FUN_2,FUN_1
174585,25235,FUN_2,FUN_1
174602,7738,RET,CUBE_R
174603,23563,FUN_3,FUN_2
174607,28763,RET,CUBE_R
174608,17261,FUN_1,FUN_2
174609,25705,FUN_1,FUN_2
174613,7779,FUN_3,FUN_2
174615,27569,FUN_5,FUN_6
174621,2039,FUN_3,FUN_2
174624,4542,FUN_2,FUN_3
174631,11386,FUN_3,FUN_4
174640,12083,FUN_4,FUN_3
174652,26730,FUN_5,FUN_4
174665,23876,FUN_6,CUBE_R
174695,10854,FUN_5,FUN_6
174696,28622,CUBE_R,RET
174697,3993,FUN_6,CUBE_R
174711,12836,FUN_1,FUN_2
174720,5565,FUN_1,FUN_2
174730,22061,FUN_2,FUN_1
174732,17173,FUN_3,FUN_4
174740,10350,FUN_3,FUN_2
174741,2064,FUN_3,FUN_2
174748,28023,RET,CUBE_R
174749,18716,FUN_1,FUN_2
174760,4104,CUBE_R,FUN_6
174761,9748,FUN_2,FUN_3
174766,27858,FUN_2,FUN_3
174773,13782,FUN_1,FUN_2
174777,20,CUBE_L,RET
174778,21298,FUN_2,FUN_3
174783,1897,RET,CUBE_L
174786,5722,FUN_3,FUN_2
174811,4970,FUN_1,FUN_2
174811,5942,FUN_2,FUN_3
174815,241,CUBE_R,RET
174837,14027,CUBE_R,FUN_6
174838,25235,FUN_1,FUN_2
174842,3285,FUN_1,FUN_2
174844,28622,RET,CUBE_R
174849,19390,FUN_2,FUN_3
174861,25514,RET,CUBE_L
174883,1970,CUBE_R,FUN_6
174885,1053,FUN_4,FUN_5
174885,6059,FUN_4,FUN_3
174887,29487,FUN_2,FUN_3
174893,10734,FUN_2,FUN_3
174904,4314,FUN_1,FUN_2
174913,17223,FUN_3,FUN_4
174924,4292,FUN_2,FUN_1
174932,4509,FUN_5,FUN_4
174937,4162,FUN_4,FUN_3
174958,9929,CUBE_L,FUN_1
174958,21647,CUBE_R,FUN_6
174974,20,RET,CUBE_L
174984,14852,FUN_2,FUN_3
174995,20,CUBE_L,RET
175008,503,FUN_2,FUN_1
175010,11444,FUN_1,CUBE_L
175016,20,RET,CUBE_L
175016,10687,FUN_5,FUN_6
175044,13273,FUN_3,FUN_4
175066,23256,FUN_3,FUN_2
175073,24261,CUBE_L,FUN_1
175074,1017,FUN_1,FUN_2
175076,5884,CUBE_L,FUN_1
175099,25797,FUN_2,FUN_1
175104,14879,FUN_4,FUN_3
175114,18976,FUN_5,FUN_4
175116,17789,FUN_2,FUN_3
175151,1993,FUN_6,CUBE_R
175170,1964,FUN_2,FUN_3
175171,17240,FUN_4,FUN_3
175184,24686,RET,CUBE_L
175186,21228,FUN_2,FUN_3
175187,20895,FUN_3,FUN_2
175224,6071,FUN_3,FUN_2
175229,24945,FUN_3,FUN_2
175238,1173,RET,CUBE_L
175254,19294,FUN_3,FUN_4
175257,23768,FUN_2,FUN_1
175268,15331,FUN_4,FUN_3
175276,24351,FUN_2,FUN_3
175285,5942,FUN_3,FUN_2
175301,26682,CUBE_L,RET
175303,22744,FUN_1,FUN_2
175310,21502,FUN_3,FUN_2
175372,6280,FUN_6,CUBE_R
175372,8839,FUN_2,FUN_3
175376,581,CUBE_R,RET
175398,14806,CUBE_L,FUN_1
175403,28750,CUBE_R,FUN_6
175411,9263,FUN_3,FUN_2
175420,24505,FUN_3,FUN_2
175425,10272,FUN_3,FUN_4
175430,26920,FUN_2,FUN_3
175433,11386,FUN_4,FUN_3
175437,23266,FUN_3,FUN_2
175453,16075,FUN_2,FUN_1
175458,503,FUN_1,FUN_2
175458,20731,RET,CUBE_R
175467,27422,RET,CUBE_L
175473,4274,FUN_4,FUN_5
175484,3316,FUN_1,CUBE_L
175486,4287,FUN_2,FUN_1
175493,19666,FUN_3,FUN_2
175498,11498,CUBE_R,RET
175511,5884,FUN_1,CUBE_L
175515,23024,FUN_4,FUN_5
175519,17315,FUN_5,FUN_4
175529,28005,CUBE_L,RET
175532,10824,FUN_5,FUN_4
175532,14327,CUBE_R,RET
175553,2321,FUN_4,FUN_3
175555,28494,FUN_3,FUN_2
175556,16071,FUN_4,FUN_5
175562,17223,FUN_4,FUN_3
175566,6071,FUN_2,FUN_3
175572,3045,CUBE_R,FUN_6
175579,22178,RET,CUBE_R
175583,6690,FUN_2,FUN_1
175608,3993,CUBE_R,FUN_6
175621,26436,FUN_6,CUBE_R
175629,28622,CUBE_R,RET
175636,493,CUBE_L,RET
175639,7370,CUBE_R,FUN_6
175647,27963,FUN_2,FUN_3
175648,24945,FUN_2,FUN_3
175649,15441,FUN_3,FUN_4
175680,967,FUN_2,FUN_1
175686,2020,FUN_6,CUBE_R
175687,8839,FUN_3,FUN_2
175693,22398,CUBE_R,FUN_6
175697,28562,FUN_5,FUN_4
175698,14688,FUN_3,FUN_4
175701,815,FUN_1,FUN_2
175705,7742,FUN_1,CUBE_L
175712,20077,FUN_5,FUN_6
175745,3316,CUBE_L,FUN_1
175756,10895,FUN_1,FUN_2
175762,10525,FUN_2,FUN_1
175773,5807,RET,CUBE_L
175779,27090,RET,CUBE_R
175782,12636,FUN_4,FUN_5
175788,3316,FUN_1,CUBE_L
175796,26682,RET,CUBE_L
175807,11875,CUBE_R,RET
175821,815,FUN_2,FUN_1
175848,6585,FUN_3,FUN_2
175856,19632,CUBE_L,RET
175861,14287,FUN_3,FUN_4
175863,1769,FUN_3,FUN_4
175879,26682,CUBE_L,RET
175884,29814,FUN_2,FUN_3
175911,9353,FUN_3,FUN_2
175918,5923,FUN_3,FUN_2
175932,20039,FUN_1,FUN_2
175944,27431,FUN_1,CUBE_L
175963,1587,FUN_3,FUN_2
175964,8839,FUN_2,FUN_3
175969,16075,FUN_1,FUN_2
176000,19507,FUN_4,FUN_3
176000,23266,FUN_2,FUN_3
176006,17261,FUN_2,FUN_1
176015,28622,RET,CUBE_R
176023,1845,FUN_2,FUN_1
176026,27913,FUN_1,FUN_2
176046,18663,CUBE_L,RET
176046,21459,FUN_2,FUN_3
176057,13127,FUN_2,FUN_3
176058,21460,FUN_2,FUN_3
176088,8329,FUN_3,FUN_2
176093,4162,FUN_3,FUN_4
176093,13112,FUN_2,FUN_1
176100,21460,FUN_3,FUN_2
176106,20308,FUN_1,FUN_2
176110,20,CUBE_L,RET
176112,23646,FUN_2,FUN_3
176127,12549,RET,CUBE_R
176135,22398,FUN_6,CUBE_R
176150,10272,FUN_4,FUN_3
176160,22456,FUN_2,FUN_3
176177,26682,RET,CUBE_L
176192,3035,FUN_2,FUN_3
176193,7878,FUN_2,FUN_1
176210,3170,FUN_3,FUN_2
176213,18774,RET,CUBE_R
176214,2109,CUBE_L,FUN_1
176218,1696,FUN_6,CUBE_R
176224,26920,FUN_3,FUN_2
176226,2730,FUN_4,FUN_5
176236,26624,RET,CUBE_R
176260,23264,CUBE_R,FUN_6
176264,22816,FUN_3,FUN_2
176293,29477,FUN_2,FUN_1
176300,560,FUN_6,CUBE_R
176308,4292,FUN_1,FUN_2
176308,8315,FUN_1,FUN_2
176309,7008,FUN_3,FUN_2
176320,4528,FUN_1,FUN_2
176338,5800,FUN_1,FUN_2
176339,16206,CUBE_R,FUN_6
176341,28856,FUN_4,FUN_3
176351,4124,FUN_3,FUN_2
176355,5171,FUN_2,FUN_3
176363,15441,FUN_4,FUN_3
176383,22842,FUN_2,FUN_3
176405,6574,FUN_6,CUBE_R
176408,4279,FUN_3,FUN_2
176415,20308,FUN_2,FUN_1
176423,1423,FUN_1,FUN_2
176423,8380,FUN_2,FUN_3
176423,11465,FUN_3,FUN_2
176429,18752,FUN_1,FUN_2
176433,2004,FUN_3,FUN_2
176444,10693,RET,CUBE_L
176448,4896,FUN_2,FUN_3
176462,17223,FUN_3,FUN_4
176475,815,FUN_1,FUN_2
176488,12349,FUN_3,FUN_4
176495,15759,CUBE_L,RET
176507,763,FUN_1,FUN_2
176507,27773,CUBE_L,RET
176519,9263,FUN_2,FUN_3
176519,22797,FUN_3,FUN_2
176524,4124,FUN_2,FUN_3
176534,14806,FUN_1,CUBE_L
176538,18752,FUN_2,FUN_1
176540,13205,FUN_4,FUN_5
176556,8646,FUN_2,FUN_1
176564,4496,FUN_3,FUN_2
176602,2433,FUN_3,FUN_2
176605,27410,RET,CUBE_L
176612,16063,FUN_1,CUBE_L
176618,4110,FUN_3,FUN_2
176646,11784,FUN_3,FUN_2
176647,18864,FUN_1,FUN_2
176651,4398,FUN_5,FUN_4
176652,503,FUN_2,FUN_1
176656,668,FUN_2,FUN_3
176658,20077,FUN_6,FUN_5
176671,20,RET,CUBE_L
176677,24649,FUN_5,FUN_6
176680,27107,CUBE_L,RET
176681,5694,FUN_4,FUN_3
176682,18752,FUN_1,FUN_2
176683,20308,FUN_1,FUN_2
176684,815,FUN_2,FUN_1
176686,12244,FUN_1,FUN_2
176745,15441,FUN_3,FUN_4
176759,21502,FUN_2,FUN_3
176760,560,CUBE_R,FUN_6
176760,22217,FUN_3,FUN_2
176775,12757,FUN_2,FUN_1
176776,2854,FUN_6,CUBE_R
176783,11157,FUN_3,FUN_2
176785,29477,FUN_1,FUN_2
176801,17530,FUN_2,FUN_3
176811,1507,FUN_1,FUN_2
176811,2439,FUN_3,FUN_4
176824,26624,CUBE_R,RET
176844,775,FUN_2,FUN_3
176847,8535,CUBE_L,RET
176859,25899,FUN_2,FUN_1
176860,9929,FUN_1,CUBE_L
176879,3987,CUBE_L,FUN_1
176890,2039,FUN_2,FUN_3
176899,29674,RET,CUBE_R
176909,6630,FUN_5,FUN_6
176922,16206,FUN_6,CUBE_R
176935,23868,FUN_3,FUN_2
176960,7008,FUN_2,FUN_3
176969,15632,FUN_6,CUBE_R
176976,24247,FUN_3,FUN_2
177002,12836,FUN_2,FUN_1
177009,2037,FUN_6,FUN_5
177015,19294,FUN_4,FUN_3
177018,28023,CUBE_R,RET
177040,9571,FUN_2,FUN_3
177072,4509,FUN_4,FUN_5
177079,1897,CUBE_L,RET
177085,8949,RET,CUBE_L
177091,28686,FUN_4,FUN_5
177100,763,FUN_2,FUN_1
177101,22816,FUN_2,FUN_3
177104,4359,RET,CUBE_R
177114,12636,FUN_5,FUN_4
177161,6222,FUN_2,FUN_1
177191,17758,CUBE_L,RET
177197,12836,FUN_1,FUN_2
177204,3285,FUN_2,FUN_1
177210,27804,CUBE_R,FUN_6
177219,125,RET,CUBE_R
177221,19784,FUN_3,FUN_4
177224,9941,FUN_6,FUN_5
177227,11289,RET,CUBE_R
177228,9874,FUN_2,FUN_3
177235,21228,FUN_3,FUN_2
177253,11831,CUBE_R,RET
177263,23919,FUN_1,CUBE_L
177270,3814,FUN_6,FUN_5
177284,26551,FUN_3,FUN_2
177300,14812,FUN_2,FUN_1
177312,29878,FUN_5,FUN_4
177317,14635,FUN_4,FUN_5
177338,3951,FUN_6,FUN_5
177343,14076,RET,CUBE_L
177346,28998,FUN_2,FUN_3
177354,29243,FUN_3,FUN_2
177362,384,FUN_3,FUN_2
177377,13143,FUN_3,FUN_4
177403,13183,RET,CUBE_R
177410,13491,FUN_2,FUN_3
177451,7463,FUN_3,FUN_4
177456,19666,FUN_2,FUN_3
177460,6168,FUN_5,FUN_6
177464,2321,FUN_3,FUN_4
177471,23719,FUN_2,FUN_1
177486,22720,FUN_3,FUN_4
177493,25235,FUN_2,FUN_1
177503,20652,FUN_6,FUN_5
177530,9941,FUN_5,FUN_6
177531,9284,FUN_2,FUN_3
177534,2730,FUN_5,FUN_4
177554,25705,FUN_2,FUN_1
177563,5707,FUN_3,FUN_2
177584,1768,RET,CUBE_R
177589,4839,FUN_4,FUN_3
177613,1423,FUN_2,FUN_1
177616,15441,FUN_4,FUN_3
177620,9941,FUN_6,FUN_5
177623,4279,FUN_2,FUN_3
177624,21926,FUN_2,FUN_3
177637,15096,FUN_3,FUN_4
177638,23850,FUN_2,FUN_3
177640,4129,FUN_3,FUN_2
177647,13801,FUN_3,FUN_4
177651,4159,FUN_1,FUN_2
177654,25271,FUN_5,FUN_6
177661,6784,FUN_5,FUN_6
177661,9288,RET,CUBE_L
177666,15611,CUBE_R,FUN_6
177686,21817,FUN_2,FUN_1
177694,21929,FUN_1,FUN_2
177732,22903,FUN_6,CUBE_R
177733,4639,CUBE_R,RET
177735,8958,FUN_2,FUN_3
177742,10767,FUN_3,FUN_4
177743,7738,CUBE_R,RET
177744,9792,FUN_3,FUN_4
177753,4839,FUN_3,FUN_4
177766,2067,FUN_2,FUN_1
177781,25705,FUN_1,FUN_2
177803,709,FUN_4,FUN_5
177809,2162,CUBE_L,RET
177839,9216,FUN_2,FUN_1
177860,13801,FUN_4,FUN_3
177860,15091,FUN_2,FUN_3
177869,20797,CUBE_L,RET
177872,15080,FUN_2,FUN_3
177879,21674,FUN_2,FUN_3
177890,4059,FUN_5,FUN_4
177902,13801,FUN_3,FUN_4
177906,4159,FUN_2,FUN_1
177914,15260,FUN_3,FUN_2
177917,5676,FUN_3,FUN_4
177919,28856,FUN_3,FUN_4
177930,8759,CUBE_L,RET
177934,8526,FUN_2,FUN_3
177937,25899,FUN_1,FUN_2
177952,14076,CUBE_L,RET
177992,23596,FUN_2,FUN_1
177994,9516,FUN_2,FUN_1
178006,28686,FUN_5,FUN_4
178015,8264,FUN_2,FUN_1
178034,12757,FUN_1,FUN_2
178046,17240,FUN_3,FUN_4
178056,5287,FUN_2,FUN_3
178059,10654,FUN_2,FUN_1
178061,14622,FUN_1,CUBE_L
178063,26862,FUN_1,FUN_2
178069,1897,RET,CUBE_L
178096,22061,FUN_1,FUN_2
178100,10525,FUN_1,FUN_2
178121,14980,FUN_4,FUN_3
178145,24505,FUN_2,FUN_3
178154,27126,FUN_2,FUN_1
178168,4110,FUN_2,FUN_3
178168,6774,FUN_3,FUN_2
178170,1769,FUN_4,FUN_3
178173,25705,FUN_2,FUN_1
178180,16925,FUN_3,FUN_2
178188,4040,FUN_4,FUN_3
178193,10654,FUN_1,FUN_2
178208,27773,RET,CUBE_L
178213,29115,FUN_5,FUN_6
178224,26826,RET,CUBE_R
178227,22920,FUN_3,FUN_2
178229,21674,FUN_3,FUN_2
178233,4110,FUN_3,FUN_2
178233,23768,FUN_1,FUN_2
178251,27404,FUN_3,FUN_2
178264,15611,FUN_6,CUBE_R
178266,21766,FUN_4,FUN_5
178270,9922,FUN_6,FUN_5
178274,11551,FUN_2,FUN_3
178281,12569,FUN_6,FUN_5
178283,5259,FUN_3,FUN_2
178285,19521,RET,CUBE_L
178299,384,FUN_2,FUN_3
178312,2178,FUN_2,FUN_1
178329,22255,FUN_5,FUN_6
178340,24152,FUN_4,FUN_5
178346,1887,FUN_6,CUBE_R
178348,15992,FUN_4,FUN_3
178358,27930,FUN_2,FUN_3
178359,167,CUBE_L,RET
178381,7067,FUN_6,FUN_5
178387,16231,FUN_1,FUN_2
178388,10654,FUN_2,FUN_1
178391,15526,FUN_2,FUN_1
178403,10562,FUN_3,FUN_2
178422,20075,FUN_1,FUN_2
178434,14852,FUN_3,FUN_2
178442,24685,CUBE_R,RET
178445,24807,FUN_5,FUN_6
178450,27679,FUN_3,FUN_2
178451,22398,CUBE_R,FUN_6
178464,3814,FUN_5,FUN_6
178467,11040,RET,CUBE_L
178475,11329,FUN_6,CUBE_R
178494,19196,CUBE_R,RET
178497,19784,FUN_4,FUN_3
178516,18149,FUN_3,FUN_2
178519,29928,FUN_4,FUN_3
178535,10409,FUN_4,FUN_5
178544,13527,FUN_4,FUN_3
178548,7569,FUN_3,FUN_2
178551,4802,CUBE_L,RET
178563,18997,FUN_6,CUBE_R
178564,26920,FUN_2,FUN_3
178569,2434,FUN_3,FUN_4
178582,815,FUN_1,FUN_2
178599,277,FUN_2,FUN_1
178601,22720,FUN_4,FUN_3
178631,2039,FUN_3,FUN_2
178658,22720,FUN_3,FUN_4
178675,12474,FUN_4,FUN_3
178676,7057,FUN_2,FUN_1
178686,8798,FUN_2,FUN_3
178688,15771,FUN_1,FUN_2
178695,23804,FUN_3,FUN_2
178699,13527,FUN_3,FUN_4
178704,27020,FUN_1,FUN_2
178709,3571,FUN_4,FUN_3
178727,653,RET,CUBE_L
178762,27858,FUN_3,FUN_2
178763,8022,FUN_2,FUN_3
178764,15118,FUN_2,FUN_3
178773,2347,FUN_2,FUN_1
178780,6141,RET,CUBE_L
178783,2434,FUN_4,FUN_3
178795,3170,FUN_2,FUN_3
178806,16075,FUN_2,FUN_1
178821,2004,FUN_2,FUN_3
178831,13527,FUN_4,FUN_3
178836,23219,FUN_6,CUBE_R
178870,8834,FUN_3,FUN_2
178873,6305,CUBE_R,RET
178873,26320,FUN_2,FUN_1
178890,14082,FUN_4,FUN_5
178906,24247,FUN_2,FUN_3
178916,26752,FUN_3,FUN_2
178953,18149,FUN_2,FUN_3
178955,8834,FUN_2,FUN_3
178955,21171,FUN_3,FUN_2
178957,14447,FUN_6,CUBE_R
178985,815,FUN_2,FUN_1
178987,14938,FUN_3,FUN_2
178996,8102,FUN_3,FUN_4
179003,4110,FUN_2,FUN_3
179023,16685,FUN_1,FUN_2
179028,4129,FUN_2,FUN_3
179071,15948,FUN_6,CUBE_R
179080,22458,FUN_2,FUN_3
179090,15260,FUN_2,FUN_3
179098,26712,CUBE_R,RET
179110,6487,FUN_3,FUN_2
179111,4528,FUN_2,FUN_1
179113,21396,RET,CUBE_R
179115,21235,FUN_5,FUN_6
179117,21420,FUN_2,FUN_1
179146,17261,FUN_1,FUN_2
179146,24347,FUN_3,FUN_4
179165,17462,CUBE_R,FUN_6
179219,23597,FUN_3,FUN_4
179222,6071,FUN_3,FUN_2
179247,6305,RET,CUBE_R
179255,2347,FUN_1,FUN_2
179261,26297,FUN_2,FUN_3
179279,25666,FUN_3,FUN_2
179285,18930,FUN_1,FUN_2
179286,25567,FUN_2,FUN_1
179295,2160,FUN_2,FUN_1
179300,5797,FUN_6,FUN_5
179306,14622,CUBE_L,FUN_1
179313,12989,FUN_6,CUBE_R
179348,5457,FUN_1,FUN_2
179362,16716,FUN_3,FUN_2
179371,4897,FUN_4,FUN_3
179380,4220,FUN_4,FUN_3
179385,5862,FUN_2,FUN_3
179408,1823,FUN_2,FUN_1
179414,27679,FUN_2,FUN_3
179418,21517,FUN_5,FUN_4
179423,22983,FUN_4,FUN_3
179424,8958,FUN_3,FUN_2
179434,13974,CUBE_R,FUN_6
179439,5797,FUN_5,FUN_6
179439,22618,FUN_3,FUN_2
179443,1696,CUBE_R,FUN_6
179455,5457,FUN_2,FUN_1
179477,28500,FUN_3,FUN_2
179502,11329,CUBE_R,FUN_6
179505,26706,FUN_6,CUBE_R
179523,12165,FUN_3,FUN_2
179534,12569,FUN_5,FUN_6
179543,6264,FUN_4,FUN_3
179547,27607,FUN_3,FUN_4
179552,14477,RET,CUBE_L
179553,4050,CUBE_R,FUN_6
179556,24545,FUN_6,CUBE_R
179562,2067,FUN_1,FUN_2
179564,24688,FUN_2,FUN_1
179566,20039,FUN_2,FUN_1
179584,9792,FUN_4,FUN_3
179588,26320,FUN_1,FUN_2
179589,23632,FUN_4,FUN_5
179616,5457,FUN_1,FUN_2
179624,11040,CUBE_L,RET
179625,1823,FUN_1,FUN_2
179626,10397,RET,CUBE_R
179631,6721,FUN_2,FUN_1
179636,9548,FUN_2,FUN_1
179651,6721,FUN_1,FUN_2
179665,26920,FUN_3,FUN_2
179672,21926,FUN_3,FUN_2
179673,19924,FUN_2,FUN_1
179682,22346,RET,CUBE_R
179696,10614,FUN_2,FUN_1
179719,28386,FUN_2,FUN_3
179721,11386,FUN_3,FUN_4
179733,13273,FUN_4,FUN_3
179747,14508,FUN_2,FUN_1
179753,14339,CUBE_L,RET
179756,6582,FUN_1,FUN_2
179767,17758,RET,CUBE_L
179777,9288,CUBE_L,RET
179781,13645,CUBE_R,FUN_6
179797,22180,FUN_3,FUN_2
179804,25732,FUN_3,FUN_2
179807,2972,FUN_6,FUN_5
179813,18752,FUN_2,FUN_1
179817,5035,FUN_3,FUN_2
179820,29560,FUN_2,FUN_1
179826,27857,FUN_3,FUN_4
179840,12387,CUBE_L,RET
179841,4220,FUN_3,FUN_4
179841,5942,FUN_2,FUN_3
179842,4583,FUN_2,FUN_3
179842,21926,FUN_2,FUN_3
179842,23804,FUN_2,FUN_3
179852,10693,CUBE_L,RET
179888,12083,FUN_3,FUN_4
179895,20321,FUN_3,FUN_4
179898,15331,FUN_3,FUN_4
179904,28856,FUN_4,FUN_3
179909,2534,RET,CUBE_L
179916,5619,FUN_4,FUN_5
179932,9792,FUN_3,FUN_4
179941,13782,FUN_2,FUN_1
179952,19796,FUN_2,FUN_1
179958,15126,FUN_2,FUN_1
179959,16071,FUN_5,FUN_4
179970,20645,FUN_1,FUN_2
179979,14852,FUN_2,FUN_3
179981,14622,FUN_1,CUBE_L
179984,3411,CUBE_R,RET
179995,2039,FUN_2,FUN_3
180038,1823,FUN_2,FUN_1
180053,10532,FUN_2,FUN_3
180053,28656,FUN_2,FUN_1
180067,12349,FUN_4,FUN_3
180090,7348,FUN_3,FUN_4
180098,15096,FUN_4,FUN_3
180103,18830,FUN_3,FUN_4
180130,12387,RET,CUBE_L
180132,26920,FUN_2,FUN_3
180136,28180,FUN_3,FUN_4
180143,1707,CUBE_L,RET
180152,14622,CUBE_L,FUN_1
180175,9922,FUN_5,FUN_6
180184,8102,FUN_4,FUN_3
180185,20228,FUN_2,FUN_3
180198,384,FUN_3,FUN_2
180202,6305,CUBE_R,RET
180204,13196,FUN_4,FUN_3
180207,19666,FUN_3,FUN_2
180241,14622,FUN_1,CUBE_L
180244,26558,FUN_6,CUBE_R
180246,12880,FUN_3,FUN_4
180282,16832,CUBE_L,RET
180283,13196,FUN_3,FUN_4
180302,8949,CUBE_L,RET
180308,5457,FUN_2,FUN_1
180308,29508,CUBE_L,FUN_1
180313,23563,FUN_2,FUN_3
180333,1341,CUBE_L,RET
180367,9288,RET,CUBE_L
180373,21396,CUBE_R,RET
180392,10693,RET,CUBE_L
180398,2828,FUN_2,FUN_1
180406,15459,RET,CUBE_R
180412,815,FUN_1,FUN_2
180422,1701,FUN_1,FUN_2
180438,28091,FUN_4,FUN_3
180444,1823,FUN_1,FUN_2
180450,28680,FUN_2,FUN_1
180467,14622,CUBE_L,FUN_1
180467,26783,FUN_3,FUN_4
180479,21871,FUN_3,FUN_2
180494,16286,FUN_2,FUN_1
180497,22903,CUBE_R,FUN_6
180499,23667,FUN_2,FUN_1
180508,2828,FUN_1,FUN_2
180515,27431,CUBE_L,FUN_1
180516,13974,FUN_6,CUBE_R
180523,15611,CUBE_R,FUN_6
180524,14762,CUBE_R,FUN_6
180525,10290,CUBE_R,FUN_6
180529,14287,FUN_4,FUN_3
180531,27858,FUN_2,FUN_3
180537,20895,FUN_2,FUN_3
180545,12673,FUN_6,CUBE_R
180546,15331,FUN_4,FUN_3
180567,14806,CUBE_L,FUN_1
180568,7484,FUN_2,FUN_1
180568,14447,CUBE_R,FUN_6
180568,17621,FUN_6,FUN_5
180570,9533,FUN_3,FUN_4
180574,21235,FUN_6,FUN_5
180575,11332,RET,CUBE_L
180599,10693,CUBE_L,RET
180633,5862,FUN_3,FUN_2
180640,26548,FUN_2,FUN_1
180642,3646,CUBE_L,FUN_1
180664,3629,FUN_2,FUN_3
180667,28313,FUN_3,FUN_4
180692,21100,FUN_4,FUN_5
180703,14301,FUN_1,FUN_2
180703,19784,FUN_3,FUN_4
180716,22744,FUN_2,FUN_1
180724,8759,RET,CUBE_L
180727,29477,FUN_2,FUN_1
180728,25797,FUN_1,FUN_2
180729,1366,FUN_3,FUN_2
180736,24142,CUBE_R,FUN_6
180745,5259,FUN_2,FUN_3
180755,21988,CUBE_L,FUN_1
180768,27857,FUN_4,FUN_3
180789,16655,FUN_4,FUN_3
180793,17311,RET,CUBE_R
180803,5707,FUN_2,FUN_3
180804,6560,FUN_6,CUBE_R
180806,27516,FUN_3,FUN_2
180810,25981,FUN_2,FUN_1
180820,4287,FUN_1,FUN_2
180821,2854,CUBE_R,FUN_6
180823,10310,FUN_3,FUN_4
180827,24945,FUN_3,FUN_2
180839,2347,FUN_2,FUN_1
180842,14762,FUN_6,CUBE_R
180846,11768,FUN_2,FUN_1
180862,6413,CUBE_L,FUN_1
180865,22682,FUN_5,FUN_4
180871,6810,FUN_2,FUN_3
180877,815,FUN_2,FUN_1
180903,12474,FUN_3,FUN_4
180915,2347,FUN_1,FUN_2
180925,19754,FUN_1,FUN_2
180941,10928,CUBE_R,FUN_6
180976,4897,FUN_3,FUN_4
180979,9922,FUN_6,FUN_5
180980,26548,FUN_1,FUN_2
181012,17758,CUBE_L,RET
181015,2004,FUN_3,FUN_2
181030,7064,CUBE_R,FUN_6
181067,3951,FUN_5,FUN_6
181076,1595,FUN_5,FUN_4
181106,11784,FUN_2,FUN_3
181113,13085,FUN_3,FUN_4
181116,20488,FUN_3,FUN_4
181117,8958,FUN_2,FUN_3
181131,14447,FUN_6,CUBE_R
181133,4220,FUN_4,FUN_3
181153,14879,FUN_3,FUN_4
181155,23207,FUN_2,FUN_3
181173,28656,FUN_1,FUN_2
181185,17758,RET,CUBE_L
181189,28606,FUN_2,FUN_1
181194,1360,FUN_2,FUN_1
181196,12212,CUBE_L,RET
181199,2160,FUN_1,FUN_2
181214,18063,FUN_1,FUN_2
181215,5707,FUN_3,FUN_2
181220,23596,FUN_1,FUN_2
181226,13943,FUN_1,CUBE_L
181270,17758,CUBE_L,RET
181281,8949,RET,CUBE_L
181303,4594,FUN_1,FUN_2
181334,21171,FUN_2,FUN_3
181352,22534,FUN_5,FUN_6
181359,18102,FUN_6,FUN_5
181367,29878,FUN_4,FUN_5
181385,4568,FUN_3,FUN_2
181389,16685,FUN_2,FUN_1
181391,2347,FUN_2,FUN_1
181392,3629,FUN_3,FUN_2
181400,11856,FUN_3,FUN_2
181416,8264,FUN_1,FUN_2
181417,18511,CUBE_R,RET
181429,20967,FUN_1,FUN_2
181448,6560,CUBE_R,FUN_6
181452,15771,FUN_2,FUN_1
181455,28065,RET,CUBE_L
181456,13044,FUN_1,FUN_2
181461,23719,FUN_1,FUN_2
181469,28640,FUN_2,FUN_3
181482,28656,FUN_2,FUN_1
181495,9526,FUN_3,FUN_2
181495,13943,CUBE_L,FUN_1
181500,1541,FUN_2,FUN_3
181501,23128,FUN_1,FUN_2
181504,23188,FUN_3,FUN_4
181508,19816,FUN_4,FUN_3
181514,6377,FUN_4,FUN_5
181514,17261,FUN_2,FUN_1
181529,28266,FUN_3,FUN_2
181532,22884,FUN_3,FUN_2
181533,9652,CUBE_R,RET
181537,21781,FUN_3,FUN_2
181552,2225,FUN_2,FUN_1
181554,24956,CUBE_R,RET
181557,6760,FUN_2,FUN_3
181563,3316,CUBE_L,FUN_1
181565,21861,CUBE_R,FUN_6
181575,22912,FUN_2,FUN_3
181588,10562,FUN_2,FUN_3
181617,12083,FUN_4,FUN_3
181622,22040,FUN_1,FUN_2
181622,26058,FUN_1,FUN_2
181628,16734,FUN_3,FUN_2
181632,21871,FUN_2,FUN_3
181638,4528,FUN_1,FUN_2
181654,14301,FUN_2,FUN_1
181657,4735,CUBE_R,FUN_6
181665,24955,FUN_2,FUN_3
181670,4700,FUN_2,FUN_1
181674,26320,FUN_2,FUN_1
181688,22346,CUBE_R,RET
181701,3316,FUN_1,CUBE_L
181707,3316,CUBE_L,FUN_1
181721,11444,CUBE_L,FUN_1
181744,14447,CUBE_R,FUN_6
181745,20321,FUN_4,FUN_3
181758,4274,FUN_5,FUN_4
181808,25732,FUN_2,FUN_3
181824,29928,FUN_3,FUN_4
181827,25021,FUN_2,FUN_1
181855,14622,FUN_1,CUBE_L
181857,16655,FUN_3,FUN_4
181867,16097,RET,CUBE_R
181875,29928,FUN_4,FUN_3
181884,8949,CUBE_L,RET
181885,22682,FUN_4,FUN_5
181888,6574,CUBE_R,FUN_6
181889,5457,FUN_1,FUN_2
181890,15726,FUN_1,FUN_2
181905,27773,CUBE_L,RET
181912,15992,FUN_3,FUN_4
181931,5457,FUN_2,FUN_1
181933,2004,FUN_2,FUN_3
181933,19682,CUBE_R,RET
181935,9877,CUBE_L,RET
181947,15632,CUBE_R,FUN_6
181971,21420,FUN_1,FUN_2
181974,9216,FUN_1,FUN_2
181983,27919,FUN_4,FUN_3
182008,22224,FUN_2,FUN_3
182009,2972,FUN_5,FUN_6
182012,5120,FUN_3,FUN_2
182025,4568,FUN_2,FUN_3
182027,22456,FUN_3,FUN_2
182032,2109,FUN_1,CUBE_L
182051,20797,RET,CUBE_L
182066,13205,FUN_5,FUN_4
182069,13797,FUN_2,FUN_1
182069,23667,FUN_1,FUN_2
182092,3619,FUN_1,CUBE_L
182092,12636,FUN_4,FUN_5
182103,15528,CUBE_R,RET
182111,26128,RET,CUBE_R
182116,21753,FUN_2,FUN_1
182118,14658,FUN_2,FUN_1
182123,1165,CUBE_L,RET
182130,28750,FUN_6,CUBE_R
182139,23264,FUN_6,CUBE_R
182149,9516,FUN_1,FUN_2
182150,21871,FUN_3,FUN_2
182151,10862,FUN_3,FUN_2
182166,17482,FUN_4,FUN_5
182173,9874,FUN_3,FUN_2
182184,15611,FUN_6,CUBE_R
182205,27860,RET,CUBE_L
182210,4995,FUN_4,FUN_3
182210,12578,FUN_6,FUN_5
182214,13767,FUN_4,FUN_3
182227,14026,FUN_1,FUN_2
182233,3118,FUN_2,FUN_3
182238,18997,CUBE_R,FUN_6
182247,14287,FUN_3,FUN_4
182261,18663,RET,CUBE_L
182266,2465,FUN_4,FUN_5
182284,24676,FUN_5,FUN_4
182296,15992,FUN_4,FUN_3
182302,20776,FUN_4,FUN_3
182303,19666,FUN_2,FUN_3
182317,5460,FUN_3,FUN_2
182329,20797,CUBE_L,RET
182341,10129,FUN_3,FUN_2
182343,23264,CUBE_R,FUN_6
182359,5707,FUN_2,FUN_3
182370,15057,FUN_1,FUN_2
182392,25981,FUN_1,FUN_2
182402,2275,FUN_3,FUN_4
182429,20321,FUN_3,FUN_4
182456,8949,RET,CUBE_L
182460,9284,FUN_3,FUN_2
182465,3950,FUN_2,FUN_1
182467,3755,FUN_2,FUN_1
182471,4274,FUN_4,FUN_5
182504,15577,FUN_1,CUBE_L
182508,21502,FUN_3,FUN_2
182522,23597,FUN_4,FUN_3
182572,17222,FUN_2,FUN_1
182583,10066,FUN_3,FUN_2
182589,12223,FUN_5,FUN_6
182595,8958,FUN_3,FUN_2
182602,18063,FUN_2,FUN_1
182623,26897,FUN_1,FUN_2
182624,560,FUN_6,CUBE_R
182656,26551,FUN_2,FUN_3
182660,23868,FUN_2,FUN_3
182677,3411,RET,CUBE_R
182681,19666,FUN_3,FUN_2
182704,18972,FUN_5,FUN_4
182722,9602,FUN_3,FUN_4
182725,21142,FUN_2,FUN_3
182733,17739,CUBE_R,RET
182738,18160,RET,CUBE_L
182738,22224,FUN_3,FUN_2
182741,7525,FUN_2,FUN_3
182741,9471,FUN_1,CUBE_L
182748,4897,FUN_4,FUN_3
182751,7982,FUN_3,FUN_2
182784,5707,FUN_3,FUN_2
182801,4050,FUN_6,CUBE_R
182801,10310,FUN_4,FUN_3
182808,13181,FUN_2,FUN_1
182814,23092,CUBE_R,FUN_6
182817,5559,FUN_5,FUN_4
182820,27857,FUN_3,FUN_4
182844,21235,FUN_5,FUN_6
182848,15497,CUBE_L,RET
182855,13586,FUN_2,FUN_1
182859,2533,CUBE_R,FUN_6
182868,7390,FUN_2,FUN_1
182872,26247,FUN_3,FUN_2
182875,3316,FUN_1,CUBE_L
182877,13044,FUN_2,FUN_1
182883,16204,FUN_2,FUN_3
182892,11774,FUN_4,FUN_3
182894,11856,FUN_2,FUN_3
182909,9840,FUN_4,FUN_3
182916,15992,FUN_3,FUN_4
182923,21988,FUN_1,CUBE_L
182938,9548,FUN_1,FUN_2
182944,3951,FUN_6,FUN_5
182969,1053,FUN_5,FUN_4
182974,9750,FUN_2,FUN_3
182976,22747,CUBE_L,FUN_1
182986,16204,FUN_3,FUN_2
182987,17758,RET,CUBE_L
183021,2518,FUN_2,FUN_3
183029,20652,FUN_5,FUN_6
183049,26548,FUN_2,FUN_1
183054,13205,FUN_4,FUN_5
183063,21235,FUN_6,FUN_5
183083,14511,RET,CUBE_R
183088,16655,FUN_4,FUN_3
183088,22255,FUN_6,FUN_5
183099,19095,FUN_4,FUN_3
183123,813,FUN_2,FUN_3
183139,394,FUN_3,FUN_4
183152,19367,FUN_5,FUN_6
183155,28180,FUN_4,FUN_3
183156,15317,CUBE_R,FUN_6
183161,20321,FUN_4,FUN_3
183163,10201,CUBE_L,RET
183181,27919,FUN_3,FUN_4
183186,7569,FUN_2,FUN_3
183199,4583,FUN_3,FUN_2
183215,4583,FUN_2,FUN_3
183215,5942,FUN_3,FUN_2
183215,6413,FUN_1,CUBE_L
183226,19666,FUN_2,FUN_3
183248,18752,FUN_1,FUN_2
183252,6000,FUN_2,FUN_1
183254,22884,FUN_2,FUN_3
183273,27415,FUN_2,FUN_1
183287,13782,FUN_1,FUN_2
183313,325,FUN_1,CUBE_L
183319,24945,FUN_2,FUN_3
183319,28065,CUBE_L,RET
183325,15526,FUN_1,FUN_2
183327,24226,FUN_3,FUN_4
183335,26551,FUN_3,FUN_2
183341,21881,FUN_3,FUN_4
183344,22912,FUN_3,FUN_2
183350,56,RET,CUBE_R
183356,22456,FUN_2,FUN_3
183358,7390,FUN_1,FUN_2
183360,27762,CUBE_L,FUN_1
183366,6304,FUN_2,FUN_1
183384,4568,FUN_3,FUN_2
183387,15459,CUBE_R,RET
183408,28717,FUN_3,FUN_2
183413,25899,FUN_2,FUN_1
183418,15530,FUN_3,FUN_2
183420,4117,FUN_4,FUN_3
183435,3646,FUN_1,CUBE_L
183443,17758,CUBE_L,RET
183444,1699,FUN_2,FUN_3
183457,22224,FUN_2,FUN_3
183465,26354,FUN_1,FUN_2
183497,15815,FUN_1,FUN_2
183502,19303,FUN_2,FUN_1
183503,1964,FUN_3,FUN_2
183512,29284,CUBE_R,RET
183524,25567,FUN_1,FUN_2
183538,10962,FUN_2,FUN_1
183560,25666,FUN_2,FUN_3
183576,15526,FUN_2,FUN_1
183580,25514,CUBE_L,RET
183588,20652,FUN_6,FUN_5
183593,23345,CUBE_L,RET
183599,12553,FUN_2,FUN_3
183611,8022,FUN_3,FUN_2
183619,15793,FUN_3,FUN_2
183629,23719,FUN_2,FUN_1
183639,15526,FUN_1,FUN_2
183646,24152,FUN_5,FUN_4
183660,26492,CUBE_R,RET
183662,25666,FUN_3,FUN_2
183673,26748,FUN_2,FUN_1
183678,22534,FUN_6,FUN_5
183682,10310,FUN_3,FUN_4
183698,25666,FUN_2,FUN_3
183717,5707,FUN_2,FUN_3
183717,9516,FUN_2,FUN_1
183719,2434,FUN_3,FUN_4
183727,26492,RET,CUBE_R
183750,2467,FUN_6,FUN_5
183754,11386,FUN_4,FUN_3
183765,14658,FUN_1,FUN_2
183766,25666,FUN_3,FUN_2
183767,6582,FUN_2,FUN_1
183767,29496,RET,CUBE_R
183772,3629,FUN_2,FUN_3
183772,25666,FUN_2,FUN_3
183780,18312,RET,CUBE_L
183785,9939,CUBE_L,RET
183791,20652,FUN_5,FUN_6
183794,22404,FUN_2,FUN_3
183795,19880,FUN_2,FUN_1
183799,25666,FUN_3,FUN_2
183805,22404,FUN_3,FUN_2
183809,14026,FUN_2,FUN_1
183811,21776,FUN_4,FUN_3
183816,22404,FUN_2,FUN_3
183830,26706,CUBE_R,FUN_6
183836,6774,FUN_2,FUN_3
183848,12636,FUN_5,FUN_4
183852,20807,FUN_1,FUN_2
183858,19666,FUN_3,FUN_2
183870,18972,FUN_4,FUN_5
183874,22224,FUN_3,FUN_2
183921,19632,RET,CUBE_L
183966,10678,FUN_1,FUN_2
183970,25981,FUN_2,FUN_1
183976,15526,FUN_2,FUN_1
183980,26058,FUN_2,FUN_1
183987,6582,FUN_1,FUN_2
183992,24269,FUN_1,FUN_2
183996,26522,FUN_2,FUN_1
183998,21448,FUN_1,FUN_2
184002,26320,FUN_1,FUN_2
184017,9792,FUN_4,FUN_3
184026,1281,FUN_4,FUN_5
184035,29560,FUN_1,FUN_2
184037,28958,RET,CUBE_L
184052,1595,FUN_4,FUN_5
184052,16583,FUN_2,FUN_3
184053,27431,FUN_1,CUBE_L
184062,21100,FUN_5,FUN_4
184069,22912,FUN_2,FUN_3
184077,20040,FUN_1,FUN_2
184077,28919,FUN_2,FUN_1
184081,9353,FUN_2,FUN_3
184098,10488,FUN_2,FUN_1
184104,6304,FUN_1,FUN_2
184110,15027,FUN_1,FUN_2
184124,2730,FUN_4,FUN_5
184140,1964,FUN_2,FUN_3
184141,3316,CUBE_L,FUN_1
184148,13801,FUN_4,FUN_3
184148,23345,RET,CUBE_L
184149,27431,CUBE_L,FUN_1
184151,28494,FUN_2,FUN_3
184156,26354,FUN_2,FUN_1
184159,26826,CUBE_R,RET
184163,17222,FUN_1,FUN_2
184195,9877,RET,CUBE_L
184195,23024,FUN_5,FUN_4
184204,1360,FUN_1,FUN_2
184218,19632,CUBE_L,RET
184219,3951,FUN_5,FUN_6
184233,10734,FUN_3,FUN_2
184241,11831,RET,CUBE_R
184249,11210,FUN_3,FUN_4
184263,24685,RET,CUBE_R
184267,24514,FUN_3,FUN_2
184282,26752,FUN_2,FUN_3
184293,17646,FUN_3,FUN_2
184293,19358,FUN_3,FUN_4
184318,9792,FUN_3,FUN_4
184326,16119,FUN_3,FUN_2
184338,22255,FUN_5,FUN_6
184347,6305,RET,CUBE_R
184359,21409,FUN_1,FUN_2
184363,20148,FUN_2,FUN_1
184365,23345,CUBE_L,RET
184369,103,CUBE_L,RET
184373,16075,FUN_1,FUN_2
184374,29801,FUN_2,FUN_3
184394,12474,FUN_4,FUN_3
184394,15992,FUN_4,FUN_3
184423,14762,CUBE_R,FUN_6
184424,18930,FUN_2,FUN_1
184436,702,CUBE_R,RET
184437,21171,FUN_3,FUN_2
184441,110,FUN_3,FUN_2
184451,26058,FUN_1,FUN_2
184454,14287,FUN_4,FUN_3
184461,13515,FUN_1,FUN_2
184463,5171,FUN_3,FUN_2
184465,23345,RET,CUBE_L
184467,1165,RET,CUBE_L
184477,17791,RET,CUBE_R
184487,23345,CUBE_L,RET
184488,27887,FUN_6,FUN_5
184489,13819,FUN_1,CUBE_L
184493,14026,FUN_1,FUN_2
184496,20600,FUN_1,CUBE_L
184504,2275,FUN_4,FUN_3
184538,5707,FUN_3,FUN_2
184542,20967,FUN_2,FUN_1
184573,8558,FUN_4,FUN_3
184580,3951,FUN_6,FUN_5
184580,16583,FUN_3,FUN_2
184582,25891,FUN_4,FUN_5
184590,19969,FUN_4,FUN_3
184594,3619,CUBE_L,FUN_1
184596,2178,FUN_1,FUN_2
184602,28266,FUN_2,FUN_3
184623,25017,CUBE_L,RET
184634,27343,FUN_2,FUN_1
184644,9353,FUN_3,FUN_2
184662,22252,CUBE_R,RET
184685,26624,RET,CUBE_R
184691,23264,FUN_6,CUBE_R
184709,3472,FUN_2,FUN_1
184718,4673,FUN_2,FUN_1
184723,26545,CUBE_L,RET
184730,21802,FUN_3,FUN_2
184769,6630,FUN_6,FUN_5
184778,4124,FUN_3,FUN_2
184799,4162,FUN_4,FUN_3
184808,21140,FUN_4,FUN_5
184830,773,FUN_6,FUN_5
184855,15815,FUN_2,FUN_1
184872,16286,FUN_1,FUN_2
184890,25021,FUN_1,FUN_2
184899,2291,FUN_4,FUN_3
184907,4568,FUN_2,FUN_3
184924,27931,FUN_6,FUN_5
184931,21171,FUN_2,FUN_3
184931,22558,FUN_1,CUBE_L
184937,19682,RET,CUBE_R
184941,7114,FUN_3,FUN_4
184957,16331,FUN_4,FUN_5
184981,25271,FUN_6,FUN_5
184997,18891,FUN_4,FUN_5
185001,11856,FUN_3,FUN_2
185004,29325,FUN_2,FUN_1
185006,17533,FUN_4,FUN_5
185021,21448,FUN_2,FUN_1
185024,277,FUN_1,FUN_2
185027,20148,FUN_1,FUN_2
185029,10422,FUN_6,CUBE_R
185043,2004,FUN_3,FUN_2
185044,12917,FUN_4,FUN_5
185046,3619,FUN_1,CUBE_L
185059,17240,FUN_4,FUN_3
185083,10266,FUN_4,FUN_5
185087,19358,FUN_4,FUN_3
185095,29556,FUN_1,CUBE_L
185096,24009,FUN_2,FUN_3
185101,9877,CUBE_L,RET
185119,16206,CUBE_R,FUN_6
185125,5259,FUN_3,FUN_2
185153,19468,FUN_1,CUBE_L
185157,28622,CUBE_R,RET
185160,21171,FUN_3,FUN_2
185163,13066,FUN_3,FUN_4
185176,28919,FUN_1,FUN_2
185179,12917,FUN_5,FUN_4
185191,25891,FUN_5,FUN_4
185199,3583,FUN_1,FUN_2
185201,15530,FUN_2,FUN_3
185212,25639,FUN_4,FUN_5
185249,57,FUN_4,FUN_3
185249,19682,CUBE_R,RET
185253,10862,FUN_2,FUN_3
185255,21781,FUN_2,FUN_3
185263,8699,FUN_1,FUN_2
185271,21766,FUN_5,FUN_4
185277,14287,FUN_3,FUN_4
185284,3051,CUBE_L,RET
185288,25134,FUN_1,FUN_2
185291,24928,CUBE_R,RET
185311,2467,FUN_5,FUN_6
185311,17261,FUN_1,FUN_2
185312,19340,FUN_3,FUN_2
185354,561,FUN_2,FUN_1
185400,9751,FUN_3,FUN_2
185414,11657,FUN_3,FUN_4
185436,23563,FUN_3,FUN_2
185450,24514,FUN_2,FUN_3
185466,15526,FUN_1,FUN_2
185468,10488,FUN_1,FUN_2
185474,29349,CUBE_L,FUN_1
185491,25564,FUN_3,FUN_2
185497,22346,RET,CUBE_R
185498,29325,FUN_1,FUN_2
185506,12860,FUN_3,FUN_2
185515,21171,FUN_2,FUN_3
185524,384,FUN_2,FUN_3
185533,22203,FUN_3,FUN_2
185536,12223,FUN_6,FUN_5
185540,18312,CUBE_L,RET
185564,14233,FUN_4,FUN_3
185566,21802,FUN_2,FUN_3
185580,27860,CUBE_L,RET
185584,3913,FUN_3,FUN_2
185594,26543,FUN_2,FUN_1
185599,29770,FUN_2,FUN_1
185606,26058,FUN_2,FUN_1
185619,25899,FUN_1,FUN_2
185622,27919,FUN_4,FUN_3
185628,13958,FUN_3,FUN_2
185628,13979,FUN_5,FUN_6
185636,19436,FUN_3,FUN_2
185643,15080,FUN_3,FUN_2
185644,25271,FUN_5,FUN_6
185645,503,FUN_1,FUN_2
185647,19468,CUBE_L,FUN_1
185666,9523,FUN_3,FUN_2
185674,4481,FUN_4,FUN_3
185693,8969,FUN_4,FUN_3
185693,22346,CUBE_R,RET
185716,10849,FUN_4,FUN_5
185719,15080,FUN_2,FUN_3
185731,3316,FUN_1,CUBE_L
185731,13515,FUN_2,FUN_1
185741,17886,CUBE_R,RET
185744,17008,FUN_3,FUN_2
185744,23345,RET,CUBE_L
185757,24009,FUN_3,FUN_2
185761,24928,RET,CUBE_R
185770,10129,FUN_2,FUN_3
185773,1844,FUN_5,FUN_4
185777,19196,RET,CUBE_R
185778,11882,FUN_3,FUN_2
185788,21871,FUN_2,FUN_3
185795,24142,FUN_6,CUBE_R
185841,9425,FUN_3,FUN_4
185848,18160,CUBE_L,RET
185881,15080,FUN_3,FUN_2
185882,15459,RET,CUBE_R
185887,25271,FUN_6,FUN_5
185910,7570,CUBE_R,RET
185915,28500,FUN_2,FUN_3
185923,1646,RET,CUBE_R
185924,2534,CUBE_L,RET
185925,29325,FUN_2,FUN_1
185928,21881,FUN_4,FUN_3
185950,18930,FUN_1,FUN_2
185953,28204,FUN_2,FUN_1
185958,21674,FUN_2,FUN_3
185965,16204,FUN_2,FUN_3
185999,27860,RET,CUBE_L
186009,21171,FUN_3,FUN_2
186020,23954,FUN_5,FUN_6
186022,17584,FUN_2,FUN_3
186039,2534,RET,CUBE_L
186040,15992,FUN_3,FUN_4
186042,14555,CUBE_R,FUN_6
186045,3755,FUN_1,FUN_2
186049,16119,FUN_2,FUN_3
186063,23632,FUN_5,FUN_4
186066,24564,CUBE_R,FUN_6
186074,24351,FUN_3,FUN_2
186076,22912,FUN_3,FUN_2
186081,13515,FUN_1,FUN_2
186087,23465,FUN_1,FUN_2
186103,15635,FUN_2,FUN_3
186131,4481,FUN_3,FUN_4
186136,23777,FUN_2,FUN_1
186148,29104,FUN_3,FUN_4
186149,3005,FUN_3,FUN_2
186158,17886,RET,CUBE_R
186171,1707,RET,CUBE_L
186174,17703,FUN_6,FUN_5
186178,15317,FUN_6,CUBE_R
186201,22920,FUN_2,FUN_3
186208,11882,FUN_2,FUN_3
186215,23024,FUN_4,FUN_5
186232,4159,FUN_1,FUN_2
186249,11386,FUN_3,FUN_4
186255,11831,CUBE_R,RET
186272,10734,FUN_2,FUN_3
186274,4496,FUN_2,FUN_3
186283,21788,FUN_5,FUN_4
186290,28204,FUN_1,FUN_2
186297,25160,FUN_6,CUBE_R
186318,29878,FUN_5,FUN_4
186331,26568,CUBE_R,RET
186335,10928,FUN_6,CUBE_R
186341,14511,CUBE_R,RET
186343,3611,FUN_6,CUBE_R
186365,26920,FUN_3,FUN_2
186367,18414,FUN_4,FUN_5
186419,7779,FUN_2,FUN_1
186447,27404,FUN_2,FUN_3
186448,18718,FUN_2,FUN_3
186453,15080,FUN_2,FUN_3
186469,27006,FUN_6,CUBE_R
186488,10562,FUN_3,FUN_2
186496,9922,FUN_5,FUN_6
186523,7411,FUN_6,CUBE_R
186526,20038,FUN_3,FUN_4
186536,10266,FUN_5,FUN_4
186557,23129,FUN_1,CUBE_L
186562,13143,FUN_4,FUN_3
186567,7826,FUN_2,FUN_1
186572,7982,FUN_2,FUN_3
186574,12540,RET,CUBE_L
186580,14508,FUN_1,FUN_2
186591,18891,FUN_5,FUN_4
186591,23319,CUBE_R,RET
186592,5861,FUN_2,FUN_3
186595,5942,FUN_2,FUN_3
186633,13570,RET,CUBE_R
186651,16685,FUN_1,FUN_2
186656,12977,FUN_6,FUN_5
186670,8937,FUN_6,FUN_5
186676,19814,CUBE_R,FUN_6
186696,17646,FUN_2,FUN_3
186719,11386,FUN_4,FUN_3
186743,20714,CUBE_L,RET
186744,21017,FUN_3,FUN_2
186758,4673,FUN_1,FUN_2
186760,15269,FUN_4,FUN_3
186767,4481,FUN_4,FUN_3
186770,19666,FUN_2,FUN_3
186773,3598,FUN_6,FUN_5
186776,5437,FUN_3,FUN_2
186822,21871,FUN_3,FUN_2
186828,4568,FUN_3,FUN_2
186831,23631,FUN_2,FUN_1
186838,17763,FUN_1,FUN_2
186855,23207,FUN_3,FUN_2
186856,17004,FUN_6,CUBE_R
186857,2534,CUBE_L,RET
186877,23768,FUN_2,FUN_1
186890,10824,FUN_4,FUN_5
186902,4568,FUN_2,FUN_3
186913,25183,FUN_3,FUN_2
186943,17462,FUN_6,CUBE_R
186960,23345,CUBE_L,RET
186976,8408,CUBE_L,RET
186976,18997,FUN_6,CUBE_R
186994,16655,FUN_3,FUN_4
186996,28714,FUN_5,FUN_6
186999,15404,CUBE_L,FUN_1
187000,16206,FUN_6,CUBE_R
187008,5319,RET,CUBE_R
187014,25262,CUBE_L,FUN_1
187022,5242,FUN_4,FUN_5
187039,9809,FUN_4,FUN_5
187043,17763,FUN_2,FUN_1
187049,813,FUN_3,FUN_2
187057,25160,CUBE_R,FUN_6
187063,10086,FUN_3,FUN_4
187069,17763,FUN_1,FUN_2
187077,3950,FUN_1,FUN_2
187082,1964,FUN_3,FUN_2
187083,15126,FUN_1,FUN_2
187087,4459,FUN_6,FUN_5
187089,17508,FUN_1,FUN_2
187117,28032,FUN_2,FUN_1
187122,14150,FUN_5,FUN_6
187126,18913,FUN_6,FUN_5
187129,17763,FUN_2,FUN_1
187133,3646,CUBE_L,FUN_1
187144,23919,CUBE_L,FUN_1
187147,16631,FUN_2,FUN_3
187181,653,CUBE_L,RET
187184,17763,FUN_1,FUN_2
187186,20600,CUBE_L,FUN_1
187207,4673,FUN_2,FUN_1
187225,4673,FUN_1,FUN_2
187226,19401,FUN_3,FUN_2
187236,21480,FUN_4,FUN_3
187244,28562,FUN_4,FUN_5
187251,11386,FUN_3,FUN_4
187259,6901,FUN_2,FUN_3
187288,3649,FUN_4,FUN_5
187290,19880,FUN_1,FUN_2
187297,15700,RET,CUBE_L
187303,25981,FUN_1,FUN_2
187314,14555,FUN_6,CUBE_R
187329,6000,FUN_1,FUN_2
187331,25899,FUN_2,FUN_1
187336,19367,FUN_6,FUN_5
187340,9751,FUN_2,FUN_3
187340,13146,FUN_3,FUN_2
187353,14812,FUN_1,FUN_2
187357,25929,FUN_3,FUN_2
187362,824,FUN_4,FUN_5
187363,10266,FUN_4,FUN_5
187366,21142,FUN_3,FUN_2
187372,25891,FUN_4,FUN_5
187380,9523,FUN_2,FUN_3
187384,2467,FUN_6,FUN_5
187389,21140,FUN_5,FUN_4
187389,23264,CUBE_R,FUN_6
187390,28313,FUN_4,FUN_3
187402,7570,RET,CUBE_R
187406,19340,FUN_2,FUN_3
187413,2109,CUBE_L,FUN_1
187421,25135,RET,CUBE_R
187441,26624,CUBE_R,RET
187445,14193,FUN_3,FUN_2
187453,6560,FUN_6,CUBE_R
187473,13986,FUN_2,FUN_1
187493,1844,FUN_4,FUN_5
187511,19796,FUN_1,FUN_2
187525,26858,FUN_2,FUN_3
187527,23331,FUN_3,FUN_2
187549,12977,FUN_5,FUN_6
187550,22682,FUN_5,FUN_4
187553,10135,CUBE_L,RET
187571,27930,FUN_3,FUN_2
187572,22744,FUN_1,FUN_2
187595,18410,RET,CUBE_L
187623,5235,FUN_3,FUN_4
187628,20140,FUN_1,FUN_2
187642,20895,FUN_3,FUN_2
187683,22720,FUN_4,FUN_3
187702,297,CUBE_R,FUN_6
187704,9571,FUN_3,FUN_2
187710,4162,FUN_3,FUN_4
187715,10201,RET,CUBE_L
187717,6797,RET,CUBE_L
187726,7589,FUN_2,FUN_1
187731,19399,FUN_5,FUN_4
187751,29556,CUBE_L,FUN_1
187761,24347,FUN_4,FUN_3
187781,20714,RET,CUBE_L
187784,14862,FUN_4,FUN_5
187796,15700,CUBE_L,RET
187805,6585,FUN_2,FUN_3
187806,29674,CUBE_R,RET
187810,18410,CUBE_L,RET
187819,26013,FUN_3,FUN_2
187823,10771,RET,CUBE_L
187824,14683,FUN_3,FUN_4
187837,3583,FUN_2,FUN_1
187842,1366,FUN_2,FUN_3
187843,20119,FUN_3,FUN_2
187861,17584,FUN_3,FUN_2
187864,17368,FUN_3,FUN_4
187875,29226,FUN_1,FUN_2
187877,22346,RET,CUBE_R
187878,29847,FUN_4,FUN_5
187881,13143,FUN_3,FUN_4
187881,27107,RET,CUBE_L
187887,4673,FUN_2,FUN_1
187897,21460,FUN_2,FUN_3
187900,28266,FUN_3,FUN_2
187901,5786,FUN_3,FUN_2
187906,21460,FUN_3,FUN_2
187936,19468,FUN_1,CUBE_L
187948,21460,FUN_2,FUN_3
187951,21235,FUN_5,FUN_6
187957,9751,FUN_3,FUN_2
187977,5319,CUBE_R,RET
187984,7463,FUN_4,FUN_3
187990,25134,FUN_2,FUN_1
187997,29349,FUN_1,CUBE_L
188007,9571,FUN_2,FUN_3
188014,20967,FUN_1,FUN_2
188015,18102,FUN_5,FUN_6
188020,978,FUN_4,FUN_3
188034,23345,RET,CUBE_L
188046,26354,FUN_1,FUN_2
188057,17462,CUBE_R,FUN_6
188082,17584,FUN_2,FUN_3
188093,17008,FUN_2,FUN_3
188099,25475,FUN_1,FUN_2
188099,26748,FUN_1,FUN_2
188131,3686,FUN_2,FUN_1
188131,26920,FUN_2,FUN_3
188133,13736,FUN_2,FUN_3
188140,27932,CUBE_R,FUN_6
188162,17763,FUN_2,FUN_1
188165,22871,FUN_4,FUN_5
188175,20600,FUN_1,CUBE_L
188183,16594,FUN_1,FUN_2
188195,12989,CUBE_R,FUN_6
188199,8022,FUN_2,FUN_3
188222,26543,FUN_1,FUN_2
188230,27773,RET,CUBE_L
188233,17584,FUN_3,FUN_2
188235,14300,FUN_1,CUBE_L
188249,19340,FUN_3,FUN_2
188259,22346,CUBE_R,RET
188261,16140,FUN_2,FUN_1
188266,23300,FUN_2,FUN_1
188270,2925,FUN_1,FUN_2
188277,28749,CUBE_R,FUN_6
188280,13044,FUN_1,FUN_2
188281,17173,FUN_4,FUN_3
188286,8548,FUN_2,FUN_1
188297,11444,FUN_1,CUBE_L
188302,1845,FUN_1,FUN_2
188308,16260,CUBE_L,FUN_1
188317,7484,FUN_1,FUN_2
188323,561,FUN_1,FUN_2
188337,5862,FUN_2,FUN_3
188348,28204,FUN_2,FUN_1
188363,21460,FUN_3,FUN_2
188364,27463,FUN_3,FUN_4
188368,25567,FUN_2,FUN_1
188378,24269,FUN_2,FUN_1
188397,19436,FUN_2,FUN_3
188406,19632,RET,CUBE_L
188409,19144,FUN_4,FUN_3
188431,14823,FUN_3,FUN_2
188436,20967,FUN_2,FUN_1
188450,4700,FUN_1,FUN_2
188462,26085,FUN_2,FUN_1
188474,25705,FUN_1,FUN_2
188475,29801,FUN_3,FUN_2
188486,17584,FUN_2,FUN_3
188499,15987,FUN_6,CUBE_R
188506,27463,FUN_4,FUN_3
188509,6562,CUBE_R,RET
188511,24487,RET,CUBE_L
188551,16260,FUN_1,CUBE_L
188594,27107,CUBE_L,RET
188597,4117,FUN_3,FUN_4
188599,7068,FUN_2,FUN_1
188618,9263,FUN_3,FUN_2
188634,17361,CUBE_R,RET
188659,25666,FUN_2,FUN_3
188675,20807,FUN_2,FUN_1
188686,27463,FUN_3,FUN_4
188692,23563,FUN_2,FUN_3
188696,8478,FUN_2,FUN_1
188703,1774,CUBE_L,RET
188704,16063,CUBE_L,FUN_1
188730,16140,FUN_1,FUN_2
188733,103,RET,CUBE_L
188743,27463,FUN_4,FUN_3
188752,561,FUN_2,FUN_1
188760,7826,FUN_1,FUN_2
188768,201,FUN_4,FUN_3
188770,23919,FUN_1,CUBE_L
188774,25134,FUN_1,FUN_2
188779,27463,FUN_3,FUN_4
188802,23465,FUN_2,FUN_1
188807,9208,FUN_3,FUN_2
188810,16586,FUN_1,FUN_2
188818,9919,FUN_2,FUN_1
188826,19436,FUN_3,FUN_2
188831,13801,FUN_3,FUN_4
188845,3730,CUBE_L,RET
188850,5923,FUN_2,FUN_3
188854,21003,FUN_3,FUN_4
188860,11465,FUN_2,FUN_1
188861,15700,RET,CUBE_L
188863,29079,FUN_3,FUN_2
188864,13491,FUN_3,FUN_2
188872,21897,FUN_2,FUN_1
188876,6691,FUN_2,FUN_1
188877,16140,FUN_2,FUN_1
188879,26920,FUN_3,FUN_2
188884,16260,CUBE_L,FUN_1
188923,6413,CUBE_L,FUN_1
188933,28749,FUN_6,CUBE_R
188941,7826,FUN_2,FUN_1
188946,9792,FUN_4,FUN_3
188947,6810,FUN_3,FUN_2
188949,12349,FUN_3,FUN_4
188951,15530,FUN_3,FUN_2
188962,19367,FUN_5,FUN_6
188970,21881,FUN_3,FUN_4
188973,7390,FUN_2,FUN_1
188976,10824,FUN_5,FUN_4
189011,4892,CUBE_L,RET
189021,15239,FUN_3,FUN_2
189040,16140,FUN_1,FUN_2
189046,8937,FUN_5,FUN_6
189053,7826,FUN_1,FUN_2
189067,9053,FUN_3,FUN_2
189073,24418,FUN_2,FUN_3
189080,2714,FUN_3,FUN_2
189088,2433,FUN_2,FUN_3
189090,26320,FUN_2,FUN_1
189095,15156,FUN_6,CUBE_R
189103,15456,RET,CUBE_R
189115,15497,RET,CUBE_L
189123,15404,FUN_1,CUBE_L
189126,12223,FUN_5,FUN_6
189126,23256,FUN_2,FUN_3
189133,19401,FUN_2,FUN_3
189150,10129,FUN_3,FUN_2
189186,18212,FUN_3,FUN_2
189187,6473,FUN_5,FUN_6
189198,17340,FUN_3,FUN_4
189209,2291,FUN_3,FUN_4
189209,3583,FUN_1,FUN_2
189217,28204,FUN_1,FUN_2
189229,8037,FUN_2,FUN_3
189251,23207,FUN_2,FUN_3
189252,28634,FUN_5,FUN_6
189253,21753,FUN_1,FUN_2
189256,10135,RET,CUBE_L
189272,12223,FUN_6,FUN_5
189272,20119,FUN_2,FUN_3
189282,17623,FUN_3,FUN_2
189283,7826,FUN_2,FUN_1
189289,12860,FUN_2,FUN_3
189302,15803,FUN_2,FUN_3
189307,19092,FUN_2,FUN_1
189308,10135,CUBE_L,RET
189327,10135,RET,CUBE_L
189332,19796,FUN_2,FUN_1
189333,28494,FUN_3,FUN_2
189340,12223,FUN_5,FUN_6
189373,22458,FUN_3,FUN_2
189384,26858,FUN_3,FUN_2
189398,29179,FUN_3,FUN_4
189407,21502,FUN_2,FUN_3
189427,6413,FUN_1,CUBE_L
189428,7831,FUN_2,FUN_1
189442,15126,FUN_2,FUN_1
189442,16685,FUN_2,FUN_1
189445,23868,FUN_3,FUN_2
189465,17462,FUN_6,CUBE_R
189474,15198,FUN_3,FUN_4
189480,10266,FUN_5,FUN_4
189488,16290,RET,CUBE_R
189500,3861,FUN_3,FUN_2
189506,3730,RET,CUBE_L
189510,16301,FUN_2,FUN_1
189531,22884,FUN_3,FUN_2
189536,8222,FUN_2,FUN_1
189538,6300,FUN_1,FUN_2
189548,167,RET,CUBE_L
189583,15091,FUN_3,FUN_2
189585,7076,CUBE_R,FUN_6
189607,7462,FUN_4,FUN_3
189608,10234,FUN_2,FUN_1
189621,18212,FUN_2,FUN_3
189631,20773,FUN_3,FUN_2
189644,16589,FUN_3,FUN_2
189644,28494,FUN_2,FUN_3
189647,14150,FUN_6,FUN_5
189652,9097,RET,CUBE_L
189654,29179,FUN_4,FUN_3
189655,6222,FUN_1,FUN_2
189662,15057,FUN_2,FUN_1
189693,19468,CUBE_L,FUN_1
189702,29496,CUBE_R,RET
189705,18830,FUN_4,FUN_3
189748,25134,FUN_2,FUN_1
189750,15815,FUN_1,FUN_2
189780,11281,FUN_4,FUN_5
189780,28494,FUN_3,FUN_2
189786,22744,FUN_2,FUN_1
189789,13092,FUN_4,FUN_5
189794,4509,FUN_5,FUN_4
189798,2160,FUN_2,FUN_1
189812,27773,CUBE_L,RET
189813,4220,FUN_3,FUN_4
189857,29325,FUN_1,FUN_2
189876,29556,FUN_1,CUBE_L
189883,25929,FUN_2,FUN_3
189889,20025,FUN_4,FUN_3
189891,17462,CUBE_R,FUN_6
189906,10266,FUN_4,FUN_5
189908,29801,FUN_2,FUN_3
189912,23300,FUN_1,FUN_2
189919,24347,FUN_3,FUN_4
189920,18212,FUN_3,FUN_2
189929,5457,FUN_1,FUN_2
189945,6532,FUN_4,FUN_3
189953,24949,FUN_1,FUN_2
189966,6691,FUN_1,FUN_2
189977,12223,FUN_6,FUN_5
189991,19436,FUN_2,FUN_3
189993,17584,FUN_3,FUN_2
190008,16062,FUN_2,FUN_3
190016,18913,FUN_5,FUN_6
190017,3583,FUN_2,FUN_1
190017,21409,FUN_2,FUN_1
190033,1311,FUN_4,FUN_3
190033,4700,FUN_2,FUN_1
190033,29179,FUN_3,FUN_4
190039,1769,FUN_3,FUN_4
190051,4411,FUN_4,FUN_5
190053,15080,FUN_3,FUN_2
190060,2249,FUN_2,FUN_1
190075,27463,FUN_4,FUN_3
190085,20807,FUN_1,FUN_2
190087,5559,FUN_4,FUN_5
190095,15062,FUN_3,FUN_2
190115,21647,FUN_6,CUBE_R
190127,26185,FUN_2,FUN_1
190130,15771,FUN_1,FUN_2
190142,19666,FUN_3,FUN_2
190150,29508,FUN_1,CUBE_L
190153,5740,FUN_5,FUN_6
190153,10422,CUBE_R,FUN_6
190157,12223,FUN_5,FUN_6
190164,21668,RET,CUBE_L
190165,16655,FUN_4,FUN_3
190186,26354,FUN_2,FUN_1
190188,16631,FUN_3,FUN_2
190198,18160,RET,CUBE_L
190206,16809,FUN_1,FUN_2
190211,23646,FUN_3,FUN_2
190213,27463,FUN_3,FUN_4
190230,22346,RET,CUBE_R
190263,21235,FUN_6,FUN_5
190269,13491,FUN_2,FUN_3
190282,15968,FUN_3,FUN_2
190292,20227,FUN_3,FUN_4
190319,29496,RET,CUBE_R
190328,15987,CUBE_R,FUN_6
190341,13213,FUN_5,FUN_6
190363,6413,CUBE_L,FUN_1
190370,6377,FUN_5,FUN_4
190377,5437,FUN_2,FUN_3
190381,4220,FUN_4,FUN_3
190385,19784,FUN_4,FUN_3
190395,24564,FUN_6,CUBE_R
190398,19109,FUN_1,FUN_2
190399,773,FUN_5,FUN_6
190409,14300,CUBE_L,FUN_1
190426,19632,CUBE_L,RET
190430,4159,FUN_2,FUN_1
190435,2434,FUN_4,FUN_3
190439,13767,FUN_3,FUN_4
190479,5333,FUN_2,FUN_1
190484,7068,FUN_1,FUN_2
190486,9246,CUBE_L,RET
190486,16062,FUN_3,FUN_2
190487,8117,RET,CUBE_L
190489,12131,FUN_4,FUN_5
190494,25038,CUBE_L,RET
190499,23768,FUN_1,FUN_2
190507,19784,FUN_3,FUN_4
190519,6726,CUBE_R,FUN_6
190520,1774,RET,CUBE_L
190534,5942,FUN_3,FUN_2
190549,12790,CUBE_R,RET
190554,28500,FUN_3,FUN_2
190560,5437,FUN_3,FUN_2
190561,11550,FUN_2,FUN_1
190586,2162,RET,CUBE_L
190602,27463,FUN_4,FUN_3
190611,20445,FUN_1,FUN_2
190621,27773,RET,CUBE_L
190629,7390,FUN_1,FUN_2
190664,27857,FUN_4,FUN_3
190666,14683,FUN_4,FUN_3
190668,11332,CUBE_L,RET
190677,10931,FUN_2,FUN_1
190697,1549,CUBE_R,FUN_6
190697,14076,RET,CUBE_L
190697,18813,FUN_2,FUN_3
190704,21142,FUN_2,FUN_3
190715,4892,RET,CUBE_L
190719,9994,CUBE_L,RET
190734,4159,FUN_1,FUN_2
190756,4162,FUN_4,FUN_3
190760,11774,FUN_3,FUN_4
190773,26181,RET,CUBE_R
190782,6626,FUN_2,FUN_1
190783,201,FUN_3,FUN_4
190785,3051,RET,CUBE_L
190787,4892,CUBE_L,RET
190788,7691,FUN_3,FUN_2
190796,17340,FUN_4,FUN_3
190802,21003,FUN_4,FUN_3
190804,10424,FUN_2,FUN_1
190809,14879,FUN_4,FUN_3
190812,9413,CUBE_L,FUN_1
190812,23024,FUN_5,FUN_4
190828,18102,FUN_6,FUN_5
190828,19666,FUN_2,FUN_3
190838,27463,FUN_3,FUN_4
190856,7076,FUN_6,CUBE_R
190872,23300,FUN_2,FUN_1
190876,11777,RET,CUBE_R
190879,17240,FUN_3,FUN_4
190892,22871,FUN_5,FUN_4
190903,27463,FUN_4,FUN_3
190913,23345,CUBE_L,RET
190918,7035,CUBE_L,RET
190947,10266,FUN_5,FUN_4
190950,9878,CUBE_L,RET
190953,17740,FUN_2,FUN_1
190963,10557,FUN_3,FUN_2
190971,19024,FUN_2,FUN_3
190973,28386,FUN_3,FUN_2
190992,12854,FUN_2,FUN_3
190993,2375,CUBE_R,RET
190999,3660,CUBE_R,RET
191058,19303,FUN_1,FUN_2
191061,6487,FUN_2,FUN_3
191063,2972,FUN_6,FUN_5
191068,27692,RET,CUBE_L
191073,2972,FUN_5,FUN_6
191080,2972,FUN_6,FUN_5
191080,8353,FUN_5,FUN_4
191086,8969,FUN_3,FUN_4
191100,2972,FUN_5,FUN_6
191103,9053,FUN_2,FUN_3
191103,11281,FUN_5,FUN_4
191120,5585,FUN_3,FUN_4
191130,26920,FUN_2,FUN_3
191151,10234,FUN_1,FUN_2
191151,19784,FUN_4,FUN_3
191165,29380,FUN_2,FUN_3
191180,19144,FUN_3,FUN_4
191183,1281,FUN_5,FUN_4
191214,18411,FUN_4,FUN_3
191218,17340,FUN_3,FUN_4
191224,27237,FUN_3,FUN_2
191245,9056,FUN_3,FUN_4
191252,1428,CUBE_R,FUN_6
191274,18287,RET,CUBE_L
191300,16071,FUN_4,FUN_5
191321,21776,FUN_3,FUN_4
191328,20714,CUBE_L,RET
191348,16140,FUN_2,FUN_1
191366,3861,FUN_2,FUN_3
191368,14683,FUN_3,FUN_4
191376,7826,FUN_1,FUN_2
191384,10597,FUN_5,FUN_4
191384,15126,FUN_1,FUN_2
191386,29967,FUN_3,FUN_2
191395,29556,CUBE_L,FUN_1
191400,19561,FUN_3,FUN_4
191405,11831,RET,CUBE_R
191415,20714,RET,CUBE_L
191419,18830,FUN_3,FUN_4
191426,21286,FUN_2,FUN_1
191430,18891,FUN_4,FUN_5
191451,23739,FUN_2,FUN_3
191458,21897,FUN_1,FUN_2
191477,5171,FUN_2,FUN_3
191489,9263,FUN_2,FUN_3
191493,5319,RET,CUBE_R
191496,25256,FUN_5,FUN_4
191501,15714,FUN_3,FUN_2
191501,22534,FUN_5,FUN_6
191502,2291,FUN_4,FUN_3
191508,4700,FUN_1,FUN_2
191531,4274,FUN_5,FUN_4
191533,26624,RET,CUBE_R
191535,19344,CUBE_L,RET
191536,5932,FUN_4,FUN_5
191541,16832,RET,CUBE_L
191543,17042,CUBE_L,FUN_1
191545,2578,FUN_2,FUN_3
191560,6377,FUN_4,FUN_5
191561,28217,FUN_3,FUN_4
191563,20280,FUN_6,FUN_5
191573,16892,FUN_3,FUN_2
191598,20126,RET,CUBE_L
191601,19436,FUN_3,FUN_2
191605,22568,FUN_4,FUN_5
191608,16204,FUN_3,FUN_2
191613,22099,FUN_2,FUN_3
191616,16685,FUN_1,FUN_2
191620,23345,RET,CUBE_L
191623,4937,FUN_2,FUN_3
191626,4117,FUN_4,FUN_3
191628,2700,FUN_4,FUN_3
191630,6447,FUN_3,FUN_2
191641,16631,FUN_2,FUN_3
191658,22871,FUN_4,FUN_5
191673,13613,FUN_2,FUN_3
191673,15714,FUN_2,FUN_3
191676,21171,FUN_2,FUN_3
191684,4411,FUN_5,FUN_4
191684,11276,FUN_3,FUN_2
191698,5932,FUN_5,FUN_4
191708,23694,FUN_2,FUN_3
191711,21211,FUN_2,FUN_1
191712,19340,FUN_2,FUN_3
191769,3411,CUBE_R,RET
191820,3658,FUN_5,FUN_4
191821,27931,FUN_5,FUN_6
191825,3629,FUN_3,FUN_2
191851,5333,FUN_1,FUN_2
191870,14026,FUN_2,FUN_1
191874,16892,FUN_2,FUN_3
191879,27234,CUBE_R,RET
191898,12315,FUN_4,FUN_5
191920,10725,FUN_3,FUN_2
191921,9763,CUBE_L,RET
191932,11386,FUN_4,FUN_3
191935,2066,FUN_5,FUN_6
191935,10947,RET,CUBE_R
191936,29801,FUN_3,FUN_2
191937,1314,FUN_2,FUN_3
191938,18457,FUN_3,FUN_2
191954,28375,FUN_3,FUN_4
191956,22458,FUN_2,FUN_3
191957,9430,FUN_2,FUN_3
191962,23868,FUN_2,FUN_3
191963,28091,FUN_3,FUN_4
191970,6983,FUN_3,FUN_2
191995,20714,CUBE_L,RET
192002,7076,CUBE_R,FUN_6
192007,3649,FUN_5,FUN_4
192023,14076,CUBE_L,RET
192029,23597,FUN_3,FUN_4
192057,9060,FUN_5,FUN_6
192087,29243,FUN_2,FUN_3
192099,28313,FUN_3,FUN_4
192101,3660,RET,CUBE_R
192102,10086,FUN_4,FUN_3
192120,3660,CUBE_R,RET
192122,561,FUN_1,FUN_2
192131,7076,FUN_6,CUBE_R
192156,4995,FUN_3,FUN_4
192160,14327,RET,CUBE_R
192164,16997,FUN_1,CUBE_L
192177,23562,FUN_2,FUN_3
192181,16260,FUN_1,CUBE_L
192186,21647,CUBE_R,FUN_6
192189,19109,FUN_2,FUN_1
192191,28091,FUN_4,FUN_3
192197,3660,RET,CUBE_R
192201,17223,FUN_4,FUN_3
192210,13613,FUN_3,FUN_2
192214,9399,FUN_2,FUN_1
192214,10947,CUBE_R,RET
192231,18929,FUN_1,FUN_2
192241,27773,CUBE_L,RET
192245,6447,FUN_2,FUN_3
192257,12289,FUN_5,FUN_6
192258,19420,CUBE_R,RET
192269,16892,FUN_3,FUN_2
192272,17650,CUBE_R,FUN_6
192282,3660,CUBE_R,RET
192284,7710,FUN_5,FUN_4
192292,11770,FUN_6,FUN_5
192296,10397,CUBE_R,RET
192300,23562,FUN_3,FUN_2
192306,6983,FUN_2,FUN_3
192306,11296,FUN_3,FUN_2
192315,14076,RET,CUBE_L
192345,9878,RET,CUBE_L
192345,17931,FUN_5,FUN_6
192346,16260,CUBE_L,FUN_1
192351,23562,FUN_2,FUN_3
192353,15239,FUN_2,FUN_3
192354,6983,FUN_3,FUN_2
192356,10562,FUN_2,FUN_3
192357,15557,FUN_3,FUN_4
192367,3660,RET,CUBE_R
192374,11386,FUN_3,FUN_4
192374,28091,FUN_3,FUN_4
192384,25632,CUBE_R,FUN_6
192433,28736,FUN_3,FUN_2
192455,10234,FUN_2,FUN_1
192465,9922,FUN_6,FUN_5
192478,7076,CUBE_R,FUN_6
192480,15091,FUN_2,FUN_3
192486,23694,FUN_3,FUN_2
192488,28032,FUN_1,FUN_2
192489,15817,FUN_2,FUN_1
192495,23646,FUN_2,FUN_3
192502,1546,CUBE_L,RET
192502,10086,FUN_3,FUN_4
192506,14806,FUN_1,CUBE_L
192536,21211,FUN_1,FUN_2
192537,5171,FUN_3,FUN_2
192548,22186,FUN_2,FUN_1
192573,6983,FUN_2,FUN_3
192586,167,CUBE_L,RET
192588,10397,RET,CUBE_R
192594,18571,CUBE_L,FUN_1
192605,25666,FUN_3,FUN_2
192625,12258,RET,CUBE_R
192640,7826,FUN_2,FUN_1
192643,20140,FUN_2,FUN_1
192650,16888,FUN_2,FUN_1
192655,14511,RET,CUBE_R
192663,10201,CUBE_L,RET
192663,25271,FUN_5,FUN_6
192671,10947,RET,CUBE_R
192672,23562,FUN_3,FUN_2
192676,10397,CUBE_R,RET
192678,8363,FUN_2,FUN_1
192703,21286,FUN_1,FUN_2
192706,14508,FUN_2,FUN_1
192713,1541,FUN_3,FUN_2
192713,10397,RET,CUBE_R
192714,23562,FUN_2,FUN_3
192731,28656,FUN_1,FUN_2
192741,10557,FUN_2,FUN_3
192768,7573,FUN_1,CUBE_L
192776,14532,FUN_2,FUN_3
192783,3660,CUBE_R,RET
192794,201,FUN_4,FUN_3
192798,25665,CUBE_R,FUN_6
192800,23562,FUN_3,FUN_2
192801,7710,FUN_4,FUN_5
192804,23597,FUN_4,FUN_3
192804,27524,FUN_5,FUN_4
192809,5437,FUN_2,FUN_3
192815,1311,FUN_3,FUN_4
192822,21647,FUN_6,CUBE_R
192829,14984,CUBE_R,RET
192838,4583,FUN_3,FUN_2
192838,21480,FUN_3,FUN_4
192852,7589,FUN_1,FUN_2
192861,11296,FUN_2,FUN_3
192864,344,FUN_3,FUN_4
192865,22203,FUN_2,FUN_3
192868,19990,FUN_4,FUN_5
192869,13181,FUN_1,FUN_2
192871,16140,FUN_1,FUN_2
192876,28217,FUN_4,FUN_3
192878,9676,FUN_5,FUN_4
192879,6377,FUN_5,FUN_4
192889,344,FUN_4,FUN_3
192892,2578,FUN_3,FUN_2
192893,7691,FUN_2,FUN_3
192899,344,FUN_3,FUN_4
192904,160,FUN_5,FUN_6
192937,344,FUN_4,FUN_3
192940,15528,RET,CUBE_R
192959,22346,CUBE_R,RET
192967,1314,FUN_3,FUN_2
192968,16892,FUN_2,FUN_3
192980,3629,FUN_2,FUN_3
192985,14034,CUBE_R,RET
192988,9922,FUN_5,FUN_6
192989,23691,FUN_3,FUN_4
193027,12415,FUN_5,FUN_4
193028,16260,FUN_1,CUBE_L
193035,241,RET,CUBE_R
193047,2433,FUN_3,FUN_2
193051,11386,FUN_4,FUN_3
193052,16301,FUN_1,FUN_2
193074,1546,RET,CUBE_L
193088,5242,FUN_5,FUN_4
193108,25732,FUN_3,FUN_2
193113,28313,FUN_4,FUN_3
193122,23562,FUN_2,FUN_3
193127,26897,FUN_2,FUN_3
193151,22099,FUN_3,FUN_2
193155,19796,FUN_1,FUN_2
193167,15057,FUN_1,FUN_2
193173,24807,FUN_6,FUN_5
193174,2178,FUN_2,FUN_1
193174,11465,FUN_1,FUN_2
193181,13213,FUN_6,FUN_5
193185,3501,FUN_3,FUN_4
193200,7772,CUBE_L,RET
193235,10787,FUN_4,FUN_5
193242,16763,FUN_1,FUN_2
193244,20148,FUN_2,FUN_1
193248,25442,FUN_3,FUN_2
193255,20299,CUBE_L,RET
193261,4117,FUN_3,FUN_4
193279,24784,FUN_3,FUN_2
193289,10397,CUBE_R,RET
193295,7710,FUN_5,FUN_4
193309,2066,FUN_6,FUN_5
193316,17803,FUN_4,FUN_3
193365,28357,FUN_2,FUN_1
193374,21897,FUN_2,FUN_1
193383,4157,FUN_3,FUN_2
193394,22816,FUN_3,FUN_2
193396,9792,FUN_3,FUN_4
193404,344,FUN_3,FUN_4
193412,21917,FUN_4,FUN_5
193420,20776,FUN_3,FUN_4
193422,10036,CUBE_L,RET
193436,11465,FUN_2,FUN_1
193454,22920,FUN_3,FUN_2
193456,23331,FUN_2,FUN_3
193458,5242,FUN_4,FUN_5
193469,29801,FUN_2,FUN_3
193470,19747,CUBE_L,FUN_1
193501,15361,FUN_3,FUN_2
193503,627,FUN_5,FUN_4
193504,27470,CUBE_R,RET
193509,344,FUN_4,FUN_3
193510,19420,RET,CUBE_R
193516,3634,FUN_1,FUN_2
193544,15814,FUN_1,FUN_2
193552,28313,FUN_3,FUN_4
193557,15080,FUN_2,FUN_3
193569,10562,FUN_3,FUN_2
193572,21897,FUN_1,FUN_2
193574,14740,FUN_4,FUN_5
193584,7462,FUN_3,FUN_4
193595,20776,FUN_4,FUN_3
193625,9878,CUBE_L,RET
193635,29556,FUN_1,CUBE_L
193643,29380,FUN_3,FUN_2
193654,6574,FUN_6,CUBE_R
193655,26126,FUN_2,FUN_1
193664,16943,FUN_3,FUN_2
193675,10286,FUN_5,FUN_4
193689,4162,FUN_3,FUN_4
193713,19784,FUN_3,FUN_4
193724,6447,FUN_3,FUN_2
193726,27930,FUN_2,FUN_3
193732,20445,FUN_2,FUN_1
193734,11768,FUN_1,FUN_2
193744,1461,FUN_2,FUN_3
193786,5932,FUN_4,FUN_5
193786,10086,FUN_4,FUN_3
193789,627,FUN_4,FUN_5
193808,9750,FUN_3,FUN_2
193824,2854,FUN_6,CUBE_R
193831,13112,FUN_1,FUN_2
193834,22203,FUN_3,FUN_2
193853,23597,FUN_3,FUN_4
193853,24054,FUN_5,FUN_6
193862,28998,FUN_3,FUN_2
193864,28357,FUN_1,FUN_2
193879,22203,FUN_2,FUN_3
193926,1507,FUN_2,FUN_1
193943,29801,FUN_3,FUN_2
193948,14300,FUN_1,CUBE_L
193949,5242,FUN_5,FUN_4
193953,2854,CUBE_R,FUN_6
193965,9060,FUN_6,FUN_5
193991,17886,CUBE_R,RET
194004,3501,FUN_4,FUN_3
194005,15729,FUN_2,FUN_3
194005,20776,FUN_3,FUN_4
194016,16631,FUN_3,FUN_2
194027,12258,CUBE_R,RET
194038,8048,FUN_5,FUN_6
194040,19468,FUN_1,CUBE_L
194041,19561,FUN_4,FUN_3
194051,8548,FUN_1,FUN_2
194068,25666,FUN_2,FUN_3
194070,6983,FUN_3,FUN_2
194076,27887,FUN_5,FUN_6
194092,10409,FUN_5,FUN_4
194094,8472,FUN_2,FUN_3
194118,23777,FUN_1,FUN_2
194125,2375,RET,CUBE_R
194132,14026,FUN_1,FUN_2
194134,27804,FUN_6,CUBE_R
194180,25021,FUN_2,FUN_1
194181,19436,FUN_2,FUN_3
194192,10066,FUN_2,FUN_3
194192,14300,CUBE_L,FUN_1
194192,17240,FUN_4,FUN_3
194195,8593,CUBE_R,RET
194201,21897,FUN_2,FUN_1
194202,28686,FUN_4,FUN_5
194206,5719,FUN_3,FUN_4
194219,28218,FUN_3,FUN_2
194256,10266,FUN_4,FUN_5
194282,21448,FUN_1,FUN_2
194286,26126,FUN_1,FUN_2
194295,24152,FUN_4,FUN_5
194302,27931,FUN_6,FUN_5
194304,11770,FUN_5,FUN_6
194310,3634,FUN_2,FUN_1
194311,14683,FUN_4,FUN_3
194327,8376,RET,CUBE_R
194337,12195,FUN_3,FUN_4
194343,5932,FUN_5,FUN_4
194350,1507,FUN_1,FUN_2
194357,29132,FUN_2,FUN_1
194382,14329,FUN_2,FUN_3
194419,12258,RET,CUBE_R
194427,27524,FUN_4,FUN_5
194436,2554,CUBE_R,RET
194446,5932,FUN_4,FUN_5
194453,15863,CUBE_R,RET
194458,25442,FUN_2,FUN_3
194460,26548,FUN_1,FUN_2
194461,20025,FUN_3,FUN_4
194464,12315,FUN_5,FUN_4
194468,14532,FUN_3,FUN_2
194477,29179,FUN_4,FUN_3
194485,24418,FUN_3,FUN_2
194489,26126,FUN_2,FUN_1
194491,160,FUN_6,FUN_5
194504,2160,FUN_1,FUN_2
194508,23260,FUN_5,FUN_4
194519,2225,FUN_1,FUN_2
194523,16708,FUN_6,CUBE_R
194532,14508,FUN_1,FUN_2
194538,23178,FUN_3,FUN_2
194546,25732,FUN_2,FUN_3
194557,13586,FUN_1,FUN_2
194557,14508,FUN_2,FUN_1
194572,14508,FUN_1,FUN_2
194576,3319,FUN_5,FUN_4
194592,22224,FUN_2,FUN_3
194598,25348,CUBE_R,RET
194622,24351,FUN_2,FUN_3
194628,21557,FUN_1,CUBE_L
194660,1897,CUBE_L,RET
194666,13797,FUN_1,FUN_2
194671,27773,RET,CUBE_L
194677,5256,RET,CUBE_L
194716,9751,FUN_2,FUN_3
194724,5786,FUN_2,FUN_3
194725,27176,FUN_5,FUN_6
194738,21480,FUN_4,FUN_3
194741,14508,FUN_2,FUN_1
194743,13613,FUN_2,FUN_3
194767,6983,FUN_2,FUN_3
194771,3629,FUN_3,FUN_2
194787,15456,CUBE_R,RET
194802,17421,FUN_2,FUN_1
194823,1587,FUN_2,FUN_1
194841,16260,CUBE_L,FUN_1
194858,16260,FUN_1,CUBE_L
194863,16260,CUBE_L,FUN_1
194867,15269,FUN_3,FUN_4
194871,16260,FUN_1,CUBE_L
194888,6164,FUN_2,FUN_1
194888,7390,FUN_2,FUN_1
194893,29786,CUBE_R,RET
194904,9060,FUN_5,FUN_6
194922,16260,CUBE_L,FUN_1
194926,3983,FUN_3,FUN_2
194946,16260,FUN_1,CUBE_L
194949,16089,FUN_3,FUN_4
194953,5932,FUN_5,FUN_4
194962,5686,FUN_4,FUN_5
194962,21074,FUN_5,FUN_6
194965,27388,CUBE_L,FUN_1
194966,4897,FUN_3,FUN_4
194973,16731,FUN_1,FUN_2
194979,16260,CUBE_L,FUN_1
194991,24685,CUBE_R,RET
194994,25488,FUN_2,FUN_1
195002,627,FUN_5,FUN_4
195008,14762,FUN_6,CUBE_R
195013,14879,FUN_3,FUN_4
195027,25225,FUN_2,FUN_3
195029,20228,FUN_3,FUN_2
195046,21409,FUN_1,FUN_2
195066,8179,FUN_2,FUN_3
195083,4731,RET,CUBE_L
195087,14508,FUN_1,FUN_2
195087,16260,FUN_1,CUBE_L
195091,4937,FUN_3,FUN_2
195091,6132,FUN_1,FUN_2
195091,9060,FUN_6,FUN_5
195105,27549,RET,CUBE_L
195111,2854,FUN_6,CUBE_R
195121,17029,CUBE_R,RET
195130,19420,CUBE_R,RET
195138,6246,FUN_2,FUN_3
195144,17584,FUN_2,FUN_3
195145,561,FUN_2,FUN_1
195152,12258,CUBE_R,RET
195160,28641,FUN_3,FUN_2
195169,10787,FUN_5,FUN_4
195197,13112,FUN_2,FUN_1
195198,21286,FUN_2,FUN_1
195215,28032,FUN_2,FUN_1
195219,1281,FUN_4,FUN_5
195233,22346,RET,CUBE_R
195234,28180,FUN_3,FUN_4
195236,28669,FUN_3,FUN_2
195237,786,FUN_4,FUN_3
195268,10286,FUN_4,FUN_5
195279,23823,CUBE_L,RET
195279,28313,FUN_4,FUN_3
195283,10086,FUN_3,FUN_4
195287,2578,FUN_2,FUN_3
195291,10266,FUN_5,FUN_4
195294,8910,FUN_5,FUN_6
195295,29132,FUN_1,FUN_2
195298,13570,CUBE_R,RET
195301,9676,FUN_4,FUN_5
195306,11774,FUN_4,FUN_3
195306,22099,FUN_2,FUN_3
195311,10266,FUN_4,FUN_5
195319,10086,FUN_4,FUN_3
195337,10266,FUN_5,FUN_4
195337,15078,FUN_6,CUBE_R
195338,14052,FUN_6,CUBE_R
195338,20011,FUN_5,FUN_6
195355,26858,FUN_2,FUN_3
195356,27410,CUBE_L,RET
195377,19990,FUN_5,FUN_4
195379,10086,FUN_3,FUN_4
195419,27931,FUN_5,FUN_6
195427,13797,FUN_2,FUN_1
195438,9792,FUN_4,FUN_3
195439,15959,RET,CUBE_R
195441,20413,FUN_2,FUN_1
195442,7728,RET,CUBE_R
195449,22920,FUN_2,FUN_3
195454,10266,FUN_4,FUN_5
195458,2067,FUN_2,FUN_1
195460,14879,FUN_4,FUN_3
195471,20228,FUN_2,FUN_3
195473,8376,CUBE_R,RET
195491,10086,FUN_4,FUN_3
195492,394,FUN_4,FUN_3
195494,10931,FUN_1,FUN_2
195504,5676,FUN_4,FUN_3
195504,6222,FUN_2,FUN_1
195512,10266,FUN_5,FUN_4
195519,28686,FUN_5,FUN_4
195524,16925,FUN_2,FUN_3
195531,6726,FUN_6,CUBE_R
195547,17803,FUN_3,FUN_4
195556,8548,FUN_2,FUN_1
195560,23164,FUN_3,FUN_4
195570,6132,FUN_2,FUN_1
195581,28507,FUN_2,FUN_1
195592,7710,FUN_4,FUN_5
195592,24649,FUN_6,FUN_5
195612,1281,FUN_5,FUN_4
195616,5065,FUN_2,FUN_1
195624,9523,FUN_3,FUN_2
195626,24418,FUN_2,FUN_3
195632,14740,FUN_5,FUN_4
195635,28763,CUBE_R,RET
195674,17584,FUN_3,FUN_2
195680,18571,FUN_1,CUBE_L
195681,14076,CUBE_L,RET
195698,6360,CUBE_R,RET
195700,15959,CUBE_R,RET
195722,9060,FUN_5,FUN_6
195726,28313,FUN_3,FUN_4
195750,26276,RET,CUBE_L
195766,15968,FUN_2,FUN_3
195767,9175,CUBE_R,FUN_6
195767,9874,FUN_2,FUN_3
195770,26569,RET,CUBE_R
195776,22920,FUN_3,FUN_2
195781,11332,RET,CUBE_L
195782,28180,FUN_4,FUN_3
195786,4359,CUBE_R,RET
195800,1774,CUBE_L,RET
195817,25348,RET,CUBE_R
195825,325,CUBE_L,FUN_1
195831,21409,FUN_2,FUN_1
195850,5319,CUBE_R,RET
195851,13833,FUN_3,FUN_2
195854,9874,FUN_3,FUN_2
195858,19940,CUBE_R,RET
195860,6416,FUN_5,FUN_4
195860,17886,RET,CUBE_R
195872,5319,RET,CUBE_R
195876,8969,FUN_4,FUN_3
195882,19816,FUN_3,FUN_4
195887,24247,FUN_3,FUN_2
195899,1654,FUN_4,FUN_3
195909,15091,FUN_3,FUN_2
195917,6726,CUBE_R,FUN_6
195945,12415,FUN_4,FUN_5
195946,21017,FUN_2,FUN_3
195950,12636,FUN_4,FUN_5
195959,8937,FUN_6,FUN_5
195960,20895,FUN_2,FUN_3
195980,17584,FUN_2,FUN_3
195992,11774,FUN_3,FUN_4
195999,10409,FUN_4,FUN_5
196021,10066,FUN_3,FUN_2
196021,10767,FUN_4,FUN_3
196034,19796,FUN_2,FUN_1
196035,19793,FUN_5,FUN_4
196065,14899,FUN_2,FUN_1
196099,1595,FUN_5,FUN_4
196103,22267,FUN_4,FUN_5
196105,14304,CUBE_R,FUN_6
196110,20025,FUN_4,FUN_3
196120,696,RET,CUBE_R
196127,27431,FUN_1,CUBE_L
196135,1314,FUN_2,FUN_3
196136,28669,FUN_2,FUN_3
196139,19049,FUN_4,FUN_3
196140,15269,FUN_4,FUN_3
196154,12617,FUN_6,CUBE_R
196154,21202,FUN_5,FUN_4
196164,1838,CUBE_R,FUN_6
196171,4568,FUN_3,FUN_2
196173,16997,CUBE_L,FUN_1
196236,22915,FUN_2,FUN_1
196251,18571,CUBE_L,FUN_1
196266,24581,FUN_4,FUN_3
196269,23963,FUN_3,FUN_2
196296,16888,FUN_1,FUN_2
196298,12212,RET,CUBE_L
196307,7772,RET,CUBE_L
196316,27549,CUBE_L,RET
196321,15817,FUN_1,FUN_2
196323,2854,CUBE_R,FUN_6
196343,16231,FUN_2,FUN_3
196364,15968,FUN_3,FUN_2
196368,5786,FUN_3,FUN_2
196369,9792,FUN_3,FUN_4
196372,14300,FUN_1,CUBE_L
196375,16089,FUN_4,FUN_3
196376,5319,CUBE_R,RET
196388,29132,FUN_2,FUN_1
196397,19084,FUN_2,FUN_1
196437,17340,FUN_4,FUN_3
196445,24784,FUN_2,FUN_3
196450,21897,FUN_1,FUN_2
196460,23691,FUN_4,FUN_3
196460,24247,FUN_2,FUN_3
196465,9874,FUN_2,FUN_3
196468,25326,FUN_3,FUN_4
196470,3020,FUN_4,FUN_3
196477,4583,FUN_2,FUN_3
196514,20714,RET,CUBE_L
196520,24695,FUN_3,FUN_2
196533,12860,FUN_3,FUN_2
196543,7728,CUBE_R,RET
196549,27692,CUBE_L,RET
196550,9399,FUN_1,FUN_2
196576,10263,CUBE_L,RET
196580,15404,CUBE_L,FUN_1
196585,10234,FUN_1,FUN_2
196587,4897,FUN_4,FUN_3
196588,5120,FUN_2,FUN_3
196593,6562,RET,CUBE_R
196609,18830,FUN_4,FUN_3
196625,21668,CUBE_L,RET
196633,28218,FUN_2,FUN_3
196634,22267,FUN_5,FUN_4
196638,27887,FUN_6,FUN_5
196658,10286,FUN_5,FUN_4
196675,21286,FUN_1,FUN_2
196689,7725,FUN_2,FUN_3
196700,4040,FUN_3,FUN_4
196707,9308,FUN_4,FUN_5
196716,17888,CUBE_L,RET
196735,19831,FUN_3,FUN_2
196737,22345,FUN_4,FUN_5
196764,12258,RET,CUBE_R
196769,27470,RET,CUBE_R
196774,6774,FUN_3,FUN_2
196775,23465,FUN_1,FUN_2
196791,16631,FUN_2,FUN_3
196796,19049,FUN_3,FUN_4
196811,16708,CUBE_R,FUN_6
196824,17421,FUN_1,FUN_2
196826,11706,RET,CUBE_L
196840,9284,FUN_2,FUN_3
196845,25017,RET,CUBE_L
196848,15298,FUN_3,FUN_4
196858,160,FUN_5,FUN_6
196871,14300,CUBE_L,FUN_1
196888,15460,FUN_2,FUN_3
196889,7710,FUN_5,FUN_4
196891,15759,RET,CUBE_L
196903,26126,FUN_1,FUN_2
196905,1314,FUN_3,FUN_2
196910,23633,FUN_2,FUN_1
196923,10787,FUN_4,FUN_5
196937,17008,FUN_3,FUN_2
196960,15530,FUN_2,FUN_3
196974,5319,RET,CUBE_R
196976,12856,FUN_2,FUN_3
196982,9399,FUN_2,FUN_1
197005,7302,FUN_3,FUN_2
197019,3629,FUN_2,FUN_3
197021,25021,FUN_1,FUN_2
197044,15395,FUN_3,FUN_2
197076,2003,FUN_6,FUN_5
197083,8023,RET,CUBE_R
197113,9809,FUN_5,FUN_4
197123,160,FUN_6,FUN_5
197156,22568,FUN_5,FUN_4
197172,28726,FUN_3,FUN_4
197193,21202,FUN_4,FUN_5
197204,15298,FUN_4,FUN_3
197209,9874,FUN_3,FUN_2
197210,24351,FUN_3,FUN_2
197242,17763,FUN_1,FUN_2
197243,29226,FUN_2,FUN_1
197254,3598,FUN_5,FUN_6
197258,27549,RET,CUBE_L
197263,18917,FUN_3,FUN_4
197276,12860,FUN_2,FUN_3
197285,18571,FUN_1,CUBE_L
197286,10931,FUN_2,FUN_1
197290,2465,FUN_5,FUN_4
197291,27431,CUBE_L,FUN_1
197293,6222,FUN_1,FUN_2
197293,15368,FUN_1,FUN_2
197296,9661,FUN_5,FUN_6
197299,18878,FUN_5,FUN_4
197305,10824,FUN_4,FUN_5
197306,2722,FUN_1,FUN_2
197309,160,FUN_5,FUN_6
197322,6532,FUN_3,FUN_4
197330,4568,FUN_2,FUN_3
197332,3646,FUN_1,CUBE_L
197335,10885,CUBE_R,FUN_6
197335,20714,CUBE_L,RET
197344,15361,FUN_2,FUN_3
197350,4162,FUN_4,FUN_3
197362,12860,FUN_3,FUN_2
197383,16943,FUN_2,FUN_3
197395,22224,FUN_3,FUN_2
197446,15500,FUN_3,FUN_2
197450,10086,FUN_3,FUN_4
197467,5592,CUBE_R,RET
197469,19990,FUN_4,FUN_5
197485,16925,FUN_3,FUN_2
197492,26858,FUN_3,FUN_2
197503,10725,FUN_2,FUN_3
197526,316,FUN_3,FUN_2
197540,18312,RET,CUBE_L
197554,2439,FUN_4,FUN_3
197571,16655,FUN_3,FUN_4
197613,26548,FUN_2,FUN_1
197614,9792,FUN_4,FUN_3
197616,15959,RET,CUBE_R
197620,18287,CUBE_L,RET
197627,15436,FUN_3,FUN_2
197635,17158,RET,CUBE_L
197637,3629,FUN_3,FUN_2
197654,6983,FUN_3,FUN_2
197666,25665,FUN_6,CUBE_R
197669,8958,FUN_2,FUN_3
197670,1360,FUN_2,FUN_1
197672,29432,FUN_3,FUN_2
197676,17158,CUBE_L,RET
197683,28851,CUBE_R,FUN_6
197687,8933,FUN_3,FUN_2
197688,9765,FUN_5,FUN_4
197698,24734,FUN_5,FUN_6
197701,23054,FUN_3,FUN_2
197708,11210,FUN_4,FUN_3
197712,21917,FUN_5,FUN_4
197719,5065,FUN_1,FUN_2
197729,9877,RET,CUBE_L
197741,241,CUBE_R,RET
197742,16191,FUN_3,FUN_4
197749,16191,FUN_4,FUN_3
197751,3769,CUBE_L,RET
197752,7068,FUN_2,FUN_1
197776,16191,FUN_3,FUN_4
197777,2004,FUN_2,FUN_3
197783,17740,FUN_1,FUN_2
197789,28526,FUN_3,FUN_4
197810,25899,FUN_1,FUN_2
197814,3913,FUN_2,FUN_3
197818,7604,FUN_2,FUN_1
197820,13432,FUN_3,FUN_2
197842,12856,FUN_3,FUN_2
197858,10245,FUN_2,FUN_1
197862,26858,FUN_2,FUN_3
197877,27400,CUBE_L,FUN_1
197878,17711,FUN_3,FUN_2
197878,28032,FUN_1,FUN_2
197881,27107,RET,CUBE_L
197891,6532,FUN_4,FUN_3
197935,13613,FUN_3,FUN_2
197947,21187,FUN_3,FUN_4
197956,8376,RET,CUBE_R
197958,6222,FUN_2,FUN_1
197970,28641,FUN_2,FUN_3
197973,23646,FUN_3,FUN_2
197979,3501,FUN_3,FUN_4
197990,9987,CUBE_L,RET
197993,26268,FUN_1,CUBE_L
197996,5420,FUN_1,CUBE_L
197998,24152,FUN_5,FUN_4
198069,23632,FUN_4,FUN_5
198106,11296,FUN_3,FUN_2
198122,20445,FUN_1,FUN_2
198124,29226,FUN_1,FUN_2
198132,29432,FUN_2,FUN_3
198137,25665,CUBE_R,FUN_6
198138,1393,FUN_1,FUN_2
198138,18495,FUN_3,FUN_2
198148,15859,FUN_5,FUN_4
198162,15579,RET,CUBE_R
198179,18282,FUN_3,FUN_2
198184,29744,FUN_3,FUN_2
198188,26320,FUN_1,FUN_2
198194,21881,FUN_4,FUN_3
198195,916,RET,CUBE_L
198209,5932,FUN_4,FUN_5
198226,17609,FUN_3,FUN_2
198236,29847,FUN_5,FUN_4
198252,21861,FUN_6,CUBE_R
198253,11551,FUN_3,FUN_2
198257,6204,FUN_4,FUN_3
198260,2647,FUN_3,FUN_4
198264,9765,FUN_4,FUN_5
198266,13056,FUN_3,FUN_4
198278,1360,FUN_1,FUN_2
198283,9284,FUN_3,FUN_2
198283,20967,FUN_1,FUN_2
198293,12860,FUN_2,FUN_3
198296,18527,CUBE_R,FUN_6
198298,5065,FUN_2,FUN_1
198315,8408,RET,CUBE_L
198316,24051,FUN_2,FUN_1
198319,19630,CUBE_R,FUN_6
198325,25054,RET,CUBE_L
198331,9390,FUN_2,FUN_1
198335,13570,RET,CUBE_R
198341,1267,FUN_6,CUBE_R
198348,20413,FUN_1,FUN_2
198371,25872,FUN_2,FUN_3
198375,16208,FUN_4,FUN_3
198380,10787,FUN_5,FUN_4
198394,28686,FUN_4,FUN_5
198419,1867,RET,CUBE_R
198439,3660,RET,CUBE_R
198441,10201,RET,CUBE_L
198443,1701,FUN_2,FUN_1
198457,1267,CUBE_R,FUN_6
198466,5047,FUN_5,FUN_4
198478,18878,FUN_4,FUN_5
198483,15903,CUBE_R,RET
198491,374,FUN_3,FUN_4
198491,27400,FUN_1,CUBE_L
198510,15500,FUN_2,FUN_3
198511,15057,FUN_2,FUN_1
198513,16063,FUN_1,CUBE_L
198513,17008,FUN_2,FUN_3
198517,3660,CUBE_R,RET
198518,1311,FUN_4,FUN_3
198519,2700,FUN_3,FUN_4
198523,13112,FUN_1,FUN_2
198526,1267,FUN_6,CUBE_R
198530,28832,FUN_3,FUN_2
198533,10673,FUN_2,FUN_1
198538,9987,RET,CUBE_L
198540,5171,FUN_2,FUN_3
198548,10201,CUBE_L,RET
198562,23919,CUBE_L,FUN_1
198571,1267,CUBE_R,FUN_6
198576,7484,FUN_2,FUN_1
198583,20148,FUN_1,FUN_2
198587,325,FUN_1,CUBE_L
198588,10179,FUN_2,FUN_1
198592,18312,CUBE_L,RET
198597,22338,FUN_3,FUN_2
198598,9308,FUN_5,FUN_4
198598,20041,FUN_3,FUN_4
198601,25017,CUBE_L,RET
198604,6748,FUN_3,FUN_2
198604,9750,FUN_2,FUN_3
198616,29770,FUN_1,FUN_2
198648,9308,FUN_4,FUN_5
198658,25639,FUN_5,FUN_4
198669,9308,FUN_5,FUN_4
198670,9308,FUN_4,FUN_5
198703,9308,FUN_5,FUN_4
198711,8675,FUN_1,CUBE_L
198725,1267,FUN_6,CUBE_R
198732,16204,FUN_2,FUN_3
198739,5457,FUN_2,FUN_1
198759,22912,FUN_2,FUN_3
198773,7831,FUN_1,FUN_2
198776,15331,FUN_3,FUN_4
198782,8937,FUN_5,FUN_6
198797,24086,FUN_5,FUN_4
198803,12856,FUN_2,FUN_3
198803,17928,CUBE_R,FUN_6
198819,2518,FUN_3,FUN_2
198851,8408,CUBE_L,RET
198854,4715,CUBE_R,RET
198871,3686,FUN_1,FUN_2
198877,14823,FUN_2,FUN_3
198888,18930,FUN_2,FUN_1
198893,2398,FUN_2,FUN_1
198895,3806,FUN_4,FUN_3
198895,18917,FUN_4,FUN_3
198895,22224,FUN_2,FUN_3
198940,15803,FUN_3,FUN_2
198943,24520,FUN_6,CUBE_R
198946,5047,FUN_4,FUN_5
198946,5797,FUN_6,FUN_5
198946,16594,FUN_2,FUN_1
198948,27930,FUN_3,FUN_2
198950,14193,FUN_2,FUN_3
198951,20967,FUN_2,FUN_1
198952,9308,FUN_4,FUN_5
198969,18901,CUBE_R,RET
198975,10201,RET,CUBE_L
198978,25021,FUN_2,FUN_1
198981,2854,FUN_6,CUBE_R
198982,15670,FUN_4,FUN_5
198987,5740,FUN_6,FUN_5
198992,20413,FUN_2,FUN_1
198996,9390,FUN_1,FUN_2
199000,12809,FUN_3,FUN_4
199007,16997,FUN_1,CUBE_L
199009,21557,CUBE_L,FUN_1
199010,2045,FUN_4,FUN_3
199030,27988,FUN_1,CUBE_L
199032,24578,FUN_3,FUN_2
199038,15803,FUN_2,FUN_3
199044,18571,CUBE_L,FUN_1
199061,9792,FUN_3,FUN_4
199071,10201,CUBE_L,RET
199077,16410,CUBE_R,RET
199081,6624,FUN_2,FUN_3
199087,12617,CUBE_R,FUN_6
199099,24351,FUN_2,FUN_3
199103,14300,FUN_1,CUBE_L
199140,19759,FUN_3,FUN_2
199150,2045,FUN_3,FUN_4
199153,14568,FUN_2,FUN_1
199153,16410,RET,CUBE_R
199175,2925,FUN_2,FUN_1
199182,21407,FUN_3,FUN_4
199185,14251,RET,CUBE_L
199198,3913,FUN_3,FUN_2
199200,14447,FUN_6,CUBE_R
199200,27176,FUN_6,FUN_5
199205,15395,FUN_2,FUN_3
199213,14740,FUN_4,FUN_5
199228,13213,FUN_5,FUN_6
199228,16231,FUN_3,FUN_2
199228,17240,FUN_3,FUN_4
199231,11551,FUN_2,FUN_3
199237,18527,FUN_6,CUBE_R
199240,754,FUN_2,FUN_1
199241,27496,FUN_2,FUN_3
199251,15557,FUN_4,FUN_3
199269,29069,RET,CUBE_L
199271,1267,CUBE_R,FUN_6
199271,5065,FUN_1,FUN_2
199286,27431,FUN_1,CUBE_L
199312,19759,FUN_2,FUN_3
199317,28281,FUN_3,FUN_2
199320,15803,FUN_3,FUN_2
199356,5171,FUN_3,FUN_2
199356,27415,FUN_1,FUN_2
199366,17386,FUN_4,FUN_3
199370,20967,FUN_1,FUN_2
199391,4117,FUN_4,FUN_3
199404,10086,FUN_4,FUN_3
199416,10401,FUN_3,FUN_2
199432,14004,CUBE_R,FUN_6
199434,325,CUBE_L,FUN_1
199434,5047,FUN_5,FUN_4
199449,10931,FUN_1,FUN_2
199453,5722,FUN_2,FUN_1
199462,7736,CUBE_R,FUN_6
199465,28357,FUN_2,FUN_1
199478,15992,FUN_4,FUN_3
199487,6774,FUN_2,FUN_3
199490,11637,FUN_2,FUN_1
199510,1996,CUBE_R,RET
199520,18830,FUN_3,FUN_4
199529,23654,CUBE_R,RET
199534,11242,FUN_3,FUN_2
199539,9399,FUN_1,FUN_2
199552,17340,FUN_3,FUN_4
199553,16734,FUN_2,FUN_3
199559,23631,FUN_1,FUN_2
199578,916,CUBE_L,RET
199591,21668,RET,CUBE_L
199643,5942,FUN_2,FUN_3
199643,7588,FUN_3,FUN_2
199647,7772,CUBE_L,RET
199655,5120,FUN_3,FUN_2
199675,7370,FUN_6,CUBE_R
199675,16071,FUN_5,FUN_4
199675,21926,FUN_3,FUN_2
199677,24311,FUN_5,FUN_6
199678,15959,CUBE_R,RET
199689,21017,FUN_3,FUN_2
199705,73,FUN_1,FUN_2
199707,2347,FUN_1,FUN_2
199708,6748,FUN_2,FUN_3
199714,9792,FUN_4,FUN_3
199729,916,RET,CUBE_L
199735,17029,RET,CUBE_R
199746,13112,FUN_2,FUN_1
199748,20075,FUN_2,FUN_1
199754,24247,FUN_3,FUN_2
199775,26270,FUN_3,FUN_2
199789,18527,CUBE_R,FUN_6
199790,10424,FUN_1,FUN_2
199811,24086,FUN_4,FUN_5
199825,15436,FUN_2,FUN_3
199843,8222,FUN_1,FUN_2
199858,14082,FUN_5,FUN_4
199870,13432,FUN_2,FUN_3
199875,9175,FUN_6,CUBE_R
199880,14508,FUN_2,FUN_1
199903,11373,FUN_3,FUN_2
199904,6416,FUN_4,FUN_5
199924,10409,FUN_5,FUN_4
199956,23654,RET,CUBE_R
199966,15557,FUN_3,FUN_4
199973,13380,CUBE_L,RET
199979,3660,RET,CUBE_R
199983,19312,FUN_5,FUN_4
199991,28655,FUN_3,FUN_4
199999,21802,FUN_3,FUN_2
200014,786,FUN_3,FUN_4
200016,14304,FUN_6,CUBE_R
200026,15456,RET,CUBE_R
200046,6538,CUBE_L,RET
200049,24807,FUN_5,FUN_6
200052,21788,FUN_4,FUN_5
200054,27114,FUN_6,FUN_5
200055,10658,FUN_4,FUN_5
200055,15859,FUN_4,FUN_5
200092,4411,FUN_4,FUN_5
200153,19024,FUN_3,FUN_2
200158,27176,FUN_5,FUN_6
200159,15459,CUBE_R,RET
200164,13613,FUN_2,FUN_3
200176,18414,FUN_5,FUN_4
200194,29770,FUN_2,FUN_1
200222,18774,CUBE_R,RET
200222,22345,FUN_5,FUN_4
200234,3501,FUN_4,FUN_3
200235,21135,FUN_3,FUN_2
200242,21897,FUN_2,FUN_1
200259,9751,FUN_3,FUN_2
200260,22920,FUN_2,FUN_3
200276,9284,FUN_2,FUN_3
200282,17642,FUN_3,FUN_2
200302,19399,FUN_4,FUN_5
200306,14508,FUN_1,FUN_2
200313,7074,FUN_2,FUN_1
200315,6983,FUN_2,FUN_3
200319,24578,FUN_2,FUN_3
200319,27739,FUN_3,FUN_4
200325,25038,RET,CUBE_L
200333,7503,FUN_3,FUN_4
200338,29402,RET,CUBE_L
200382,18415,FUN_2,FUN_1
200388,11373,FUN_2,FUN_3
200391,22951,CUBE_L,RET
200399,14374,CUBE_R,FUN_6
200404,19796,FUN_1,FUN_2
200429,5005,RET,CUBE_L
200441,27549,CUBE_L,RET
200442,28680,FUN_1,FUN_2
200459,24734,FUN_6,FUN_5
200473,6562,CUBE_R,RET
200500,8958,FUN_3,FUN_2
200505,21034,FUN_3,FUN_4
200525,11465,FUN_1,FUN_2
200525,15993,FUN_3,FUN_2
200529,10460,FUN_3,FUN_4
200540,9060,FUN_6,FUN_5
200541,627,FUN_4,FUN_5
200566,20075,FUN_1,FUN_2
200571,15729,FUN_3,FUN_2
200573,12315,FUN_4,FUN_5
200602,29243,FUN_3,FUN_2
200604,21788,FUN_5,FUN_4
200616,9892,FUN_3,FUN_2
200634,18287,RET,CUBE_L
200636,10179,FUN_1,FUN_2
200643,8363,FUN_1,FUN_2
200646,17240,FUN_4,FUN_3
200672,7387,FUN_3,FUN_2
200700,754,FUN_1,FUN_2
200700,6547,FUN_3,FUN_4
200701,4568,FUN_3,FUN_2
200713,25639,FUN_4,FUN_5
200715,14393,FUN_3,FUN_2
200749,14082,FUN_4,FUN_5
200751,27868,CUBE_R,FUN_6
200757,4157,FUN_2,FUN_3
200793,16718,FUN_2,FUN_1
200802,24051,FUN_1,FUN_2
200804,7074,FUN_1,FUN_2
200830,23654,CUBE_R,RET
200850,24313,FUN_2,FUN_3
200853,5797,FUN_5,FUN_6
200862,3583,FUN_1,FUN_2
200873,12352,RET,CUBE_R
200878,5120,FUN_2,FUN_3
200884,21897,FUN_1,FUN_2
200884,27408,FUN_1,FUN_2
200894,5457,FUN_1,FUN_2
200908,1965,FUN_3,FUN_4
200937,17931,FUN_6,FUN_5
200944,16631,FUN_3,FUN_2
200957,5942,FUN_3,FUN_2
200964,23632,FUN_5,FUN_4
200967,4197,FUN_6,CUBE_R
200978,26520,FUN_3,FUN_4
200983,5259,FUN_2,FUN_1
200985,10378,CUBE_L,FUN_1
201008,23631,FUN_2,FUN_1
201017,7074,FUN_2,FUN_1
201017,10885,FUN_6,CUBE_R
201027,18495,FUN_2,FUN_3
201037,22598,FUN_3,FUN_2
201052,27404,FUN_3,FUN_2
201058,10725,FUN_3,FUN_2
201059,25567,FUN_1,FUN_2
201064,25711,FUN_3,FUN_2
201077,10862,FUN_3,FUN_2
201104,9782,CUBE_L,RET
201119,3210,FUN_3,FUN_4
201124,10725,FUN_2,FUN_3
201126,21135,FUN_2,FUN_3
201135,10725,FUN_3,FUN_2
201137,10725,FUN_2,FUN_3
201139,18287,CUBE_L,RET
201150,23345,CUBE_L,RET
201172,1587,FUN_1,FUN_2
201176,6120,RET,CUBE_R
201180,1867,CUBE_R,RET
201217,4288,FUN_3,FUN_4
201225,8937,FUN_6,FUN_5
201246,10725,FUN_3,FUN_2
201253,14762,CUBE_R,FUN_6
201264,15176,FUN_5,FUN_6
201264,20413,FUN_1,FUN_2
201269,23919,FUN_1,CUBE_L
201312,241,RET,CUBE_R
201317,9175,CUBE_R,FUN_6
201320,28675,FUN_4,FUN_5
201322,10767,FUN_3,FUN_4
201325,18160,CUBE_L,RET
201345,16290,CUBE_R,RET
201351,3204,FUN_2,FUN_1
201404,1821,FUN_5,FUN_4
201439,11370,FUN_2,FUN_3
201445,16380,FUN_4,FUN_3
201460,25021,FUN_1,FUN_2
201462,16140,FUN_2,FUN_1
201463,5222,RET,CUBE_R
201469,24807,FUN_6,FUN_5
201472,4411,FUN_5,FUN_4
201477,25567,FUN_2,FUN_1
201482,25398,FUN_5,FUN_4
201482,26354,FUN_1,FUN_2
201491,12289,FUN_6,FUN_5
201505,21926,FUN_2,FUN_3
201508,1844,FUN_5,FUN_4
201541,9399,FUN_2,FUN_1
201541,27930,FUN_2,FUN_3
201542,8864,FUN_4,FUN_3
201542,21521,RET,CUBE_L
201580,9284,FUN_3,FUN_2
201580,23694,FUN_2,FUN_3
201588,9631,FUN_5,FUN_4
201598,20773,FUN_2,FUN_3
201601,25567,FUN_1,FUN_2
201608,22880,FUN_6,CUBE_R
201620,1838,FUN_6,CUBE_R
201622,5259,FUN_1,FUN_2
201623,7484,FUN_1,FUN_2
201623,24118,CUBE_R,RET
201653,21487,CUBE_L,RET
201658,15484,CUBE_L,RET
201658,23633,FUN_1,FUN_2
201662,15057,FUN_1,FUN_2
201664,21788,FUN_4,FUN_5
201675,20119,FUN_3,FUN_2
201675,27114,FUN_5,FUN_6
201679,16140,FUN_1,FUN_2
201680,14831,FUN_4,FUN_3
201680,15968,FUN_2,FUN_3
201696,22027,FUN_3,FUN_4
201697,11373,FUN_3,FUN_2
201702,25567,FUN_2,FUN_1
201708,26520,FUN_4,FUN_3
201725,18302,FUN_2,FUN_3
201725,27578,RET,CUBE_R
201733,2838,FUN_1,FUN_2
201765,24693,FUN_4,FUN_5
201787,7387,FUN_2,FUN_3
201807,9284,FUN_2,FUN_3
201814,28622,RET,CUBE_R
201822,5479,FUN_3,FUN_2
201847,21926,FUN_3,FUN_2
201860,20445,FUN_2,FUN_1
201866,23285,FUN_3,FUN_4
201870,1595,FUN_4,FUN_5
201874,27114,FUN_6,FUN_5
201878,8127,RET,CUBE_L
201891,2045,FUN_4,FUN_3
201892,7831,FUN_2,FUN_1
201923,21897,FUN_2,FUN_1
201927,14034,RET,CUBE_R
201948,21753,FUN_2,FUN_1
201973,13511,FUN_2,FUN_1
201975,9661,FUN_6,FUN_5
201998,8937,FUN_5,FUN_6
202003,9892,FUN_2,FUN_3
202022,11276,FUN_2,FUN_3
202057,29145,RET,CUBE_R
202065,17650,FUN_6,CUBE_R
202068,2647,FUN_4,FUN_3
202082,12165,FUN_2,FUN_1
202083,7390,FUN_1,FUN_2
202091,12964,FUN_3,FUN_4
202104,14082,FUN_5,FUN_4
202122,4563,FUN_4,FUN_5
202126,13949,FUN_3,FUN_2
202153,17080,FUN_3,FUN_2
202171,3088,FUN_5,FUN_6
202186,14508,FUN_2,FUN_1
202190,2465,FUN_4,FUN_5
202191,786,FUN_4,FUN_3
202203,26498,FUN_2,FUN_1
202204,21409,FUN_1,FUN_2
202205,17158,RET,CUBE_L
202213,15401,CUBE_R,RET
202227,20119,FUN_2,FUN_3
202235,25639,FUN_5,FUN_4
202239,5514,FUN_1,CUBE_L
202250,1360,FUN_2,FUN_1
202252,12977,FUN_6,FUN_5
202254,1838,CUBE_R,FUN_6
202254,18287,RET,CUBE_L
202267,10824,FUN_5,FUN_4
202292,193,FUN_3,FUN_4
202293,7370,CUBE_R,FUN_6
202297,16098,CUBE_L,FUN_1
202304,20773,FUN_3,FUN_2
202307,15404,FUN_1,CUBE_L
202335,11550,FUN_1,FUN_2
202336,28477,FUN_3,FUN_2
202352,20445,FUN_1,FUN_2
202357,13143,FUN_4,FUN_3
202363,21086,FUN_6,FUN_5
202390,14304,CUBE_R,FUN_6
202393,25054,CUBE_L,RET
202400,28476,FUN_4,FUN_3
202404,29770,FUN_1,FUN_2
202416,5861,FUN_3,FUN_2
202417,1701,FUN_1,FUN_2
202430,21135,FUN_3,FUN_2
202436,21053,FUN_2,FUN_3
202452,19423,FUN_3,FUN_4
202472,17623,FUN_2,FUN_3
202479,10460,FUN_4,FUN_3
202485,10223,FUN_4,FUN_3
202485,13797,FUN_1,FUN_2
202487,19072,FUN_6,CUBE_R
202506,13253,FUN_2,FUN_3
202519,11699,CUBE_L,FUN_1
202522,17886,CUBE_R,RET
202524,5290,FUN_2,FUN_3
202527,13834,FUN_2,FUN_1
202535,15091,FUN_2,FUN_3
202540,6538,RET,CUBE_L
202546,24351,FUN_3,FUN_2
202558,4557,FUN_3,FUN_2
202561,27549,RET,CUBE_L
202566,5256,CUBE_L,RET
202587,10182,CUBE_R,FUN_6
202588,25817,CUBE_L,RET
202595,5257,FUN_1,CUBE_L
202617,5259,FUN_2,FUN_1
202626,24418,FUN_3,FUN_2
202627,8548,FUN_1,FUN_2
202628,12856,FUN_3,FUN_2
202628,22203,FUN_3,FUN_2
202645,16809,FUN_2,FUN_1
202662,15404,CUBE_L,FUN_1
202679,25960,FUN_2,FUN_3
202689,3629,FUN_2,FUN_3
202701,27752,FUN_2,FUN_1
202705,29786,RET,CUBE_R
202717,29195,CUBE_R,FUN_6
202726,1838,FUN_6,CUBE_R
202728,28357,FUN_1,FUN_2
202732,9453,FUN_3,FUN_2
202751,29144,FUN_2,FUN_1
202753,22951,RET,CUBE_L
202754,28174,FUN_3,FUN_2
202762,24051,FUN_2,FUN_1
202764,25235,FUN_1,FUN_2
202765,22915,FUN_1,FUN_2
202800,11706,CUBE_L,RET
202804,12165,FUN_1,FUN_2
202836,4288,FUN_4,FUN_3
202840,5709,FUN_6,FUN_5
202870,12964,FUN_4,FUN_3
202872,15580,FUN_4,FUN_3
202877,28500,FUN_2,FUN_3
202883,10562,FUN_2,FUN_3
202899,19089,CUBE_R,RET
202901,14568,FUN_1,FUN_2
202912,14508,FUN_1,FUN_2
202916,28832,FUN_2,FUN_3
202933,6313,FUN_2,FUN_3
202935,2398,FUN_1,FUN_2
202938,110,FUN_2,FUN_3
202944,3605,CUBE_L,RET
202951,15484,RET,CUBE_L
202956,22178,CUBE_R,RET
202959,11157,FUN_2,FUN_1
202960,18622,FUN_5,FUN_4
202971,9337,FUN_3,FUN_2
202973,25326,FUN_4,FUN_3
202974,11637,FUN_1,FUN_2
202994,17080,FUN_2,FUN_3
202996,8937,FUN_6,FUN_5
202996,26522,FUN_1,FUN_2
203019,21861,CUBE_R,FUN_6
203026,9413,FUN_1,CUBE_L
203051,7390,FUN_2,FUN_1
203054,26498,FUN_1,FUN_2
203055,19831,FUN_2,FUN_3
203057,10323,FUN_3,FUN_2
203072,13511,FUN_1,FUN_2
203076,17791,CUBE_R,RET
203083,16290,RET,CUBE_R
203089,13025,FUN_4,FUN_5
203093,21753,FUN_1,FUN_2
203117,2838,FUN_2,FUN_1
203161,13380,RET,CUBE_L
203171,24051,FUN_1,FUN_2
203176,5290,FUN_3,FUN_2
203185,29144,FUN_1,FUN_2
203195,10424,FUN_2,FUN_1
203200,24051,FUN_2,FUN_1
203207,561,FUN_1,FUN_2
203209,27988,CUBE_L,FUN_1
203215,13570,CUBE_R,RET
203225,10772,FUN_5,FUN_4
203234,10658,FUN_5,FUN_4
203245,29521,FUN_3,FUN_4
203246,13834,FUN_1,FUN_2
203253,14806,CUBE_L,FUN_1
203257,24051,FUN_1,FUN_2
203261,4937,FUN_2,FUN_3
203264,28174,FUN_2,FUN_3
203269,22884,FUN_2,FUN_3
203277,28476,FUN_3,FUN_4
203286,18149,FUN_3,FUN_2
203295,11657,FUN_4,FUN_3
203300,2095,FUN_3,FUN_2
203316,2249,FUN_1,FUN_2
203319,16655,FUN_4,FUN_3
203337,12977,FUN_5,FUN_6
203356,325,FUN_1,CUBE_L
203373,10725,FUN_2,FUN_3
203388,13559,RET,CUBE_L
203406,28174,FUN_3,FUN_2
203412,12258,CUBE_R,RET
203412,26545,RET,CUBE_L
203427,8658,FUN_6,CUBE_R
203435,5065,FUN_2,FUN_1
203438,12468,CUBE_R,FUN_6
203438,19344,RET,CUBE_L
203443,5457,FUN_2,FUN_1
203447,28174,FUN_2,FUN_3
203457,17650,CUBE_R,FUN_6
203459,12315,FUN_5,FUN_4
203461,12836,FUN_2,FUN_1
203487,8933,FUN_2,FUN_3
203492,6164,FUN_1,FUN_2
203505,18495,FUN_3,FUN_2
203515,15528,CUBE_R,RET
203523,20437,CUBE_R,FUN_6
203524,374,FUN_4,FUN_3
203533,26181,CUBE_R,RET
203535,11856,FUN_2,FUN_3
203547,1887,CUBE_R,FUN_6
203557,27988,FUN_1,CUBE_L
203573,23632,FUN_4,FUN_5
203581,28500,FUN_3,FUN_2
203585,15404,FUN_1,CUBE_L
203595,8548,FUN_2,FUN_1
203600,6562,RET,CUBE_R
203601,28476,FUN_4,FUN_3
203604,19423,FUN_4,FUN_3
203627,5290,FUN_2,FUN_3
203645,9390,FUN_2,FUN_1
203647,13511,FUN_2,FUN_1
203648,20038,FUN_4,FUN_3
203655,18622,FUN_4,FUN_5
203676,3893,FUN_3,FUN_2
203702,10460,FUN_3,FUN_4
203703,19423,FUN_3,FUN_4
203731,5256,RET,CUBE_L
203762,3050,FUN_3,FUN_2
203790,17078,FUN_2,FUN_1
203791,10725,FUN_3,FUN_2
203793,17650,FUN_6,CUBE_R
203794,12045,FUN_3,FUN_2
203836,11242,FUN_2,FUN_3
203839,26545,CUBE_L,RET
203855,17886,RET,CUBE_R
203862,20388,CUBE_L,RET
203865,16718,FUN_1,FUN_2
203882,28683,CUBE_L,FUN_1
203883,13986,FUN_1,FUN_2
203886,3730,CUBE_L,RET
203892,28313,FUN_4,FUN_3
203894,15091,FUN_3,FUN_2
203897,15759,CUBE_L,RET
203924,13253,FUN_3,FUN_2
203934,10401,FUN_2,FUN_3
203942,14393,FUN_2,FUN_3
203948,16470,FUN_5,FUN_4
203948,25021,FUN_2,FUN_1
203960,5457,FUN_1,FUN_2
203960,12791,FUN_3,FUN_2
203964,19109,FUN_1,FUN_2
203979,19759,FUN_3,FUN_2
203984,23823,RET,CUBE_L
203995,27088,FUN_2,FUN_1
204002,10824,FUN_4,FUN_5
204014,26551,FUN_2,FUN_3
204021,27176,FUN_6,FUN_5
204021,27578,CUBE_R,RET
204033,9337,FUN_2,FUN_3
204051,15528,RET,CUBE_R
204057,18749,FUN_3,FUN_4
204062,5786,FUN_2,FUN_3
204064,10787,FUN_4,FUN_5
204067,13380,CUBE_L,RET
204079,23632,FUN_5,FUN_4
204113,15947,FUN_3,FUN_4
204129,7302,FUN_2,FUN_3
204131,15091,FUN_2,FUN_3
204151,27524,FUN_5,FUN_4
204155,1838,CUBE_R,FUN_6
204189,14447,CUBE_R,FUN_6
204189,17609,FUN_2,FUN_3
204194,193,FUN_4,FUN_3
204212,13530,FUN_4,FUN_3
204218,23823,CUBE_L,RET
204223,7663,FUN_3,FUN_4
204229,7956,FUN_3,FUN_4
204229,27456,CUBE_L,RET
204236,23319,RET,CUBE_R
204238,15959,RET,CUBE_R
204253,5576,FUN_4,FUN_3
204260,28032,FUN_2,FUN_1
204267,14004,FUN_6,CUBE_R
204272,26548,FUN_1,FUN_2
204294,13986,FUN_2,FUN_1
204294,18287,CUBE_L,RET
204294,23631,FUN_1,FUN_2
204323,26548,FUN_2,FUN_1
204335,10824,FUN_5,FUN_4
204342,24008,FUN_4,FUN_5
204347,13798,CUBE_L,RET
204350,15577,CUBE_L,FUN_1
204352,28660,FUN_4,FUN_3
204357,18527,FUN_6,CUBE_R
204363,8720,FUN_4,FUN_5
204369,2700,FUN_4,FUN_3
204369,15993,FUN_2,FUN_3
204385,11157,FUN_1,FUN_2
204399,28477,FUN_2,FUN_3
204405,24641,RET,CUBE_R
204408,11774,FUN_4,FUN_3
204412,25960,FUN_3,FUN_2
204415,5333,FUN_2,FUN_1
204422,24311,FUN_6,FUN_5
204426,26498,FUN_2,FUN_1
204442,20131,FUN_5,FUN_4
204443,16731,FUN_2,FUN_1
204450,19200,FUN_2,FUN_1
204454,20030,FUN_4,FUN_3
204456,23823,RET,CUBE_L
204460,18901,RET,CUBE_R
204466,13986,FUN_1,FUN_2
204470,27578,RET,CUBE_R
204475,26058,FUN_1,FUN_2
204489,15368,FUN_2,FUN_1
204499,7503,FUN_4,FUN_3
204501,25836,FUN_4,FUN_3
204507,27640,FUN_3,FUN_2
204516,10568,CUBE_L,RET
204523,23646,FUN_2,FUN_3
204528,20140,FUN_1,FUN_2
204529,23382,FUN_6,CUBE_R
204530,23823,CUBE_L,RET
204531,18495,FUN_2,FUN_3
204534,16437,FUN_3,FUN_4
204535,12965,CUBE_R,FUN_6
204535,28476,FUN_3,FUN_4
204536,29380,FUN_2,FUN_3
204552,2722,FUN_2,FUN_1
204564,8376,CUBE_R,RET
204574,16231,FUN_2,FUN_3
204576,24799,FUN_4,FUN_5
204577,24087,FUN_3,FUN_4
204587,17703,FUN_5,FUN_6
204598,26548,FUN_1,FUN_2
204609,2064,FUN_2,FUN_3
204638,13834,FUN_2,FUN_1
204644,15404,CUBE_L,FUN_1
204648,8376,RET,CUBE_R
204661,3826,CUBE_R,RET
204673,19423,FUN_4,FUN_3
204674,8376,CUBE_R,RET
204682,23562,FUN_3,FUN_2
204695,9287,FUN_2,FUN_3
204711,858,FUN_6,FUN_5
204720,28606,FUN_1,FUN_2
204730,15714,FUN_3,FUN_2
204737,25017,RET,CUBE_L
204743,24247,FUN_2,FUN_3
204746,27524,FUN_4,FUN_5
204756,23823,RET,CUBE_L
204768,17222,FUN_2,FUN_1
204773,6232,RET,CUBE_L
204788,17225,FUN_4,FUN_3
204811,4287,FUN_2,FUN_1
204818,3556,FUN_1,FUN_2
204827,5861,FUN_2,FUN_3
204832,20488,FUN_4,FUN_3
204845,13146,FUN_2,FUN_1
204846,2396,FUN_3,FUN_4
204849,15714,FUN_2,FUN_3
204860,19515,FUN_2,FUN_3
204868,21521,CUBE_L,RET
204880,27524,FUN_5,FUN_4
204881,4287,FUN_1,FUN_2
204916,11370,FUN_3,FUN_2
204920,25960,FUN_2,FUN_3
204933,21441,RET,CUBE_L
204937,4287,FUN_2,FUN_1
204941,16718,FUN_2,FUN_1
204945,14688,FUN_4,FUN_3
204952,13559,CUBE_L,RET
204956,11699,FUN_1,CUBE_L
204962,10824,FUN_4,FUN_5
204970,15404,FUN_1,CUBE_L
204977,11706,RET,CUBE_L
204981,3967,CUBE_R,RET
204987,13213,FUN_6,FUN_5
204993,13801,FUN_4,FUN_3
205000,3556,FUN_2,FUN_1
205000,21011,FUN_3,FUN_2
205013,8958,FUN_2,FUN_3
205030,10378,FUN_1,CUBE_L
205039,3767,FUN_2,FUN_1
205039,17078,FUN_1,FUN_2
205039,17080,FUN_3,FUN_2
205042,25932,FUN_3,FUN_2
205057,763,FUN_1,FUN_2
205058,9390,FUN_1,FUN_2
205079,22203,FUN_2,FUN_3
205080,25632,FUN_6,CUBE_R
205082,2067,FUN_1,FUN_2
205084,6547,FUN_4,FUN_3
205087,27088,FUN_1,FUN_2
205090,24051,FUN_2,FUN_1
205095,20731,CUBE_R,RET
205097,25960,FUN_3,FUN_2
205108,23823,CUBE_L,RET
205110,9178,FUN_3,FUN_4
205113,9337,FUN_3,FUN_2
205121,3449,CUBE_L,RET
205165,9782,RET,CUBE_L
205193,7922,FUN_3,FUN_2
205197,3556,FUN_1,FUN_2
205202,15161,CUBE_L,RET
205210,28281,FUN_2,FUN_3
205218,28562,FUN_5,FUN_4
205220,24086,FUN_5,FUN_4
205222,24578,FUN_3,FUN_2
205223,9288,CUBE_L,RET
205226,13570,RET,CUBE_R
205230,16731,FUN_1,FUN_2
205248,8937,FUN_5,FUN_6
205260,28477,FUN_3,FUN_2
205264,14811,FUN_2,FUN_1
205268,167,RET,CUBE_L
205272,13782,FUN_2,FUN_1
205285,28476,FUN_4,FUN_3
205290,16718,FUN_1,FUN_2
205295,18252,FUN_3,FUN_4
205310,15500,FUN_3,FUN_2
205341,8958,FUN_3,FUN_2
205365,17888,RET,CUBE_L
205371,11455,CUBE_R,FUN_6
205395,13164,FUN_4,FUN_3
205409,19666,FUN_3,FUN_2
205432,25514,RET,CUBE_L
205435,6538,CUBE_L,RET
205443,13782,FUN_1,FUN_2
205448,29402,CUBE_L,RET
205471,5259,FUN_1,FUN_2
205471,15358,FUN_3,FUN_4
205488,25183,FUN_2,FUN_3
205492,28357,FUN_2,FUN_1
205503,15027,FUN_2,FUN_1
205504,3686,FUN_2,FUN_1
205519,24520,CUBE_R,FUN_6
205533,12468,FUN_6,CUBE_R
205534,3806,FUN_3,FUN_4
205550,16140,FUN_2,FUN_1
205569,21053,FUN_3,FUN_2
205574,14508,FUN_2,FUN_1
205581,4287,FUN_1,FUN_2
205584,24311,FUN_5,FUN_6
205585,26454,CUBE_L,FUN_1
205592,14811,FUN_1,FUN_2
205601,29379,FUN_4,FUN_3
205602,17227,FUN_4,FUN_5
205615,24520,FUN_6,CUBE_R
205620,858,FUN_5,FUN_6
205625,3020,FUN_3,FUN_4
205626,5437,FUN_3,FUN_2
205630,28934,RET,CUBE_L
205641,24153,CUBE_L,RET
205657,13112,FUN_1,FUN_2
205675,3184,FUN_3,FUN_4
205696,29363,FUN_2,FUN_3
205703,18901,CUBE_R,RET
205714,11242,FUN_3,FUN_2
205722,16815,FUN_4,FUN_5
205732,17650,CUBE_R,FUN_6
205747,325,CUBE_L,FUN_1
205747,19312,FUN_4,FUN_5
205762,29845,FUN_6,CUBE_R
205774,15987,FUN_6,CUBE_R
205781,24922,FUN_2,FUN_1
205793,25804,CUBE_L,FUN_1
205794,26548,FUN_2,FUN_1
205800,6784,FUN_6,FUN_5
205802,10245,FUN_1,FUN_2
205812,25514,CUBE_L,RET
205818,11040,RET,CUBE_L
205824,193,FUN_3,FUN_4
205839,10562,FUN_3,FUN_2
205844,6538,RET,CUBE_L
205858,29379,FUN_3,FUN_4
205879,15557,FUN_4,FUN_3
205894,17936,RET,CUBE_L
205894,26185,FUN_1,FUN_2
205903,28495,CUBE_L,RET
205921,27804,CUBE_R,FUN_6
205926,25398,FUN_4,FUN_5
205932,9929,CUBE_L,FUN_1
205939,21011,FUN_2,FUN_3
205943,7922,FUN_2,FUN_3
205952,6983,FUN_3,FUN_2
205971,2714,FUN_2,FUN_3
205981,6538,CUBE_L,RET
205989,25279,FUN_3,FUN_4
206019,17928,FUN_6,CUBE_R
206021,8037,FUN_3,FUN_2
206024,18287,RET,CUBE_L
206051,25810,FUN_4,FUN_3
206054,10725,FUN_2,FUN_3
206057,24087,FUN_4,FUN_3
206061,529,CUBE_R,RET
206074,28357,FUN_1,FUN_2
206086,21011,FUN_3,FUN_2
206096,10725,FUN_3,FUN_2
206097,12964,FUN_3,FUN_4
206127,19423,FUN_3,FUN_4
206128,5242,FUN_4,FUN_5
206134,23300,FUN_1,FUN_2
206152,20645,FUN_2,FUN_1
206156,1360,FUN_1,FUN_2
206163,10424,FUN_1,FUN_2
206175,10310,FUN_4,FUN_3
206179,17886,CUBE_R,RET
206184,26545,RET,CUBE_L
206191,19054,CUBE_R,FUN_6
206200,20126,CUBE_L,RET
206208,20807,FUN_2,FUN_1
206230,2095,FUN_2,FUN_3
206232,20140,FUN_2,FUN_1
206236,25326,FUN_3,FUN_4
206242,17650,FUN_6,CUBE_R
206247,3144,FUN_3,FUN_2
206263,388,FUN_3,FUN_2
206267,3210,FUN_4,FUN_3
206270,13726,CUBE_R,FUN_6
206278,7922,FUN_3,FUN_2
206297,5290,FUN_3,FUN_2
206314,20211,FUN_5,FUN_6
206317,17517,FUN_2,FUN_1
206318,26181,RET,CUBE_R
206324,27739,FUN_4,FUN_3
206334,3730,RET,CUBE_L
206335,7922,FUN_2,FUN_3
206350,6169,FUN_2,FUN_3
206396,25160,FUN_6,CUBE_R
206397,7725,FUN_3,FUN_2
206397,10568,RET,CUBE_L
206397,13432,FUN_3,FUN_2
206404,625,FUN_3,FUN_4
206428,1098,FUN_3,FUN_2
206440,5819,FUN_2,FUN_1
206442,25665,FUN_6,CUBE_R
206448,763,FUN_2,FUN_1
206450,6132,FUN_1,FUN_2
206464,10824,FUN_5,FUN_4
206495,19312,FUN_5,FUN_4
206512,3144,FUN_2,FUN_3
206520,3913,FUN_2,FUN_3
206548,18050,FUN_2,FUN_3
206550,27932,FUN_6,CUBE_R
206559,16290,CUBE_R,RET
206574,28998,FUN_2,FUN_3
206576,19759,FUN_2,FUN_3
206585,26085,FUN_1,FUN_2
206609,27234,RET,CUBE_R
206612,19200,FUN_1,FUN_2
206612,29496,CUBE_R,RET
206614,9208,FUN_2,FUN_1
206631,2534,RET,CUBE_L
206635,24798,RET,CUBE_R
206636,20488,FUN_3,FUN_4
206637,3686,FUN_1,FUN_2
206648,11856,FUN_3,FUN_2
206653,529,RET,CUBE_R
206659,16524,FUN_6,CUBE_R
206670,19759,FUN_3,FUN_2
206671,23646,FUN_3,FUN_2
206675,12486,CUBE_L,RET
206681,15358,FUN_4,FUN_3
206682,4251,FUN_4,FUN_3
206705,15580,FUN_3,FUN_4
206721,2045,FUN_3,FUN_4
206721,14899,FUN_1,FUN_2
206743,19312,FUN_4,FUN_5
206776,5290,FUN_2,FUN_3
206781,8127,CUBE_L,RET
206792,8037,FUN_2,FUN_3
206797,29535,CUBE_R,FUN_6
206798,2095,FUN_3,FUN_2
206808,28032,FUN_1,FUN_2
206816,24269,FUN_1,FUN_2
206820,1945,FUN_4,FUN_3
206839,21390,FUN_4,FUN_5
206844,16892,FUN_3,FUN_2
206867,15456,CUBE_R,RET
206884,20645,FUN_1,FUN_2
206893,19663,CUBE_R,RET
206895,15484,CUBE_L,RET
206937,2838,FUN_1,FUN_2
206949,24313,FUN_3,FUN_2
206951,9430,FUN_3,FUN_2
206951,16437,FUN_4,FUN_3
206955,23266,FUN_3,FUN_2
206958,2315,FUN_5,FUN_4
206973,24153,RET,CUBE_L
207025,21829,FUN_2,FUN_1
207028,3583,FUN_2,FUN_1
207035,17222,FUN_1,FUN_2
207047,29052,FUN_2,FUN_1
207061,6726,FUN_6,CUBE_R
207069,29145,CUBE_R,RET
207082,28386,FUN_2,FUN_3
207088,4292,FUN_2,FUN_1
207098,5290,FUN_3,FUN_2
207105,20280,FUN_5,FUN_6
207106,24564,CUBE_R,FUN_6
207107,25183,FUN_3,FUN_2
207110,22583,FUN_4,FUN_3
207122,11768,FUN_2,FUN_1
207141,15027,FUN_1,FUN_2
207148,28634,FUN_6,FUN_5
207153,9430,FUN_2,FUN_3
207156,10658,FUN_4,FUN_5
207159,13146,FUN_1,FUN_2
207162,13055,CUBE_R,RET
207164,19940,RET,CUBE_R
207181,21420,FUN_2,FUN_1
207192,12856,FUN_2,FUN_3
207220,13782,FUN_2,FUN_1
207220,23963,FUN_2,FUN_3
207237,884,FUN_2,FUN_1
207252,10772,FUN_4,FUN_5
207267,3087,CUBE_L,RET
207319,28832,FUN_3,FUN_2
207334,13559,RET,CUBE_L
207342,1823,FUN_2,FUN_1
207351,19977,RET,CUBE_L
207363,9054,CUBE_R,FUN_6
207371,3730,CUBE_L,RET
207387,5797,FUN_6,FUN_5
207400,9060,FUN_5,FUN_6
207401,4197,CUBE_R,FUN_6
207401,12977,FUN_6,FUN_5
207406,10234,FUN_2,FUN_1
207409,21477,RET,CUBE_R
207425,27804,FUN_6,CUBE_R
207437,27496,FUN_3,FUN_2
207454,21897,FUN_1,FUN_2
207456,12702,FUN_2,FUN_3
207466,7503,FUN_3,FUN_4
207493,16809,FUN_1,FUN_2
207498,29614,FUN_5,FUN_6
207523,20126,RET,CUBE_L
207540,13031,FUN_2,FUN_1
207542,20488,FUN_4,FUN_3
207544,8548,FUN_1,FUN_2
207546,29363,FUN_3,FUN_2
207548,22178,RET,CUBE_R
207559,23285,FUN_4,FUN_3
207564,24313,FUN_2,FUN_3
207570,1821,FUN_4,FUN_5
207570,12895,FUN_1,FUN_2
207573,27660,FUN_1,FUN_2
207573,28302,CUBE_L,RET
207595,6784,FUN_5,FUN_6
207607,12895,FUN_2,FUN_1
207623,3755,FUN_2,FUN_1
207632,8078,FUN_3,FUN_2
207647,15484,RET,CUBE_L
207648,13834,FUN_1,FUN_2
207657,28281,FUN_3,FUN_2
207662,5047,FUN_4,FUN_5
207669,3285,FUN_1,FUN_2
207671,8933,FUN_3,FUN_2
207684,10460,FUN_4,FUN_3
207691,10929,FUN_3,FUN_4
207691,19630,FUN_6,CUBE_R
207726,7617,FUN_2,FUN_3
207739,5686,FUN_5,FUN_4
207749,19691,CUBE_L,RET
207750,25017,CUBE_L,RET
207752,9175,FUN_6,CUBE_R
207752,24799,FUN_5,FUN_4
207759,4505,FUN_5,FUN_6
207781,20033,FUN_2,FUN_1
207782,8992,FUN_3,FUN_4
207820,14857,FUN_2,FUN_1
207823,20119,FUN_3,FUN_2
207823,21480,FUN_3,FUN_4
207829,24734,FUN_5,FUN_6
207833,8178,FUN_5,FUN_6
207839,2315,FUN_4,FUN_5
207852,6726,CUBE_R,FUN_6
207869,18495,FUN_3,FUN_2
207872,3983,FUN_2,FUN_3
207874,23266,FUN_2,FUN_3
207885,9337,FUN_2,FUN_3
207889,29155,RET,CUBE_L
207897,10772,FUN_5,FUN_4
207903,21829,FUN_1,FUN_2
207906,24313,FUN_3,FUN_2
207930,21225,FUN_5,FUN_6
207949,3755,FUN_1,FUN_2
207952,24313,FUN_2,FUN_3
207955,7617,FUN_3,FUN_2
207956,2095,FUN_2,FUN_3
207957,23633,FUN_2,FUN_1
207973,4287,FUN_2,FUN_1
207974,10036,RET,CUBE_L
207988,11158,CUBE_L,RET
207998,3363,CUBE_L,RET
208004,27234,CUBE_R,RET
208015,13183,CUBE_R,RET
208018,325,FUN_1,CUBE_L
208027,7235,FUN_3,FUN_4
208031,796,FUN_2,FUN_1
208036,23691,FUN_3,FUN_4
208040,12307,RET,CUBE_R
208047,754,FUN_2,FUN_1
208050,27434,CUBE_L,RET
208074,2465,FUN_5,FUN_4
208078,26436,CUBE_R,FUN_6
208079,10772,FUN_4,FUN_5
208109,20148,FUN_2,FUN_1
208120,19924,FUN_1,FUN_2
208125,24313,FUN_3,FUN_2
208130,10962,FUN_1,FUN_2
208135,19515,FUN_3,FUN_2
208139,24087,FUN_3,FUN_4
208147,3755,FUN_2,FUN_1
208156,23691,FUN_4,FUN_3
208167,24086,FUN_4,FUN_5
208170,10085,FUN_3,FUN_2
208180,21441,CUBE_L,RET
208191,14374,FUN_6,CUBE_R
208195,17646,FUN_3,FUN_2
208201,1769,FUN_4,FUN_3
208210,16098,FUN_1,CUBE_L
208215,3184,FUN_4,FUN_3
208231,22816,FUN_2,FUN_3
208233,23256,FUN_3,FUN_2
208248,21668,CUBE_L,RET
208277,15436,FUN_3,FUN_2
208283,2439,FUN_3,FUN_4
208295,25564,FUN_2,FUN_3
208314,18410,RET,CUBE_L
208319,2716,FUN_2,FUN_1
208322,16892,FUN_2,FUN_3
208324,9399,FUN_1,FUN_2
208333,7240,FUN_2,FUN_3
208366,9869,FUN_3,FUN_2
208393,24153,CUBE_L,RET
208396,6726,FUN_6,CUBE_R
208401,12617,FUN_6,CUBE_R
208412,16614,RET,CUBE_R
208423,15729,FUN_2,FUN_3
208426,17462,FUN_6,CUBE_R
208452,15484,CUBE_L,RET
208470,21829,FUN_2,FUN_1
208485,17462,CUBE_R,FUN_6
208485,21926,FUN_2,FUN_3
208506,19072,CUBE_R,FUN_6
208515,27176,FUN_5,FUN_6
208536,7779,FUN_1,FUN_2
208536,12307,CUBE_R,RET
208541,25632,CUBE_R,FUN_6
208558,3087,RET,CUBE_L
208560,5514,CUBE_L,FUN_1
208560,29535,FUN_6,CUBE_R
208577,19759,FUN_2,FUN_3
208602,9676,FUN_5,FUN_4
208617,23719,FUN_1,FUN_2
208646,13183,RET,CUBE_R
208650,23624,FUN_3,FUN_2
208656,24009,FUN_2,FUN_3
208675,12973,RET,CUBE_R
208681,22780,FUN_3,FUN_2
208684,12045,FUN_2,FUN_3
208687,17462,FUN_6,CUBE_R
208694,24649,FUN_5,FUN_6
208695,7157,FUN_1,FUN_2
208709,11040,CUBE_L,RET
208710,8992,FUN_4,FUN_3
208719,22438,FUN_5,FUN_4
208720,13949,FUN_2,FUN_3
208722,26808,CUBE_L,FUN_1
208724,4505,FUN_6,FUN_5
208738,2345,FUN_3,FUN_2
208745,2838,FUN_2,FUN_1
208753,4800,FUN_2,FUN_3
208765,29145,RET,CUBE_R
208770,19666,FUN_2,FUN_3
208778,6169,FUN_3,FUN_2
208778,10532,FUN_3,FUN_2
208790,11158,RET,CUBE_L
208792,19036,FUN_1,CUBE_L
208795,5047,FUN_5,FUN_4
208813,23266,FUN_3,FUN_2
208815,10824,FUN_4,FUN_5
208815,28091,FUN_4,FUN_3
208822,19759,FUN_3,FUN_2
208838,20731,RET,CUBE_R
208881,6429,FUN_4,FUN_3
208898,3411,RET,CUBE_R
208921,20581,CUBE_R,FUN_6
208928,21392,CUBE_L,RET
208936,2534,CUBE_L,RET
208950,561,FUN_2,FUN_1
209022,967,FUN_1,FUN_2
209031,18571,FUN_1,CUBE_L
209065,3118,FUN_3,FUN_2
209067,25514,RET,CUBE_L
209086,25279,FUN_4,FUN_3
209095,4197,FUN_6,CUBE_R
209102,5877,FUN_3,FUN_2
209106,1965,FUN_4,FUN_3
209107,9751,FUN_2,FUN_3
209109,14304,FUN_6,CUBE_R
209115,26431,FUN_3,FUN_2
209119,22338,FUN_2,FUN_3
209143,16250,FUN_5,FUN_6
209146,19759,FUN_2,FUN_3
209160,11444,CUBE_L,FUN_1
209161,18415,FUN_1,FUN_2
209170,1393,FUN_2,FUN_1
209193,18252,FUN_4,FUN_3
209201,13112,FUN_2,FUN_1
209206,19312,FUN_5,FUN_4
209210,7779,FUN_2,FUN_1
209210,12486,RET,CUBE_L
209217,6168,FUN_6,FUN_5
209263,28998,FUN_3,FUN_2
209264,29943,FUN_2,FUN_1
209276,13834,FUN_2,FUN_1
209277,23256,FUN_2,FUN_3
209290,14635,FUN_5,FUN_4
209303,1423,FUN_1,FUN_2
209304,4292,FUN_1,FUN_2
209310,3118,FUN_2,FUN_3
209322,21978,FUN_1,CUBE_L
209325,1587,FUN_2,FUN_1
209331,29132,FUN_1,FUN_2
209335,3730,RET,CUBE_L
209351,1450,CUBE_R,RET
209354,10962,FUN_2,FUN_1
209355,26862,FUN_2,FUN_1
209360,19152,FUN_3,FUN_4
209394,13055,RET,CUBE_R
209407,24313,FUN_2,FUN_3
209411,9834,FUN_4,FUN_5
209434,25021,FUN_1,FUN_2
209442,29455,FUN_3,FUN_2
209444,13380,RET,CUBE_L
209445,7823,FUN_3,FUN_4
209456,2067,FUN_2,FUN_1
209462,4251,FUN_3,FUN_4
209472,20611,FUN_4,FUN_5
209474,22456,FUN_3,FUN_2
209478,4800,FUN_3,FUN_2
209493,28763,RET,CUBE_R
209496,1314,FUN_2,FUN_3
209525,14740,FUN_5,FUN_4
209551,17482,FUN_5,FUN_4
209551,20148,FUN_1,FUN_2
209556,2109,FUN_1,CUBE_L
209564,2980,RET,CUBE_L
209578,1867,RET,CUBE_R
209593,3223,CUBE_L,RET
209593,7074,FUN_1,FUN_2
209604,3502,CUBE_L,RET
209605,3411,CUBE_R,RET
209613,10868,FUN_4,FUN_3
209615,503,FUN_2,FUN_1
209625,5457,FUN_2,FUN_1
209635,9751,FUN_3,FUN_2
209643,8078,FUN_2,FUN_3
209646,29269,FUN_3,FUN_2
209649,12617,CUBE_R,FUN_6
209658,19152,FUN_4,FUN_3
209669,21829,FUN_1,FUN_2
209690,24715,FUN_4,FUN_3
209690,28683,FUN_1,CUBE_L
209691,28281,FUN_2,FUN_3
209724,23768,FUN_2,FUN_1
209733,13834,FUN_1,FUN_2
209768,9308,FUN_5,FUN_4
209774,1796,FUN_5,FUN_4
209804,24087,FUN_4,FUN_3
209811,23241,FUN_4,FUN_3
209832,22061,FUN_2,FUN_1
209835,29757,FUN_2,FUN_1
209843,2925,FUN_1,FUN_2
209843,4905,RET,CUBE_L
209862,8548,FUN_2,FUN_1
209871,29801,FUN_2,FUN_3
209901,9060,FUN_6,FUN_5
209916,28500,FUN_2,FUN_3
209933,10947,CUBE_R,RET
209947,19152,FUN_3,FUN_4
209953,7032,FUN_2,FUN_1
209983,5797,FUN_5,FUN_6
209984,20148,FUN_2,FUN_1
209986,28660,FUN_3,FUN_4
209987,25486,FUN_4,FUN_5
209988,13726,FUN_6,CUBE_R
210003,7074,FUN_2,FUN_1
210004,26730,FUN_4,FUN_5
210013,16832,CUBE_L,RET
210019,6718,FUN_1,CUBE_L
210039,17462,CUBE_R,FUN_6
210040,25398,FUN_5,FUN_4
210065,29674,RET,CUBE_R
210067,3592,FUN_4,FUN_5
210073,13949,FUN_3,FUN_2
210097,3913,FUN_3,FUN_2
210101,4796,FUN_3,FUN_2
210102,5437,FUN_2,FUN_3
210110,11637,FUN_2,FUN_1
210120,5457,FUN_1,FUN_2
210126,21011,FUN_2,FUN_3
210132,21034,FUN_4,FUN_3
210133,19152,FUN_4,FUN_3
210137,1821,FUN_5,FUN_4
210141,2465,FUN_4,FUN_5
210148,1181,CUBE_R,RET
210152,12349,FUN_4,FUN_3
210152,19152,FUN_3,FUN_4
210159,23652,CUBE_R,RET
210165,3767,FUN_1,FUN_2
210173,24649,FUN_6,FUN_5
210181,29251,FUN_3,FUN_2
210191,15823,FUN_2,FUN_1
210192,2439,FUN_4,FUN_3
210197,4568,FUN_2,FUN_3
210237,11993,FUN_3,FUN_2
210237,25279,FUN_3,FUN_4
210249,796,FUN_1,FUN_2
210249,8376,RET,CUBE_R
210253,27343,FUN_1,FUN_2
210259,13726,CUBE_R,FUN_6
210264,7831,FUN_1,FUN_2
210267,2162,CUBE_L,RET
210271,5065,FUN_1,FUN_2
210272,24344,RET,CUBE_R
210293,17790,FUN_6,CUBE_R
210299,25160,CUBE_R,FUN_6
210304,11040,RET,CUBE_L
210309,13782,FUN_1,FUN_2
210311,3118,FUN_3,FUN_2
210313,24649,FUN_5,FUN_6
210321,27932,CUBE_R,FUN_6
210324,18495,FUN_2,FUN_3
210333,9869,FUN_2,FUN_3
210347,6100,CUBE_R,RET
210354,4332,CUBE_L,FUN_1
210362,13380,CUBE_L,RET
210363,10582,FUN_1,FUN_2
210369,1587,FUN_1,FUN_2
210390,9208,FUN_1,FUN_2
210390,11768,FUN_1,FUN_2
210390,16734,FUN_3,FUN_2
210397,22267,FUN_4,FUN_5
210403,6169,FUN_2,FUN_3
210414,7235,FUN_4,FUN_3
210426,29052,FUN_1,FUN_2
210451,3118,FUN_2,FUN_3
210472,10822,FUN_4,FUN_5
210489,19092,FUN_1,FUN_2
210490,1965,FUN_3,FUN_4
210496,24649,FUN_6,FUN_5
210505,6726,CUBE_R,FUN_6
210516,4251,FUN_4,FUN_3
210525,3363,RET,CUBE_L
210533,21603,CUBE_R,FUN_6
210547,5437,FUN_3,FUN_2
210555,2714,FUN_3,FUN_2
210560,20033,FUN_1,FUN_2
210563,19152,FUN_4,FUN_3
210576,9751,FUN_2,FUN_3
210604,21817,FUN_1,FUN_2
210609,27434,RET,CUBE_L
210622,2162,RET,CUBE_L
210626,24807,FUN_5,FUN_6
210633,277,FUN_2,FUN_1
210634,12636,FUN_5,FUN_4
210637,24256,FUN_4,FUN_3
210647,15091,FUN_3,FUN_2
210652,5877,FUN_2,FUN_3
210656,29315,CUBE_R,RET
210682,20140,FUN_1,FUN_2
210717,8078,FUN_3,FUN_2
210720,1595,FUN_5,FUN_4
210734,16650,FUN_3,FUN_4
210737,11563,FUN_2,FUN_1
210741,21354,FUN_3,FUN_2
210748,28750,CUBE_R,FUN_6
210778,29801,FUN_3,FUN_2
210787,503,FUN_1,FUN_2
210789,17227,FUN_5,FUN_4
210791,19385,CUBE_R,RET
210793,22338,FUN_3,FUN_2
210864,4496,FUN_3,FUN_2
210871,13234,CUBE_L,FUN_1
210875,7663,FUN_4,FUN_3
210906,1945,FUN_3,FUN_4
210931,1026,FUN_3,FUN_2
210931,10419,FUN_3,FUN_2
210937,29770,FUN_2,FUN_1
210945,5592,RET,CUBE_R
210951,27463,FUN_3,FUN_4
210977,7617,FUN_2,FUN_3
210984,4411,FUN_4,FUN_5
210996,19084,FUN_1,FUN_2
211003,13623,FUN_5,FUN_4
211014,4235,CUBE_R,RET
211022,10422,FUN_6,CUBE_R
211031,3592,FUN_5,FUN_4
211035,8078,FUN_2,FUN_3
211040,4544,CUBE_R,RET
211043,19084,FUN_2,FUN_1
211044,19420,RET,CUBE_R
211047,14622,CUBE_L,FUN_1
211058,28675,FUN_5,FUN_4
211067,6738,FUN_2,FUN_1
211067,23624,FUN_2,FUN_3
211073,7503,FUN_4,FUN_3
211095,6209,FUN_3,FUN_2
211098,19632,RET,CUBE_L
211104,9998,FUN_6,CUBE_R
211106,19632,CUBE_L,RET
211116,2249,FUN_2,FUN_1
211126,24094,FUN_3,FUN_4
211127,2146,CUBE_L,RET
211138,19632,RET,CUBE_L
211139,9834,FUN_5,FUN_4
211167,25970,CUBE_R,RET
211172,858,FUN_6,FUN_5
211177,19334,FUN_2,FUN_3
211178,19152,FUN_3,FUN_4
211181,22871,FUN_5,FUN_4
211199,17529,FUN_4,FUN_5
211201,22780,FUN_2,FUN_3
211203,27640,FUN_2,FUN_3
211207,14795,FUN_3,FUN_2
211232,22534,FUN_6,FUN_5
211241,8548,FUN_1,FUN_2
211246,17462,FUN_6,CUBE_R
211247,3144,FUN_3,FUN_2
211252,22884,FUN_3,FUN_2
211254,10824,FUN_5,FUN_4
211255,24806,FUN_3,FUN_2
211267,25279,FUN_4,FUN_3
211268,19054,FUN_6,CUBE_R
211273,390,FUN_1,FUN_2
211278,14283,FUN_4,FUN_3
211286,13623,FUN_4,FUN_5
211298,5457,FUN_2,FUN_1
211300,25754,FUN_3,FUN_4
211304,20140,FUN_2,FUN_1
211306,561,FUN_1,FUN_2
211318,16250,FUN_6,FUN_5
211319,15484,RET,CUBE_L
211320,28500,FUN_3,FUN_2
211323,10532,FUN_2,FUN_3
211328,14762,FUN_6,CUBE_R
211334,3050,FUN_2,FUN_3
211352,27779,FUN_3,FUN_4
211359,19385,RET,CUBE_R
211368,17886,RET,CUBE_R
211368,27992,FUN_2,FUN_3
211369,5629,FUN_2,FUN_1
211376,16614,CUBE_R,RET
211390,23646,FUN_2,FUN_3
211401,28656,FUN_2,FUN_1
211411,24,FUN_3,FUN_4
211419,4568,FUN_3,FUN_2
211423,20033,FUN_2,FUN_1
211440,23563,FUN_3,FUN_2
211446,16650,FUN_4,FUN_3
211457,25021,FUN_2,FUN_1
211459,15176,FUN_6,FUN_5
211482,21126,RET,CUBE_R
211495,27932,FUN_6,CUBE_R
211497,27804,CUBE_R,FUN_6
211510,7779,FUN_1,FUN_2
211510,25567,FUN_1,FUN_2
211511,29614,FUN_6,FUN_5
211513,12307,RET,CUBE_R
211556,28832,FUN_2,FUN_3
211567,13044,FUN_2,FUN_1
211568,23719,FUN_2,FUN_1
211581,5434,FUN_2,FUN_1
211583,22178,CUBE_R,RET
211588,11982,CUBE_R,RET
211592,28091,FUN_3,FUN_4
211593,1965,FUN_4,FUN_3
211601,20107,FUN_6,CUBE_R
211625,29315,RET,CUBE_R
211628,21420,FUN_1,FUN_2
211633,9430,FUN_3,FUN_2
211633,12833,FUN_1,FUN_2
211646,238,FUN_4,FUN_5
211692,3967,RET,CUBE_R
211696,20140,FUN_1,FUN_2
211706,9456,FUN_4,FUN_3
211706,24406,RET,CUBE_R
211706,26276,CUBE_L,RET
211720,5550,CUBE_R,FUN_6
211742,24807,FUN_6,FUN_5
211759,28032,FUN_2,FUN_1
211766,24134,CUBE_R,RET
211773,20040,FUN_2,FUN_3
211779,5514,FUN_1,CUBE_L
211788,5186,FUN_3,FUN_2
211789,24351,FUN_2,FUN_3
211794,18883,FUN_5,FUN_4
211798,13623,FUN_5,FUN_4
211801,20731,CUBE_R,RET
211806,4986,FUN_4,FUN_3
211823,13511,FUN_1,FUN_2
211824,3701,CUBE_R,RET
211825,4557,FUN_2,FUN_3
211832,7390,FUN_1,FUN_2
211839,28032,FUN_1,FUN_2
211844,22178,RET,CUBE_R
211856,15571,CUBE_R,RET
211861,2227,CUBE_R,RET
211888,2980,CUBE_L,RET
211888,22178,CUBE_R,RET
211904,14122,FUN_4,FUN_5
211928,9337,FUN_3,FUN_2
211933,5719,FUN_4,FUN_3
211936,7663,FUN_3,FUN_4
211937,5139,FUN_5,FUN_6
211938,29757,FUN_1,FUN_2
211972,10822,FUN_5,FUN_4
211988,5290,FUN_2,FUN_3
211999,24851,FUN_4,FUN_3
212019,15771,FUN_2,FUN_1
212026,23266,FUN_2,FUN_3
212028,10182,FUN_6,CUBE_R
212039,9321,FUN_2,FUN_1
212054,29052,FUN_2,FUN_1
212063,8686,FUN_3,FUN_2
212065,15359,CUBE_L,FUN_1
212106,26548,FUN_1,FUN_2
212107,20075,FUN_2,FUN_1
212111,28032,FUN_2,FUN_1
212120,26748,FUN_2,FUN_1
212137,28032,FUN_1,FUN_2
212139,15771,FUN_1,FUN_2
212150,14678,FUN_4,FUN_3
212166,14304,CUBE_R,FUN_6
212172,7074,FUN_1,FUN_2
212178,17111,FUN_3,FUN_4
212178,18495,FUN_3,FUN_2
212182,28032,FUN_2,FUN_1
212194,8932,FUN_2,FUN_1
212225,22345,FUN_4,FUN_5
212243,1026,FUN_2,FUN_3
212264,13485,CUBE_L,RET
212267,1699,FUN_3,FUN_2
212269,5968,FUN_3,FUN_2
212286,19661,FUN_2,FUN_1
212307,8686,FUN_2,FUN_3
212331,28375,FUN_4,FUN_3
212332,15720,FUN_3,FUN_2
212337,22338,FUN_2,FUN_3
212340,20077,FUN_5,FUN_6
212354,10422,CUBE_R,FUN_6
212367,13570,CUBE_R,RET
212395,3225,FUN_3,FUN_2
212405,28691,FUN_3,FUN_2
212414,384,FUN_3,FUN_2
212415,29102,FUN_3,FUN_2
212416,10323,FUN_2,FUN_3
212423,4509,FUN_4,FUN_5
212446,3285,FUN_2,FUN_1
212451,5910,FUN_2,FUN_3
212452,5877,FUN_3,FUN_2
212453,29117,FUN_2,FUN_1
212460,4731,CUBE_L,RET
212482,16734,FUN_2,FUN_3
212487,26258,FUN_3,FUN_2
212507,4568,FUN_2,FUN_3
212516,5192,CUBE_L,RET
212529,754,FUN_1,FUN_2
212560,2187,CUBE_L,RET
212571,2249,FUN_1,FUN_2
212580,26258,FUN_2,FUN_3
212581,25398,FUN_4,FUN_5
212590,13570,RET,CUBE_R
212595,4577,FUN_3,FUN_2
212596,11425,FUN_3,FUN_4
212622,29102,FUN_2,FUN_3
212634,467,FUN_5,FUN_4
212654,14857,FUN_1,FUN_2
212656,25711,FUN_2,FUN_3
212661,28375,FUN_3,FUN_4
212676,24436,FUN_6,FUN_5
212680,14762,CUBE_R,FUN_6
212680,21861,FUN_6,CUBE_R
212680,28998,FUN_2,FUN_3
212684,23751,CUBE_R,FUN_6
212706,15672,FUN_3,FUN_4
212716,22884,FUN_2,FUN_3
212732,20652,FUN_6,FUN_5
212765,15863,RET,CUBE_R
212785,4235,RET,CUBE_R
212788,7663,FUN_4,FUN_3
212811,9571,FUN_3,FUN_2
212831,388,FUN_2,FUN_3
212841,29251,FUN_2,FUN_3
212842,9892,FUN_3,FUN_2
212849,26454,FUN_1,CUBE_L
212851,15823,FUN_1,FUN_2
212874,13143,FUN_3,FUN_4
212878,19769,FUN_5,FUN_6
212904,13559,CUBE_L,RET
212922,763,FUN_1,FUN_2
212922,14122,FUN_5,FUN_4
212937,10036,CUBE_L,RET
212939,9676,FUN_4,FUN_5
212939,20645,FUN_2,FUN_1
212941,17462,CUBE_R,FUN_6
212956,7663,FUN_3,FUN_4
212960,21110,FUN_2,FUN_1
212969,4796,FUN_2,FUN_3
212989,11695,FUN_3,FUN_2
212999,10862,FUN_2,FUN_3
213005,19152,FUN_4,FUN_3
213012,3225,FUN_2,FUN_3
213012,25932,FUN_2,FUN_3
213015,29674,CUBE_R,RET
213020,28622,CUBE_R,RET
213023,796,FUN_2,FUN_1
213032,5065,FUN_2,FUN_1
213048,3432,CUBE_L,FUN_1
213059,316,FUN_2,FUN_3
213060,17080,FUN_2,FUN_3
213062,6132,FUN_2,FUN_1
213068,14022,FUN_3,FUN_4
213068,16380,FUN_3,FUN_4
213074,26498,FUN_1,FUN_2
213088,19084,FUN_1,FUN_2
213096,11332,CUBE_L,RET
213097,20002,FUN_4,FUN_5
213124,1360,FUN_2,FUN_1
213138,21802,FUN_2,FUN_3
213141,24118,RET,CUBE_R
213161,5877,FUN_2,FUN_3
213199,28763,CUBE_R,RET
213200,13511,FUN_2,FUN_1
213221,8937,FUN_6,FUN_5
213237,11332,RET,CUBE_L
213247,21668,RET,CUBE_L
213252,24806,FUN_2,FUN_3
213266,10532,FUN_3,FUN_2
213279,2227,RET,CUBE_R
213285,8932,FUN_1,FUN_2
213287,5479,FUN_2,FUN_3
213301,15062,FUN_2,FUN_3
213308,26533,FUN_1,CUBE_L
213315,9287,FUN_3,FUN_2
213325,19875,FUN_1,FUN_2
213330,21897,FUN_2,FUN_1
213330,23319,CUBE_R,RET
213349,8933,FUN_2,FUN_3
213360,15823,FUN_2,FUN_1
213383,3502,RET,CUBE_L
213403,1945,FUN_4,FUN_3
213407,19399,FUN_5,FUN_4
213425,9284,FUN_3,FUN_2
213438,23795,FUN_3,FUN_2
213445,28477,FUN_2,FUN_3
213454,3363,CUBE_L,RET
213454,14762,FUN_6,CUBE_R
213465,28032,FUN_1,FUN_2
213469,3592,FUN_4,FUN_5
213471,7503,FUN_3,FUN_4
213473,10310,FUN_3,FUN_4
213483,11425,FUN_4,FUN_3
213491,27773,CUBE_L,RET
213497,26748,FUN_1,FUN_2
213504,29226,FUN_2,FUN_3
213507,28239,FUN_2,FUN_3
213512,5877,FUN_3,FUN_2
213516,27463,FUN_4,FUN_3
213525,19334,FUN_3,FUN_2
213543,3767,FUN_2,FUN_1
213547,11586,FUN_3,FUN_4
213548,19977,CUBE_L,RET
213573,12213,FUN_2,FUN_3
213623,28675,FUN_4,FUN_5
213624,15091,FUN_2,FUN_3
213625,2178,FUN_1,FUN_2
213636,28375,FUN_4,FUN_3
213637,26454,CUBE_L,FUN_1
213661,20002,FUN_5,FUN_4
213666,21392,RET,CUBE_L
213668,28477,FUN_3,FUN_2
213674,16932,FUN_5,FUN_4
213679,14938,FUN_2,FUN_3
213680,27932,CUBE_R,FUN_6
213722,7157,FUN_2,FUN_1
213722,19924,FUN_2,FUN_1
213728,19072,FUN_6,CUBE_R
213736,20002,FUN_4,FUN_5
213753,2828,FUN_2,FUN_3
213764,19769,FUN_6,FUN_5
213787,23319,RET,CUBE_R
213802,8114,CUBE_L,FUN_1
213804,3223,RET,CUBE_L
213810,6209,FUN_2,FUN_3
213815,15091,FUN_3,FUN_2
213821,384,FUN_2,FUN_3
213824,13559,RET,CUBE_L
213832,28998,FUN_3,FUN_2
213848,13570,CUBE_R,RET
213850,20581,FUN_6,CUBE_R
213854,3457,FUN_3,FUN_2
213860,18495,FUN_2,FUN_3
213862,7725,FUN_2,FUN_3
213870,26897,FUN_3,FUN_2
213872,5942,FUN_2,FUN_1
213876,24094,FUN_4,FUN_3
213884,5963,CUBE_L,RET
213884,10947,RET,CUBE_R
213890,24747,FUN_2,FUN_1
213893,9834,FUN_4,FUN_5
213901,28750,FUN_6,CUBE_R
213918,13559,CUBE_L,RET
213929,27759,FUN_3,FUN_4
213959,9922,FUN_6,FUN_5
213973,3598,FUN_6,FUN_5
213974,5559,FUN_5,FUN_4
213978,5629,FUN_1,FUN_2
213992,6132,FUN_1,FUN_2
214003,5479,FUN_3,FUN_2
214007,10129,FUN_2,FUN_3
214017,8932,FUN_2,FUN_1
214041,16734,FUN_3,FUN_2
214046,13559,RET,CUBE_L
214068,28750,CUBE_R,FUN_6
214077,13559,CUBE_L,RET
214080,20611,FUN_5,FUN_4
214084,28477,FUN_2,FUN_3
214089,11982,RET,CUBE_R
214095,27779,FUN_4,FUN_3
214097,29102,FUN_3,FUN_2
214107,28526,FUN_4,FUN_3
214140,28851,FUN_6,CUBE_R
214152,1393,FUN_1,FUN_2
214152,28691,FUN_2,FUN_3
214159,27759,FUN_4,FUN_3
214171,29179,FUN_3,FUN_4
214197,22951,CUBE_L,RET
214200,23795,FUN_2,FUN_3
214202,1595,FUN_4,FUN_5
214203,2045,FUN_4,FUN_3
214206,29380,FUN_3,FUN_2
214209,24806,FUN_3,FUN_2
214212,5245,CUBE_L,RET
214212,15571,RET,CUBE_R
214215,25522,RET,CUBE_R
214217,27434,CUBE_L,RET
214218,24003,FUN_3,FUN_4
214224,11831,CUBE_R,RET
214228,14622,FUN_1,CUBE_L
214245,14532,FUN_2,FUN_3
214271,15500,FUN_2,FUN_3
214277,29561,RET,CUBE_L
214280,29052,FUN_1,FUN_2
214286,15091,FUN_2,FUN_3
214290,11332,CUBE_L,RET
214311,11491,CUBE_L,RET
214325,24915,RET,CUBE_L
214342,5722,FUN_1,FUN_2
214372,23795,FUN_3,FUN_2
214404,20413,FUN_2,FUN_1
214409,8114,FUN_1,CUBE_L
214415,9062,FUN_2,FUN_1
214419,9456,FUN_3,FUN_4
214424,24472,FUN_3,FUN_2
214428,29315,CUBE_R,RET
214436,20280,FUN_6,FUN_5
214445,22203,FUN_3,FUN_2
214472,16410,CUBE_R,RET
214485,14795,FUN_2,FUN_3
214486,21504,FUN_3,FUN_2
214493,14635,FUN_4,FUN_5
214496,28622,RET,CUBE_R
214500,24472,FUN_2,FUN_3
214529,15372,CUBE_R,FUN_6
214529,21482,FUN_2,FUN_3
214545,2534,RET,CUBE_L
214557,1360,FUN_1,FUN_2
214557,24806,FUN_2,FUN_3
214569,9919,FUN_1,FUN_2
214586,3598,FUN_5,FUN_6
214609,29982,FUN_6,FUN_5
214614,12213,FUN_3,FUN_2
214625,29251,FUN_3,FUN_2
214628,24256,FUN_3,FUN_4
214634,8107,FUN_4,FUN_5
214647,5800,FUN_2,FUN_1
214656,5333,FUN_1,FUN_2
214657,28622,CUBE_R,RET
214667,14622,CUBE_L,FUN_1
214693,20002,FUN_5,FUN_4
214697,22197,FUN_2,FUN_1
214697,28998,FUN_2,FUN_3
214703,7831,FUN_2,FUN_1
214707,11329,FUN_6,CUBE_R
214723,8131,FUN_3,FUN_2
214726,20836,CUBE_R,FUN_6
214729,19769,FUN_5,FUN_6
214770,18663,CUBE_L,RET
214780,14283,FUN_3,FUN_4
214790,19661,FUN_1,FUN_2
214816,6983,FUN_2,FUN_3
214819,9892,FUN_2,FUN_3
214824,28375,FUN_3,FUN_4
214841,560,CUBE_R,FUN_6
214847,14508,FUN_1,FUN_2
214885,6429,FUN_3,FUN_4
214888,2714,FUN_2,FUN_3
214910,21086,FUN_5,FUN_6
214911,14806,FUN_1,CUBE_L
214913,21817,FUN_2,FUN_1
214921,6416,FUN_5,FUN_4
214923,23768,FUN_1,FUN_2
214923,29674,RET,CUBE_R
214924,2315,FUN_5,FUN_4
214955,21997,FUN_5,FUN_6
214989,7791,FUN_2,FUN_3
214998,6429,FUN_4,FUN_3
215002,16380,FUN_4,FUN_3
215003,16290,RET,CUBE_R
215012,1366,FUN_3,FUN_2
215021,25891,FUN_5,FUN_4
215046,11040,CUBE_L,RET
215135,22366,RET,CUBE_L
215137,26897,FUN_2,FUN_3
215143,28477,FUN_3,FUN_2
215166,25021,FUN_1,FUN_2
215174,7725,FUN_3,FUN_2
215184,15500,FUN_3,FUN_2
215196,1360,FUN_2,FUN_1
215197,20432,FUN_2,FUN_3
215199,17646,FUN_2,FUN_3
215202,25666,FUN_3,FUN_2
215207,11373,FUN_2,FUN_3
215208,23646,FUN_3,FUN_2
215218,7462,FUN_4,FUN_3
215228,20591,RET,CUBE_L
215241,26862,FUN_1,FUN_2
215252,25488,FUN_1,FUN_2
215306,10378,CUBE_L,FUN_1
215306,12817,CUBE_R,RET
215306,29187,FUN_3,FUN_2
215310,10323,FUN_3,FUN_2
215312,23652,RET,CUBE_R
215322,15719,FUN_2,FUN_1
215332,11040,RET,CUBE_L
215341,6748,FUN_3,FUN_2
215359,367,CUBE_L,RET
215380,3583,FUN_1,FUN_2
215384,8248,FUN_2,FUN_1
215387,4976,FUN_6,CUBE_R
215393,390,FUN_2,FUN_1
215401,13031,FUN_1,FUN_2
215428,4496,FUN_2,FUN_3
215432,367,RET,CUBE_L
215461,9060,FUN_5,FUN_6
215463,22267,FUN_5,FUN_4
215464,16709,FUN_6,FUN_5
215469,529,CUBE_R,RET
215477,26111,FUN_2,FUN_3
215486,22438,FUN_4,FUN_5
215491,13511,FUN_1,FUN_2
215504,7475,FUN_5,FUN_6
215513,2247,FUN_5,FUN_6
215514,14622,FUN_1,CUBE_L
215514,27674,RET,CUBE_L
215516,884,FUN_1,FUN_2
215522,16380,FUN_3,FUN_4
215524,7725,FUN_2,FUN_3
215533,11563,FUN_1,FUN_2
215544,29115,FUN_6,FUN_5
215556,24922,FUN_1,FUN_2
215565,28065,RET,CUBE_L
215566,22583,FUN_3,FUN_4
215567,27516,FUN_2,FUN_1
215573,16417,CUBE_L,RET
215577,3050,FUN_3,FUN_2
215585,18375,CUBE_R,FUN_6
215596,26663,FUN_3,FUN_2
215601,1765,FUN_6,CUBE_R
215604,22234,CUBE_L,FUN_1
215620,24922,FUN_2,FUN_1
215622,6983,FUN_3,FUN_2
215625,19466,FUN_2,FUN_1
215635,24922,FUN_1,FUN_2
215659,1828,CUBE_R,RET
215660,15239,FUN_3,FUN_2
215664,24464,FUN_4,FUN_5
215665,25021,FUN_2,FUN_1
215674,17642,FUN_2,FUN_3
215676,27804,FUN_6,CUBE_R
215679,5047,FUN_4,FUN_5
215684,24641,CUBE_R,RET
215687,29115,FUN_5,FUN_6
215690,4731,RET,CUBE_L
215691,24922,FUN_2,FUN_1
215694,2465,FUN_5,FUN_4
215695,29674,CUBE_R,RET
215706,28865,CUBE_R,FUN_6
215715,18410,CUBE_L,RET
215715,24922,FUN_1,FUN_2
215736,25134,FUN_1,FUN_2
215745,18878,FUN_5,FUN_4
215747,8312,CUBE_R,RET
215752,26862,FUN_2,FUN_1
215758,19666,FUN_3,FUN_2
215768,27887,FUN_5,FUN_6
215784,367,CUBE_L,RET
215788,12468,CUBE_R,FUN_6
215799,3366,FUN_3,FUN_2
215799,15333,FUN_3,FUN_4
215812,25021,FUN_1,FUN_2
215815,6416,FUN_4,FUN_5
215833,28091,FUN_4,FUN_3
215834,25225,FUN_3,FUN_2
215840,23241,FUN_3,FUN_4
215841,23751,FUN_6,CUBE_R
215844,13986,FUN_2,FUN_1
215864,19144,FUN_4,FUN_3
215880,6169,FUN_3,FUN_2
215880,29801,FUN_2,FUN_3
215893,14853,CUBE_R,RET
215900,5244,CUBE_L,RET
215901,26058,FUN_2,FUN_1
215905,6416,FUN_5,FUN_4
215908,28239,FUN_3,FUN_2
215926,15285,FUN_2,FUN_1
215933,531,FUN_5,FUN_4
215933,25021,FUN_2,FUN_1
215939,23342,RET,CUBE_R
215940,8131,FUN_2,FUN_3
215949,16709,FUN_5,FUN_6
215949,17928,CUBE_R,FUN_6
215950,1765,CUBE_R,FUN_6
215958,5061,CUBE_L,RET
215973,6983,FUN_2,FUN_3
215984,26042,FUN_2,FUN_1
215995,14635,FUN_5,FUN_4
216007,6726,FUN_6,CUBE_R
216058,8932,FUN_1,FUN_2
216060,1360,FUN_1,FUN_2
216066,28851,CUBE_R,FUN_6
216081,3556,FUN_2,FUN_1
216083,15372,FUN_6,CUBE_R
216088,9337,FUN_2,FUN_3
216095,12484,RET,CUBE_R
216111,5968,FUN_2,FUN_3
216120,17642,FUN_3,FUN_2
216126,2854,CUBE_R,FUN_6
216145,1366,FUN_2,FUN_3
216156,19152,FUN_3,FUN_4
216163,8417,FUN_3,FUN_2
216170,5629,FUN_2,FUN_1
216177,24922,FUN_2,FUN_1
216179,5061,RET,CUBE_L
216184,5139,FUN_6,FUN_5
216198,5709,FUN_5,FUN_6
216199,28763,RET,CUBE_R
216205,7267,FUN_2,FUN_3
216205,10568,CUBE_L,RET
216205,18972,FUN_5,FUN_4
216208,18287,CUBE_L,RET
216213,9060,FUN_6,FUN_5
216226,24247,FUN_3,FUN_2
216230,13949,FUN_2,FUN_3
216238,26454,FUN_1,CUBE_L
216239,18415,FUN_2,FUN_1
216240,21897,FUN_1,FUN_2
216242,23562,FUN_2,FUN_3
216250,9060,FUN_5,FUN_6
216258,4004,CUBE_L,RET
216261,10767,FUN_4,FUN_3
216284,29904,FUN_2,FUN_1
216286,815,FUN_1,FUN_2
216289,25711,FUN_3,FUN_2
216302,10562,FUN_2,FUN_1
216308,2247,FUN_6,FUN_5
216312,7617,FUN_3,FUN_2
216330,23256,FUN_3,FUN_2
216334,22404,FUN_3,FUN_2
216345,28656,FUN_1,FUN_2
216346,21450,FUN_3,FUN_2
216346,28655,FUN_4,FUN_3
216349,5140,FUN_3,FUN_2
216350,15040,FUN_3,FUN_4
216353,13570,RET,CUBE_R
216361,17529,FUN_5,FUN_4
216371,4986,FUN_3,FUN_4
216371,15210,CUBE_R,FUN_6
216376,15968,FUN_3,FUN_2
216399,16709,FUN_6,FUN_5
216428,1294,FUN_3,FUN_2
216430,19940,CUBE_R,RET
216432,4689,FUN_2,FUN_1
216441,16650,FUN_3,FUN_4
216457,9456,FUN_4,FUN_3
216487,5559,FUN_4,FUN_5
216502,13559,RET,CUBE_L
216506,28239,FUN_2,FUN_3
216512,18271,FUN_3,FUN_4
216512,22871,FUN_4,FUN_5
216515,20077,FUN_6,FUN_5
216535,10772,FUN_5,FUN_4
216536,16650,FUN_4,FUN_3
216538,2162,CUBE_L,RET
216552,10532,FUN_2,FUN_3
216555,28110,FUN_2,FUN_1
216564,3138,CUBE_L,RET
216569,25711,FUN_2,FUN_3
216571,26533,CUBE_L,FUN_1
216583,10323,FUN_2,FUN_3
216583,17790,CUBE_R,FUN_6
216584,14740,FUN_4,FUN_5
216587,28934,CUBE_L,RET
216592,3366,FUN_2,FUN_3
216593,27126,FUN_1,FUN_2
216594,5359,CUBE_L,RET
216610,12468,FUN_6,CUBE_R
216614,23751,CUBE_R,FUN_6
216635,26533,FUN_1,CUBE_L
216635,29721,FUN_3,FUN_4
216642,23319,CUBE_R,RET
216643,7503,FUN_4,FUN_3
216647,19661,FUN_2,FUN_1
216653,15091,FUN_3,FUN_2
216669,5709,FUN_6,FUN_5
216670,10435,RET,CUBE_R
216697,15359,FUN_1,CUBE_L
216721,529,RET,CUBE_R
216723,5359,RET,CUBE_L
216738,23256,FUN_2,FUN_3
216740,9060,FUN_6,FUN_5
216750,17845,CUBE_L,FUN_1
216764,17462,FUN_6,CUBE_R
216779,19630,CUBE_R,FUN_6
216785,14762,CUBE_R,FUN_6
216797,5140,FUN_2,FUN_3
216804,29179,FUN_4,FUN_3
216814,22884,FUN_3,FUN_2
216814,24269,FUN_2,FUN_1
216818,26460,FUN_3,FUN_4
216826,888,RET,CUBE_L
216852,7965,CUBE_R,FUN_6
216865,15987,CUBE_R,FUN_6
216867,22583,FUN_4,FUN_3
216882,29115,FUN_6,FUN_5
216897,20714,RET,CUBE_L
216913,25836,FUN_3,FUN_4
216923,13570,CUBE_R,RET
216963,6360,RET,CUBE_R
216968,21817,FUN_1,FUN_2
216979,23241,FUN_4,FUN_3
216980,21929,FUN_2,FUN_1
216987,4561,FUN_3,FUN_4
216990,27804,CUBE_R,FUN_6
216990,29115,FUN_5,FUN_6
217005,6764,FUN_5,FUN_4
217057,2315,FUN_4,FUN_5
217064,6748,FUN_2,FUN_3
217068,12383,FUN_4,FUN_5
217072,16290,CUBE_R,RET
217073,6413,FUN_1,CUBE_L
217076,29115,FUN_6,FUN_5
217103,8693,FUN_2,FUN_1
217112,22377,FUN_3,FUN_4
217123,21929,FUN_1,FUN_2
217126,9284,FUN_2,FUN_3
217153,24120,FUN_5,FUN_6
217157,14750,FUN_3,FUN_2
217161,19066,CUBE_L,RET
217170,19661,FUN_1,FUN_2
217180,5333,FUN_2,FUN_1
217181,13511,FUN_2,FUN_1
217183,25564,FUN_3,FUN_2
217191,12315,FUN_4,FUN_5
217194,8102,FUN_3,FUN_4
217201,8933,FUN_3,FUN_2
217208,3583,FUN_2,FUN_1
217210,10623,FUN_3,FUN_2
217218,16583,FUN_2,FUN_3
217227,13661,FUN_3,FUN_2
217228,3755,FUN_1,FUN_2
217249,20714,CUBE_L,RET
217262,14938,FUN_3,FUN_2
217265,858,FUN_5,FUN_6
217274,29102,FUN_2,FUN_3
217275,6487,FUN_3,FUN_2
217283,27964,FUN_4,FUN_3
217292,19977,RET,CUBE_L
217296,17790,FUN_6,CUBE_R
217313,27383,CUBE_R,FUN_6
217343,23241,FUN_3,FUN_4
217363,1320,FUN_2,FUN_1
217371,9478,FUN_2,FUN_3
217377,11329,CUBE_R,FUN_6
217378,7503,FUN_3,FUN_4
217383,5968,FUN_3,FUN_2
217399,6300,FUN_2,FUN_1
217403,21450,FUN_2,FUN_3
217408,21120,FUN_3,FUN_2
217423,23751,FUN_6,CUBE_R
217425,10568,RET,CUBE_L
217430,19466,FUN_1,FUN_2
217435,531,FUN_4,FUN_5
217439,367,RET,CUBE_L
217444,12535,RET,CUBE_L
217452,12235,FUN_3,FUN_4
217456,16650,FUN_3,FUN_4
217469,13570,RET,CUBE_R
217473,22515,FUN_3,FUN_2
217480,17462,CUBE_R,FUN_6
217489,11912,CUBE_L,FUN_1
217496,6048,FUN_3,FUN_2
217508,2716,FUN_1,FUN_2
217521,12235,FUN_4,FUN_3
217524,14750,FUN_2,FUN_3
217536,8178,FUN_6,FUN_5
217536,12235,FUN_3,FUN_4
217540,3457,FUN_2,FUN_3
217543,1181,RET,CUBE_R
217551,28564,FUN_2,FUN_1
217552,20075,FUN_1,FUN_2
217560,27126,FUN_2,FUN_1
217567,28675,FUN_5,FUN_4
217579,12235,FUN_4,FUN_3
217588,5171,FUN_2,FUN_3
217589,529,CUBE_R,RET
217594,1294,FUN_2,FUN_3
217603,22871,FUN_5,FUN_4
217606,8363,FUN_2,FUN_1
217618,888,CUBE_L,RET
217627,13498,CUBE_R,RET
217641,22963,FUN_5,FUN_6
217648,28683,CUBE_L,FUN_1
217650,24118,CUBE_R,RET
217650,29380,FUN_2,FUN_3
217667,18972,FUN_4,FUN_5
217673,29380,FUN_3,FUN_2
217684,16932,FUN_4,FUN_5
217691,26252,RET,CUBE_R
217694,2730,FUN_5,FUN_4
217705,1376,FUN_6,CUBE_R
217714,18415,FUN_1,FUN_2
217739,14938,FUN_2,FUN_3
217749,10532,FUN_3,FUN_2
217751,19933,FUN_3,FUN_4
217763,16589,FUN_2,FUN_1
217775,5565,FUN_2,FUN_1
217776,22963,FUN_6,FUN_5
217782,10862,FUN_3,FUN_2
217786,21042,FUN_3,FUN_4
217805,9869,FUN_3,FUN_2
217818,12235,FUN_3,FUN_4
217831,16589,FUN_1,FUN_2
217837,13183,CUBE_R,RET
217841,581,RET,CUBE_R
217863,10582,FUN_2,FUN_1
217874,29674,RET,CUBE_R
217880,24094,FUN_3,FUN_4
217882,4332,FUN_1,CUBE_L
217886,6209,FUN_3,FUN_2
217887,28660,FUN_4,FUN_3
217898,24120,FUN_6,FUN_5
217909,11993,FUN_2,FUN_3
217916,23719,FUN_1,FUN_2
217920,14022,FUN_4,FUN_3
217923,16709,FUN_5,FUN_6
217941,4292,FUN_2,FUN_1
217967,16589,FUN_2,FUN_1
217993,16589,FUN_1,FUN_2
217994,21120,FUN_2,FUN_3
218001,26417,FUN_3,FUN_4
218005,1366,FUN_3,FUN_2
218012,367,CUBE_L,RET
218027,3583,FUN_1,FUN_2
218027,12244,FUN_2,FUN_1
218030,15091,FUN_2,FUN_3
218044,28691,FUN_3,FUN_2
218050,20731,RET,CUBE_R
218053,2730,FUN_4,FUN_5
218062,14405,FUN_3,FUN_2
218071,15223,FUN_4,FUN_3
218074,9950,CUBE_R,RET
218083,27516,FUN_1,FUN_2
218089,4489,CUBE_L,RET
218091,15333,FUN_4,FUN_3
218093,16589,FUN_2,FUN_1
218093,25817,RET,CUBE_L
218098,13031,FUN_2,FUN_1
218114,17928,FUN_6,CUBE_R
218133,28476,FUN_3,FUN_4
218136,15395,FUN_3,FUN_2
218137,7823,FUN_4,FUN_3
218137,28302,RET,CUBE_L
218141,8309,CUBE_L,RET
218143,13257,CUBE_R,RET
218146,2980,RET,CUBE_L
218157,7710,FUN_4,FUN_5
218159,22267,FUN_4,FUN_5
218163,21788,FUN_5,FUN_4
218178,17222,FUN_2,FUN_1
218183,25797,FUN_2,FUN_1
218184,10104,RET,CUBE_L
218198,12636,FUN_4,FUN_5
218202,27804,FUN_6,CUBE_R
218211,4561,FUN_4,FUN_3
218222,11831,RET,CUBE_R
218222,17845,FUN_1,CUBE_L
218234,7302,FUN_3,FUN_2
218235,20211,FUN_6,FUN_5
218259,15091,FUN_3,FUN_2
218263,12746,FUN_5,FUN_6
218269,7547,FUN_6,FUN_5
218272,15992,FUN_3,FUN_4
218279,19630,FUN_6,CUBE_R
218299,24087,FUN_3,FUN_4
218301,11500,FUN_2,FUN_1
218306,3618,FUN_4,FUN_5
218315,29982,FUN_5,FUN_6
218321,8248,FUN_1,FUN_2
218335,29117,FUN_1,FUN_2
218336,2434,FUN_3,FUN_4
218347,18878,FUN_4,FUN_5
218374,5186,FUN_2,FUN_3
218386,6621,FUN_2,FUN_1
218400,15091,FUN_2,FUN_3
218404,25021,FUN_1,FUN_2
218407,5559,FUN_5,FUN_4
218408,21897,FUN_2,FUN_1
218410,20913,RET,CUBE_L
218416,18453,FUN_4,FUN_5
218419,22377,FUN_4,FUN_3
218425,12235,FUN_4,FUN_3
218430,12315,FUN_5,FUN_4
218439,9571,FUN_2,FUN_3
218449,24653,FUN_4,FUN_5
218489,325,CUBE_L,FUN_1
218493,2162,RET,CUBE_L
218502,26857,RET,CUBE_R
218534,27463,FUN_3,FUN_4
218545,22456,FUN_2,FUN_3
218561,10385,FUN_4,FUN_3
218563,11332,RET,CUBE_L
218566,15720,FUN_2,FUN_3
218567,8131,FUN_3,FUN_2
218571,2037,FUN_5,FUN_6
218578,29904,FUN_1,FUN_2
218600,10435,CUBE_R,RET
218609,12973,CUBE_R,RET
218619,24247,FUN_2,FUN_3
218657,8417,FUN_2,FUN_3
218658,4509,FUN_5,FUN_4
218665,5159,CUBE_L,RET
218689,24753,CUBE_R,RET
218698,3921,FUN_3,FUN_4
218710,19802,FUN_1,CUBE_L
218721,8363,FUN_1,FUN_2
218721,18415,FUN_2,FUN_1
218725,11563,FUN_2,FUN_1
218735,20645,FUN_1,FUN_2
218779,10568,CUBE_L,RET
218793,19245,FUN_2,FUN_1
218794,14879,FUN_3,FUN_4
218803,29226,FUN_3,FUN_2
218814,7503,FUN_4,FUN_3
218836,4743,FUN_4,FUN_3
218845,14300,CUBE_L,FUN_1
218851,29226,FUN_2,FUN_3
218853,9571,FUN_3,FUN_2
218870,3634,FUN_1,FUN_2
218873,2716,FUN_2,FUN_1
218886,23563,FUN_2,FUN_3
218890,14122,FUN_4,FUN_5
218902,6171,FUN_4,FUN_3
218904,277,FUN_1,FUN_2
218918,11982,CUBE_R,RET
218937,384,FUN_3,FUN_2
218937,9892,FUN_3,FUN_2
218944,20958,RET,CUBE_L
218953,8048,FUN_6,FUN_5
218960,9950,RET,CUBE_R
218962,15286,FUN_3,FUN_2
218963,28412,FUN_5,FUN_4
218965,20038,FUN_3,FUN_4
218967,28717,FUN_2,FUN_1
218977,16524,CUBE_R,FUN_6
218992,22816,FUN_3,FUN_2
219006,16967,CUBE_R,RET
219012,8107,FUN_5,FUN_4
219013,7302,FUN_2,FUN_3
219016,3457,FUN_3,FUN_2
219016,14300,FUN_1,CUBE_L
219021,22311,FUN_4,FUN_3
219028,18495,FUN_3,FUN_2
219037,13257,RET,CUBE_R
219040,15091,FUN_3,FUN_2
219041,796,FUN_1,FUN_2
219045,18415,FUN_1,FUN_2
219063,20645,FUN_2,FUN_1
219072,70,CUBE_R,FUN_6
219072,28005,RET,CUBE_L
219083,17421,FUN_2,FUN_1
219083,19094,RET,CUBE_L
219093,11768,FUN_2,FUN_1
219096,3906,FUN_4,FUN_5
219119,384,FUN_2,FUN_3
219119,24982,FUN_1,FUN_2
219134,28767,FUN_1,FUN_2
219148,9571,FUN_2,FUN_3
219169,24915,CUBE_L,RET
219175,13066,FUN_4,FUN_3
219176,16497,FUN_3,FUN_2
219195,13005,FUN_4,FUN_3
219200,20714,RET,CUBE_L
219204,15027,FUN_2,FUN_1
219205,8078,FUN_3,FUN_2
219214,10177,FUN_5,FUN_6
219222,8558,FUN_3,FUN_4
219225,10577,FUN_2,FUN_1
219231,10929,FUN_4,FUN_3
219232,15040,FUN_4,FUN_3
219239,6784,FUN_6,FUN_5
219246,16290,RET,CUBE_R
219253,19630,CUBE_R,FUN_6
219258,4220,FUN_3,FUN_4
219268,5819,FUN_1,FUN_2
219271,3457,FUN_2,FUN_3
219288,4157,FUN_3,FUN_2
219296,18457,FUN_2,FUN_3
219307,10568,RET,CUBE_L
219308,22618,FUN_2,FUN_3
219313,20075,FUN_2,FUN_1
219332,27408,FUN_2,FUN_3
219345,28958,CUBE_L,RET
219349,2900,RET,CUBE_R
219353,11157,FUN_2,FUN_1
219359,967,FUN_2,FUN_1
219361,29845,CUBE_R,FUN_6
219362,18972,FUN_5,FUN_4
219377,9060,FUN_5,FUN_6
219391,7302,FUN_3,FUN_2
219391,20913,CUBE_L,RET
219395,24922,FUN_1,FUN_2
219400,14740,FUN_5,FUN_4
219412,28717,FUN_1,FUN_2
219417,28694,FUN_2,FUN_1
219437,5367,FUN_3,FUN_2
219446,9287,FUN_2,FUN_3
219449,2247,FUN_5,FUN_6
219453,8866,CUBE_R,RET
219460,24928,CUBE_R,RET
219461,16495,CUBE_L,RET
219473,2534,CUBE_L,RET
219475,8078,FUN_2,FUN_3
219514,9950,CUBE_R,RET
219521,29731,FUN_2,FUN_1
219524,4234,FUN_4,FUN_5
219567,3400,FUN_2,FUN_1
219570,17421,FUN_1,FUN_2
219574,21202,FUN_5,FUN_4
219577,24035,RET,CUBE_L
219596,15793,FUN_2,FUN_3
219599,2854,FUN_6,CUBE_R
219602,14678,FUN_3,FUN_4
219608,2067,FUN_1,FUN_2
219612,12512,FUN_4,FUN_3
219615,11500,FUN_1,FUN_2
219632,10947,CUBE_R,RET
219632,13112,FUN_1,FUN_2
219635,10929,FUN_3,FUN_4
219643,21788,FUN_4,FUN_5
219644,5629,FUN_1,FUN_2
219644,16709,FUN_6,FUN_5
219650,11768,FUN_1,FUN_2
219656,16655,FUN_3,FUN_4
219666,18066,FUN_3,FUN_4
219669,13860,CUBE_L,RET
219672,15239,FUN_2,FUN_3
219673,2434,FUN_4,FUN_3
219674,1828,RET,CUBE_R
219690,16967,RET,CUBE_R
219696,10687,FUN_6,CUBE_R
219700,2651,CUBE_L,FUN_1
219718,11491,RET,CUBE_L
219732,16250,FUN_5,FUN_6
219732,18752,FUN_2,FUN_1
219758,17803,FUN_4,FUN_3
219759,15027,FUN_1,FUN_2
219767,531,FUN_5,FUN_4
219775,19245,FUN_1,FUN_2
219777,7547,FUN_5,FUN_6
219784,15333,FUN_3,FUN_4
219813,25522,CUBE_R,RET
219830,6045,CUBE_L,RET
219844,25928,FUN_3,FUN_2
219852,18813,FUN_3,FUN_2
219861,23691,FUN_3,FUN_4
219871,16789,CUBE_L,RET
219873,1566,FUN_2,FUN_1
219874,11210,FUN_3,FUN_4
219889,24928,RET,CUBE_R
219915,8078,FUN_3,FUN_2
219921,4624,FUN_6,CUBE_R
219921,16161,FUN_6,CUBE_R
219930,24715,FUN_3,FUN_4
219947,24693,FUN_5,FUN_4
219956,24344,CUBE_R,RET
219960,29315,RET,CUBE_R
219975,10323,FUN_3,FUN_2
219985,14300,CUBE_L,FUN_1
219985,26058,FUN_1,FUN_2
219993,20958,CUBE_L,RET
219995,10947,RET,CUBE_R
220003,15988,FUN_1,CUBE_L
220020,6048,FUN_2,FUN_3
220027,29982,FUN_6,FUN_5
220030,6360,CUBE_R,RET
220038,11157,FUN_1,FUN_2
220049,4905,CUBE_L,RET
220049,17529,FUN_4,FUN_5
220049,20731,CUBE_R,RET
220059,25187,FUN_4,FUN_3
220066,14532,FUN_3,FUN_2
220075,12213,FUN_2,FUN_3
220082,21969,FUN_2,FUN_3
220089,11586,FUN_4,FUN_3
220089,18749,FUN_4,FUN_3
220092,23904,FUN_5,FUN_6
220095,4624,CUBE_R,FUN_6
220099,9390,FUN_2,FUN_3
220114,17421,FUN_2,FUN_1
220127,6487,FUN_2,FUN_3
220140,21202,FUN_4,FUN_5
220141,24928,CUBE_R,RET
220144,15395,FUN_2,FUN_3
220159,29721,FUN_4,FUN_3
220188,25561,RET,CUBE_L
220189,12223,FUN_6,FUN_5
220195,4220,FUN_4,FUN_3
220207,18883,FUN_4,FUN_5
220209,15992,FUN_4,FUN_3
220221,17222,FUN_1,FUN_2
220236,5397,CUBE_R,RET
220266,10947,CUBE_R,RET
220270,28675,FUN_4,FUN_5
220288,10422,FUN_6,CUBE_R
220294,7017,FUN_3,FUN_2
220304,25561,CUBE_L,RET
220323,29952,FUN_2,FUN_3
220326,73,FUN_2,FUN_1
220329,28507,FUN_1,FUN_2
220330,6172,CUBE_R,FUN_6
220334,14122,FUN_5,FUN_4
220342,19365,FUN_5,FUN_6
220365,7588,FUN_2,FUN_3
220374,10419,FUN_2,FUN_3
220377,15719,FUN_1,FUN_2
220389,8866,RET,CUBE_R
220408,8301,FUN_1,FUN_2
220411,22789,FUN_1,FUN_2
220413,25561,RET,CUBE_L
220414,20432,FUN_3,FUN_2
220423,3686,FUN_2,FUN_1
220435,24035,CUBE_L,RET
220437,10201,RET,CUBE_L
220441,28302,CUBE_L,RET
220454,23704,FUN_6,CUBE_R
220471,15210,FUN_6,CUBE_R
220474,8312,RET,CUBE_R
220487,26605,FUN_4,FUN_5
220503,18287,RET,CUBE_L
220513,11332,CUBE_L,RET
220513,28412,FUN_4,FUN_5
220544,17486,FUN_3,FUN_4
220547,27434,RET,CUBE_L
220550,3320,FUN_5,FUN_4
220566,7588,FUN_3,FUN_2
220572,1320,FUN_1,FUN_2
220591,22712,FUN_2,FUN_1
220596,13432,FUN_2,FUN_3
220598,7068,FUN_1,FUN_2
220605,13860,RET,CUBE_L
220617,3457,FUN_3,FUN_2
220621,18995,FUN_3,FUN_4
220627,11586,FUN_3,FUN_4
220633,8933,FUN_2,FUN_3
220641,12973,RET,CUBE_R
220654,14469,FUN_3,FUN_4
220655,5245,RET,CUBE_L
220667,10287,FUN_6,FUN_5
220684,19383,FUN_2,FUN_1
220696,12383,FUN_5,FUN_4
220700,16236,FUN_2,FUN_3
220705,4197,CUBE_R,FUN_6
220712,5245,CUBE_L,RET
220718,16204,FUN_3,FUN_2
220722,531,FUN_4,FUN_5
220731,15672,FUN_4,FUN_3
220733,21228,FUN_2,FUN_3
220734,28660,FUN_3,FUN_4
220736,9284,FUN_3,FUN_2
220737,5245,RET,CUBE_L
220740,11210,FUN_4,FUN_3
220771,21040,FUN_3,FUN_4
220776,20140,FUN_2,FUN_1
220805,17227,FUN_4,FUN_5
220809,388,FUN_3,FUN_2
220809,29102,FUN_3,FUN_2
220811,20413,FUN_1,FUN_2
220814,25183,FUN_2,FUN_3
220821,11912,FUN_1,CUBE_L
220831,17462,FUN_6,CUBE_R
220833,28918,CUBE_R,RET
220849,17482,FUN_4,FUN_5
220852,1320,FUN_2,FUN_1
220856,28564,FUN_1,FUN_2
220863,11768,FUN_2,FUN_1
220870,19420,CUBE_R,RET
220895,16932,FUN_5,FUN_4
220899,4796,FUN_3,FUN_2
220905,20668,RET,CUBE_R
220910,16932,FUN_4,FUN_5
220943,14300,FUN_1,CUBE_L
220984,3087,CUBE_L,RET
220996,7138,FUN_4,FUN_3
221004,1699,FUN_2,FUN_3
221005,12235,FUN_3,FUN_4
221006,20958,RET,CUBE_L
221015,2684,FUN_1,FUN_2
221024,16932,FUN_5,FUN_4
221047,14266,FUN_6,FUN_5
221056,7588,FUN_2,FUN_3
221059,531,FUN_5,FUN_4
221065,14853,RET,CUBE_R
221087,18092,FUN_2,FUN_1
221101,2162,CUBE_L,RET
221112,3400,FUN_1,FUN_2
221113,19094,CUBE_L,RET
221116,1281,FUN_4,FUN_5
221122,10582,FUN_1,FUN_2
221123,15122,FUN_4,FUN_3
221128,16731,FUN_2,FUN_1
221128,25639,FUN_4,FUN_5
221142,27471,FUN_3,FUN_2
221167,28655,FUN_3,FUN_4
221173,24928,RET,CUBE_R
221176,28375,FUN_4,FUN_3
221178,531,FUN_4,FUN_5
221189,28717,FUN_2,FUN_1
221199,1320,FUN_1,FUN_2
221205,12045,FUN_3,FUN_2
221213,17244,FUN_1,CUBE_L
221231,16495,RET,CUBE_L
221242,23691,FUN_4,FUN_3
221253,18295,FUN_1,CUBE_L
221265,11490,FUN_2,FUN_1
221267,5222,CUBE_R,RET
221315,18813,FUN_2,FUN_3
221321,531,FUN_5,FUN_4
221322,15992,FUN_3,FUN_4
221331,15212,FUN_2,FUN_1
221334,14300,CUBE_L,FUN_1
221337,2534,RET,CUBE_L
221343,28108,FUN_3,FUN_2
221347,1453,FUN_3,FUN_2
221347,16140,FUN_1,FUN_2
221355,888,RET,CUBE_L
221360,6071,FUN_2,FUN_1
221365,2716,FUN_1,FUN_2
221366,653,RET,CUBE_L
221379,24803,FUN_3,FUN_4
221380,1281,FUN_5,FUN_4
221387,16932,FUN_4,FUN_5
221392,15903,RET,CUBE_R
221393,13949,FUN_3,FUN_2
221398,11637,FUN_1,FUN_2
221405,15359,CUBE_L,FUN_1
221408,16165,FUN_2,FUN_3
221409,24676,FUN_4,FUN_5
221419,4544,RET,CUBE_R
221421,17517,FUN_1,FUN_2
221426,9208,FUN_2,FUN_1
221436,5585,FUN_4,FUN_3
221445,13146,FUN_2,FUN_3
221446,15635,FUN_3,FUN_2
221448,18680,CUBE_L,FUN_1
221451,28622,RET,CUBE_R
221453,14132,RET,CUBE_L
221461,10962,FUN_1,FUN_2
221464,11637,FUN_2,FUN_1
221468,1701,FUN_2,FUN_1
221486,12045,FUN_2,FUN_3
221491,12045,FUN_3,FUN_2
221494,15285,FUN_1,FUN_2
221502,18813,FUN_3,FUN_2
221511,11040,CUBE_L,RET
221540,16589,FUN_1,FUN_2
221552,12045,FUN_2,FUN_3
221554,24464,FUN_5,FUN_4
221558,12045,FUN_3,FUN_2
221566,5861,FUN_3,FUN_2
221568,5135,FUN_3,FUN_4
221572,11637,FUN_1,FUN_2
221590,26258,FUN_3,FUN_2
221591,10600,FUN_1,CUBE_L
221592,16734,FUN_2,FUN_3
221598,11637,FUN_2,FUN_1
221606,24003,FUN_4,FUN_3
221607,5047,FUN_5,FUN_4
221609,13801,FUN_3,FUN_4
221617,16731,FUN_1,FUN_2
221618,22789,FUN_2,FUN_1
221628,1453,FUN_2,FUN_3
221645,12223,FUN_5,FUN_6
221646,1281,FUN_4,FUN_5
221657,9321,FUN_1,FUN_2
221669,17529,FUN_5,FUN_4
221675,5862,FUN_3,FUN_2
221676,5800,FUN_1,FUN_2
221677,24418,FUN_2,FUN_3
221686,3634,FUN_2,FUN_1
221689,28717,FUN_1,FUN_2
221692,13986,FUN_1,FUN_2
221692,18273,FUN_1,CUBE_L
221698,25650,FUN_3,FUN_2
221705,28544,CUBE_R,RET
221707,390,FUN_1,FUN_2
221714,26058,FUN_2,FUN_1
221719,25522,RET,CUBE_R
221723,25632,FUN_6,CUBE_R
221724,12045,FUN_2,FUN_3
221739,6067,FUN_4,FUN_5
221739,23561,FUN_5,FUN_6
221753,21788,FUN_5,FUN_4
221756,19383,FUN_1,FUN_2
221766,19933,FUN_4,FUN_3
221770,13312,FUN_4,FUN_3
221773,882,CUBE_L,RET
221779,4700,FUN_2,FUN_1
221786,3050,FUN_2,FUN_3
221797,17529,FUN_4,FUN_5
221812,24436,FUN_5,FUN_6
221813,20731,RET,CUBE_R
221814,20293,CUBE_R,RET
221827,25797,FUN_1,FUN_2
221833,19152,FUN_4,FUN_3
221843,27410,RET,CUBE_L
221849,9971,CUBE_R,FUN_6
221882,22368,FUN_2,FUN_3
221891,16497,FUN_2,FUN_3
221893,2162,RET,CUBE_L
221895,4743,FUN_3,FUN_4
221902,15719,FUN_2,FUN_1
221909,25561,CUBE_L,RET
221917,19383,FUN_2,FUN_1
221933,24753,RET,CUBE_R
221940,20077,FUN_5,FUN_6
221941,7655,FUN_2,FUN_1
221952,2249,FUN_2,FUN_1
221982,22789,FUN_1,FUN_2
221991,24784,FUN_3,FUN_2
221992,4124,FUN_2,FUN_3
221997,14750,FUN_3,FUN_2
222005,10962,FUN_2,FUN_1
222016,21426,FUN_2,FUN_3
222019,19144,FUN_3,FUN_4
222027,18832,FUN_3,FUN_2
222041,25665,CUBE_R,FUN_6
222064,22744,FUN_1,FUN_2
222064,24641,RET,CUBE_R
222090,10323,FUN_2,FUN_3
222090,11550,FUN_2,FUN_1
222092,23631,FUN_2,FUN_1
222103,11768,FUN_1,FUN_2
222110,18149,FUN_2,FUN_1
222122,18287,CUBE_L,RET
222133,24693,FUN_4,FUN_5
222139,5565,FUN_1,FUN_2
222142,3767,FUN_1,FUN_2
222158,8178,FUN_5,FUN_6
222168,1566,FUN_1,FUN_2
222169,2345,FUN_2,FUN_3
222204,5877,FUN_2,FUN_3
222208,15988,CUBE_L,FUN_1
222227,4743,FUN_4,FUN_3
222258,10066,FUN_2,FUN_3
222267,3320,FUN_4,FUN_5
222280,14853,CUBE_R,RET
222288,3950,FUN_2,FUN_1
222306,26897,FUN_3,FUN_2
222318,531,FUN_4,FUN_5
222319,5565,FUN_2,FUN_1
222336,14122,FUN_4,FUN_5
222342,29904,FUN_2,FUN_1
222361,29561,CUBE_L,RET
222375,19365,FUN_6,FUN_5
222376,21426,FUN_3,FUN_2
222394,18995,FUN_4,FUN_3
222411,12468,CUBE_R,FUN_6
222413,18830,FUN_4,FUN_3
222422,16063,CUBE_L,FUN_1
222425,6487,FUN_3,FUN_2
222428,22346,CUBE_R,RET
222429,19109,FUN_2,FUN_1
222459,22027,FUN_4,FUN_3
222469,5159,RET,CUBE_L
222470,13911,RET,CUBE_L
222480,24496,CUBE_L,RET
222482,29614,FUN_5,FUN_6
222491,3906,FUN_5,FUN_4
222504,16140,FUN_2,FUN_1
222506,1733,RET,CUBE_R
222512,11637,FUN_1,FUN_2
222514,14568,FUN_2,FUN_1
222530,25564,FUN_2,FUN_3
222554,1566,FUN_2,FUN_1
222558,15285,FUN_2,FUN_1
222563,17111,FUN_4,FUN_3
222569,5457,FUN_1,FUN_2
222574,1566,FUN_1,FUN_2
222607,22352,FUN_3,FUN_4
222610,20731,CUBE_R,RET
222623,4624,FUN_6,CUBE_R
222628,26072,FUN_3,FUN_2
222651,10419,FUN_3,FUN_2
222651,16832,RET,CUBE_L
222708,9456,FUN_3,FUN_4
222710,18680,FUN_1,CUBE_L
222722,384,FUN_3,FUN_2
222727,24344,RET,CUBE_R
222739,10323,FUN_3,FUN_2
222747,4995,FUN_4,FUN_3
222747,24464,FUN_4,FUN_5
222749,19759,FUN_3,FUN_2
222754,13731,FUN_1,CUBE_L
222788,384,FUN_2,FUN_3
222792,14469,FUN_4,FUN_3
222795,24653,FUN_5,FUN_4
222799,18149,FUN_1,FUN_2
222805,22712,FUN_1,FUN_2
222827,16967,CUBE_R,RET
222831,29614,FUN_6,FUN_5
222841,5333,FUN_1,FUN_2
222853,29801,FUN_3,FUN_2
222866,4896,FUN_3,FUN_2
222870,318,CUBE_R,RET
222878,8264,FUN_2,FUN_3
222891,17803,FUN_3,FUN_4
222898,12636,FUN_5,FUN_4
222903,9245,CUBE_R,RET
222906,7655,FUN_1,FUN_2
222914,20807,FUN_1,FUN_2
222952,1996,RET,CUBE_R
222958,24784,FUN_2,FUN_3
222962,18273,CUBE_L,FUN_1
222965,1701,FUN_1,FUN_2
222967,7068,FUN_2,FUN_1
222974,13511,FUN_1,FUN_2
222977,21426,FUN_2,FUN_3
222987,24269,FUN_1,FUN_2
223000,10600,CUBE_L,FUN_1
223023,4235,CUBE_R,RET
223023,25271,FUN_6,FUN_5
223034,978,FUN_3,FUN_4
223039,971,FUN_5,FUN_6
223045,13025,FUN_5,FUN_4
223059,9998,CUBE_R,FUN_6
223087,19462,CUBE_R,FUN_6
223094,14027,FUN_6,CUBE_R
223094,19661,FUN_2,FUN_1
223106,27923,FUN_2,FUN_1
223115,11329,FUN_6,CUBE_R
223126,24,FUN_4,FUN_3
223186,27471,FUN_2,FUN_3
223189,17421,FUN_1,FUN_2
223226,20075,FUN_1,FUN_2
223233,10401,FUN_3,FUN_2
223245,25561,RET,CUBE_L
223246,2651,FUN_1,CUBE_L
223264,5719,FUN_3,FUN_4
223278,29477,FUN_1,FUN_2
223293,4700,FUN_1,FUN_2
223294,15234,CUBE_L,RET
223314,384,FUN_3,FUN_2
223345,12244,FUN_1,FUN_2
223360,13732,FUN_3,FUN_4
223360,18495,FUN_2,FUN_3
223364,16614,RET,CUBE_R
223368,27496,FUN_2,FUN_3
223375,26605,FUN_5,FUN_4
223377,29801,FUN_2,FUN_3
223394,5957,RET,CUBE_R
223395,4976,CUBE_R,FUN_6
223401,3701,RET,CUBE_R
223406,19536,FUN_3,FUN_4
223407,4839,FUN_4,FUN_3
223425,20600,CUBE_L,FUN_1
223426,20913,RET,CUBE_L
223442,28951,FUN_6,FUN_5
223445,18495,FUN_3,FUN_2
223446,25928,FUN_2,FUN_3
223448,7556,FUN_4,FUN_5
223463,14122,FUN_5,FUN_4
223471,2684,FUN_2,FUN_1
223474,17486,FUN_4,FUN_3
223480,10725,FUN_2,FUN_3
223496,6045,RET,CUBE_L
223508,29614,FUN_5,FUN_6
223511,1908,FUN_2,FUN_3
223520,25639,FUN_5,FUN_4
223521,28622,CUBE_R,RET
223534,4976,FUN_6,CUBE_R
223534,8786,FUN_4,FUN_5
223543,15080,FUN_3,FUN_2
223544,11144,FUN_3,FUN_2
223555,5222,RET,CUBE_R
223556,9878,RET,CUBE_L
223588,27368,FUN_6,CUBE_R
223614,5862,FUN_2,FUN_3
223616,24118,RET,CUBE_R
223622,16763,FUN_2,FUN_3
223630,12843,FUN_6,CUBE_R
223632,12746,FUN_6,FUN_5
223655,21504,FUN_2,FUN_1
223659,978,FUN_4,FUN_3
223665,12213,FUN_3,FUN_2
223667,20836,FUN_6,CUBE_R
223672,5242,FUN_5,FUN_4
223673,24653,FUN_4,FUN_5
223676,813,FUN_2,FUN_3
223679,5185,FUN_3,FUN_2
223697,7547,FUN_6,FUN_5
223702,21997,FUN_6,FUN_5
223705,15239,FUN_3,FUN_2
223708,24311,FUN_6,FUN_5
223730,18415,FUN_2,FUN_1
223732,4800,FUN_2,FUN_3
223736,26276,RET,CUBE_L
223759,26548,FUN_2,FUN_1
223763,14853,RET,CUBE_R
223775,11993,FUN_3,FUN_2
223775,29104,FUN_4,FUN_3
223776,29614,FUN_6,FUN_5
223793,12165,FUN_2,FUN_3
223800,14648,FUN_4,FUN_3
223806,27930,FUN_3,FUN_2
223808,9284,FUN_2,FUN_3
223809,12223,FUN_6,FUN_5
223810,19312,FUN_4,FUN_5
223812,22789,FUN_2,FUN_1
223833,22352,FUN_4,FUN_3
223835,9208,FUN_1,FUN_2
223839,1765,FUN_6,CUBE_R
223842,2684,FUN_1,FUN_2
223850,16967,RET,CUBE_R
223856,16250,FUN_6,FUN_5
223869,6264,FUN_3,FUN_4
223871,26276,CUBE_L,RET
223877,17529,FUN_5,FUN_4
223879,11276,FUN_3,FUN_2
223885,13498,RET,CUBE_R
223891,12880,FUN_4,FUN_3
223898,9874,FUN_2,FUN_3
223902,27088,FUN_2,FUN_3
223913,25279,FUN_3,FUN_4
223916,17111,FUN_3,FUN_4
223921,15759,RET,CUBE_L
223933,24641,CUBE_R,RET
223963,15480,FUN_4,FUN_5
223970,14955,FUN_5,FUN_6
223987,4896,FUN_2,FUN_3
223992,11491,CUBE_L,RET
223994,21817,FUN_2,FUN_1
223998,3767,FUN_2,FUN_1
224021,14122,FUN_4,FUN_5
224024,1696,FUN_6,CUBE_R
224038,13801,FUN_4,FUN_3
224052,10614,FUN_1,FUN_2
224068,18929,FUN_2,FUN_3
224110,28108,FUN_2,FUN_3
224115,26218,FUN_3,FUN_4
224119,13732,FUN_4,FUN_3
224139,4427,CUBE_L,RET
224149,26862,FUN_1,FUN_2
224186,27215,FUN_2,FUN_1
224186,27463,FUN_4,FUN_3
224202,6764,FUN_4,FUN_5
224207,4299,FUN_3,FUN_4
224215,22951,RET,CUBE_L
224219,5242,FUN_4,FUN_5
224230,9287,FUN_3,FUN_2
224249,18398,FUN_3,FUN_2
224256,27755,FUN_2,FUN_1
224261,8139,FUN_2,FUN_1
224269,1226,FUN_3,FUN_4
224272,9208,FUN_2,FUN_1
224273,8594,FUN_2,FUN_1
224278,24641,RET,CUBE_R
224283,10962,FUN_1,FUN_2
224285,11912,CUBE_L,FUN_1
224299,3674,CUBE_L,FUN_1
224300,27923,FUN_1,FUN_2
224307,11276,FUN_2,FUN_3
224312,1366,FUN_2,FUN_3
224313,14122,FUN_5,FUN_4
224323,29845,FUN_6,CUBE_R
224327,1226,FUN_4,FUN_3
224330,10562,FUN_1,FUN_2
224337,14853,CUBE_R,RET
224346,28281,FUN_3,FUN_2
224347,9284,FUN_3,FUN_2
224355,25836,FUN_4,FUN_3
224356,27496,FUN_3,FUN_2
224362,18883,FUN_5,FUN_4
224378,10419,FUN_2,FUN_3
224384,29455,FUN_2,FUN_3
224387,13044,FUN_1,FUN_2
224408,25650,FUN_2,FUN_3
224423,12361,FUN_4,FUN_5
224438,10104,CUBE_L,RET
224444,4624,CUBE_R,FUN_6
224448,18659,FUN_6,FUN_5
224449,3320,FUN_5,FUN_4
224458,9399,FUN_2,FUN_1
224459,4124,FUN_3,FUN_2
224461,8759,CUBE_L,RET
224462,10066,FUN_3,FUN_2
224471,10066,FUN_2,FUN_3
224475,18092,FUN_1,FUN_2
224482,27703,CUBE_R,RET
224494,29455,FUN_3,FUN_2
224505,19784,FUN_4,FUN_3
224508,17529,FUN_4,FUN_5
224520,17529,FUN_5,FUN_4
224521,23092,FUN_6,CUBE_R
224522,29179,FUN_3,FUN_4
224525,24269,FUN_2,FUN_1
224526,17650,CUBE_R,FUN_6
224543,18883,FUN_4,FUN_5
224546,4700,FUN_2,FUN_1
224549,1996,CUBE_R,RET
224559,12223,FUN_5,FUN_6
224572,15988,FUN_1,CUBE_L
224599,29195,FUN_6,CUBE_R
224603,70,FUN_6,CUBE_R
224612,12843,CUBE_R,FUN_6
224614,9400,RET,CUBE_R
224618,6172,FUN_6,CUBE_R
224621,11841,FUN_3,FUN_4
224622,27930,FUN_2,FUN_3
224632,10962,FUN_2,FUN_1
224650,18659,FUN_5,FUN_6
224671,25564,FUN_3,FUN_2
224674,22599,CUBE_R,FUN_6
224679,9892,FUN_2,FUN_3
224687,24284,FUN_4,FUN_3
224690,17650,FUN_6,CUBE_R
224690,27930,FUN_3,FUN_2
224705,28375,FUN_3,FUN_4
224713,10104,RET,CUBE_L
224730,5185,FUN_2,FUN_3
224767,29455,FUN_2,FUN_3
224768,24676,FUN_5,FUN_4
224770,17462,CUBE_R,FUN_6
224772,18832,FUN_2,FUN_3
224775,11144,FUN_2,FUN_3
224776,18659,FUN_6,FUN_5
224793,2249,FUN_1,FUN_2
224793,16436,FUN_6,FUN_5
224794,14853,RET,CUBE_R
224814,25664,CUBE_R,FUN_6
224858,27496,FUN_2,FUN_3
224860,6983,FUN_3,FUN_2
224868,26336,CUBE_L,FUN_1
224876,15480,FUN_5,FUN_4
224918,27930,FUN_2,FUN_3
224929,1366,FUN_3,FUN_2
224943,26605,FUN_4,FUN_5
224958,4970,FUN_2,FUN_1
224967,29102,FUN_2,FUN_3
224974,12383,FUN_4,FUN_5
224978,9400,CUBE_R,RET
224978,26857,CUBE_R,RET
224983,7550,RET,CUBE_R
224990,10962,FUN_1,FUN_2
225003,10568,CUBE_L,RET
225004,19144,FUN_4,FUN_3
225013,12817,RET,CUBE_R
225023,12512,FUN_3,FUN_4
225041,11788,CUBE_L,RET
225048,12455,FUN_5,FUN_4
225050,6305,CUBE_R,RET
225069,9892,FUN_3,FUN_2
225073,24803,FUN_4,FUN_3
225116,10477,FUN_6,CUBE_R
225117,5214,FUN_3,FUN_2
225131,16589,FUN_2,FUN_1
225133,29496,RET,CUBE_R
225136,18290,FUN_3,FUN_2
225139,22884,FUN_2,FUN_3
225161,2247,FUN_6,FUN_5
225167,15771,FUN_2,FUN_1
225182,24118,CUBE_R,RET
225192,12258,RET,CUBE_R
225197,6071,FUN_1,FUN_2
225214,531,FUN_5,FUN_4
225235,17845,CUBE_L,FUN_1
225255,18495,FUN_2,FUN_3
225266,5911,RET,CUBE_L
225267,1453,FUN_3,FUN_2
225272,20668,CUBE_R,RET
225286,25650,FUN_3,FUN_2
225299,19072,CUBE_R,FUN_6
225303,13031,FUN_1,FUN_2
225303,20913,CUBE_L,RET
225317,4735,FUN_6,CUBE_R
225332,26258,FUN_2,FUN_3
225347,24982,FUN_2,FUN_1
225352,9761,FUN_3,FUN_2
225355,11993,FUN_2,FUN_3
225358,21126,CUBE_R,RET
225364,8381,FUN_3,FUN_4
225371,21997,FUN_5,FUN_6
225376,14027,CUBE_R,FUN_6
225379,20233,FUN_3,FUN_4
225386,19759,FUN_2,FUN_3
225387,1908,FUN_3,FUN_2
225396,18457,FUN_3,FUN_2
225412,29115,FUN_5,FUN_6
225436,1327,FUN_4,FUN_5
225447,18883,FUN_5,FUN_4
225459,25836,FUN_3,FUN_4
225476,9287,FUN_2,FUN_3
225479,7463,FUN_3,FUN_4
225490,18022,CUBE_L,RET
225492,23563,FUN_3,FUN_2
225494,19312,FUN_5,FUN_4
225495,13767,FUN_4,FUN_3
225508,8139,FUN_1,FUN_2
225515,26354,FUN_2,FUN_1
225526,9390,FUN_3,FUN_2
225538,2546,FUN_6,CUBE_R
225565,24653,FUN_5,FUN_4
225576,24269,FUN_1,FUN_2
225580,15863,CUBE_R,RET
225586,27404,FUN_2,FUN_1
225590,2835,FUN_1,FUN_2
225599,1366,FUN_2,FUN_3
225613,5256,CUBE_L,RET
225613,21897,FUN_1,FUN_2
225618,28778,FUN_2,FUN_1
225619,20140,FUN_1,FUN_2
225620,20126,CUBE_L,RET
225642,627,FUN_5,FUN_4
225649,29475,FUN_3,FUN_2
225663,20913,RET,CUBE_L
225668,26568,RET,CUBE_R
225669,14811,FUN_2,FUN_3
225685,22951,CUBE_L,RET
225687,29399,CUBE_L,RET
225690,653,CUBE_L,RET
225699,28239,FUN_3,FUN_2
225717,10422,CUBE_R,FUN_6
225737,1441,FUN_2,FUN_1
225746,22234,FUN_1,CUBE_L
225748,11637,FUN_2,FUN_1
225755,14853,CUBE_R,RET
225757,9245,RET,CUBE_R
225757,26270,FUN_2,FUN_1
225759,10104,CUBE_L,RET
225763,7954,CUBE_R,RET
225780,20119,FUN_2,FUN_1
225802,15699,FUN_2,FUN_3
225802,26548,FUN_1,FUN_2
225832,13984,CUBE_R,RET
225843,18995,FUN_3,FUN_4
225848,8107,FUN_4,FUN_5
225849,27755,FUN_1,FUN_2
225856,7348,FUN_4,FUN_3
225856,9208,FUN_1,FUN_2
225859,24520,CUBE_R,FUN_6
225861,15823,FUN_1,FUN_2
225862,25514,CUBE_L,RET
225864,13031,FUN_2,FUN_1
225883,22404,FUN_2,FUN_3
225886,20668,RET,CUBE_R
225887,8859,CUBE_L,RET
225897,15572,FUN_3,FUN_2
225899,10323,FUN_2,FUN_3
225905,1996,RET,CUBE_R
225906,11831,CUBE_R,RET
225928,24153,RET,CUBE_L
225933,16650,FUN_4,FUN_3
225967,16967,CUBE_R,RET
225970,23850,FUN_3,FUN_2
225980,25665,FUN_6,CUBE_R
225981,7420,FUN_3,FUN_2
225982,24827,CUBE_R,RET
225998,3686,FUN_1,FUN_2
226023,581,CUBE_R,RET
226030,12706,RET,CUBE_R
226030,24262,FUN_2,FUN_1
226049,4563,FUN_5,FUN_4
226049,29455,FUN_3,FUN_2
226053,12977,FUN_5,FUN_6
226055,20140,FUN_2,FUN_1
226061,4577,FUN_2,FUN_1
226074,22345,FUN_5,FUN_4
226086,9523,FUN_2,FUN_3
226108,28564,FUN_2,FUN_1
226123,23963,FUN_3,FUN_2
226150,8958,FUN_2,FUN_3
226154,12977,FUN_6,FUN_5
226183,29475,FUN_2,FUN_3
226187,18457,FUN_2,FUN_3
226223,2095,FUN_3,FUN_2
226232,531,FUN_4,FUN_5
226244,1765,CUBE_R,FUN_6
226244,14022,FUN_3,FUN_4
226252,22458,FUN_3,FUN_2
226261,21896,FUN_3,FUN_2
226265,27964,FUN_3,FUN_4
226278,9713,CUBE_L,RET
226290,28302,RET,CUBE_L
226303,14750,FUN_2,FUN_3
226309,4561,FUN_3,FUN_4
226316,12235,FUN_4,FUN_3
226333,26605,FUN_5,FUN_4
226349,29102,FUN_3,FUN_2
226353,18930,FUN_1,FUN_2
226361,531,FUN_5,FUN_4
226364,4292,FUN_1,FUN_2
226365,15817,FUN_2,FUN_1
226384,4287,FUN_1,FUN_2
226391,15823,FUN_2,FUN_1
226392,24054,FUN_6,FUN_5
226393,21788,FUN_4,FUN_5
226400,4735,CUBE_R,FUN_6
226404,19340,FUN_3,FUN_2
226412,8548,FUN_2,FUN_1
226412,24072,CUBE_R,FUN_6
226413,3605,RET,CUBE_L
226414,19084,FUN_2,FUN_1
226416,28736,FUN_2,FUN_1
226427,18287,RET,CUBE_L
226429,858,FUN_6,FUN_5
226435,22588,RET,CUBE_L
226439,27536,FUN_3,FUN_4
226470,27675,FUN_2,FUN_1
226473,18092,FUN_2,FUN_1
226489,7475,FUN_6,FUN_5
226490,22598,FUN_2,FUN_1
226495,26085,FUN_2,FUN_1
226498,12069,FUN_3,FUN_2
226504,10323,FUN_3,FUN_2
226511,8178,FUN_6,FUN_5
226515,11370,FUN_2,FUN_3
226517,27083,FUN_2,FUN_3
226535,316,FUN_3,FUN_2
226541,1462,CUBE_L,RET
226545,10582,FUN_2,FUN_1
226569,13767,FUN_3,FUN_4
226569,18495,FUN_3,FUN_2
226580,22583,FUN_3,FUN_4
226582,25664,FUN_6,CUBE_R
226586,5877,FUN_3,FUN_2
226611,8131,FUN_2,FUN_3
226619,11210,FUN_3,FUN_4
226623,9245,CUBE_R,RET
226635,18410,RET,CUBE_L
226637,13860,CUBE_L,RET
226647,15580,FUN_4,FUN_3
226649,813,FUN_3,FUN_2
226662,29104,FUN_3,FUN_4
226672,19152,FUN_3,FUN_4
226677,11680,FUN_3,FUN_4
226677,14688,FUN_3,FUN_4
226681,22234,CUBE_L,FUN_1
226692,19340,FUN_2,FUN_3
226698,22338,FUN_3,FUN_2
226717,6514,RET,CUBE_L
226724,21126,RET,CUBE_R
226728,5135,FUN_4,FUN_3
226742,20140,FUN_1,FUN_2
226750,24520,FUN_6,CUBE_R
226756,6355,CUBE_R,RET
226767,19645,CUBE_R,RET
226784,28494,FUN_2,FUN_1
226792,26988,FUN_3,FUN_2
226806,2095,FUN_2,FUN_3
226809,25235,FUN_2,FUN_1
226817,21211,FUN_2,FUN_3
226835,4735,FUN_6,CUBE_R
226838,28819,FUN_4,FUN_5
226846,2227,CUBE_R,RET
226859,12235,FUN_3,FUN_4
226871,10947,RET,CUBE_R
226886,18965,FUN_2,FUN_1
226892,27964,FUN_4,FUN_3
226899,316,FUN_2,FUN_3
226904,22203,FUN_2,FUN_3
226911,19645,RET,CUBE_R
226912,10562,FUN_2,FUN_1
226919,8815,FUN_1,CUBE_L
226920,29117,FUN_2,FUN_1
226936,20488,FUN_3,FUN_4
226964,25200,FUN_4,FUN_5
226969,3929,FUN_5,FUN_4
226970,29883,CUBE_L,FUN_1
226974,8759,RET,CUBE_L
226979,7617,FUN_2,FUN_3
226987,7550,CUBE_R,RET
226988,13801,FUN_3,FUN_4
227000,13767,FUN_4,FUN_3
227015,20140,FUN_2,FUN_1
227019,12069,FUN_2,FUN_3
227028,13447,FUN_3,FUN_2
227030,1765,FUN_6,CUBE_R
227048,5061,CUBE_L,RET
227058,13005,FUN_3,FUN_4
227063,9523,FUN_3,FUN_2
227084,5135,FUN_3,FUN_4
227087,18553,CUBE_R,FUN_6
227095,4588,FUN_1,CUBE_L
227097,29379,FUN_4,FUN_3
227102,3950,FUN_1,FUN_2
227106,11637,FUN_1,FUN_2
227119,16232,FUN_3,FUN_4
227135,12361,FUN_5,FUN_4
227141,9430,FUN_2,FUN_3
227145,16967,RET,CUBE_R
227151,22407,CUBE_L,RET
227157,5719,FUN_4,FUN_3
227157,13312,FUN_3,FUN_4
227159,9425,FUN_4,FUN_3
227191,29455,FUN_2,FUN_3
227196,5957,CUBE_R,RET
227199,10614,FUN_2,FUN_1
227201,10562,FUN_1,FUN_2
227201,21815,FUN_2,FUN_1
227204,27089,FUN_2,FUN_1
227208,20388,RET,CUBE_L
227219,14955,FUN_6,FUN_5
227221,19769,FUN_6,FUN_5
227234,5222,CUBE_R,RET
227237,4288,FUN_3,FUN_4
227259,10525,FUN_2,FUN_1
227267,21040,FUN_4,FUN_3
227273,21244,RET,CUBE_L
227284,27932,FUN_6,CUBE_R
227286,27383,FUN_6,CUBE_R
227308,3285,FUN_1,FUN_2
227312,8023,CUBE_R,RET
227312,14811,FUN_3,FUN_2
227332,28736,FUN_1,FUN_2
227338,1441,FUN_1,FUN_2
227358,25932,FUN_3,FUN_2
227365,3605,CUBE_L,RET
227366,13767,FUN_3,FUN_4
227371,8594,FUN_1,FUN_2
227380,20461,RET,CUBE_L
227381,10811,FUN_2,FUN_3
227383,24086,FUN_5,FUN_4
227394,17111,FUN_4,FUN_3
227394,27640,FUN_3,FUN_2
227398,8958,FUN_3,FUN_2
227401,11637,FUN_2,FUN_1
227403,19645,CUBE_R,RET
227406,12235,FUN_4,FUN_3
227410,15096,FUN_3,FUN_4
227436,6067,FUN_5,FUN_4
227441,19747,FUN_1,CUBE_L
227443,10104,RET,CUBE_L
227456,19661,FUN_1,FUN_2
227462,2546,CUBE_R,FUN_6
227462,29102,FUN_2,FUN_3
227474,19152,FUN_4,FUN_3
227479,2049,FUN_3,FUN_2
227482,29380,FUN_2,FUN_3
227489,19800,RET,CUBE_R
227492,12468,FUN_6,CUBE_R
227503,2247,FUN_5,FUN_6
227511,23171,FUN_5,FUN_4
227512,20075,FUN_2,FUN_1
227523,25665,CUBE_R,FUN_6
227525,29455,FUN_3,FUN_2
227527,11637,FUN_1,FUN_2
227527,15746,FUN_3,FUN_2
227543,23751,CUBE_R,FUN_6
227554,25160,FUN_6,CUBE_R
227561,22583,FUN_4,FUN_3
227572,763,FUN_2,FUN_1
227588,24751,CUBE_R,FUN_6
227594,6487,FUN_2,FUN_3
227603,17942,RET,CUBE_L
227614,21244,CUBE_L,RET
227623,4800,FUN_3,FUN_2
227627,24753,CUBE_R,RET
227634,20140,FUN_1,FUN_2
227648,2465,FUN_4,FUN_5
227651,28726,FUN_4,FUN_3
227652,2835,FUN_2,FUN_1
227666,4288,FUN_4,FUN_3
227673,18752,FUN_1,FUN_2
227675,2008,FUN_2,FUN_1
227679,5242,FUN_5,FUN_4
227694,17462,FUN_6,CUBE_R
227700,4157,FUN_2,FUN_3
227723,12349,FUN_3,FUN_4
227738,14568,FUN_1,FUN_2
227744,11461,CUBE_L,RET
227767,26218,FUN_4,FUN_3
227787,24520,CUBE_R,FUN_6
227802,4509,FUN_4,FUN_5
227806,3667,CUBE_L,FUN_1
227808,21420,FUN_2,FUN_1
227817,28656,FUN_2,FUN_3
227826,8958,FUN_2,FUN_3
227841,18618,CUBE_L,RET
227851,27923,FUN_2,FUN_1
227856,4235,RET,CUBE_R
227861,9523,FUN_2,FUN_3
227862,12906,CUBE_L,RET
227872,8115,FUN_3,FUN_4
227892,4292,FUN_2,FUN_1
227896,13142,FUN_3,FUN_2
227899,20753,FUN_4,FUN_5
227943,27176,FUN_6,FUN_5
227950,13860,RET,CUBE_L
227953,4577,FUN_1,FUN_2
227955,29971,CUBE_L,RET
227961,14532,FUN_2,FUN_3
227966,5222,RET,CUBE_R
227971,24283,FUN_4,FUN_3
227974,18050,FUN_3,FUN_2
227979,22598,FUN_1,FUN_2
227980,8535,RET,CUBE_L
227986,20075,FUN_1,FUN_2
227993,8023,RET,CUBE_R
227995,13203,RET,CUBE_L
228013,14622,CUBE_L,FUN_1
228023,8535,CUBE_L,RET
228027,21420,FUN_1,FUN_2
228035,25235,FUN_1,FUN_2
228038,9399,FUN_1,FUN_2
228054,17888,CUBE_L,RET
228074,4292,FUN_1,FUN_2
228096,14136,FUN_4,FUN_3
228098,12455,FUN_4,FUN_5
228099,29104,FUN_4,FUN_3
228142,20488,FUN_4,FUN_3
228169,7247,FUN_2,FUN_1
228186,7326,FUN_2,FUN_1
228198,10085,FUN_2,FUN_3
228201,29455,FUN_2,FUN_3
228208,23712,RET,CUBE_L
228210,19754,FUN_2,FUN_1
228212,28717,FUN_2,FUN_1
228221,16231,FUN_3,FUN_2
228222,5185,FUN_3,FUN_2
228223,4288,FUN_3,FUN_4
228227,5861,FUN_2,FUN_3
228227,21817,FUN_1,FUN_2
228240,5062,FUN_5,FUN_4
228241,16232,FUN_4,FUN_3
228259,16589,FUN_1,FUN_2
228285,23963,FUN_2,FUN_3
228297,6045,CUBE_L,RET
228302,10824,FUN_4,FUN_5
228312,4398,FUN_4,FUN_5
228314,6172,CUBE_R,FUN_6
228324,3285,FUN_2,FUN_1
228331,23030,FUN_3,FUN_2
228340,28675,FUN_5,FUN_4
228350,18022,RET,CUBE_L
228357,29144,FUN_2,FUN_1
228375,3332,FUN_3,FUN_2
228378,7617,FUN_3,FUN_2
228410,14815,FUN_2,FUN_1
228417,6157,FUN_6,FUN_5
228427,24693,FUN_5,FUN_4
228440,27932,CUBE_R,FUN_6
228458,16631,FUN_2,FUN_3
228466,20241,CUBE_L,FUN_1
228466,25836,FUN_4,FUN_3
228482,21896,FUN_2,FUN_3
228484,10929,FUN_4,FUN_3
228494,15759,CUBE_L,RET
228499,2695,FUN_5,FUN_6
228530,8958,FUN_3,FUN_2
228536,11465,FUN_2,FUN_3
228536,12235,FUN_3,FUN_4
228536,23563,FUN_2,FUN_3
228545,2835,FUN_1,FUN_2
228545,12044,FUN_2,FUN_1
228551,26905,FUN_4,FUN_3
228569,23850,FUN_2,FUN_3
228571,4398,FUN_5,FUN_4
228572,17845,FUN_1,CUBE_L
228579,28336,CUBE_R,FUN_6
228614,1646,CUBE_R,RET
228626,7059,FUN_3,FUN_2
228626,9208,FUN_2,FUN_1
228627,1646,RET,CUBE_R
228633,17462,CUBE_R,FUN_6
228635,9523,FUN_3,FUN_2
228636,19172,FUN_5,FUN_4
228641,29947,FUN_3,FUN_2
228655,25326,FUN_4,FUN_3
228663,25564,FUN_2,FUN_3
228668,13143,FUN_4,FUN_3
228678,25021,FUN_2,FUN_1
228679,24693,FUN_4,FUN_5
228703,5924,FUN_3,FUN_2
228712,11637,FUN_2,FUN_1
228727,1098,FUN_2,FUN_3
228727,20140,FUN_2,FUN_1
228738,20388,CUBE_L,RET
228748,29102,FUN_3,FUN_2
228765,12415,FUN_5,FUN_4
228785,9097,CUBE_L,RET
228797,20211,FUN_5,FUN_6
228801,21724,CUBE_R,RET
228810,12361,FUN_4,FUN_5
228810,22789,FUN_1,FUN_2
228820,19094,RET,CUBE_L
228828,26085,FUN_1,FUN_2
228829,738,FUN_1,CUBE_L
228833,4288,FUN_4,FUN_3
228836,21244,RET,CUBE_L
228840,9178,FUN_4,FUN_3
228842,15239,FUN_2,FUN_3
228847,4288,FUN_3,FUN_4
228848,15817,FUN_1,FUN_2
228849,1165,CUBE_L,RET
228871,4288,FUN_4,FUN_3
228875,342,FUN_2,FUN_1
228875,8958,FUN_2,FUN_3
228881,9704,FUN_6,CUBE_R
228897,1646,CUBE_R,RET
228903,10104,CUBE_L,RET
228906,4945,RET,CUBE_R
228922,29168,FUN_3,FUN_2
228951,6157,FUN_5,FUN_6
228958,11680,FUN_4,FUN_3
228981,297,FUN_6,CUBE_R
228982,8786,FUN_5,FUN_4
228991,24134,RET,CUBE_R
228994,7240,FUN_3,FUN_2
228999,22770,FUN_3,FUN_2
229003,19152,FUN_3,FUN_4
229004,14865,FUN_2,FUN_1
229004,21110,FUN_1,FUN_2
229007,18050,FUN_2,FUN_3
229009,28779,FUN_3,FUN_4
229011,18511,RET,CUBE_R
229016,5877,FUN_2,FUN_3
229025,22242,FUN_3,FUN_2
229029,9208,FUN_1,FUN_2
229031,25187,FUN_3,FUN_4
229035,19303,FUN_2,FUN_3
229046,2439,FUN_3,FUN_4
229049,5592,CUBE_R,RET
229055,8309,RET,CUBE_L
229069,9062,FUN_1,FUN_2
229076,21448,FUN_2,FUN_1
229083,10287,FUN_5,FUN_6
229091,15705,FUN_3,FUN_4
229103,21817,FUN_2,FUN_1
229108,4563,FUN_4,FUN_5
229112,2835,FUN_2,FUN_1
229115,2835,FUN_1,FUN_2
229124,9294,CUBE_L,RET
229147,2247,FUN_6,FUN_5
229160,20211,FUN_6,FUN_5
229189,4004,RET,CUBE_L
229202,15480,FUN_4,FUN_5
229261,9328,FUN_5,FUN_4
229276,24072,FUN_6,CUBE_R
229282,14259,FUN_2,FUN_3
229289,4896,FUN_3,FUN_2
229301,27692,RET,CUBE_L
229305,29102,FUN_2,FUN_3
229309,26605,FUN_4,FUN_5
229311,2835,FUN_2,FUN_1
229315,7941,CUBE_R,FUN_6
229315,8264,FUN_3,FUN_2
229320,316,FUN_3,FUN_2
229324,5740,FUN_5,FUN_6
229328,5677,FUN_4,FUN_3
229339,24982,FUN_1,FUN_2
229340,25160,CUBE_R,FUN_6
229346,10824,FUN_5,FUN_4
229356,5510,CUBE_R,RET
229398,26449,FUN_2,FUN_1
229405,10824,FUN_4,FUN_5
229439,13213,FUN_5,FUN_6
229449,3605,RET,CUBE_L
229455,28767,FUN_2,FUN_1
229477,25836,FUN_3,FUN_4
229489,25200,FUN_5,FUN_4
229507,16510,FUN_3,FUN_4
229508,15286,FUN_2,FUN_3
229529,5719,FUN_3,FUN_4
229531,2049,FUN_2,FUN_3
229552,28736,FUN_2,FUN_1
229574,22515,FUN_2,FUN_3
229578,3907,FUN_5,FUN_4
229590,12223,FUN_6,FUN_5
229594,26988,FUN_2,FUN_3
229597,15572,FUN_2,FUN_3
229606,7240,FUN_2,FUN_3
229612,8248,FUN_2,FUN_1
229614,1450,RET,CUBE_R
229615,22583,FUN_3,FUN_4
229620,23712,CUBE_L,RET
229651,29475,FUN_3,FUN_2
229667,858,FUN_5,FUN_6
229667,15729,FUN_3,FUN_2
229704,7503,FUN_3,FUN_4
229707,23076,FUN_3,FUN_4
229709,6305,RET,CUBE_R
229733,23596,FUN_2,FUN_3
229756,9208,FUN_2,FUN_1
229756,14622,FUN_1,CUBE_L
229756,19747,CUBE_L,FUN_1
229767,7194,FUN_4,FUN_3
229771,28108,FUN_3,FUN_2
229795,26085,FUN_2,FUN_1
229797,18709,CUBE_L,FUN_1
229813,27809,RET,CUBE_L
229817,27932,FUN_6,CUBE_R
229817,29269,FUN_2,FUN_3
229825,26663,FUN_2,FUN_3
229850,4235,CUBE_R,RET
229872,24693,FUN_5,FUN_4
229891,14744,CUBE_R,RET
229897,19172,FUN_4,FUN_5
229919,24676,FUN_4,FUN_5
229932,10488,FUN_2,FUN_1
229936,20233,FUN_4,FUN_3
229939,23963,FUN_3,FUN_2
229941,16140,FUN_1,FUN_2
229943,11695,FUN_2,FUN_3
229946,21815,FUN_1,FUN_2
229958,23345,RET,CUBE_L
229961,9062,FUN_2,FUN_1
229970,21953,FUN_3,FUN_4
229976,19802,CUBE_L,FUN_1
229987,3556,FUN_1,FUN_2
229988,8548,FUN_1,FUN_2
230008,24262,FUN_1,FUN_2
230038,10085,FUN_3,FUN_2
230046,9834,FUN_5,FUN_4
230046,11637,FUN_1,FUN_2
230051,8078,FUN_2,FUN_3
230054,7663,FUN_4,FUN_3
230060,14658,FUN_2,FUN_1
230079,13066,FUN_3,FUN_4
230089,24693,FUN_4,FUN_5
230106,27383,CUBE_R,FUN_6
230108,5186,FUN_3,FUN_2
230134,742,FUN_1,CUBE_L
230138,26473,CUBE_L,RET
230140,29363,FUN_2,FUN_3
230141,21354,FUN_2,FUN_3
230141,22928,FUN_3,FUN_2
230145,8548,FUN_2,FUN_1
230152,20033,FUN_1,FUN_2
230166,7499,FUN_3,FUN_4
230168,1165,RET,CUBE_L
230177,27674,CUBE_L,RET
230183,20033,FUN_2,FUN_1
230197,20047,FUN_5,FUN_6
230211,4528,FUN_2,FUN_3
230212,9998,FUN_6,CUBE_R
230223,22234,FUN_1,CUBE_L
230223,23563,FUN_3,FUN_2
230231,3609,FUN_3,FUN_4
230232,19072,FUN_6,CUBE_R
230235,20388,RET,CUBE_L
230240,11332,RET,CUBE_L
230248,2289,FUN_3,FUN_4
230253,28622,RET,CUBE_R
230254,18659,FUN_5,FUN_6
230254,21953,FUN_4,FUN_3
230269,23430,FUN_3,FUN_4
230275,2439,FUN_4,FUN_3
230277,26964,FUN_5,FUN_6
230287,4512,CUBE_R,FUN_6
230305,12455,FUN_5,FUN_4
230309,27383,FUN_6,CUBE_R
230315,6602,FUN_5,FUN_6
230317,2835,FUN_1,FUN_2
230321,10409,FUN_4,FUN_5
230343,12880,FUN_3,FUN_4
230343,21354,FUN_3,FUN_2
230347,8958,FUN_3,FUN_2
230348,10947,CUBE_R,RET
230368,27640,FUN_2,FUN_3
230382,7550,RET,CUBE_R
230393,11895,FUN_3,FUN_2
230405,16030,FUN_3,FUN_4
230429,25664,CUBE_R,FUN_6
230436,21342,CUBE_R,FUN_6
230440,3929,FUN_4,FUN_5
230453,7240,FUN_3,FUN_2
230455,3369,FUN_4,FUN_5
230460,26311,CUBE_L,FUN_1
230461,796,FUN_2,FUN_1
230464,7647,FUN_4,FUN_5
230482,22515,FUN_3,FUN_2
230487,25256,FUN_4,FUN_5
230496,13142,FUN_2,FUN_3
230500,5924,FUN_2,FUN_3
230506,29883,FUN_1,CUBE_L
230520,21199,CUBE_R,FUN_6
230538,14648,FUN_3,FUN_4
230544,4563,FUN_5,FUN_4
230550,22198,CUBE_L,FUN_1
230556,627,FUN_4,FUN_5
230583,17462,FUN_6,CUBE_R
230594,20683,FUN_6,CUBE_R
230595,26042,FUN_1,FUN_2
230597,2465,FUN_5,FUN_4
230605,15672,FUN_3,FUN_4
230632,8264,FUN_2,FUN_3
230637,24436,FUN_6,FUN_5
230650,10947,RET,CUBE_R
230652,4941,FUN_3,FUN_2
230666,316,FUN_2,FUN_3
230669,5677,FUN_3,FUN_4
230678,6305,CUBE_R,RET
230682,26218,FUN_3,FUN_4
230701,18022,CUBE_L,RET
230716,22311,FUN_3,FUN_4
230732,27932,CUBE_R,FUN_6
230733,19420,RET,CUBE_R
230737,10447,CUBE_L,RET
230742,24054,FUN_5,FUN_6
230747,15699,FUN_3,FUN_2
230783,22197,FUN_1,FUN_2
230783,26072,FUN_2,FUN_3
230797,18411,FUN_3,FUN_4
230800,22408,FUN_1,FUN_2
230801,20600,FUN_1,CUBE_L
230802,24695,FUN_2,FUN_1
230807,11824,CUBE_L,RET
230810,18752,FUN_2,FUN_1
230818,21724,RET,CUBE_R
230822,24693,FUN_5,FUN_4
230825,14300,FUN_1,CUBE_L
230852,8798,FUN_3,FUN_2
230857,21440,FUN_3,FUN_4
230865,12044,FUN_1,FUN_2
230870,2160,FUN_2,FUN_3
230884,28239,FUN_2,FUN_3
230900,22770,FUN_2,FUN_3
230906,22197,FUN_2,FUN_1
230912,12235,FUN_4,FUN_3
230914,1462,RET,CUBE_L
230923,5510,RET,CUBE_R
230949,2066,FUN_5,FUN_6
230959,24269,FUN_2,FUN_1
230963,12636,FUN_4,FUN_5
230978,24753,RET,CUBE_R
230996,21788,FUN_5,FUN_4
231011,28779,FUN_4,FUN_3
231017,15759,RET,CUBE_L
231023,8882,CUBE_R,RET
231023,16731,FUN_2,FUN_1
231028,7235,FUN_3,FUN_4
231032,23345,CUBE_L,RET
231034,1320,FUN_2,FUN_1
231041,13511,FUN_2,FUN_1
231042,12383,FUN_5,FUN_4
231043,26964,FUN_6,FUN_5
231047,7235,FUN_4,FUN_3
231048,19144,FUN_3,FUN_4
231058,28281,FUN_2,FUN_3
231063,10363,CUBE_R,RET
231069,21480,FUN_4,FUN_3
231069,27799,FUN_5,FUN_6
231080,17942,CUBE_L,RET
231094,6678,CUBE_L,RET
231104,26354,FUN_1,FUN_2
231113,10287,FUN_6,FUN_5
231113,20140,FUN_1,FUN_2
231129,22346,RET,CUBE_R
231134,25632,CUBE_R,FUN_6
231135,1311,FUN_3,FUN_4
231137,11680,FUN_3,FUN_4
231177,15817,FUN_2,FUN_1
231193,25514,RET,CUBE_L
231202,22767,RET,CUBE_R
231217,18542,FUN_4,FUN_3
231222,325,FUN_1,CUBE_L
231223,16165,FUN_3,FUN_2
231241,17888,RET,CUBE_L
231249,627,FUN_5,FUN_4
231256,13213,FUN_6,FUN_5
231259,11680,FUN_4,FUN_3
231261,10409,FUN_5,FUN_4
231283,775,FUN_3,FUN_2
231297,5911,CUBE_L,RET
231304,22404,FUN_3,FUN_2
231310,28736,FUN_1,FUN_2
231333,10488,FUN_1,FUN_2
231333,17500,FUN_2,FUN_3
231339,10068,FUN_3,FUN_2
231339,17244,CUBE_L,FUN_1
231343,28656,FUN_3,FUN_2
231346,10614,FUN_1,FUN_2
231351,27295,FUN_2,FUN_3
231370,16685,FUN_2,FUN_1
231375,6164,FUN_2,FUN_3
231404,9400,RET,CUBE_R
231415,9245,RET,CUBE_R
231421,16204,FUN_2,FUN_3
231424,9456,FUN_4,FUN_3
231442,17704,FUN_4,FUN_5
231447,10068,FUN_2,FUN_3
231452,15699,FUN_2,FUN_3
231461,22599,FUN_6,CUBE_R
231479,19072,CUBE_R,FUN_6
231521,23631,FUN_1,FUN_2
231528,22352,FUN_3,FUN_4
231544,21897,FUN_2,FUN_1
231549,8815,CUBE_L,FUN_1
231571,24262,FUN_2,FUN_1
231577,27794,FUN_5,FUN_6
231580,2695,FUN_6,FUN_5
231582,13984,RET,CUBE_R
231585,21440,FUN_4,FUN_3
231587,3173,FUN_5,FUN_4
231593,627,FUN_4,FUN_5
231599,13984,CUBE_R,RET
231608,17111,FUN_3,FUN_4
231617,15210,CUBE_R,FUN_6
231629,20581,CUBE_R,FUN_6
231635,13984,RET,CUBE_R
231643,13984,CUBE_R,RET
231675,1908,FUN_2,FUN_3
231707,16763,FUN_3,FUN_2
231722,7235,FUN_3,FUN_4
231754,2247,FUN_5,FUN_6
231777,1321,FUN_4,FUN_3
231781,10562,FUN_2,FUN_1
231807,25200,FUN_4,FUN_5
231818,21815,FUN_2,FUN_1
231830,27692,CUBE_L,RET
231839,25488,FUN_2,FUN_1
231842,7420,FUN_2,FUN_3
231859,21440,FUN_3,FUN_4
231866,29967,FUN_2,FUN_3
231868,13894,FUN_2,FUN_1
231872,9869,FUN_2,FUN_3
231877,4731,CUBE_L,RET
231884,19800,CUBE_R,RET
231886,5565,FUN_1,FUN_2
231900,12455,FUN_4,FUN_5
231902,1311,FUN_4,FUN_3
231904,21123,FUN_2,FUN_1
231910,24528,CUBE_L,FUN_1
231916,2835,FUN_2,FUN_1
231916,11895,FUN_2,FUN_3
231922,18542,FUN_3,FUN_4
231923,16631,FUN_3,FUN_2
231927,16763,FUN_2,FUN_3
231936,6738,FUN_1,FUN_2
231960,20047,FUN_6,FUN_5
231978,4970,FUN_1,FUN_2
231989,10772,FUN_4,FUN_5
232003,21815,FUN_1,FUN_2
232004,25200,FUN_5,FUN_4
232012,21440,FUN_4,FUN_3
232014,7194,FUN_3,FUN_4
232022,23171,FUN_4,FUN_5
232036,28694,FUN_1,FUN_2
232037,12069,FUN_3,FUN_2
232046,21440,FUN_3,FUN_4
232046,22197,FUN_1,FUN_2
232098,21426,FUN_3,FUN_2
232115,13911,CUBE_L,RET
232122,23030,FUN_2,FUN_3
232139,27089,FUN_1,FUN_2
232140,26988,FUN_3,FUN_2
232148,15989,FUN_1,FUN_2
232163,11821,FUN_2,FUN_1
232163,18929,FUN_3,FUN_2
232166,28561,FUN_3,FUN_2
232167,8264,FUN_3,FUN_2
232186,26473,RET,CUBE_L
232191,21440,FUN_4,FUN_3
232192,17863,FUN_4,FUN_3
232233,23751,FUN_6,CUBE_R
232243,12880,FUN_4,FUN_3
232244,16165,FUN_2,FUN_3
232249,9053,FUN_3,FUN_2
232266,6487,FUN_3,FUN_2
232267,21861,CUBE_R,FUN_6
232273,22458,FUN_2,FUN_3
232278,10824,FUN_5,FUN_4
232278,17486,FUN_3,FUN_4
232282,2066,FUN_6,FUN_5
232335,25836,FUN_4,FUN_3
232344,8179,FUN_3,FUN_2
232357,23345,RET,CUBE_L
232372,3755,FUN_2,FUN_3
232381,27930,FUN_3,FUN_2
232400,7149,FUN_3,FUN_2
232404,13984,RET,CUBE_R
232454,19383,FUN_1,FUN_2
232459,20308,FUN_2,FUN_1
232461,15989,FUN_2,FUN_1
232463,4279,FUN_3,FUN_2
232484,581,RET,CUBE_R
232491,4386,FUN_2,FUN_1
232505,12069,FUN_2,FUN_3
232513,11982,RET,CUBE_R
232518,21815,FUN_2,FUN_1
232523,12069,FUN_3,FUN_2
232537,6602,FUN_6,FUN_5
232549,26058,FUN_1,FUN_2
232557,5957,RET,CUBE_R
232570,20033,FUN_1,FUN_2
232596,1771,FUN_3,FUN_2
232600,28494,FUN_1,FUN_2
232601,5065,FUN_1,FUN_2
232616,15359,FUN_1,CUBE_L
232619,24269,FUN_1,FUN_2
232623,29971,RET,CUBE_L
232643,11982,CUBE_R,RET
232665,19036,CUBE_L,FUN_1
232678,12880,FUN_3,FUN_4
232678,13984,CUBE_R,RET
232684,10562,FUN_1,FUN_2
232687,28561,FUN_2,FUN_3
232688,5159,CUBE_L,RET
232689,29422,FUN_6,CUBE_R
232707,26436,FUN_6,CUBE_R
232714,21354,FUN_2,FUN_3
232723,560,FUN_6,CUBE_R
232751,4124,FUN_2,FUN_3
232753,24140,FUN_3,FUN_2
232753,26629,FUN_3,FUN_2
232757,8023,CUBE_R,RET
232758,20753,FUN_5,FUN_4
232768,26473,CUBE_L,RET
232777,23092,CUBE_R,FUN_6
232780,5434,FUN_1,FUN_2
232789,9989,RET,CUBE_R
232803,5437,FUN_2,FUN_3
232809,9523,FUN_2,FUN_3
232810,12069,FUN_2,FUN_3
232830,20075,FUN_2,FUN_1
232846,4528,FUN_3,FUN_2
232863,21354,FUN_3,FUN_2
232866,21130,FUN_2,FUN_1
232874,17500,FUN_3,FUN_2
232878,325,CUBE_L,FUN_1
232879,7617,FUN_2,FUN_3
232881,24086,FUN_4,FUN_5
232889,4651,CUBE_L,FUN_1
232901,12069,FUN_3,FUN_2
232904,13984,RET,CUBE_R
232905,13841,FUN_3,FUN_2
232935,16685,FUN_1,FUN_2
232941,1039,CUBE_R,RET
232949,26126,FUN_2,FUN_3
232985,4159,FUN_2,FUN_1
232993,5861,FUN_3,FUN_2
232996,13841,FUN_2,FUN_3
233005,17888,CUBE_L,RET
233010,28110,FUN_1,FUN_2
233014,5510,CUBE_R,RET
233014,13841,FUN_3,FUN_2
233029,23171,FUN_5,FUN_4
233030,11586,FUN_4,FUN_3
233035,10568,RET,CUBE_L
233035,23219,CUBE_R,FUN_6
233037,26126,FUN_3,FUN_2
233049,12069,FUN_2,FUN_3
233076,9456,FUN_3,FUN_4
233082,21724,CUBE_R,RET
233102,18375,FUN_6,CUBE_R
233102,18457,FUN_3,FUN_2
233103,7508,FUN_5,FUN_4
233104,20119,FUN_1,FUN_2
233113,3144,FUN_2,FUN_3
233125,21817,FUN_1,FUN_2
233137,9350,CUBE_L,RET
233139,21879,FUN_4,FUN_5
233154,24311,FUN_5,FUN_6
233162,29115,FUN_6,FUN_5
233169,17244,FUN_1,CUBE_L
233173,28561,FUN_3,FUN_2
233176,11315,FUN_2,FUN_3
233190,12165,FUN_3,FUN_2
233195,14405,FUN_2,FUN_1
233196,22767,CUBE_R,RET
233198,316,FUN_3,FUN_2
233220,5877,FUN_3,FUN_2
233222,5550,FUN_6,CUBE_R
233225,3913,FUN_2,FUN_3
233236,17888,RET,CUBE_L
233237,4512,FUN_6,CUBE_R
233241,14461,CUBE_R,RET
233244,24086,FUN_5,FUN_4
233249,20753,FUN_4,FUN_5
233250,17888,CUBE_L,RET
233256,7138,FUN_3,FUN_4
233268,13841,FUN_2,FUN_3
233282,18287,CUBE_L,RET
233299,15032,FUN_3,FUN_2
233307,6300,FUN_1,FUN_2
233337,14471,FUN_6,FUN_5
233340,16232,FUN_3,FUN_4
233346,24528,FUN_1,CUBE_L
233367,18553,FUN_6,CUBE_R
233394,26126,FUN_2,FUN_3
233406,26988,FUN_2,FUN_3
233430,10525,FUN_1,FUN_2
233430,26001,FUN_3,FUN_2
233435,13860,CUBE_L,RET
233437,13894,FUN_1,FUN_2
233439,5457,FUN_2,FUN_1
233442,5185,FUN_2,FUN_3
233448,14122,FUN_4,FUN_5
233452,13124,CUBE_R,RET
233453,21440,FUN_3,FUN_4
233456,21861,FUN_6,CUBE_R
233490,7399,RET,CUBE_R
233491,5877,FUN_2,FUN_3
233511,4970,FUN_2,FUN_1
233526,13450,FUN_2,FUN_3
233540,19918,CUBE_L,RET
233559,13395,FUN_6,CUBE_R
233563,5047,FUN_4,FUN_5
233576,5861,FUN_2,FUN_3
233596,21815,FUN_1,FUN_2
233602,11982,RET,CUBE_R
233611,16356,FUN_5,FUN_6
233617,20033,FUN_2,FUN_1
233620,16734,FUN_3,FUN_2
233630,12165,FUN_2,FUN_3
233641,25691,FUN_3,FUN_2
233658,7194,FUN_4,FUN_3
233659,25256,FUN_5,FUN_4
233664,17888,RET,CUBE_L
233677,26126,FUN_3,FUN_2
233681,4800,FUN_2,FUN_3
233714,3449,RET,CUBE_L
233717,15947,FUN_4,FUN_3
233732,21817,FUN_2,FUN_1
233733,12044,FUN_2,FUN_1
233742,12165,FUN_3,FUN_2
233747,21199,FUN_6,CUBE_R
233752,22311,FUN_4,FUN_3
233766,28726,FUN_3,FUN_4
233781,5719,FUN_4,FUN_3
233784,8823,FUN_2,FUN_1
233784,23319,RET,CUBE_R
233789,814,FUN_3,FUN_2
233792,3618,FUN_5,FUN_4
233794,18457,FUN_2,FUN_3
233814,23178,FUN_2,FUN_3
233817,15096,FUN_4,FUN_3
233818,1733,CUBE_R,RET
233818,19924,FUN_1,FUN_2
233820,20753,FUN_5,FUN_4
233823,14879,FUN_4,FUN_3
233834,5296,FUN_1,FUN_2
233838,15286,FUN_3,FUN_2
233842,19066,RET,CUBE_L
233844,17222,FUN_2,FUN_1
233869,1453,FUN_2,FUN_3
233873,7941,FUN_6,CUBE_R
233880,7215,FUN_3,FUN_2
233881,20033,FUN_1,FUN_2
233905,1646,RET,CUBE_R
233911,19460,CUBE_L,RET
233937,12455,FUN_5,FUN_4
233944,3844,FUN_2,FUN_3
233944,14853,RET,CUBE_R
233946,26548,FUN_2,FUN_1
233949,8823,FUN_1,FUN_2
233973,3285,FUN_1,FUN_2
233973,7617,FUN_3,FUN_2
233973,12244,FUN_2,FUN_1
233990,8823,FUN_2,FUN_1
233993,15212,FUN_1,FUN_2
234030,13949,FUN_2,FUN_3
234035,3556,FUN_2,FUN_1
234059,3271,CUBE_R,RET
234066,13841,FUN_3,FUN_2
234067,21897,FUN_1,FUN_2
234089,813,FUN_2,FUN_3
234098,6172,FUN_6,CUBE_R
234110,29591,FUN_6,CUBE_R
234124,20270,CUBE_L,FUN_1
234127,26473,RET,CUBE_L
234130,27812,FUN_3,FUN_4
234134,21123,FUN_1,FUN_2
234141,22404,FUN_2,FUN_3
234154,23727,FUN_3,FUN_4
234158,24262,FUN_1,FUN_2
234188,14648,FUN_4,FUN_3
234201,9060,FUN_6,FUN_5
234207,23076,FUN_4,FUN_3
234212,19769,FUN_5,FUN_6
234222,10772,FUN_5,FUN_4
234228,9970,FUN_3,FUN_2
234243,27593,FUN_4,FUN_5
234246,26270,FUN_1,FUN_2
234249,6269,CUBE_R,RET
234253,29878,FUN_4,FUN_5
234255,10217,FUN_3,FUN_2
234261,15292,FUN_3,FUN_4
234263,12044,FUN_1,FUN_2
234276,8102,FUN_4,FUN_3
234288,22217,FUN_2,FUN_3
234303,9062,FUN_1,FUN_2
234329,11841,FUN_4,FUN_3
234344,3767,FUN_1,FUN_2
234352,5457,FUN_1,FUN_2
234373,8131,FUN_3,FUN_2
234390,4561,FUN_4,FUN_3
234396,14068,FUN_4,FUN_3
234416,28767,FUN_1,FUN_2
234422,13025,FUN_4,FUN_5
234424,26629,FUN_2,FUN_3
234426,4970,FUN_1,FUN_2
234433,17807,FUN_4,FUN_5
234444,26964,FUN_5,FUN_6
234450,15239,FUN_3,FUN_2
234455,10861,FUN_3,FUN_4
234468,26105,FUN_5,FUN_4
234494,2064,FUN_3,FUN_2
234500,14022,FUN_4,FUN_3
234502,20958,CUBE_L,RET
234514,19977,CUBE_L,RET
234516,15170,CUBE_L,FUN_1
234523,29117,FUN_1,FUN_2
234532,16967,CUBE_R,RET
234533,7463,FUN_4,FUN_3
234537,7617,FUN_2,FUN_3
234545,7503,FUN_4,FUN_3
234558,7194,FUN_3,FUN_4
234560,6209,FUN_2,FUN_3
234578,27930,FUN_2,FUN_3
234585,26857,RET,CUBE_R
234587,4235,RET,CUBE_R
234591,18965,FUN_1,FUN_2
234599,28500,FUN_2,FUN_3
234618,2064,FUN_2,FUN_3
234631,18092,FUN_1,FUN_2
234643,18437,FUN_3,FUN_2
234650,16204,FUN_3,FUN_2
234676,20333,FUN_2,FUN_1
234681,21426,FUN_2,FUN_3
234685,28717,FUN_1,FUN_2
234692,9888,RET,CUBE_L
234710,19536,FUN_4,FUN_3
234720,12069,FUN_3,FUN_2
234720,28500,FUN_3,FUN_2
234734,7463,FUN_3,FUN_4
234738,21817,FUN_1,FUN_2
234777,10234,FUN_1,FUN_2
234778,14122,FUN_5,FUN_4
234784,24140,FUN_2,FUN_3
234793,28767,FUN_2,FUN_1
234800,14026,FUN_2,FUN_1
234802,5214,FUN_2,FUN_3
234809,5800,FUN_2,FUN_1
234814,7348,FUN_3,FUN_4
234816,14688,FUN_4,FUN_3
234827,23178,FUN_3,FUN_2
234831,22352,FUN_4,FUN_3
234836,8248,FUN_1,FUN_2
234868,813,FUN_3,FUN_2
234868,14622,CUBE_L,FUN_1
234870,5824,CUBE_L,RET
234871,14461,RET,CUBE_R
234873,21838,FUN_2,FUN_1
234889,29243,FUN_2,FUN_3
234892,23868,FUN_3,FUN_2
234899,19072,FUN_6,CUBE_R
234899,29591,CUBE_R,FUN_6
234910,23850,FUN_3,FUN_2
234918,28767,FUN_1,FUN_2
234930,6040,FUN_3,FUN_4
234951,5877,FUN_3,FUN_2
234954,20333,FUN_1,FUN_2
234963,24564,FUN_6,FUN_5
234965,5457,FUN_2,FUN_1
234991,4234,FUN_5,FUN_4
235042,14300,CUBE_L,FUN_1
235043,4561,FUN_3,FUN_4
235045,26126,FUN_2,FUN_3
235055,8618,CUBE_R,FUN_6
235055,26706,FUN_6,CUBE_R
235059,10488,FUN_2,FUN_1
235065,8815,FUN_1,CUBE_L
235068,10568,CUBE_L,RET
235102,18457,FUN_3,FUN_2
235106,27703,RET,CUBE_R
235109,25024,FUN_3,FUN_2
235111,5719,FUN_3,FUN_4
235116,6204,FUN_3,FUN_4
235119,21817,FUN_2,FUN_1
235129,2008,FUN_1,FUN_2
235132,6602,FUN_5,FUN_6
235139,9787,FUN_1,FUN_2
235150,3369,FUN_5,FUN_4
235156,2064,FUN_3,FUN_2
235169,24676,FUN_5,FUN_4
235173,13066,FUN_4,FUN_3
235175,11680,FUN_3,FUN_4
235176,15239,FUN_2,FUN_3
235180,20836,CUBE_R,FUN_6
235188,5434,FUN_2,FUN_1
235194,19172,FUN_5,FUN_4
235214,15170,FUN_1,CUBE_L
235237,27404,FUN_1,FUN_2
235248,10568,RET,CUBE_L
235272,13085,FUN_4,FUN_3
235273,15359,CUBE_L,FUN_1
235283,15294,FUN_3,FUN_4
235283,21817,FUN_1,FUN_2
235307,20683,CUBE_R,FUN_6
235319,18749,FUN_3,FUN_4
235319,27703,CUBE_R,RET
235322,22515,FUN_2,FUN_3
235324,1376,CUBE_R,FUN_6
235356,4512,CUBE_R,FUN_6
235359,23171,FUN_4,FUN_5
235359,29744,FUN_2,FUN_3
235376,13395,CUBE_R,FUN_6
235379,10568,CUBE_L,RET
235389,23178,FUN_2,FUN_3
235408,23940,CUBE_L,FUN_1
235409,813,FUN_2,FUN_3
235412,19072,CUBE_R,FUN_6
235422,22234,CUBE_L,FUN_1
235426,6738,FUN_2,FUN_1
235433,581,CUBE_R,RET
235436,14609,FUN_2,FUN_1
235449,27674,RET,CUBE_L
235453,28561,FUN_2,FUN_3
235470,10104,RET,CUBE_L
235477,19784,FUN_3,FUN_4
235510,13066,FUN_3,FUN_4
235520,27759,FUN_3,FUN_4
235524,12706,CUBE_R,RET
235524,29168,FUN_2,FUN_3
235533,23563,FUN_2,FUN_3
235536,19047,CUBE_R,FUN_6
235540,29967,FUN_3,FUN_2
235551,22311,FUN_3,FUN_4
235570,14487,CUBE_L,FUN_1
235581,22234,FUN_1,CUBE_L
235586,6269,RET,CUBE_R
235604,7728,RET,CUBE_R
235604,18695,FUN_3,FUN_4
235625,17111,FUN_4,FUN_3
235633,20581,FUN_6,CUBE_R
235647,3369,FUN_4,FUN_5
235652,10447,RET,CUBE_L
235659,15212,FUN_2,FUN_1
235682,10217,FUN_2,FUN_3
235695,8315,FUN_2,FUN_1
235697,24054,FUN_6,FUN_5
235710,17500,FUN_2,FUN_3
235711,23092,FUN_6,CUBE_R
235729,6738,FUN_1,FUN_2
235749,15817,FUN_1,FUN_2
235757,27675,FUN_1,FUN_2
235762,23568,FUN_3,FUN_4
235762,26079,FUN_4,FUN_3
235763,15286,FUN_2,FUN_3
235769,19933,FUN_3,FUN_4
235770,23092,CUBE_R,FUN_6
235774,11674,FUN_3,FUN_2
235777,3844,FUN_3,FUN_2
235780,27703,RET,CUBE_R
235788,8315,FUN_1,FUN_2
235788,29744,FUN_3,FUN_2
235827,11732,FUN_4,FUN_3
235835,22826,FUN_4,FUN_3
235836,21130,FUN_1,FUN_2
235837,18929,FUN_2,FUN_3
235850,15286,FUN_3,FUN_2
235881,21354,FUN_2,FUN_3
235884,20581,CUBE_R,FUN_6
235886,14838,FUN_3,FUN_4
235905,10600,FUN_1,CUBE_L
235905,15869,CUBE_R,RET
235917,24528,CUBE_L,FUN_1
235921,13395,FUN_6,CUBE_R
235922,6305,RET,CUBE_R
235930,18813,FUN_2,FUN_3
235937,22234,CUBE_L,FUN_1
235938,21838,FUN_1,FUN_2
235954,4157,FUN_3,FUN_2
235955,15286,FUN_2,FUN_3
235961,19047,FUN_6,CUBE_R
235989,11732,FUN_3,FUN_4
235995,18749,FUN_4,FUN_3
236001,19047,CUBE_R,FUN_6
236008,7513,FUN_2,FUN_1
236011,9174,FUN_3,FUN_2
236013,18437,FUN_2,FUN_3
236022,6602,FUN_6,FUN_5
236024,1897,RET,CUBE_L
236028,15361,FUN_3,FUN_2
236029,29878,FUN_5,FUN_4
236030,16524,FUN_6,CUBE_R
236031,15286,FUN_3,FUN_2
236047,796,FUN_1,FUN_2
236057,27923,FUN_1,FUN_2
236071,11841,FUN_3,FUN_4
236072,26449,FUN_1,FUN_2
236074,28694,FUN_2,FUN_1
236082,23534,RET,CUBE_L
236097,15987,FUN_6,CUBE_R
236126,5707,FUN_2,FUN_1
236126,22059,CUBE_R,FUN_6
236132,8786,FUN_4,FUN_5
236138,15968,FUN_2,FUN_3
236147,13124,RET,CUBE_R
236147,24747,FUN_1,FUN_2
236151,15580,FUN_3,FUN_4
236151,29576,RET,CUBE_R
236157,24008,FUN_5,FUN_4
236169,5800,FUN_1,FUN_2
236170,25711,FUN_3,FUN_2
236182,8823,FUN_1,FUN_2
236189,21724,RET,CUBE_R
236195,11732,FUN_4,FUN_3
236196,26072,FUN_3,FUN_2
236217,15286,FUN_2,FUN_3
236221,21897,FUN_2,FUN_1
236237,29904,FUN_1,FUN_2
236243,11821,FUN_1,FUN_2
236249,16685,FUN_2,FUN_1
236250,2554,RET,CUBE_R
236261,5296,FUN_2,FUN_1
236265,5065,FUN_2,FUN_1
236274,25348,CUBE_R,RET
236289,5694,FUN_3,FUN_4
236289,22338,FUN_2,FUN_3
236293,1311,FUN_3,FUN_4
236295,4398,FUN_4,FUN_5
236308,29591,FUN_6,CUBE_R
236339,28239,FUN_3,FUN_2
236388,22515,FUN_3,FUN_2
236406,5065,FUN_1,FUN_2
236407,775,FUN_2,FUN_3
236415,20348,FUN_3,FUN_2
236417,9888,CUBE_L,RET
236417,16967,RET,CUBE_R
236450,17642,FUN_2,FUN_1
236466,13767,FUN_4,FUN_3
236476,26085,FUN_1,FUN_2
236476,27675,FUN_2,FUN_1
236483,11982,CUBE_R,RET
236502,7973,RET,CUBE_R
236503,17642,FUN_1,FUN_2
236542,16356,FUN_6,FUN_5
236554,15401,RET,CUBE_R
236560,2160,FUN_3,FUN_2
236566,17529,FUN_4,FUN_5
236577,5065,FUN_2,FUN_1
236586,22583,FUN_4,FUN_3
236587,13005,FUN_4,FUN_3
236591,29243,FUN_3,FUN_2
236613,1017,FUN_2,FUN_1
236625,3332,FUN_2,FUN_3
236633,13124,CUBE_R,RET
236649,5065,FUN_1,FUN_2
236657,204,RET,CUBE_L
236657,8023,RET,CUBE_R
236667,1366,FUN_3,FUN_2
236667,11465,FUN_3,FUN_2
236677,1725,FUN_1,FUN_2
236702,15823,FUN_1,FUN_2
236710,10929,FUN_3,FUN_4
236722,22583,FUN_3,FUN_4
236724,1113,FUN_3,FUN_2
236731,26624,CUBE_R,RET
236737,12809,FUN_4,FUN_3
236746,2160,FUN_2,FUN_3
236746,4279,FUN_2,FUN_3
236760,16967,CUBE_R,RET
236770,5061,RET,CUBE_L
236784,1470,FUN_2,FUN_3
236803,4561,FUN_4,FUN_3
236827,7655,FUN_2,FUN_1
236829,5968,FUN_2,FUN_1
236844,16071,FUN_4,FUN_5
236847,7760,FUN_6,FUN_5
236849,18415,FUN_1,FUN_2
236857,25932,FUN_2,FUN_3
236858,6602,FUN_5,FUN_6
236867,21130,FUN_2,FUN_1
236876,748,CUBE_R,RET
236885,5007,FUN_2,FUN_1
236890,9888,RET,CUBE_L
236901,22398,FUN_6,CUBE_R
236932,21199,CUBE_R,FUN_6
236937,18749,FUN_3,FUN_4
236939,3144,FUN_3,FUN_2
236954,10658,FUN_5,FUN_4
236973,21074,FUN_6,FUN_5
236979,1774,RET,CUBE_L
236982,19802,FUN_1,CUBE_L
236992,966,RET,CUBE_R
236994,10461,FUN_2,FUN_1
236996,7637,CUBE_L,FUN_1
237004,1017,FUN_1,FUN_2
237059,21074,FUN_5,FUN_6
237062,7399,CUBE_R,RET
237065,7059,FUN_2,FUN_3
237077,22404,FUN_3,FUN_2
237082,15823,FUN_2,FUN_1
237094,8417,FUN_3,FUN_2
237105,16236,FUN_3,FUN_2
237106,14609,FUN_1,FUN_2
237126,28691,FUN_2,FUN_3
237151,1064,FUN_2,FUN_1
237159,10290,FUN_6,CUBE_R
237173,13498,CUBE_R,RET
237182,15746,FUN_2,FUN_3
237213,8315,FUN_2,FUN_1
237220,24008,FUN_4,FUN_5
237241,20227,FUN_4,FUN_3
237241,25248,FUN_3,FUN_2
237250,13860,RET,CUBE_L
237262,18092,FUN_2,FUN_1
237266,22408,FUN_2,FUN_1
237301,19144,FUN_4,FUN_3
237303,22458,FUN_3,FUN_2
237312,20807,FUN_2,FUN_1
237325,9596,FUN_1,FUN_2
237330,4528,FUN_2,FUN_3
237334,5239,FUN_6,CUBE_R
237369,3158,FUN_3,FUN_2
237386,13213,FUN_5,FUN_6
237399,13025,FUN_5,FUN_4
237407,3472,FUN_1,FUN_2
237413,17311,CUBE_R,RET
237420,19036,FUN_1,CUBE_L
237429,19460,RET,CUBE_L
237438,19933,FUN_4,FUN_3
237440,28561,FUN_3,FUN_2
237455,21074,FUN_6,FUN_5
237483,21460,FUN_2,FUN_3
237497,19374,FUN_2,FUN_1
237500,9750,FUN_3,FUN_2
237500,13613,FUN_3,FUN_2
237508,21953,FUN_3,FUN_4
237527,12608,FUN_2,FUN_1
237545,775,FUN_3,FUN_2
237556,10488,FUN_1,FUN_2
237563,6585,FUN_3,FUN_2
237564,5061,CUBE_L,RET
237567,24436,FUN_5,FUN_6
237575,21074,FUN_5,FUN_6
237581,5296,FUN_1,FUN_2
237601,3615,FUN_5,FUN_4
237612,10401,FUN_2,FUN_3
237636,27251,RET,CUBE_R
237640,5824,RET,CUBE_L
237645,23430,FUN_4,FUN_3
237657,16734,FUN_2,FUN_3
237672,20119,FUN_2,FUN_1
237684,22599,CUBE_R,FUN_6
237687,23781,FUN_4,FUN_3
237688,5434,FUN_1,FUN_2
237695,29737,FUN_5,FUN_6
237701,24528,FUN_1,CUBE_L
237722,6269,CUBE_R,RET
237729,27868,FUN_6,CUBE_R
237733,12854,FUN_3,FUN_2
237759,23836,FUN_3,FUN_2
237762,22217,FUN_3,FUN_2
237778,12636,FUN_5,FUN_4
237790,24054,FUN_5,FUN_6
237806,9571,FUN_3,FUN_2
237818,27674,CUBE_L,RET
237827,5707,FUN_1,FUN_2
237851,24695,FUN_1,FUN_2
237872,21953,FUN_4,FUN_3
237880,7059,FUN_3,FUN_2
237886,12383,FUN_4,FUN_5
237891,21724,CUBE_R,RET
237903,11563,FUN_1,FUN_2
237906,8022,FUN_3,FUN_2
237912,15212,FUN_1,FUN_2
237915,461,FUN_2,FUN_1
237916,3993,FUN_6,CUBE_R
237922,20683,FUN_6,CUBE_R
237928,6269,RET,CUBE_R
237943,15633,FUN_2,FUN_1
237948,6300,FUN_2,FUN_1
237954,18928,FUN_2,FUN_3
237960,3332,FUN_3,FUN_2
237964,15486,FUN_4,FUN_5
237975,813,FUN_3,FUN_2
237975,9456,FUN_4,FUN_3
237994,22234,FUN_1,CUBE_L
238012,24262,FUN_2,FUN_1
238017,25665,FUN_6,CUBE_R
238018,8139,FUN_2,FUN_1
238020,15633,FUN_1,FUN_2
238028,8127,RET,CUBE_L
238033,21199,FUN_6,CUBE_R
238042,23054,FUN_2,FUN_1
238057,7215,FUN_2,FUN_3
238065,25219,FUN_3,FUN_2
238072,13645,FUN_6,CUBE_R
238075,24615,FUN_3,FUN_2
238117,22598,FUN_2,FUN_1
238132,15823,FUN_1,FUN_2
238146,4941,FUN_2,FUN_3
238154,10234,FUN_2,FUN_1
238155,26001,FUN_2,FUN_3
238161,5968,FUN_1,FUN_2
238164,23868,FUN_2,FUN_3
238175,28126,CUBE_R,FUN_6
238176,5434,FUN_2,FUN_1
238184,21953,FUN_3,FUN_4
238208,19005,RET,CUBE_R
238213,3332,FUN_2,FUN_3
238237,1725,FUN_2,FUN_1
238256,23219,FUN_6,CUBE_R
238267,2008,FUN_2,FUN_1
238274,29878,FUN_4,FUN_5
238285,3993,CUBE_R,FUN_6
238300,8933,FUN_3,FUN_2
238305,14771,FUN_4,FUN_5
238316,5007,FUN_1,FUN_2
238316,22599,FUN_6,CUBE_R
238320,20016,FUN_3,FUN_2
238335,25471,FUN_3,FUN_4
238342,3701,CUBE_R,RET
238358,8023,CUBE_R,RET
238362,19041,FUN_2,FUN_1
238366,4386,FUN_1,FUN_2
238374,27675,FUN_1,FUN_2
238377,28655,FUN_4,FUN_3
238387,14740,FUN_4,FUN_5
238392,21897,FUN_1,FUN_2
238397,7662,FUN_2,FUN_1
238410,3993,FUN_6,CUBE_R
238427,2546,FUN_6,CUBE_R
238431,16583,FUN_3,FUN_2
238434,534,FUN_2,FUN_1
238435,26838,CUBE_R,FUN_6
238444,9888,CUBE_L,RET
238451,2546,CUBE_R,FUN_6
238457,2546,FUN_6,CUBE_R
238462,6602,FUN_6,FUN_5
238466,29475,FUN_2,FUN_3
238494,2546,CUBE_R,FUN_6
238548,29806,FUN_1,FUN_2
238550,20683,CUBE_R,FUN_6
238550,24261,FUN_1,CUBE_L
238558,9571,FUN_2,FUN_3
238561,5800,FUN_2,FUN_1
238566,14052,CUBE_R,FUN_6
238567,23963,FUN_2,FUN_3
238603,28110,FUN_2,FUN_1
238617,8419,FUN_2,FUN_1
238618,19036,CUBE_L,FUN_1
238628,6305,CUBE_R,RET
238628,7589,FUN_2,FUN_3
238656,20119,FUN_1,FUN_2
238660,23781,FUN_3,FUN_4
238665,8790,FUN_3,FUN_2
238686,15633,FUN_2,FUN_1
238690,14622,FUN_1,CUBE_L
238695,23563,FUN_3,FUN_2
238695,27923,FUN_2,FUN_1
238712,14026,FUN_1,FUN_2
238723,2534,CUBE_L,RET
238727,19686,FUN_6,CUBE_R
238729,7982,FUN_3,FUN_2
238732,6429,FUN_3,FUN_4
238744,8866,CUBE_R,RET
238755,24676,FUN_4,FUN_5
238768,2714,FUN_3,FUN_2
238793,11674,FUN_2,FUN_3
238821,4583,FUN_3,FUN_2
238822,5061,RET,CUBE_L
238825,9078,FUN_4,FUN_3
238851,12211,FUN_6,FUN_5
238876,24753,CUBE_R,RET
238878,23727,FUN_4,FUN_3
238889,11713,FUN_3,FUN_2
238906,24734,FUN_6,FUN_5
238949,27164,FUN_2,FUN_3
238955,7655,FUN_1,FUN_2
238959,5007,FUN_2,FUN_1
238960,18119,FUN_6,FUN_5
238974,10104,CUBE_L,RET
238978,22598,FUN_1,FUN_2
238980,1908,FUN_3,FUN_2
238988,26675,FUN_3,FUN_2
239016,12044,FUN_2,FUN_1
239021,16470,FUN_4,FUN_5
239040,6067,FUN_4,FUN_5
239060,4689,FUN_1,FUN_2
239060,15726,FUN_2,FUN_1
239060,23054,FUN_1,FUN_2
239091,5480,CUBE_L,FUN_1
239095,4124,FUN_3,FUN_2
239101,3271,RET,CUBE_R
239103,28561,FUN_2,FUN_3
239116,10931,FUN_2,FUN_3
239118,17931,FUN_5,FUN_6
239120,22404,FUN_2,FUN_3
239127,19686,CUBE_R,FUN_6
239143,9456,FUN_3,FUN_4
239149,25836,FUN_3,FUN_4
239153,25960,FUN_2,FUN_1
239155,15057,FUN_2,FUN_1
239173,11770,FUN_6,FUN_5
239175,29269,FUN_3,FUN_2
239177,9353,FUN_2,FUN_3
239180,22217,FUN_2,FUN_3
239184,12809,FUN_3,FUN_4
239187,8023,RET,CUBE_R
239189,22059,FUN_6,CUBE_R
239196,8790,FUN_2,FUN_3
239203,4583,FUN_2,FUN_3
239211,10525,FUN_2,FUN_1
239211,16932,FUN_5,FUN_4
239216,1376,FUN_6,CUBE_R
239218,23228,FUN_4,FUN_3
239225,22217,FUN_3,FUN_2
239232,23596,FUN_3,FUN_2
239240,1291,FUN_5,FUN_4
239241,22217,FUN_2,FUN_3
239248,24120,FUN_5,FUN_6
239248,26218,FUN_4,FUN_3
239261,3369,FUN_5,FUN_4
239263,4157,FUN_2,FUN_3
239278,13066,FUN_4,FUN_3
239286,22458,FUN_2,FUN_3
239297,4219,FUN_2,FUN_1
239303,19172,FUN_4,FUN_5
239317,5722,FUN_2,FUN_1
239317,26247,FUN_2,FUN_3
239320,26311,FUN_1,CUBE_L
239322,13085,FUN_3,FUN_4
239323,4966,FUN_4,FUN_5
239327,14,FUN_4,FUN_5
239329,5007,FUN_1,FUN_2
239339,4411,FUN_5,FUN_4
239344,14381,FUN_4,FUN_3
239370,17369,FUN_5,FUN_4
239379,10916,CUBE_R,RET
239387,4386,FUN_2,FUN_1
239394,534,FUN_1,FUN_2
239417,8798,FUN_2,FUN_3
239431,15965,FUN_5,FUN_4
239442,5565,FUN_2,FUN_1
239443,6040,FUN_4,FUN_3
239446,21040,FUN_3,FUN_4
239472,22217,FUN_3,FUN_2
239483,11550,FUN_1,FUN_2
239486,29737,FUN_6,FUN_5
239487,15617,RET,CUBE_R
239520,9597,FUN_3,FUN_2
239532,5619,FUN_5,FUN_4
239541,3417,CUBE_L,FUN_1
239567,22217,FUN_2,FUN_3
239572,467,FUN_4,FUN_5
239580,26072,FUN_2,FUN_3
239586,13860,CUBE_L,RET
239600,2978,FUN_2,FUN_1
239603,9597,FUN_2,FUN_3
239603,11674,FUN_3,FUN_2
239614,22404,FUN_3,FUN_2
239641,20863,CUBE_L,FUN_1
239643,18476,CUBE_R,RET
239648,21879,FUN_5,FUN_4
239661,627,FUN_5,FUN_4
239685,13124,RET,CUBE_R
239727,12383,FUN_5,FUN_4
239731,5619,FUN_4,FUN_5
239741,22903,FUN_6,CUBE_R
239743,11512,FUN_3,FUN_2
239751,24695,FUN_2,FUN_1
239764,5061,CUBE_L,RET
239806,24142,CUBE_R,FUN_6
239820,19630,FUN_6,CUBE_R
239831,8248,FUN_2,FUN_1
239839,22458,FUN_3,FUN_2
239842,11674,FUN_2,FUN_3
239843,3634,FUN_1,FUN_2
239858,28561,FUN_3,FUN_2
239860,23868,FUN_3,FUN_2
239869,3332,FUN_3,FUN_2
239883,10488,FUN_2,FUN_1
239887,13498,RET,CUBE_R
239892,534,FUN_2,FUN_1
239939,6059,FUN_3,FUN_2
239946,813,FUN_2,FUN_3
239951,13183,RET,CUBE_R
239959,8305,FUN_4,FUN_5
239975,21724,RET,CUBE_R
239982,18615,RET,CUBE_L
239991,3701,RET,CUBE_R
239996,14052,FUN_6,CUBE_R
240038,5203,FUN_5,FUN_4
240049,15803,FUN_2,FUN_3
240052,7513,FUN_1,FUN_2
240079,29269,FUN_2,FUN_3
240088,19938,FUN_3,FUN_4
240090,12213,FUN_2,FUN_3
240090,15368,FUN_1,FUN_2
240129,11770,FUN_5,FUN_6
240153,13949,FUN_3,FUN_2
240155,18752,FUN_1,FUN_2
240160,22134,FUN_4,FUN_3
240183,25804,FUN_1,CUBE_L
240188,26910,FUN_5,FUN_6
240189,9178,FUN_3,FUN_4
240189,12965,FUN_6,CUBE_R
240196,17380,CUBE_L,FUN_1
240198,3271,CUBE_R,RET
240203,18749,FUN_4,FUN_3
240222,29878,FUN_5,FUN_4
240243,29269,FUN_3,FUN_2
240251,16763,FUN_3,FUN_2
240256,24734,FUN_5,FUN_6
240261,20668,CUBE_R,RET
240269,4755,CUBE_R,FUN_6
240270,2465,FUN_4,FUN_5
240276,27142,CUBE_R,RET
240278,4583,FUN_3,FUN_2
240283,15569,FUN_4,FUN_5
240293,2722,FUN_1,FUN_2
240296,19802,CUBE_L,FUN_1
240302,11732,FUN_3,FUN_4
240304,11051,CUBE_L,FUN_1
240324,19658,FUN_5,FUN_6
240330,4329,FUN_4,FUN_5
240337,25225,FUN_2,FUN_3
240347,7240,FUN_2,FUN_3
240347,24734,FUN_6,FUN_5
240349,6550,FUN_4,FUN_5
240356,27640,FUN_3,FUN_2
240362,6209,FUN_3,FUN_2
240364,22826,FUN_3,FUN_4
240382,22312,FUN_2,FUN_3
240393,24734,FUN_5,FUN_6
240447,25632,FUN_6,CUBE_R
240454,24734,FUN_6,FUN_5
240456,7463,FUN_4,FUN_3
240466,20270,FUN_1,CUBE_L
240467,22061,FUN_1,FUN_2
240472,871,CUBE_R,FUN_6
240501,13457,RET,CUBE_L
240510,24734,FUN_5,FUN_6
240517,21040,FUN_4,FUN_3
240522,16731,FUN_1,FUN_2
240525,384,FUN_2,FUN_3
240527,25225,FUN_3,FUN_2
240528,10311,FUN_3,FUN_2
240557,14026,FUN_2,FUN_1
240558,4986,FUN_4,FUN_3
240575,25225,FUN_2,FUN_3
240576,28239,FUN_2,FUN_3
240590,534,FUN_1,FUN_2
240590,13025,FUN_4,FUN_5
240603,25970,RET,CUBE_R
240606,23092,FUN_6,CUBE_R
240609,20077,FUN_6,FUN_5
240611,23135,CUBE_L,RET
240642,24261,CUBE_L,FUN_1
240650,13949,FUN_2,FUN_3
240656,15040,FUN_3,FUN_4
240657,3583,FUN_2,FUN_1
240657,27408,FUN_3,FUN_2
240663,10291,FUN_2,FUN_1
240685,19144,FUN_3,FUN_4
240693,6059,FUN_2,FUN_3
240708,22599,CUBE_R,FUN_6
240709,22826,FUN_4,FUN_3
240712,11461,RET,CUBE_L
240719,23596,FUN_2,FUN_3
240725,8248,FUN_1,FUN_2
240729,14381,FUN_3,FUN_4
240757,8798,FUN_3,FUN_2
240762,12484,CUBE_R,RET
240780,7513,FUN_2,FUN_1
240793,14740,FUN_5,FUN_4
240801,7326,FUN_1,FUN_2
240805,25567,FUN_2,FUN_1
240807,8102,FUN_3,FUN_4
240807,16356,FUN_5,FUN_6
240808,6100,RET,CUBE_R
240812,3400,FUN_2,FUN_3
240829,24583,FUN_4,FUN_5
240836,2325,CUBE_L,RET
240852,9178,FUN_4,FUN_3
240873,16631,FUN_2,FUN_3
240877,16708,FUN_6,CUBE_R
240894,27126,FUN_1,FUN_2
240898,21724,CUBE_R,RET
240906,15569,FUN_5,FUN_4
240906,15729,FUN_2,FUN_3
240915,461,FUN_1,FUN_2
240915,29475,FUN_3,FUN_2
240919,23158,FUN_3,FUN_2
240926,11909,FUN_2,FUN_1
240937,11195,FUN_2,FUN_1
240951,5629,FUN_2,FUN_1
240956,4986,FUN_3,FUN_4
240999,9941,FUN_5,FUN_4
241015,15823,FUN_2,FUN_1
241016,15361,FUN_2,FUN_3
241017,23850,FUN_2,FUN_3
241022,3609,FUN_4,FUN_3
241037,22368,FUN_3,FUN_2
241058,14381,FUN_4,FUN_3
241066,10068,FUN_3,FUN_2
241070,20562,CUBE_R,RET
241071,25225,FUN_3,FUN_2
241077,16932,FUN_4,FUN_5
241078,29243,FUN_2,FUN_3
241101,22780,FUN_3,FUN_2
241105,23319,CUBE_R,RET
241149,11732,FUN_4,FUN_3
241157,26910,FUN_6,FUN_5
241165,467,FUN_5,FUN_4
241170,8933,FUN_2,FUN_3
241170,10772,FUN_4,FUN_5
241183,5594,FUN_3,FUN_2
241186,2632,CUBE_L,RET
241220,5619,FUN_5,FUN_4
241249,3615,FUN_4,FUN_5
241252,25970,CUBE_R,RET
241260,3332,FUN_2,FUN_3
241264,7017,FUN_2,FUN_1
241266,22061,FUN_2,FUN_1
241271,8127,CUBE_L,RET
241277,26189,RET,CUBE_L
241297,23030,FUN_3,FUN_2
241306,7788,FUN_3,FUN_2
241307,8417,FUN_2,FUN_3
241314,29967,FUN_2,FUN_3
241318,9750,FUN_2,FUN_3
241330,21724,RET,CUBE_R
241334,9487,FUN_3,FUN_4
241345,19442,RET,CUBE_L
241347,4392,RET,CUBE_R
241352,18495,FUN_2,FUN_3
241356,21474,RET,CUBE_R
241365,5514,CUBE_L,FUN_1
241368,15361,FUN_3,FUN_2
241376,2765,FUN_3,FUN_4
241380,16549,FUN_4,FUN_3
241382,971,FUN_6,FUN_5
241382,18695,FUN_4,FUN_3
241393,5159,RET,CUBE_L
241405,3583,FUN_1,FUN_2
241410,12880,FUN_4,FUN_3
241416,1366,FUN_2,FUN_3
241427,29933,FUN_3,FUN_2
241444,5767,FUN_3,FUN_2
241461,2176,FUN_3,FUN_2
241475,10931,FUN_3,FUN_2
241479,24578,FUN_2,FUN_3
241487,5259,FUN_2,FUN_1
241493,23135,RET,CUBE_L
241493,24142,FUN_6,CUBE_R
241494,4986,FUN_4,FUN_3
241498,8548,FUN_1,FUN_2
241503,10378,FUN_1,CUBE_L
241515,1453,FUN_3,FUN_2
241518,21146,FUN_3,FUN_2
241521,19886,FUN_2,FUN_3
241534,1320,FUN_1,FUN_2
241551,5457,FUN_1,FUN_2
241553,10862,FUN_2,FUN_3
241593,3225,FUN_3,FUN_2
241596,15803,FUN_3,FUN_2
241606,1064,FUN_1,FUN_2
241624,23563,FUN_2,FUN_3
241647,26624,RET,CUBE_R
241666,13005,FUN_3,FUN_4
241674,7845,FUN_5,FUN_4
241678,14052,CUBE_R,FUN_6
241694,8102,FUN_4,FUN_3
241701,10291,FUN_1,FUN_2
241703,6157,FUN_6,FUN_5
241719,2146,RET,CUBE_L
241719,20807,FUN_1,FUN_2
241725,6355,RET,CUBE_R
241733,26189,CUBE_L,RET
241738,7240,FUN_3,FUN_2
241744,11674,FUN_3,FUN_2
241744,16631,FUN_3,FUN_2
241750,28564,FUN_1,FUN_2
241763,26981,FUN_2,FUN_3
241766,141,FUN_3,FUN_4
241771,4219,FUN_1,FUN_2
241785,14771,FUN_5,FUN_4
241798,22059,CUBE_R,FUN_6
241799,20047,FUN_5,FUN_6
241809,25219,FUN_2,FUN_3
241810,24142,CUBE_R,FUN_6
241847,1000,FUN_3,FUN_2
241858,14057,RET,CUBE_R
241863,12044,FUN_1,FUN_2
241901,316,FUN_2,FUN_3
241901,13645,CUBE_R,FUN_6
241902,2722,FUN_2,FUN_1
241911,29806,FUN_2,FUN_1
241926,15726,FUN_1,FUN_2
241930,5005,CUBE_L,RET
241943,3225,FUN_2,FUN_3
241943,9878,CUBE_L,RET
241946,16932,FUN_5,FUN_4
241958,29243,FUN_3,FUN_2
241966,3913,FUN_3,FUN_2
241981,15040,FUN_4,FUN_3
242002,14862,FUN_5,FUN_4
242012,3190,CUBE_R,FUN_6
242017,11770,FUN_6,FUN_5
242021,27701,CUBE_L,RET
242029,8419,FUN_1,FUN_2
242036,26743,FUN_5,FUN_4
242045,27701,RET,CUBE_L
242049,2978,FUN_1,FUN_2
242051,4564,CUBE_L,RET
242065,26629,FUN_3,FUN_2
242066,3844,FUN_2,FUN_3
242097,22352,FUN_3,FUN_4
242103,825,FUN_2,FUN_1
242104,21074,FUN_6,FUN_5
242105,9120,FUN_5,FUN_6
242106,23712,RET,CUBE_L
242111,24583,FUN_5,FUN_4
242116,6432,FUN_4,FUN_3
242117,15057,FUN_1,FUN_2
242121,6585,FUN_2,FUN_3
242140,16932,FUN_4,FUN_5
242141,4796,FUN_2,FUN_3
242174,27701,CUBE_L,RET
242181,9750,FUN_3,FUN_2
242190,5214,FUN_3,FUN_2
242201,28561,FUN_2,FUN_3
242202,3271,RET,CUBE_R
242211,627,FUN_4,FUN_5
242212,15617,CUBE_R,RET
242214,16932,FUN_5,FUN_4
242215,3844,FUN_3,FUN_2
242217,25279,FUN_4,FUN_3
242244,25833,CUBE_R,FUN_6
242261,2465,FUN_5,FUN_4
242264,1796,FUN_4,FUN_5
242265,14405,FUN_1,FUN_2
242268,4411,FUN_4,FUN_5
242269,19800,RET,CUBE_R
242278,23568,FUN_4,FUN_3
242302,15823,FUN_1,FUN_2
242306,18377,CUBE_L,RET
242308,17111,FUN_3,FUN_4
242310,16708,CUBE_R,FUN_6
242349,9704,CUBE_R,FUN_6
242350,13949,FUN_3,FUN_2
242361,884,FUN_2,FUN_3
242368,14,FUN_5,FUN_4
242372,23727,FUN_3,FUN_4
242403,24261,FUN_1,CUBE_L
242407,1838,FUN_6,CUBE_R
242410,15500,FUN_2,FUN_3
242432,15361,FUN_2,FUN_3
242445,27142,RET,CUBE_R
242467,26354,FUN_2,FUN_1
242485,2632,RET,CUBE_L
242493,22338,FUN_3,FUN_2
242527,11713,FUN_2,FUN_3
242565,2632,CUBE_L,RET
242571,15726,FUN_2,FUN_1
242589,20047,FUN_6,FUN_5
242591,28281,FUN_3,FUN_2
242593,20011,FUN_6,FUN_5
242599,19036,FUN_1,CUBE_L
242603,13143,FUN_3,FUN_4
242610,3417,FUN_1,CUBE_L
242612,23178,FUN_3,FUN_2
242612,23342,CUBE_R,RET
242615,22312,FUN_3,FUN_2
242640,17835,CUBE_L,RET
242665,8548,FUN_2,FUN_1
242678,12608,FUN_1,FUN_2
242693,17465,FUN_4,FUN_5
242694,28126,FUN_6,CUBE_R
242704,20038,FUN_4,FUN_3
242719,5214,FUN_2,FUN_3
242725,19658,FUN_6,FUN_5
242745,11313,FUN_2,FUN_1
242749,13464,FUN_5,FUN_4
242756,2632,RET,CUBE_L
242764,15260,FUN_3,FUN_2
242767,15057,FUN_2,FUN_1
242777,12044,FUN_2,FUN_1
242789,1588,FUN_2,FUN_1
242790,1908,FUN_2,FUN_3
242791,22408,FUN_1,FUN_2
242793,2064,FUN_2,FUN_3
242809,17942,RET,CUBE_L
242814,12809,FUN_4,FUN_3
242828,23345,CUBE_L,RET
242829,25184,FUN_3,FUN_4
242867,19802,FUN_1,CUBE_L
242876,19663,RET,CUBE_R
242892,2348,FUN_3,FUN_2
242898,21286,FUN_2,FUN_1
242905,24262,FUN_1,FUN_2
242909,15705,FUN_4,FUN_3
242925,4564,RET,CUBE_L
242925,16650,FUN_3,FUN_4
242945,9120,FUN_6,FUN_5
242952,28721,FUN_3,FUN_2
242977,2325,RET,CUBE_L
242987,22780,FUN_2,FUN_3
243002,19215,CUBE_R,FUN_6
243008,23881,FUN_4,FUN_5
243015,19460,CUBE_L,RET
243027,10614,FUN_2,FUN_1
243031,1819,FUN_1,CUBE_L
243047,26324,RET,CUBE_R
243126,12045,FUN_3,FUN_2
243132,26543,FUN_2,FUN_1
243151,3937,FUN_2,FUN_1
243173,19661,FUN_2,FUN_3
243178,2625,FUN_5,FUN_4
243180,29187,FUN_2,FUN_1
243182,27675,FUN_2,FUN_1
243193,29602,FUN_5,FUN_6
243208,9060,FUN_5,FUN_6
243234,8417,FUN_3,FUN_2
243236,14658,FUN_1,FUN_2
243237,22186,FUN_1,FUN_2
243238,14068,FUN_3,FUN_4
243253,3844,FUN_2,FUN_3
243261,7788,FUN_2,FUN_3
243268,2835,FUN_1,FUN_2
243269,25691,FUN_2,FUN_3
243297,4564,CUBE_L,RET
243301,3490,FUN_4,FUN_3
243301,21474,CUBE_R,RET
243306,14744,RET,CUBE_R
243343,8419,FUN_2,FUN_1
243343,12213,FUN_3,FUN_2
243346,2632,CUBE_L,RET
243357,15803,FUN_2,FUN_3
243371,7059,FUN_2,FUN_3
243383,13183,CUBE_R,RET
243384,16231,FUN_2,FUN_3
243391,5434,FUN_1,FUN_2
243399,13124,CUBE_R,RET
243403,25711,FUN_2,FUN_3
243413,7631,FUN_3,FUN_2
243418,28302,CUBE_L,RET
243433,15571,CUBE_R,RET
243460,5259,FUN_1,FUN_2
243466,7170,FUN_1,FUN_2
243476,24578,FUN_3,FUN_2
243482,8131,FUN_2,FUN_3
243485,3755,FUN_3,FUN_2
243502,23285,FUN_3,FUN_4
243516,8642,CUBE_L,RET
243520,24581,FUN_3,FUN_4
243522,1320,FUN_2,FUN_1
243531,7588,FUN_3,FUN_2
243551,22398,CUBE_R,FUN_6
243559,16549,FUN_3,FUN_4
243568,11461,CUBE_L,RET
243581,14862,FUN_4,FUN_5
243589,11051,FUN_1,CUBE_L
243589,26743,FUN_4,FUN_5
243597,884,FUN_3,FUN_2
243600,2724,FUN_3,FUN_2
243611,19860,FUN_2,FUN_1
243614,22800,FUN_3,FUN_2
243618,15729,FUN_3,FUN_2
243624,9399,FUN_2,FUN_3
243625,16250,FUN_5,FUN_6
243627,8315,FUN_1,FUN_2
243628,754,FUN_2,FUN_1
243632,23633,FUN_1,FUN_2
243643,15344,FUN_5,FUN_4
243644,4564,RET,CUBE_L
243649,15989,FUN_1,FUN_2
243650,15572,FUN_3,FUN_2
243655,4124,FUN_2,FUN_3
243655,27234,RET,CUBE_R
243668,27383,CUBE_R,FUN_6
243698,23730,CUBE_R,RET
243702,4235,CUBE_R,RET
243788,18873,FUN_3,FUN_2
243799,5061,RET,CUBE_L
243804,12512,FUN_4,FUN_3
243818,7135,CUBE_L,RET
243821,3417,CUBE_L,FUN_1
243826,7240,FUN_2,FUN_3
243826,13066,FUN_3,FUN_4
243828,28655,FUN_3,FUN_4
243829,21074,FUN_5,FUN_6
243829,22040,FUN_2,FUN_1
243834,11982,RET,CUBE_R
243837,10363,RET,CUBE_R
243853,12553,FUN_3,FUN_2
243855,12059,CUBE_R,FUN_6
243858,15571,RET,CUBE_R
243874,7017,FUN_1,FUN_2
243888,21967,FUN_6,FUN_5
243889,13143,FUN_4,FUN_3
243912,29079,FUN_2,FUN_1
243921,19374,FUN_1,FUN_2
243932,15480,FUN_5,FUN_4
243934,15729,FUN_2,FUN_3
243937,14052,FUN_6,CUBE_R
243946,4479,CUBE_L,RET
243958,21135,FUN_2,FUN_3
243959,25711,FUN_3,FUN_2
243986,27923,FUN_1,FUN_2
243992,6100,CUBE_R,RET
244015,12880,FUN_3,FUN_4
244028,22928,FUN_2,FUN_3
244035,29334,FUN_1,CUBE_L
244065,18273,FUN_1,CUBE_L
244086,884,FUN_2,FUN_3
244090,7059,FUN_3,FUN_2
244093,22780,FUN_3,FUN_2
244108,3083,FUN_3,FUN_2
244122,24615,FUN_2,FUN_3
244131,25567,FUN_1,FUN_2
244143,28564,FUN_2,FUN_1
244144,6331,FUN_3,FUN_2
244161,22598,FUN_2,FUN_1
244175,11767,FUN_5,FUN_6
244175,20683,FUN_6,CUBE_R
244181,5293,FUN_6,CUBE_R
244186,8505,CUBE_R,FUN_6
244192,19442,CUBE_L,RET
244205,141,FUN_4,FUN_3
244223,26072,FUN_3,FUN_2
244230,6331,FUN_2,FUN_3
244269,29661,RET,CUBE_L
244275,14589,CUBE_R,FUN_6
244294,27126,FUN_2,FUN_1
244315,6222,FUN_1,FUN_2
244342,4986,FUN_3,FUN_4
244349,5007,FUN_2,FUN_1
244353,17486,FUN_4,FUN_3
244355,25833,FUN_6,CUBE_R
244384,16763,FUN_2,FUN_3
244388,29334,CUBE_L,FUN_1
244400,29026,CUBE_L,FUN_1
244415,3144,FUN_2,FUN_3
244426,18903,FUN_3,FUN_2
244428,20958,RET,CUBE_L
244434,8315,FUN_2,FUN_1
244437,18930,FUN_2,FUN_1
244460,3690,CUBE_R,FUN_6
244464,4970,FUN_2,FUN_1
244488,12803,FUN_2,FUN_1
244496,3937,FUN_1,FUN_2
244514,15823,FUN_2,FUN_1
244518,11674,FUN_2,FUN_3
244519,15080,FUN_2,FUN_3
244525,7194,FUN_4,FUN_3
244540,14068,FUN_4,FUN_3
244544,10931,FUN_2,FUN_3
244547,20011,FUN_5,FUN_6
244552,17510,FUN_3,FUN_2
244562,14461,CUBE_R,RET
244565,10311,FUN_2,FUN_3
244584,19800,CUBE_R,RET
244588,581,RET,CUBE_R
244593,15759,CUBE_L,RET
244617,1897,CUBE_L,RET
244619,28108,FUN_2,FUN_3
244636,13841,FUN_2,FUN_1
244641,26548,FUN_1,FUN_2
244646,9523,FUN_3,FUN_2
244662,2146,CUBE_L,RET
244676,20413,FUN_2,FUN_3
244680,2348,FUN_2,FUN_3
244681,17931,FUN_6,FUN_5
244697,26214,CUBE_R,RET
244714,21967,FUN_5,FUN_6
244748,4110,FUN_3,FUN_2
244755,13005,FUN_4,FUN_3
244769,21967,FUN_6,FUN_5
244774,15080,FUN_3,FUN_2
244776,11674,FUN_3,FUN_2
244793,13946,FUN_2,FUN_1
244796,3173,FUN_4,FUN_5
244812,3937,FUN_2,FUN_1
244831,8417,FUN_2,FUN_3
244842,24615,FUN_3,FUN_2
244846,24057,FUN_3,FUN_4
244850,12595,FUN_5,FUN_6
244860,9750,FUN_2,FUN_3
244862,3937,FUN_1,FUN_2
244870,14057,CUBE_R,RET
244872,1725,FUN_1,FUN_2
244877,19618,FUN_6,FUN_5
244879,22178,RET,CUBE_R
244882,25833,CUBE_R,FUN_6
244886,24734,FUN_6,FUN_5
244905,16286,FUN_2,FUN_1
244906,21135,FUN_3,FUN_2
244910,702,RET,CUBE_R
244913,14781,RET,CUBE_L
244944,9456,FUN_4,FUN_3
244951,6209,FUN_2,FUN_3
244954,1796,FUN_5,FUN_4
244969,4896,FUN_2,FUN_3
244970,27967,CUBE_R,RET
244986,13661,FUN_2,FUN_1
244987,3811,FUN_3,FUN_2
245000,12803,FUN_1,FUN_2
245024,742,CUBE_L,FUN_1
245027,4673,FUN_1,FUN_2
245042,534,FUN_2,FUN_1
245051,19816,FUN_4,FUN_3
245062,22352,FUN_4,FUN_3
245065,8248,FUN_2,FUN_1
245074,23633,FUN_2,FUN_1
245093,6031,FUN_3,FUN_2
245094,19374,FUN_2,FUN_1
245101,17462,CUBE_R,FUN_6
245120,2146,RET,CUBE_L
245137,15456,RET,CUBE_R
245148,27759,FUN_4,FUN_3
245149,3449,CUBE_L,RET
245158,5608,CUBE_R,RET
245164,238,FUN_5,FUN_4
245172,2325,CUBE_L,RET
245172,25929,FUN_3,FUN_2
245210,13986,FUN_2,FUN_1
245212,3598,FUN_6,FUN_5
245213,13066,FUN_4,FUN_3
245216,4970,FUN_1,FUN_2
245222,20683,CUBE_R,FUN_6
245239,4774,FUN_4,FUN_5
245248,7525,FUN_3,FUN_4
245252,8958,FUN_2,FUN_3
245254,9476,FUN_6,CUBE_R
245267,9704,FUN_6,CUBE_R
245270,18457,FUN_2,FUN_3
245281,3634,FUN_2,FUN_1
245309,3769,RET,CUBE_L
245315,24693,FUN_4,FUN_5
245323,15344,FUN_4,FUN_5
245328,18903,FUN_2,FUN_3
245330,17518,FUN_2,FUN_1
245335,10488,FUN_1,FUN_2
245340,12553,FUN_2,FUN_3
245343,29475,FUN_2,FUN_3
245348,18119,FUN_5,FUN_6
245352,25225,FUN_2,FUN_3
245360,28573,CUBE_L,FUN_1
245363,7135,RET,CUBE_L
245389,17258,FUN_2,FUN_1
245424,18298,FUN_3,FUN_4
245424,20413,FUN_3,FUN_2
245429,28526,FUN_3,FUN_4
245443,22338,FUN_2,FUN_3
245449,1111,RET,CUBE_R
245460,4995,FUN_3,FUN_4
245468,9919,FUN_2,FUN_3
245471,23836,FUN_2,FUN_3
245490,21504,FUN_1,FUN_2
245497,19691,RET,CUBE_L
245516,24262,FUN_2,FUN_1
245546,15361,FUN_3,FUN_2
245547,29806,FUN_1,FUN_2
245583,24199,CUBE_R,RET
245603,27086,FUN_5,FUN_6
245612,18119,FUN_6,FUN_5
245621,24087,FUN_4,FUN_3
245625,21449,FUN_3,FUN_4
245642,4624,FUN_6,CUBE_R
245653,14876,FUN_3,FUN_2
245654,12412,CUBE_L,FUN_1
245654,24617,FUN_3,FUN_4
245662,5786,FUN_3,FUN_2
245678,13124,RET,CUBE_R
245687,27675,FUN_1,FUN_2
245690,2835,FUN_2,FUN_1
245694,11841,FUN_4,FUN_3
245701,20807,FUN_2,FUN_1
245712,24615,FUN_2,FUN_3
245716,9684,FUN_3,FUN_2
245734,20469,CUBE_L,FUN_1
245746,342,FUN_1,FUN_2
245747,396,FUN_3,FUN_2
245752,2066,FUN_5,FUN_6
245767,20755,FUN_5,FUN_6
245769,25691,FUN_3,FUN_2
245787,12059,FUN_6,CUBE_R
245787,20807,FUN_1,FUN_2
245788,21879,FUN_4,FUN_5
245799,14885,FUN_2,FUN_1
245801,2260,CUBE_L,RET
245803,3667,FUN_1,CUBE_L
245819,24199,RET,CUBE_R
245833,24615,FUN_3,FUN_2
245847,8127,RET,CUBE_L
245850,23940,FUN_1,CUBE_L
245875,22928,FUN_3,FUN_2
245895,13395,CUBE_R,FUN_6
245901,13946,FUN_1,FUN_2
245912,2765,FUN_4,FUN_3
245914,15361,FUN_2,FUN_3
245917,22767,RET,CUBE_R
245931,1549,FUN_6,CUBE_R
245944,3921,FUN_4,FUN_3
245949,742,FUN_1,CUBE_L
245949,10234,FUN_1,FUN_2
245951,3087,RET,CUBE_L
245953,14589,FUN_6,CUBE_R
245953,29334,FUN_1,CUBE_L
245960,27675,FUN_2,FUN_1
245972,8740,RET,CUBE_R
245979,6421,FUN_6,CUBE_R
245985,22587,FUN_4,FUN_5
246011,18119,FUN_5,FUN_6
246017,2835,FUN_1,FUN_2
246018,9456,FUN_3,FUN_4
246030,15729,FUN_3,FUN_2
246035,15863,RET,CUBE_R
246037,22197,FUN_2,FUN_1
246038,26981,FUN_3,FUN_2
246050,24057,FUN_4,FUN_3
246056,11767,FUN_6,FUN_5
246067,26354,FUN_1,FUN_2
246085,27779,FUN_3,FUN_4
246088,4995,FUN_4,FUN_3
246088,9287,FUN_3,FUN_2
246093,2037,FUN_6,FUN_5
246112,20016,FUN_2,FUN_3
246122,24199,CUBE_R,RET
246137,3044,FUN_3,FUN_2
246142,28851,FUN_6,CUBE_R
246147,22928,FUN_2,FUN_3
246158,27675,FUN_1,FUN_2
246165,7779,FUN_2,FUN_3
246169,19215,FUN_6,CUBE_R
246175,7235,FUN_4,FUN_3
246180,2465,FUN_4,FUN_5
246183,8417,FUN_3,FUN_2
246187,7387,FUN_3,FUN_2
246189,26675,FUN_2,FUN_3
246200,24262,FUN_1,FUN_2
246213,5259,FUN_2,FUN_1
246233,17261,FUN_2,FUN_1
246243,8958,FUN_3,FUN_2
246253,21502,FUN_3,FUN_2
246254,12880,FUN_4,FUN_3
246258,4110,FUN_2,FUN_3
246269,11164,FUN_3,FUN_4
246287,28573,FUN_1,CUBE_L
246304,27675,FUN_2,FUN_1
246312,19460,RET,CUBE_L
246313,26367,RET,CUBE_R
246347,11164,FUN_4,FUN_3
246362,4941,FUN_3,FUN_2
246382,7135,CUBE_L,RET
246384,20895,FUN_3,FUN_2
246386,19816,FUN_3,FUN_4
246391,8102,FUN_3,FUN_4
246400,17486,FUN_3,FUN_4
246400,17518,FUN_1,FUN_2
246408,4970,FUN_2,FUN_1
246415,24120,FUN_6,FUN_5
246431,27088,FUN_3,FUN_2
246436,12932,FUN_3,FUN_2
246440,11465,FUN_2,FUN_3
246441,16549,FUN_4,FUN_3
246442,28302,RET,CUBE_L
246453,28302,CUBE_L,RET
246456,1360,FUN_2,FUN_3
246456,7788,FUN_3,FUN_2
246464,2008,FUN_1,FUN_2
246470,6269,CUBE_R,RET
246473,22059,FUN_6,CUBE_R
246477,25810,FUN_3,FUN_4
246493,20077,FUN_5,FUN_6
246495,9736,FUN_1,FUN_2
246515,7135,RET,CUBE_L
246516,1470,FUN_3,FUN_2
246519,19759,FUN_3,FUN_2
246519,26276,RET,CUBE_L
246535,11192,CUBE_L,FUN_1
246550,22903,CUBE_R,FUN_6
246552,4839,FUN_3,FUN_4
246553,17121,CUBE_L,RET
246554,5537,FUN_4,FUN_3
246556,19759,FUN_2,FUN_3
246557,2037,FUN_5,FUN_6
246564,11164,FUN_3,FUN_4
246565,21074,FUN_6,FUN_5
246565,27493,FUN_2,FUN_1
246567,21027,RET,CUBE_L
246580,9752,RET,CUBE_L
246592,754,FUN_1,FUN_2
246594,8315,FUN_1,FUN_2
246597,21988,CUBE_L,FUN_1
246610,6222,FUN_2,FUN_1
246616,534,FUN_1,FUN_2
246616,25639,FUN_4,FUN_5
246619,19600,FUN_6,CUBE_R
246625,20552,FUN_3,FUN_4
246634,25797,FUN_2,FUN_3
246636,12809,FUN_3,FUN_4
246637,15344,FUN_5,FUN_4
246644,20895,FUN_2,FUN_3
246645,15916,FUN_3,FUN_2
246646,4110,FUN_3,FUN_2
246666,17642,FUN_2,FUN_1
246667,24528,CUBE_L,FUN_1
246668,24262,FUN_2,FUN_1
246702,29144,FUN_1,FUN_2
246719,534,FUN_2,FUN_1
246722,7157,FUN_1,FUN_2
246728,11164,FUN_4,FUN_3
246746,6222,FUN_1,FUN_2
246749,25797,FUN_3,FUN_2
246760,23563,FUN_3,FUN_2
246770,5171,FUN_3,FUN_2
246773,22312,FUN_2,FUN_3
246778,24344,CUBE_R,RET
246787,2066,FUN_6,FUN_5
246789,26629,FUN_2,FUN_3
246790,29455,FUN_3,FUN_2
246831,5256,RET,CUBE_L
246832,3005,FUN_2,FUN_1
246833,6222,FUN_2,FUN_1
246836,27752,FUN_1,FUN_2
246843,27675,FUN_1,FUN_2
246849,25711,FUN_2,FUN_3
246851,28686,FUN_5,FUN_4
246852,8642,RET,CUBE_L
246869,6313,FUN_3,FUN_2
246877,10378,CUBE_L,FUN_1
246883,20895,FUN_3,FUN_2
246897,13498,CUBE_R,RET
246901,19215,CUBE_R,FUN_6
246924,5135,FUN_4,FUN_3
246927,5259,FUN_1,FUN_2
246929,14,FUN_4,FUN_5
246939,12932,FUN_2,FUN_3
246943,342,FUN_2,FUN_1
246946,24262,FUN_1,FUN_2
246954,8859,RET,CUBE_L
246959,3225,FUN_3,FUN_2
246966,17807,FUN_5,FUN_4
247006,11195,FUN_1,FUN_2
247009,24262,FUN_2,FUN_1
247021,24693,FUN_5,FUN_4
247070,26981,FUN_2,FUN_3
247072,20895,FUN_2,FUN_3
247074,23781,FUN_4,FUN_3
247079,24262,FUN_1,FUN_2
247083,25187,FUN_4,FUN_3
247088,27126,FUN_1,FUN_2
247126,15401,CUBE_R,RET
247149,28494,FUN_2,FUN_3
247154,9287,FUN_2,FUN_3
247154,19515,FUN_2,FUN_3
247158,23593,FUN_2,FUN_1
247159,461,FUN_2,FUN_1
247175,24057,FUN_3,FUN_4
247204,4129,FUN_3,FUN_2
247222,21027,CUBE_L,RET
247225,20895,FUN_3,FUN_2
247226,17740,FUN_2,FUN_1
247227,1470,FUN_2,FUN_3
247254,22368,FUN_2,FUN_3
247268,26675,FUN_3,FUN_2
247289,9970,FUN_2,FUN_3
247290,28980,FUN_3,FUN_2
247306,6157,FUN_5,FUN_6
247322,1026,FUN_3,FUN_2
247327,16231,FUN_3,FUN_2
247331,11192,FUN_1,CUBE_L
247335,6222,FUN_1,FUN_2
247336,1549,CUBE_R,FUN_6
247350,20316,CUBE_R,FUN_6
247351,1774,CUBE_L,RET
247364,29576,CUBE_R,RET
247366,25932,FUN_3,FUN_2
247367,15708,RET,CUBE_L
247385,1360,FUN_3,FUN_2
247392,3005,FUN_1,FUN_2
247405,8958,FUN_2,FUN_3
247416,6222,FUN_2,FUN_1
247419,12595,FUN_6,FUN_5
247424,16583,FUN_2,FUN_3
247425,7954,RET,CUBE_R
247429,4110,FUN_2,FUN_3
247429,24262,FUN_2,FUN_1
247433,14461,RET,CUBE_R
247436,20038,FUN_3,FUN_4
247453,28655,FUN_4,FUN_3
247459,1470,FUN_3,FUN_2
247459,16591,FUN_3,FUN_4
247460,3929,FUN_5,FUN_4
247466,9232,FUN_5,FUN_6
247468,2345,FUN_3,FUN_2
247474,17227,FUN_5,FUN_4
247477,21929,FUN_2,FUN_1
247484,6421,CUBE_R,FUN_6
247485,2546,FUN_6,CUBE_R
247485,24134,CUBE_R,RET
247496,8264,FUN_2,FUN_3
247497,7235,FUN_3,FUN_4
247505,23730,RET,CUBE_R
247513,4119,FUN_1,FUN_2
247533,22129,FUN_5,FUN_4
247536,24964,CUBE_L,RET
247538,6059,FUN_3,FUN_2
247544,14609,FUN_2,FUN_1
247544,17462,FUN_6,CUBE_R
247547,1026,FUN_2,FUN_3
247553,4941,FUN_2,FUN_3
247558,24786,RET,CUBE_L
247559,742,CUBE_L,FUN_1
247571,26276,CUBE_L,RET
247577,10363,CUBE_R,RET
247582,1470,FUN_2,FUN_3
247583,1564,FUN_3,FUN_2
247591,6222,FUN_1,FUN_2
247599,2978,FUN_2,FUN_1
247608,24262,FUN_1,FUN_2
247617,8812,FUN_3,FUN_4
247625,3177,FUN_1,CUBE_L
247642,17518,FUN_2,FUN_1
247648,20077,FUN_6,FUN_5
247649,12412,FUN_1,CUBE_L
247671,28302,RET,CUBE_L
247682,18295,CUBE_L,FUN_1
247695,3223,CUBE_L,RET
247698,17740,FUN_1,FUN_2
247706,2625,FUN_4,FUN_5
247717,7135,CUBE_L,RET
247734,6983,FUN_2,FUN_3
247734,20016,FUN_3,FUN_2
247753,17261,FUN_1,FUN_2
247784,5256,CUBE_L,RET
247815,9523,FUN_2,FUN_3
247822,3158,FUN_2,FUN_3
247838,28494,FUN_3,FUN_2
247862,6100,RET,CUBE_R
247871,25475,FUN_2,FUN_1
247882,26858,FUN_3,FUN_2
247886,15027,FUN_2,FUN_1
247919,18514,CUBE_L,RET
247926,16356,FUN_6,FUN_5
247933,5334,RET,CUBE_R
247935,22515,FUN_2,FUN_3
247959,15633,FUN_1,FUN_2
247961,23563,FUN_2,FUN_3
247967,3302,FUN_3,FUN_2
247975,12412,CUBE_L,FUN_1
247982,3087,CUBE_L,RET
247990,11894,FUN_2,FUN_1
247993,5537,FUN_3,FUN_4
247999,3271,CUBE_R,RET
248014,10914,FUN_2,FUN_3
248014,20895,FUN_2,FUN_3
248016,23940,CUBE_L,FUN_1
248039,8078,FUN_3,FUN_2
248070,4280,CUBE_L,FUN_1
248079,3417,FUN_1,CUBE_L
248090,29334,CUBE_L,FUN_1
248095,11313,FUN_1,FUN_2
248119,19880,FUN_2,FUN_1
248121,10461,FUN_1,FUN_2
248123,10104,RET,CUBE_L
248130,5293,CUBE_R,FUN_6
248133,21604,FUN_3,FUN_2
248143,28851,CUBE_R,FUN_6
248174,3921,FUN_3,FUN_4
248186,12468,CUBE_R,FUN_6
248195,27739,FUN_3,FUN_4
248201,27327,FUN_3,FUN_2
248204,4577,FUN_2,FUN_3
248219,20863,FUN_1,CUBE_L
248245,5594,FUN_2,FUN_3
248246,21988,FUN_1,CUBE_L
248262,15803,FUN_3,FUN_2
248294,3083,FUN_2,FUN_3
248303,1311,FUN_4,FUN_3
248305,5590,FUN_4,FUN_3
248315,1305,CUBE_R,RET
248322,1470,FUN_3,FUN_2
248323,19940,RET,CUBE_R
248325,15823,FUN_1,FUN_2
248347,15542,FUN_4,FUN_5
248350,12906,RET,CUBE_L
248354,9390,FUN_2,FUN_3
248356,16583,FUN_3,FUN_2
248362,22920,FUN_3,FUN_2
248369,27640,FUN_2,FUN_3
248375,4796,FUN_3,FUN_2
248384,26857,CUBE_R,RET
248396,20211,FUN_5,FUN_6
248402,16967,RET,CUBE_R
248403,29535,CUBE_R,FUN_6
248408,5061,CUBE_L,RET
248429,23730,CUBE_R,RET
248434,13841,FUN_1,FUN_2
248441,14589,CUBE_R,FUN_6
248451,27752,FUN_2,FUN_1
248458,27932,FUN_6,CUBE_R
248471,14031,FUN_3,FUN_4
248483,26930,FUN_3,FUN_4
248499,19814,FUN_6,CUBE_R
248512,11512,FUN_2,FUN_3
248541,2518,FUN_2,FUN_3
248561,12512,FUN_3,FUN_4
248567,10614,FUN_1,FUN_2
248570,11164,FUN_3,FUN_4
248570,25797,FUN_2,FUN_3
248577,27640,FUN_3,FUN_2
248580,9353,FUN_3,FUN_2
248587,25929,FUN_2,FUN_3
248596,16685,FUN_1,FUN_2
248597,9713,RET,CUBE_L
248604,1970,FUN_6,FUN_5
248607,24528,FUN_1,CUBE_L
248615,5514,FUN_1,CUBE_L
248615,21838,FUN_2,FUN_1
248619,29521,FUN_4,FUN_3
248626,21502,FUN_2,FUN_3
248638,8078,FUN_2,FUN_3
248649,22433,CUBE_R,RET
248655,23563,FUN_3,FUN_2
248657,21244,CUBE_L,RET
248698,14885,FUN_1,FUN_2
248706,29947,FUN_2,FUN_3
248707,26354,FUN_2,FUN_1
248714,9533,FUN_4,FUN_3
248724,6164,FUN_3,FUN_2
248724,25225,FUN_3,FUN_2
248736,17462,CUBE_R,FUN_6
248737,24464,FUN_5,FUN_4
248758,1564,FUN_2,FUN_3
248761,20773,FUN_2,FUN_3
248762,1113,FUN_2,FUN_3
248765,5061,RET,CUBE_L
248769,20308,FUN_1,FUN_2
248771,22352,FUN_3,FUN_4
248785,23781,FUN_3,FUN_4
248796,26675,FUN_2,FUN_3
248797,11313,FUN_2,FUN_1
248801,17740,FUN_2,FUN_1
248804,2348,FUN_3,FUN_2
248835,14461,CUBE_R,RET
248838,3088,FUN_6,CUBE_R
248848,9533,FUN_3,FUN_4
248870,5576,FUN_3,FUN_4
248885,26276,RET,CUBE_L
248939,22920,FUN_2,FUN_3
248942,4479,RET,CUBE_L
248961,396,FUN_2,FUN_3
248970,8791,CUBE_R,RET
248975,17518,FUN_1,FUN_2
248978,905,FUN_2,FUN_1
248978,26743,FUN_5,FUN_4
249010,2260,RET,CUBE_L
249016,534,FUN_1,FUN_2
249026,13732,FUN_3,FUN_4
249027,5480,FUN_1,CUBE_L
249034,18050,FUN_3,FUN_2
249036,6085,FUN_2,FUN_1
249037,16128,FUN_6,CUBE_R
249058,23563,FUN_2,FUN_3
249064,6721,FUN_2,FUN_3
249065,5694,FUN_4,FUN_3
249071,19691,CUBE_L,RET
249071,24268,FUN_5,FUN_6
249079,28302,CUBE_L,RET
249089,9523,FUN_3,FUN_2
249110,29971,CUBE_L,RET
249112,2812,FUN_2,FUN_1
249113,7662,FUN_1,FUN_2
249124,24617,FUN_4,FUN_3
249157,12553,FUN_3,FUN_2
249181,4425,FUN_2,FUN_1
249199,25705,FUN_2,FUN_1
249200,8958,FUN_3,FUN_2
249201,17258,FUN_1,FUN_2
249204,24087,FUN_3,FUN_4
249213,10363,RET,CUBE_R
249222,23868,FUN_2,FUN_3
249241,27932,CUBE_R,FUN_6
249248,18514,RET,CUBE_L
249259,6806,FUN_3,FUN_2
249260,10916,RET,CUBE_R
249273,10245,FUN_2,FUN_1
249273,26862,FUN_2,FUN_1
249280,13911,RET,CUBE_L
249291,5514,CUBE_L,FUN_1
249297,763,FUN_1,FUN_2
249302,2518,FUN_3,FUN_2
249303,4941,FUN_3,FUN_2
249304,5786,FUN_2,FUN_3
249304,29334,FUN_1,CUBE_L
249308,13196,FUN_4,FUN_3
249317,13183,RET,CUBE_R
249323,9053,FUN_2,FUN_3
249326,17529,FUN_5,FUN_4
249335,6131,FUN_2,FUN_1
249341,9971,FUN_6,CUBE_R
249355,8853,FUN_3,FUN_2
249385,23781,FUN_4,FUN_3
249416,3367,FUN_3,FUN_4
249429,8791,RET,CUBE_R
249460,21724,CUBE_R,RET
249465,24436,FUN_6,FUN_5
249475,23452,FUN_3,FUN_4
249494,18290,FUN_2,FUN_3
249513,20119,FUN_2,FUN_1
249524,15460,FUN_3,FUN_2
249532,28779,FUN_3,FUN_4
249537,7008,FUN_3,FUN_2
249538,22682,FUN_4,FUN_5
249575,8958,FUN_2,FUN_3
249587,23030,FUN_2,FUN_3
249588,26367,CUBE_R,RET
249593,21967,FUN_5,FUN_6
249598,1796,FUN_4,FUN_5
249600,4970,FUN_1,FUN_2
249601,1360,FUN_2,FUN_3
249607,21582,FUN_3,FUN_4
249610,4425,FUN_1,FUN_2
249634,5061,CUBE_L,RET
249635,12512,FUN_4,FUN_3
249645,21988,CUBE_L,FUN_1
249651,29535,FUN_6,CUBE_R
249660,19860,FUN_1,FUN_2
249681,3556,FUN_1,FUN_2
249692,23868,FUN_3,FUN_2
249715,8791,CUBE_R,RET
249721,19918,RET,CUBE_L
249722,11319,FUN_3,FUN_4
249734,21674,FUN_3,FUN_2
249736,13432,FUN_3,FUN_2
249737,9208,FUN_1,FUN_2
249747,9053,FUN_3,FUN_2
249754,14609,FUN_1,FUN_2
249761,15051,FUN_4,FUN_3
249763,6477,FUN_5,FUN_6
249767,28321,FUN_6,FUN_5
249771,396,FUN_3,FUN_2
249777,9523,FUN_2,FUN_3
249793,6131,FUN_1,FUN_2
249796,19880,FUN_1,FUN_2
249802,24140,FUN_3,FUN_2
249802,27536,FUN_4,FUN_3
249803,11685,FUN_3,FUN_2
249805,17380,FUN_1,CUBE_L
249836,21967,FUN_6,FUN_5
249839,16708,FUN_6,CUBE_R
249855,17518,FUN_2,FUN_1
249861,29967,FUN_3,FUN_2
249862,23563,FUN_3,FUN_2
249870,493,RET,CUBE_L
249892,21988,FUN_1,CUBE_L
249898,15729,FUN_2,FUN_3
249914,4755,FUN_6,CUBE_R
249925,5569,FUN_4,FUN_3
249928,19629,FUN_3,FUN_2
249931,19957,FUN_3,FUN_2
249937,8791,RET,CUBE_R
249937,15823,FUN_2,FUN_1
249950,10272,FUN_3,FUN_4
249958,5061,RET,CUBE_L
249973,11685,FUN_2,FUN_3
249984,4755,CUBE_R,FUN_6
249988,17380,CUBE_L,FUN_1
249989,9971,CUBE_R,FUN_6
249990,22186,FUN_2,FUN_1
249996,18050,FUN_2,FUN_3
250002,10614,FUN_2,FUN_1
250005,29028,FUN_3,FUN_2
250023,17380,FUN_1,CUBE_L
250030,29933,FUN_2,FUN_3
250032,4755,FUN_6,CUBE_R
250042,9053,FUN_2,FUN_3
250043,1291,FUN_4,FUN_5
250051,28108,FUN_3,FUN_2
250054,17380,CUBE_L,FUN_1
250070,3306,CUBE_R,FUN_6
250072,7779,FUN_3,FUN_2
250077,17518,FUN_1,FUN_2
250083,7779,FUN_2,FUN_3
250094,24041,FUN_1,FUN_2
250097,24464,FUN_4,FUN_5
250114,23781,FUN_3,FUN_4
250129,775,FUN_2,FUN_3
250130,21929,FUN_1,FUN_2
250163,9056,FUN_4,FUN_3
250163,10085,FUN_2,FUN_1
250172,534,FUN_2,FUN_1
250184,17380,FUN_1,CUBE_L
250190,20011,FUN_6,FUN_5
250198,5608,RET,CUBE_R
250199,13124,CUBE_R,RET
250224,21674,FUN_2,FUN_3
250237,2045,FUN_3,FUN_4
250248,21817,FUN_2,FUN_1
250259,20211,FUN_6,FUN_5
250286,3667,CUBE_L,FUN_1
250295,13395,FUN_6,CUBE_R
250307,9456,FUN_4,FUN_3
250310,5480,CUBE_L,FUN_1
250316,1796,FUN_5,FUN_4
250340,20611,FUN_4,FUN_5
250341,23633,FUN_1,FUN_2
250341,25488,FUN_1,FUN_2
250345,10882,FUN_4,FUN_3
250375,19691,RET,CUBE_L
250379,1796,FUN_4,FUN_5
250381,9038,RET,CUBE_R
250384,28321,FUN_5,FUN_6
250401,19860,FUN_2,FUN_1
250407,29744,FUN_2,FUN_1
250426,25932,FUN_2,FUN_3
250444,24087,FUN_4,FUN_3
250446,19938,FUN_4,FUN_3
250448,1113,FUN_3,FUN_2
250465,14740,FUN_4,FUN_5
250467,14461,RET,CUBE_R
250474,12223,FUN_5,FUN_6
250481,16128,CUBE_R,FUN_6
250488,19816,FUN_4,FUN_3
250500,8859,CUBE_L,RET
250505,9489,FUN_5,FUN_6
250542,9294,RET,CUBE_L
250551,10234,FUN_2,FUN_1
250567,4755,CUBE_R,FUN_6
250569,6157,FUN_6,FUN_5
250572,12359,FUN_5,FUN_4
250575,8078,FUN_3,FUN_2
250583,8958,FUN_3,FUN_2
250584,18695,FUN_3,FUN_4
250595,3898,FUN_1,CUBE_L
250595,19831,FUN_3,FUN_4
250608,24371,CUBE_R,RET
250609,27752,FUN_1,FUN_2
250616,6269,RET,CUBE_R
250630,19245,FUN_2,FUN_1
250638,2211,FUN_2,FUN_1
250640,5185,FUN_3,FUN_2
250650,3417,CUBE_L,FUN_1
250651,29744,FUN_1,FUN_2
250671,26354,FUN_1,FUN_2
250676,17711,FUN_2,FUN_1
250677,20348,FUN_2,FUN_3
250684,10387,CUBE_L,RET
250686,5061,CUBE_L,RET
250687,19365,FUN_5,FUN_6
250691,19395,FUN_2,FUN_3
250697,26449,FUN_2,FUN_1
250712,14552,FUN_3,FUN_2
250714,17227,FUN_4,FUN_5
250718,20562,RET,CUBE_R
250731,23768,FUN_2,FUN_1
250732,13735,FUN_4,FUN_5
250739,23135,CUBE_L,RET
250744,25932,FUN_3,FUN_2
250761,10869,FUN_6,FUN_5
250790,10787,FUN_5,FUN_4
250791,23030,FUN_3,FUN_2
250792,19383,FUN_2,FUN_1
250801,22186,FUN_1,FUN_2
250811,20377,FUN_5,FUN_6
250819,8791,CUBE_R,RET
250821,19215,FUN_6,CUBE_R
250822,10387,RET,CUBE_L
250835,10387,CUBE_L,RET
250839,19515,FUN_3,FUN_2
250843,9399,FUN_3,FUN_2
250845,24528,CUBE_L,FUN_1
250861,20077,FUN_5,FUN_6
250863,5569,FUN_3,FUN_4
250873,1796,FUN_5,FUN_4
250876,23593,FUN_1,FUN_2
250916,12595,FUN_5,FUN_6
250920,5061,RET,CUBE_L
250925,19918,CUBE_L,RET
250927,2078,CUBE_R,FUN_6
250935,28684,FUN_3,FUN_2
250946,10387,RET,CUBE_L
250951,2943,RET,CUBE_R
250951,5065,FUN_2,FUN_3
250955,29187,FUN_1,FUN_2
250979,23036,FUN_4,FUN_3
250981,22338,FUN_3,FUN_2
250995,8958,FUN_2,FUN_3
251005,21953,FUN_4,FUN_3
251027,3144,FUN_3,FUN_2
251027,5293,FUN_6,CUBE_R
251037,8859,RET,CUBE_L
251039,27471,FUN_3,FUN_2
251043,15286,FUN_3,FUN_2
251049,2812,FUN_1,FUN_2
251059,19661,FUN_3,FUN_2
251059,20773,FUN_3,FUN_2
251063,25711,FUN_3,FUN_2
251079,19831,FUN_4,FUN_3
251081,18119,FUN_6,FUN_5
251088,15705,FUN_3,FUN_4
251096,19792,FUN_3,FUN_2
251139,29079,FUN_1,FUN_2
251155,15823,FUN_1,FUN_2
251162,17311,RET,CUBE_R
251174,6314,FUN_3,FUN_2
251188,25797,FUN_3,FUN_2
251190,21502,FUN_3,FUN_2
251191,28321,FUN_6,FUN_5
251206,4235,RET,CUBE_R
251213,9642,FUN_3,FUN_2
251222,15617,RET,CUBE_R
251225,534,FUN_1,FUN_2
251232,8248,FUN_1,FUN_2
251243,29144,FUN_2,FUN_1
251264,19666,FUN_2,FUN_3
251319,8853,FUN_2,FUN_3
251332,19918,RET,CUBE_L
251333,15032,FUN_2,FUN_3
251341,2078,FUN_6,CUBE_R
251347,20119,FUN_1,FUN_2
251352,4700,FUN_1,FUN_2
251369,29806,FUN_2,FUN_1
251384,18514,CUBE_L,RET
251388,6738,FUN_2,FUN_3
251407,12965,CUBE_R,FUN_6
251413,19860,FUN_1,FUN_2
251415,23563,FUN_2,FUN_3
251421,20016,FUN_2,FUN_3
251423,4689,FUN_2,FUN_1
251453,20284,FUN_2,FUN_1
251461,15032,FUN_3,FUN_2
251466,27799,FUN_6,FUN_5
251473,8408,RET,CUBE_L
251477,5293,CUBE_R,FUN_6
251483,9038,CUBE_R,RET
251511,20901,FUN_3,FUN_2
251534,23135,RET,CUBE_L
251543,24578,FUN_2,FUN_3
251552,24087,FUN_3,FUN_4
251572,16591,FUN_4,FUN_3
251579,2078,CUBE_R,FUN_6
251581,11122,CUBE_R,RET
251586,29422,CUBE_R,FUN_6
251598,6621,FUN_1,FUN_2
251615,10875,FUN_1,FUN_2
251633,5142,FUN_5,FUN_6
251639,702,CUBE_R,RET
251656,22920,FUN_3,FUN_2
251663,23054,FUN_2,FUN_1
251665,23963,FUN_3,FUN_2
251669,13949,FUN_2,FUN_1
251700,5065,FUN_3,FUN_2
251728,14300,FUN_1,CUBE_L
251741,14815,FUN_1,FUN_2
251743,19792,FUN_2,FUN_3
251765,25797,FUN_2,FUN_3
251775,19133,FUN_2,FUN_3
251792,26169,FUN_2,FUN_3
251799,25271,FUN_5,FUN_6
251808,23904,FUN_6,FUN_5
251813,9456,FUN_3,FUN_4
251830,9390,FUN_3,FUN_2
251838,12535,CUBE_L,RET
251838,28586,FUN_4,FUN_5
251857,16128,FUN_6,CUBE_R
251858,22920,FUN_2,FUN_3
251861,19792,FUN_3,FUN_2
251862,21953,FUN_3,FUN_4
251871,22129,FUN_4,FUN_5
251879,15867,CUBE_L,RET
251886,28980,FUN_2,FUN_3
251896,384,FUN_3,FUN_2
251901,13911,CUBE_L,RET
251909,16685,FUN_2,FUN_1
251910,28980,FUN_3,FUN_2
251912,11894,FUN_1,FUN_2
251917,16621,FUN_4,FUN_5
251920,13476,FUN_1,FUN_2
251929,24464,FUN_5,FUN_4
251937,2244,CUBE_L,RET
251946,26838,FUN_6,CUBE_R
251947,1549,FUN_6,CUBE_R
251949,14461,CUBE_R,RET
251954,14203,CUBE_R,FUN_6
251965,11856,FUN_2,FUN_3
251966,25929,FUN_3,FUN_2
251968,23036,FUN_3,FUN_4
251969,13183,CUBE_R,RET
251980,10488,FUN_2,FUN_1
251997,7631,FUN_2,FUN_3
251997,28980,FUN_2,FUN_3
252016,23904,FUN_5,FUN_6
252020,29187,FUN_2,FUN_1
252024,23135,CUBE_L,RET
252025,1113,FUN_2,FUN_3
252040,19566,FUN_2,FUN_1
252045,8958,FUN_3,FUN_2
252067,4982,FUN_3,FUN_4
252068,7550,CUBE_R,RET
252082,28239,FUN_3,FUN_2
252084,24345,FUN_2,FUN_1
252085,4986,FUN_4,FUN_3
252094,775,FUN_3,FUN_2
252140,9000,FUN_2,FUN_1
252151,12535,RET,CUBE_L
252161,2812,FUN_2,FUN_1
252183,29644,CUBE_L,FUN_1
252185,17727,FUN_4,FUN_3
252193,365,FUN_6,FUN_5
252194,3088,CUBE_R,FUN_6
252196,15793,FUN_3,FUN_2
252211,24464,FUN_4,FUN_5
252215,19918,CUBE_L,RET
252246,19395,FUN_3,FUN_2
252253,19047,FUN_6,CUBE_R
252270,16967,CUBE_R,RET
252277,17518,FUN_2,FUN_1
252279,24447,FUN_2,FUN_1
252280,204,CUBE_L,RET
252292,23135,RET,CUBE_L
252326,19847,FUN_2,FUN_1
252340,5,CUBE_R,RET
252354,17474,FUN_2,FUN_3
252354,20016,FUN_3,FUN_2
252358,19658,FUN_5,FUN_6
252360,29305,FUN_2,FUN_1
252362,13911,RET,CUBE_L
252363,6314,FUN_2,FUN_3
252369,13432,FUN_2,FUN_3
252376,967,FUN_1,FUN_2
252385,3667,FUN_1,CUBE_L
252391,6164,FUN_2,FUN_3
252402,13025,FUN_5,FUN_4
252403,342,FUN_1,FUN_2
252407,3459,CUBE_L,FUN_1
252408,9287,FUN_3,FUN_2
252411,12595,FUN_6,FUN_5
252441,13245,FUN_4,FUN_3
252450,11192,CUBE_L,FUN_1
252456,12412,FUN_1,CUBE_L
252472,15632,FUN_6,CUBE_R
252479,10916,CUBE_R,RET
252520,7149,FUN_2,FUN_3
252526,25711,FUN_2,FUN_3
252535,24615,FUN_2,FUN_3
252537,29144,FUN_1,FUN_2
252540,12383,FUN_4,FUN_5
252595,5677,FUN_4,FUN_3
252622,11250,CUBE_R,FUN_6
252638,18050,FUN_3,FUN_2
252661,11051,CUBE_L,FUN_1
252684,18659,FUN_6,FUN_5
252685,18119,FUN_5,FUN_6
252689,24347,FUN_4,FUN_3
252701,967,FUN_2,FUN_1
252708,23030,FUN_2,FUN_3
252718,19918,RET,CUBE_L
252726,28494,FUN_2,FUN_3
252728,3088,FUN_6,CUBE_R
252734,9390,FUN_2,FUN_3
252755,23904,FUN_6,FUN_5
252770,7463,FUN_3,FUN_4
252771,9532,FUN_3,FUN_4
252783,5629,FUN_1,FUN_2
252787,19864,FUN_4,FUN_5
252815,19031,CUBE_L,RET
252815,21838,FUN_1,FUN_2
252827,2078,FUN_6,CUBE_R
252839,18716,FUN_2,FUN_1
252840,26838,CUBE_R,FUN_6
252842,5719,FUN_4,FUN_3
252853,7954,CUBE_R,RET
252883,4970,FUN_2,FUN_1
252891,967,FUN_1,FUN_2
252897,11490,FUN_1,FUN_2
252907,2261,FUN_4,FUN_3
252946,2382,FUN_3,FUN_2
252951,20901,FUN_2,FUN_3
252960,4713,FUN_3,FUN_4
252960,5434,FUN_2,FUN_1
252996,11674,FUN_2,FUN_3
253000,23457,FUN_5,FUN_4
253005,15863,CUBE_R,RET
253027,15027,FUN_1,FUN_2
253034,1959,CUBE_R,RET
253049,4755,FUN_6,CUBE_R
253061,29952,FUN_3,FUN_2
253074,4280,FUN_1,CUBE_L
253079,16128,CUBE_R,FUN_6
253081,19792,FUN_2,FUN_3
253094,11856,FUN_3,FUN_2
253097,12553,FUN_2,FUN_3
253107,2211,FUN_1,FUN_2
253109,9000,FUN_1,FUN_2
253125,3144,FUN_2,FUN_3
253131,23901,CUBE_R,RET
253138,5800,FUN_1,FUN_2
253142,17510,FUN_2,FUN_3
253150,7420,FUN_3,FUN_2
253152,3306,FUN_6,CUBE_R
253160,29144,FUN_2,FUN_1
253168,23904,FUN_5,FUN_6
253176,825,FUN_1,FUN_2
253190,17486,FUN_4,FUN_3
253192,5457,FUN_2,FUN_3
253221,14589,FUN_6,CUBE_R
253222,22134,FUN_3,FUN_4
253224,4526,FUN_3,FUN_4
253234,26449,FUN_1,FUN_2
253240,5677,FUN_3,FUN_4
253272,9287,FUN_2,FUN_3
253273,21988,CUBE_L,FUN_1
253282,29247,CUBE_L,FUN_1
253291,16583,FUN_2,FUN_3
253324,11277,FUN_4,FUN_3
253338,12259,FUN_2,FUN_3
253347,3609,FUN_3,FUN_4
253357,23123,FUN_3,FUN_4
253373,10408,CUBE_R,RET
253378,28494,FUN_3,FUN_2
253386,17222,FUN_1,FUN_2
253407,28684,FUN_2,FUN_3
253410,7269,FUN_2,FUN_3
253411,23593,FUN_2,FUN_1
253429,1453,FUN_2,FUN_3
253468,24345,FUN_1,FUN_2
253474,13894,FUN_2,FUN_1
253490,5569,FUN_4,FUN_3
253495,22598,FUN_1,FUN_2
253503,11490,FUN_2,FUN_1
253507,29967,FUN_2,FUN_3
253511,19374,FUN_1,FUN_2
253513,24268,FUN_6,FUN_5
253536,26252,CUBE_R,RET
253544,23563,FUN_3,FUN_2
253570,19784,FUN_4,FUN_3
253574,5800,FUN_2,FUN_1
253598,27812,FUN_4,FUN_3
253605,2625,FUN_5,FUN_4
253616,13865,FUN_3,FUN_2
253670,20011,FUN_5,FUN_6
253670,20901,FUN_3,FUN_2
253707,4689,FUN_1,FUN_2
253711,10532,FUN_2,FUN_1
253732,14740,FUN_5,FUN_4
253739,11915,CUBE_R,RET
253745,24982,FUN_2,FUN_3
253751,9456,FUN_4,FUN_3
253763,12973,CUBE_R,RET
253829,15662,FUN_4,FUN_3
253831,12860,FUN_3,FUN_4
253848,23904,FUN_6,FUN_5
253848,26249,CUBE_L,RET
253855,16436,FUN_5,FUN_6
253864,15401,RET,CUBE_R
253885,18891,FUN_5,FUN_4
253886,24179,FUN_6,CUBE_R
253910,4583,FUN_2,FUN_3
253920,13511,FUN_1,FUN_2
253937,23433,CUBE_R,FUN_6
253944,10085,FUN_1,FUN_2
253951,14552,FUN_2,FUN_3
253952,27338,CUBE_R,FUN_6
253966,19938,FUN_3,FUN_4
253976,21967,FUN_5,FUN_6
253979,15051,FUN_3,FUN_4
253979,15708,CUBE_L,RET
253987,10085,FUN_2,FUN_1
253989,23868,FUN_2,FUN_3
253999,25705,FUN_1,FUN_2
254002,18587,CUBE_L,RET
254012,27471,FUN_2,FUN_3
254025,10068,FUN_2,FUN_3
254026,1470,FUN_2,FUN_3
254043,17380,CUBE_L,FUN_1
254044,10085,FUN_1,FUN_2
254045,7592,RET,CUBE_L
254062,15617,CUBE_R,RET
254071,15793,FUN_2,FUN_3
254077,6305,RET,CUBE_R
254093,763,FUN_2,FUN_1
254095,10882,FUN_3,FUN_4
254095,19924,FUN_2,FUN_3
254100,967,FUN_2,FUN_1
254109,9962,FUN_4,FUN_5
254130,9287,FUN_3,FUN_2
254138,7149,FUN_3,FUN_2
254143,20077,FUN_6,FUN_5
254149,12165,FUN_2,FUN_1
254157,20773,FUN_2,FUN_3
254163,2900,CUBE_R,RET
254168,467,FUN_4,FUN_5
254185,14203,FUN_6,CUBE_R
254209,12973,RET,CUBE_R
254218,10787,FUN_4,FUN_5
254219,9970,FUN_3,FUN_2
254221,29187,FUN_1,FUN_2
254236,25248,FUN_2,FUN_3
254260,11250,FUN_6,CUBE_R
254263,20074,CUBE_R,RET
254280,28561,FUN_3,FUN_2
254281,6477,FUN_6,FUN_5
254285,23768,FUN_1,FUN_2
254297,5707,FUN_2,FUN_1
254305,13124,RET,CUBE_R
254323,12973,CUBE_R,RET
254324,7602,CUBE_L,RET
254342,5861,FUN_3,FUN_2
254342,24982,FUN_3,FUN_2
254343,28217,FUN_3,FUN_4
254349,12535,CUBE_L,RET
254353,10568,RET,CUBE_L
254364,20391,FUN_1,CUBE_L
254372,29602,FUN_6,FUN_5
254379,1462,CUBE_L,RET
254393,21817,FUN_1,FUN_2
254395,19395,FUN_2,FUN_3
254409,22433,RET,CUBE_R
254414,11512,FUN_3,FUN_2
254432,25682,FUN_5,FUN_6
254446,933,CUBE_R,RET
254447,10597,FUN_4,FUN_5
254454,12973,RET,CUBE_R
254457,21871,FUN_2,FUN_3
254478,19938,FUN_4,FUN_3
254478,20284,FUN_1,FUN_2
254481,2518,FUN_2,FUN_3
254486,9597,FUN_3,FUN_2
254500,12973,CUBE_R,RET
254546,9287,FUN_2,FUN_3
254546,26252,RET,CUBE_R
254584,19566,FUN_1,FUN_2
254595,4465,RET,CUBE_L
254614,2078,CUBE_R,FUN_6
254615,29144,FUN_1,FUN_2
254630,10532,FUN_1,FUN_2
254633,9532,FUN_4,FUN_3
254648,23566,CUBE_L,FUN_1
254658,20299,RET,CUBE_L
254659,7955,FUN_2,FUN_1
254665,18050,FUN_2,FUN_3
254668,25315,CUBE_R,RET
254673,7484,FUN_2,FUN_1
254679,18295,FUN_1,CUBE_L
254679,19938,FUN_3,FUN_4
254721,13986,FUN_1,FUN_2
254728,22534,FUN_5,FUN_6
254751,3913,FUN_2,FUN_3
254751,17076,RET,CUBE_L
254772,14569,FUN_4,FUN_5
254782,13639,CUBE_L,RET
254785,17727,FUN_3,FUN_4
254790,12769,CUBE_L,RET
254799,13432,FUN_3,FUN_2
254818,4905,RET,CUBE_L
254825,29967,FUN_3,FUN_2
254830,3367,FUN_4,FUN_3
254895,27002,CUBE_R,FUN_6
254897,6269,CUBE_R,RET
254900,9532,FUN_3,FUN_4
254908,15719,FUN_1,FUN_2
254909,1017,FUN_2,FUN_1
254934,15916,FUN_2,FUN_3
254944,13057,CUBE_L,FUN_1
254956,24472,FUN_3,FUN_2
254960,1029,CUBE_R,RET
254962,29102,FUN_3,FUN_2
254976,3705,FUN_2,FUN_1
254981,15793,FUN_3,FUN_2
254981,27779,FUN_4,FUN_3
254984,14938,FUN_3,FUN_2
254994,3459,FUN_1,CUBE_L
254999,25639,FUN_5,FUN_4
255005,26489,FUN_5,FUN_6
255040,1453,FUN_3,FUN_2
255051,29869,FUN_3,FUN_2
255054,26686,FUN_3,FUN_2
255059,29117,FUN_2,FUN_1
255069,23712,CUBE_L,RET
255085,12264,FUN_3,FUN_2
255087,8408,CUBE_L,RET
255090,1959,RET,CUBE_R
255103,19600,CUBE_R,FUN_6
255112,29443,FUN_3,FUN_2
255130,4159,FUN_1,FUN_2
255134,12965,FUN_6,CUBE_R
255137,24653,FUN_4,FUN_5
255145,7525,FUN_4,FUN_3
255147,384,FUN_2,FUN_3
255176,9307,CUBE_R,RET
255178,27083,FUN_3,FUN_2
255185,29102,FUN_2,FUN_3
255187,9642,FUN_2,FUN_3
255196,17261,FUN_2,FUN_1
255197,26058,FUN_2,FUN_1
255203,14351,FUN_4,FUN_5
255215,6690,FUN_1,CUBE_L
255215,29940,FUN_2,FUN_1
255245,2261,FUN_3,FUN_4
255259,10129,FUN_3,FUN_2
255275,987,FUN_2,FUN_1
255276,3898,CUBE_L,FUN_1
255289,2078,FUN_6,CUBE_R
255300,29952,FUN_2,FUN_3
255332,22598,FUN_2,FUN_1
255332,24909,FUN_3,FUN_2
255335,25248,FUN_3,FUN_2
255337,23178,FUN_2,FUN_3
255345,15916,FUN_3,FUN_2
255347,12386,FUN_2,FUN_1
255353,25632,CUBE_R,FUN_6
255367,24943,RET,CUBE_R
255376,5800,FUN_1,FUN_2
255378,29144,FUN_2,FUN_1
255379,15460,FUN_2,FUN_3
255395,29557,FUN_3,FUN_2
255408,20388,CUBE_L,RET
255433,461,FUN_1,FUN_2
255444,15080,FUN_2,FUN_3
255444,18086,FUN_4,FUN_5
255468,4966,FUN_5,FUN_4
255473,1453,FUN_2,FUN_3
255483,21027,RET,CUBE_L
255485,22599,FUN_6,CUBE_R
255491,1771,FUN_2,FUN_1
255498,5677,FUN_4,FUN_3
255501,14461,RET,CUBE_R
255505,7475,FUN_5,FUN_6
255508,8417,FUN_2,FUN_3
255512,18695,FUN_4,FUN_3
255520,15863,RET,CUBE_R
255524,9869,FUN_3,FUN_2
255536,23178,FUN_3,FUN_2
255541,26169,FUN_3,FUN_2
255547,12386,FUN_1,FUN_2
255547,14609,FUN_2,FUN_1
255552,10129,FUN_2,FUN_3
255553,15916,FUN_2,FUN_3
255553,24179,CUBE_R,FUN_6
255588,26105,FUN_4,FUN_5
255594,9294,CUBE_L,RET
255597,20140,FUN_2,FUN_1
255601,23563,FUN_2,FUN_3
255605,10525,FUN_1,FUN_2
255606,10787,FUN_5,FUN_4
255609,2632,RET,CUBE_L
255614,5707,FUN_1,FUN_2
255638,26981,FUN_3,FUN_2
255657,23331,FUN_3,FUN_2
255661,14566,FUN_5,FUN_6
255663,1887,FUN_6,CUBE_R
255667,10822,FUN_4,FUN_5
255669,5677,FUN_3,FUN_4
255685,6799,FUN_5,FUN_4
255698,8957,CUBE_L,RET
255709,15708,RET,CUBE_L
255710,20016,FUN_2,FUN_3
255729,22598,FUN_1,FUN_2
255754,16356,FUN_5,FUN_6
255771,16356,FUN_6,FUN_5
255777,2008,FUN_2,FUN_1
255778,15620,FUN_3,FUN_2
255805,2900,RET,CUBE_R
255828,467,FUN_5,FUN_4
255843,26249,RET,CUBE_L
255845,27967,RET,CUBE_R
255869,12326,FUN_3,FUN_2
255869,12512,FUN_3,FUN_4
255870,15793,FUN_2,FUN_3
255893,5214,FUN_3,FUN_2
255898,15916,FUN_3,FUN_2
255907,13782,FUN_2,FUN_1
255917,1887,CUBE_R,FUN_6
255921,21100,FUN_4,FUN_5
255961,6799,FUN_4,FUN_5
255967,24447,FUN_1,FUN_2
255981,15803,FUN_2,FUN_3
255988,4544,CUBE_R,RET
255993,22772,CUBE_R,FUN_6
255994,12512,FUN_4,FUN_3
256007,22186,FUN_2,FUN_1
256010,29004,FUN_2,FUN_1
256014,26375,FUN_6,CUBE_R
256025,5537,FUN_4,FUN_3
256033,17529,FUN_4,FUN_5
256036,5310,FUN_3,FUN_4
256052,11490,FUN_1,FUN_2
256055,7631,FUN_3,FUN_2
256077,2222,CUBE_L,RET
256093,5434,FUN_1,FUN_2
256101,1311,FUN_3,FUN_4
256109,9686,FUN_4,FUN_5
256120,10408,RET,CUBE_R
256124,29102,FUN_3,FUN_2
256128,8933,FUN_3,FUN_2
256135,17529,FUN_5,FUN_4
256144,15156,CUBE_R,FUN_6
256145,238,FUN_4,FUN_5
256145,6659,CUBE_L,RET
256162,11812,FUN_2,FUN_3
256172,16356,FUN_5,FUN_6
256187,25639,FUN_4,FUN_5
256191,27338,FUN_6,CUBE_R
256192,29443,FUN_2,FUN_3
256227,7087,CUBE_L,RET
256242,22534,FUN_6,FUN_5
256255,5677,FUN_4,FUN_3
256269,7326,FUN_2,FUN_1
256283,10787,FUN_4,FUN_5
256283,29940,FUN_1,FUN_2
256294,6659,RET,CUBE_L
256304,4479,CUBE_L,RET
256311,19395,FUN_3,FUN_2
256317,29305,FUN_1,FUN_2
256318,8942,CUBE_L,RET
256318,29700,CUBE_L,FUN_1
256320,29102,FUN_2,FUN_3
256338,5055,FUN_6,CUBE_R
256339,23054,FUN_1,FUN_2
256347,23901,RET,CUBE_R
256361,10822,FUN_5,FUN_4
256366,15617,RET,CUBE_R
256370,16583,FUN_3,FUN_2
256381,13025,FUN_4,FUN_5
256386,16621,FUN_5,FUN_4
256390,4905,CUBE_L,RET
256428,25271,FUN_6,FUN_5
256430,839,CUBE_R,FUN_6
256430,19395,FUN_2,FUN_3
256444,16286,FUN_1,FUN_2
256447,8958,FUN_2,FUN_3
256447,28180,FUN_3,FUN_2
256477,4755,CUBE_R,FUN_6
256478,384,FUN_3,FUN_2
256480,13894,FUN_1,FUN_2
256481,9307,RET,CUBE_R
256508,2382,FUN_2,FUN_3
256511,16158,CUBE_L,FUN_1
256527,14383,FUN_6,FUN_5
256533,2211,FUN_2,FUN_1
256541,11281,FUN_4,FUN_5
256544,5214,FUN_2,FUN_3
256546,26252,CUBE_R,RET
256564,2348,FUN_2,FUN_3
256595,7080,RET,CUBE_R
256596,12412,CUBE_L,FUN_1
256608,8127,CUBE_L,RET
256678,10962,FUN_2,FUN_1
256707,29226,FUN_3,FUN_2
256723,7032,FUN_1,FUN_2
256729,19747,FUN_1,CUBE_L
256731,5457,FUN_3,FUN_2
256745,7965,FUN_6,CUBE_R
256762,1408,CUBE_L,FUN_1
256764,3225,FUN_2,FUN_3
256772,561,FUN_2,FUN_1
256785,1171,FUN_6,CUBE_R
256806,5185,FUN_2,FUN_3
256821,1897,RET,CUBE_L
256835,19600,FUN_6,CUBE_R
256836,25271,FUN_5,FUN_6
256839,29521,FUN_3,FUN_4
256842,8417,FUN_3,FUN_2
256857,20810,FUN_6,FUN_5
256869,5,RET,CUBE_R
256877,10822,FUN_4,FUN_5
256887,25315,RET,CUBE_R
256892,25291,FUN_2,FUN_1
256894,384,FUN_2,FUN_3
256912,21110,FUN_2,FUN_3
256919,22180,FUN_2,FUN_1
256925,1887,FUN_6,CUBE_R
256934,6169,FUN_2,FUN_3
256953,21215,FUN_2,FUN_1
256959,16034,FUN_1,FUN_2
256966,544,CUBE_R,RET
256969,318,RET,CUBE_R
256976,13782,FUN_1,FUN_2
256982,9307,CUBE_R,RET
256985,22744,FUN_2,FUN_3
257001,9000,FUN_2,FUN_1
257005,15156,FUN_6,CUBE_R
257020,15580,FUN_4,FUN_3
257032,2714,FUN_2,FUN_1
257035,28302,RET,CUBE_L
257041,4459,FUN_5,FUN_6
257042,15497,CUBE_L,RET
257046,7420,FUN_2,FUN_3
257066,544,RET,CUBE_R
257072,7194,FUN_3,FUN_4
257077,29304,FUN_2,FUN_3
257089,21100,FUN_5,FUN_4
257092,20868,FUN_3,FUN_2
257094,13816,FUN_3,FUN_2
257110,5185,FUN_3,FUN_2
257126,5185,FUN_2,FUN_3
257134,6691,FUN_2,FUN_1
257161,6553,FUN_2,FUN_1
257161,8309,CUBE_L,RET
257161,26489,FUN_6,FUN_5
257163,5185,FUN_3,FUN_2
257164,4425,FUN_2,FUN_1
257166,5185,FUN_2,FUN_3
257178,5242,FUN_4,FUN_5
257180,3225,FUN_3,FUN_2
257182,13865,FUN_2,FUN_3
257186,27089,FUN_2,FUN_1
257212,21389,CUBE_R,FUN_6
257212,22180,FUN_1,FUN_2
257216,1566,FUN_2,FUN_1
257217,29521,FUN_4,FUN_3
257242,9686,FUN_5,FUN_4
257252,20016,FUN_3,FUN_2
257275,2695,FUN_5,FUN_6
257276,23937,FUN_2,FUN_1
257283,27002,FUN_6,CUBE_R
257290,22599,CUBE_R,FUN_6
257298,11853,FUN_4,FUN_5
257299,1350,FUN_6,FUN_5
257303,13245,FUN_3,FUN_4
257311,12860,FUN_4,FUN_3
257312,5185,FUN_3,FUN_2
257317,20604,CUBE_R,RET
257339,26489,FUN_5,FUN_6
257350,17510,FUN_3,FUN_2
257372,27802,CUBE_R,FUN_6
257395,11788,RET,CUBE_L
257407,18990,FUN_5,FUN_6
257411,27599,FUN_6,FUN_5
257417,13124,CUBE_R,RET
257422,11674,FUN_3,FUN_2
257422,29247,FUN_1,CUBE_L
257424,26708,CUBE_R,RET
257442,5858,CUBE_R,FUN_6
257445,17727,FUN_4,FUN_3
257483,27083,FUN_2,FUN_3
257496,27126,FUN_2,FUN_1
257514,13782,FUN_2,FUN_1
257515,22780,FUN_2,FUN_3
257523,5185,FUN_2,FUN_3
257527,16650,FUN_4,FUN_3
257529,4129,FUN_2,FUN_3
257532,1017,FUN_1,FUN_2
257534,3044,FUN_2,FUN_3
257539,18295,CUBE_L,FUN_1
257544,2211,FUN_1,FUN_2
257546,1462,RET,CUBE_L
257550,12791,FUN_2,FUN_3
257556,29026,FUN_1,CUBE_L
257578,11674,FUN_2,FUN_3
257583,318,CUBE_R,RET
257594,26252,RET,CUBE_R
257598,19092,FUN_2,FUN_1
257599,23563,FUN_3,FUN_2
257617,15708,CUBE_L,RET
257620,21215,FUN_1,FUN_2
257624,1000,FUN_2,FUN_3
257638,905,FUN_1,FUN_2
257648,27083,FUN_3,FUN_2
257653,29102,FUN_3,FUN_2
257663,17510,FUN_2,FUN_3
257670,9260,FUN_4,FUN_3
257670,17208,FUN_2,FUN_1
257671,13782,FUN_1,FUN_2
257704,11812,FUN_3,FUN_2
257709,763,FUN_1,FUN_2
257711,10600,CUBE_L,FUN_1
257717,15526,FUN_2,FUN_1
257722,21407,FUN_4,FUN_3
257725,9787,FUN_2,FUN_1
257759,11490,FUN_2,FUN_1
257759,17261,FUN_1,FUN_2
257776,18295,FUN_1,CUBE_L
257793,24964,RET,CUBE_L
257800,11915,RET,CUBE_R
257802,1341,RET,CUBE_L
257815,17153,FUN_4,FUN_3
257837,7326,FUN_1,FUN_2
257838,10849,FUN_5,FUN_4
257862,28681,RET,CUBE_R
257863,24065,FUN_4,FUN_5
257865,15436,FUN_2,FUN_3
257873,7786,CUBE_R,FUN_6
257877,24065,FUN_5,FUN_4
257880,6721,FUN_3,FUN_2
257880,20192,FUN_4,FUN_3
257886,24065,FUN_4,FUN_5
257903,5185,FUN_3,FUN_2
257927,19747,CUBE_L,FUN_1
257937,10600,FUN_1,CUBE_L
257942,29443,FUN_3,FUN_2
257944,11563,FUN_2,FUN_3
257953,24528,FUN_1,CUBE_L
257962,14466,RET,CUBE_R
257966,987,FUN_1,FUN_2
257978,20658,FUN_3,FUN_4
257991,13057,FUN_1,CUBE_L
257992,23342,RET,CUBE_R
258006,23727,FUN_4,FUN_3
258021,24134,RET,CUBE_R
258029,29443,FUN_2,FUN_3
258051,3898,FUN_1,CUBE_L
258054,3083,FUN_3,FUN_2
258060,4577,FUN_3,FUN_2
258063,25921,CUBE_L,RET
258065,2714,FUN_1,FUN_2
258071,22186,FUN_1,FUN_2
258079,12860,FUN_3,FUN_4
258087,22747,FUN_1,CUBE_L
258091,23712,RET,CUBE_L
258117,6447,FUN_2,FUN_1
258128,4146,FUN_4,FUN_3
258130,10385,FUN_3,FUN_4
258143,7032,FUN_2,FUN_1
258146,15729,FUN_3,FUN_2
258154,26460,FUN_4,FUN_3
258158,20868,FUN_2,FUN_3
258160,2925,FUN_2,FUN_3
258166,18476,RET,CUBE_R
258168,5608,CUBE_R,RET
258175,11250,CUBE_R,FUN_6
258179,26543,FUN_1,FUN_2
258183,2211,FUN_2,FUN_1
258184,24851,FUN_3,FUN_4
258186,11512,FUN_2,FUN_3
258189,5135,FUN_3,FUN_4
258194,15294,FUN_4,FUN_3
258212,25291,FUN_1,FUN_2
258212,29004,FUN_1,FUN_2
258216,7475,FUN_6,FUN_5
258217,7788,FUN_2,FUN_3
258228,11250,FUN_6,CUBE_R
258228,18976,FUN_4,FUN_3
258231,24851,FUN_4,FUN_3
258235,14938,FUN_2,FUN_3
258243,12769,RET,CUBE_L
258252,27083,FUN_2,FUN_3
258257,24179,FUN_6,CUBE_R
258269,10488,FUN_1,FUN_2
258273,2382,FUN_3,FUN_2
258278,23563,FUN_2,FUN_3
258288,493,CUBE_L,RET
258319,29731,FUN_1,FUN_2
258332,7008,FUN_2,FUN_3
258337,10431,CUBE_L,FUN_1
258343,9892,FUN_2,FUN_3
258356,13865,FUN_3,FUN_2
258359,2549,CUBE_L,RET
258360,5858,FUN_6,CUBE_R
258385,18969,FUN_3,FUN_4
258416,27779,FUN_3,FUN_4
258425,17518,FUN_1,FUN_2
258430,29226,FUN_2,FUN_3
258439,28110,FUN_1,FUN_2
258441,7475,FUN_5,FUN_6
258453,17888,CUBE_L,RET
258467,26001,FUN_3,FUN_2
258487,23850,FUN_3,FUN_2
258515,4219,FUN_2,FUN_1
258525,11313,FUN_1,FUN_2
258532,24653,FUN_5,FUN_4
258615,19600,CUBE_R,FUN_6
258662,26412,CUBE_L,FUN_1
258676,24851,FUN_3,FUN_4
258685,20078,FUN_3,FUN_2
258685,22772,FUN_6,CUBE_R
258689,19144,FUN_4,FUN_3
258701,20077,FUN_5,FUN_6
258703,544,CUBE_R,RET
258711,23963,FUN_2,FUN_3
258713,24851,FUN_4,FUN_3
258739,28656,FUN_2,FUN_3
258740,24347,FUN_3,FUN_4
258765,19035,FUN_3,FUN_4
258775,8353,FUN_4,FUN_5
258775,29757,FUN_2,FUN_1
258778,19646,FUN_6,CUBE_R
258810,3701,CUBE_R,RET
258810,15823,FUN_2,FUN_1
258814,25899,FUN_2,FUN_3
258826,5800,FUN_2,FUN_1
258836,27266,FUN_6,FUN_5
258844,24751,FUN_6,CUBE_R
258847,10385,FUN_4,FUN_3
258850,24081,FUN_5,FUN_4
258852,29187,FUN_2,FUN_1
258860,884,FUN_3,FUN_2
258877,3814,FUN_6,FUN_5
258898,4986,FUN_3,FUN_4
258899,25200,FUN_4,FUN_5
258908,13062,FUN_4,FUN_5
258926,6305,CUBE_R,RET
258966,19442,RET,CUBE_L
258970,19784,FUN_3,FUN_4
258983,6721,FUN_2,FUN_3
258988,16286,FUN_2,FUN_1
258997,544,RET,CUBE_R
259003,2211,FUN_1,FUN_2
259006,29305,FUN_2,FUN_1
259008,25248,FUN_2,FUN_3
259029,5065,FUN_2,FUN_3
259037,5858,CUBE_R,FUN_6
259039,3844,FUN_3,FUN_2
259053,17888,RET,CUBE_L
259058,1017,FUN_2,FUN_1
259060,11250,CUBE_R,FUN_6
259074,1393,FUN_2,FUN_1
259081,26905,FUN_3,FUN_4
259084,2534,RET,CUBE_L
259088,26747,FUN_3,FUN_2
259091,18377,RET,CUBE_L
259093,27796,FUN_5,FUN_4
259108,15617,CUBE_R,RET
259115,16510,FUN_4,FUN_3
259142,15096,FUN_3,FUN_4
259142,15620,FUN_2,FUN_3
259147,13513,FUN_2,FUN_3
259164,3951,FUN_5,FUN_6
259175,22404,FUN_2,FUN_3
259184,17208,FUN_1,FUN_2
259185,6269,RET,CUBE_R
259195,11296,FUN_2,FUN_1
259197,21389,FUN_6,CUBE_R
259202,21861,CUBE_R,FUN_6
259214,11164,FUN_4,FUN_3
259215,23901,CUBE_R,RET
259219,25487,FUN_1,CUBE_L
259228,23342,CUBE_R,RET
259231,17510,FUN_3,FUN_2
259232,23178,FUN_2,FUN_3
259250,16158,FUN_1,CUBE_L
259252,4755,FUN_6,CUBE_R
259254,6314,FUN_3,FUN_2
259256,8548,FUN_1,FUN_2
259266,3225,FUN_2,FUN_3
259278,27640,FUN_2,FUN_3
259287,29304,FUN_3,FUN_2
259291,8933,FUN_2,FUN_3
259295,13142,FUN_3,FUN_2
259297,15708,RET,CUBE_L
259303,3083,FUN_2,FUN_3
259305,12706,RET,CUBE_R
259313,4774,FUN_5,FUN_4
259319,22583,FUN_4,FUN_3
259322,27089,FUN_1,FUN_2
259327,11770,FUN_5,FUN_6
259337,8419,FUN_1,FUN_2
259338,15938,FUN_2,FUN_1
259340,4129,FUN_3,FUN_2
259343,17472,FUN_3,FUN_4
259348,544,CUBE_R,RET
259372,8987,CUBE_L,RET
259385,26748,FUN_2,FUN_3
259388,11512,FUN_3,FUN_2
259389,17421,FUN_2,FUN_3
259402,17121,RET,CUBE_L
259402,21871,FUN_3,FUN_2
259414,17518,FUN_2,FUN_1
259415,9761,FUN_2,FUN_3
259429,8408,RET,CUBE_L
259437,26747,FUN_2,FUN_3
259440,905,FUN_2,FUN_1
259471,11812,FUN_2,FUN_3
259484,1854,FUN_1,FUN_2
259484,24851,FUN_3,FUN_4
259489,17888,CUBE_L,RET
259496,3814,FUN_5,FUN_6
259505,29928,FUN_3,FUN_4
259507,10488,FUN_2,FUN_1
259507,22482,CUBE_L,RET
259514,3629,FUN_3,FUN_2
259527,19600,FUN_6,CUBE_R
259546,28779,FUN_4,FUN_3
259554,8987,RET,CUBE_L
259565,7080,CUBE_R,RET
259579,28825,FUN_2,FUN_3
259584,4447,FUN_2,FUN_1
259590,9642,FUN_3,FUN_2
259600,9750,FUN_3,FUN_2
259618,17518,FUN_1,FUN_2
259625,238,FUN_5,FUN_4
259627,4689,FUN_2,FUN_1
259655,775,FUN_2,FUN_3
259656,2049,FUN_3,FUN_2
259666,19442,CUBE_L,RET
259675,627,FUN_5,FUN_4
259683,7617,FUN_3,FUN_2
259687,7194,FUN_4,FUN_3
259698,20369,FUN_3,FUN_4
259712,396,FUN_2,FUN_3
259716,7032,FUN_1,FUN_2
259724,8419,FUN_2,FUN_1
259729,3814,FUN_6,FUN_5
259733,3302,FUN_2,FUN_3
259733,7475,FUN_6,FUN_5
259782,5065,FUN_3,FUN_2
259825,8139,FUN_1,FUN_2
259844,25271,FUN_6,FUN_5
259861,6269,CUBE_R,RET
259874,20074,RET,CUBE_R
259884,1251,RET,CUBE_L
259894,20078,FUN_2,FUN_3
259896,20445,FUN_2,FUN_1
259902,19924,FUN_3,FUN_2
259934,17518,FUN_2,FUN_1
259936,4129,FUN_2,FUN_3
259939,8102,FUN_4,FUN_3
259947,5214,FUN_3,FUN_2
259978,3363,RET,CUBE_L
259983,967,FUN_1,FUN_2
260034,23609,FUN_5,FUN_6
260036,26905,FUN_4,FUN_3
260038,10085,FUN_2,FUN_1
260039,16439,FUN_3,FUN_2
260042,2049,FUN_2,FUN_3
260047,14589,CUBE_R,FUN_6
260057,24522,RET,CUBE_R
260060,5629,FUN_2,FUN_1
260064,7845,FUN_4,FUN_5
260084,7484,FUN_1,FUN_2
260094,24383,CUBE_L,FUN_1
260102,14566,FUN_6,FUN_5
260110,11832,CUBE_R,RET
260116,9399,FUN_2,FUN_3
260120,24653,FUN_4,FUN_5
260126,2433,FUN_2,FUN_3
260126,4425,FUN_1,FUN_2
260129,18855,FUN_6,FUN_5
260132,18715,CUBE_R,FUN_6
260133,23399,RET,CUBE_R
260134,3177,CUBE_L,FUN_1
260141,23399,CUBE_R,RET
260145,20369,FUN_4,FUN_3
260151,3364,FUN_3,FUN_2
260154,26176,FUN_1,CUBE_L
260163,10787,FUN_5,FUN_4
260165,23054,FUN_2,FUN_1
260174,25663,FUN_3,FUN_2
260183,27837,CUBE_R,RET
260208,15156,CUBE_R,FUN_6
260213,4067,FUN_3,FUN_2
260222,7080,RET,CUBE_R
260226,4689,FUN_1,FUN_2
260241,4287,FUN_2,FUN_3
260242,15156,FUN_6,CUBE_R
260247,17121,CUBE_L,RET
260257,20369,FUN_3,FUN_4
260261,16561,RET,CUBE_R
260282,26489,FUN_6,FUN_5
260291,24345,FUN_2,FUN_1
260294,6416,FUN_4,FUN_5
260321,17518,FUN_1,FUN_2
260334,18471,CUBE_R,FUN_6
260347,7617,FUN_2,FUN_3
260348,5677,FUN_3,FUN_4
260368,7655,FUN_2,FUN_1
260374,12326,FUN_2,FUN_3
260380,24345,FUN_1,FUN_2
260383,11250,FUN_6,CUBE_R
260383,26981,FUN_2,FUN_3
260384,2565,FUN_3,FUN_2
260384,7982,FUN_2,FUN_1
260394,13143,FUN_3,FUN_4
260398,20078,FUN_3,FUN_2
260407,18375,CUBE_R,FUN_6
260408,13025,FUN_5,FUN_4
260420,3814,FUN_5,FUN_6
260421,6447,FUN_1,FUN_2
260423,6314,FUN_2,FUN_3
260425,29933,FUN_3,FUN_2
260431,29026,CUBE_L,FUN_1
260434,10385,FUN_3,FUN_4
260452,3363,CUBE_L,RET
260454,4371,CUBE_R,FUN_6
260455,12083,FUN_3,FUN_4
260470,13615,CUBE_L,FUN_1
260477,10849,FUN_4,FUN_5
260504,15497,RET,CUBE_L
260509,10525,FUN_2,FUN_1
260522,11765,CUBE_L,RET
260544,15867,RET,CUBE_L
260544,27701,RET,CUBE_L
260547,11853,FUN_5,FUN_4
260550,16615,CUBE_L,FUN_1
260573,9174,FUN_2,FUN_1
260573,14899,FUN_2,FUN_1
260581,21266,CUBE_R,RET
260607,9284,FUN_2,FUN_3
260618,3629,FUN_2,FUN_3
260619,16437,FUN_3,FUN_4
260622,19600,CUBE_R,FUN_6
260633,28494,FUN_2,FUN_3
260637,12964,FUN_4,FUN_3
260644,814,FUN_2,FUN_3
260644,10787,FUN_4,FUN_5
260647,3364,FUN_2,FUN_3
260647,3951,FUN_6,FUN_5
260649,11313,FUN_2,FUN_1
260653,6314,FUN_3,FUN_2
260658,29933,FUN_2,FUN_3
260666,11563,FUN_3,FUN_2
260676,14658,FUN_2,FUN_1
260681,4689,FUN_2,FUN_1
260707,25663,FUN_2,FUN_3
260711,3044,FUN_3,FUN_2
260715,11489,FUN_3,FUN_2
260725,9390,FUN_3,FUN_2
260744,1887,CUBE_R,FUN_6
260745,4447,FUN_1,FUN_2
260746,21407,FUN_3,FUN_4
260771,22598,FUN_2,FUN_1
260803,10286,FUN_4,FUN_5
260813,21409,FUN_2,FUN_1
260815,23319,RET,CUBE_R
260845,7087,RET,CUBE_L
260851,13559,CUBE_L,RET
260857,24251,FUN_3,FUN_4
260888,23566,FUN_1,CUBE_L
260889,29028,FUN_2,FUN_3
260893,14351,FUN_5,FUN_4
260912,10577,FUN_1,FUN_2
260921,1171,CUBE_R,FUN_6
260943,15486,FUN_5,FUN_4
260951,273,CUBE_R,FUN_6
260953,25745,FUN_5,FUN_6
260959,2565,FUN_2,FUN_3
260979,2345,FUN_2,FUN_3
260979,8309,RET,CUBE_L
261000,13476,FUN_2,FUN_1
261001,396,FUN_3,FUN_2
261015,26375,CUBE_R,FUN_6
261032,29243,FUN_2,FUN_3
261069,26001,FUN_2,FUN_3
261072,20445,FUN_1,FUN_2
261081,26498,FUN_2,FUN_1
261136,10600,CUBE_L,FUN_1
261143,26042,FUN_2,FUN_3
261163,6758,FUN_3,FUN_2
261164,24179,CUBE_R,FUN_6
261171,23609,FUN_6,FUN_5
261173,3995,RET,CUBE_R
261190,1887,FUN_6,CUBE_R
261201,3044,FUN_2,FUN_3
261206,28376,FUN_3,FUN_2
261208,987,FUN_2,FUN_1
261209,16469,CUBE_R,RET
261211,17510,FUN_2,FUN_3
261215,6300,FUN_1,FUN_2
261217,1393,FUN_1,FUN_2
261237,28691,FUN_3,FUN_2
261252,26981,FUN_3,FUN_2
261263,7032,FUN_2,FUN_1
261264,18375,FUN_6,CUBE_R
261270,10323,FUN_2,FUN_1
261284,12791,FUN_3,FUN_2
261296,1887,CUBE_R,FUN_6
261299,19566,FUN_2,FUN_1
261300,18086,FUN_5,FUN_4
261307,23563,FUN_3,FUN_2
261331,3615,FUN_5,FUN_4
261336,29102,FUN_2,FUN_3
261344,17465,FUN_5,FUN_4
261347,24251,FUN_4,FUN_3
261390,17472,FUN_4,FUN_3
261391,6553,FUN_1,FUN_2
261408,26675,FUN_3,FUN_2
261415,24134,CUBE_R,RET
261425,24179,FUN_6,CUBE_R
261426,27779,FUN_4,FUN_3
261432,1196,FUN_3,FUN_2
261441,2222,RET,CUBE_L
261441,3457,FUN_2,FUN_3
261466,493,RET,CUBE_L
261467,544,RET,CUBE_R
261483,6553,FUN_2,FUN_1
261486,23452,FUN_4,FUN_3
261492,21861,FUN_6,CUBE_R
261493,15331,FUN_4,FUN_3
261497,28684,FUN_3,FUN_2
261499,933,RET,CUBE_R
261503,26247,FUN_3,FUN_2
261551,19918,CUBE_L,RET
261555,24179,CUBE_R,FUN_6
261559,1462,CUBE_L,RET
261580,24751,CUBE_R,FUN_6
261586,4447,FUN_2,FUN_1
261591,23901,RET,CUBE_R
261613,12706,CUBE_R,RET
261622,15210,FUN_6,CUBE_R
261625,24463,FUN_3,FUN_4
261636,10461,FUN_2,FUN_1
261637,3480,FUN_2,FUN_1
261688,9263,FUN_3,FUN_2
261699,16621,FUN_4,FUN_5
261709,29102,FUN_3,FUN_2
261715,3302,FUN_3,FUN_2
261720,10129,FUN_3,FUN_2
261723,29102,FUN_2,FUN_3
261728,10085,FUN_1,FUN_2
261740,4755,CUBE_R,FUN_6
261743,6721,FUN_3,FUN_2
261744,11237,FUN_4,FUN_3
261752,13661,FUN_1,FUN_2
261772,25981,FUN_2,FUN_1
261830,7786,FUN_6,CUBE_R
261846,20895,FUN_3,FUN_2
261859,18891,FUN_4,FUN_5
261862,7157,FUN_2,FUN_1
261870,17380,FUN_1,CUBE_L
261882,204,RET,CUBE_L
261882,16892,FUN_3,FUN_2
261885,311,FUN_3,FUN_2
261889,24251,FUN_3,FUN_4
261905,2549,RET,CUBE_L
261905,22957,CUBE_L,RET
261911,26176,CUBE_L,FUN_1
261918,19089,RET,CUBE_R
261931,23399,RET,CUBE_R
261939,16892,FUN_2,FUN_3
261955,9024,CUBE_R,FUN_6
261970,2422,CUBE_L,FUN_1
261970,7484,FUN_2,FUN_1
261983,2423,CUBE_L,RET
261991,21861,CUBE_R,FUN_6
262002,3951,FUN_5,FUN_6
262010,19144,FUN_3,FUN_4
262056,19666,FUN_3,FUN_2
262057,12791,FUN_2,FUN_3
262073,16286,FUN_1,FUN_2
262073,26058,FUN_1,FUN_2
262099,12165,FUN_1,FUN_2
262102,7373,CUBE_L,FUN_1
262107,21852,FUN_5,FUN_6
262117,24366,CUBE_R,FUN_6
262120,15867,CUBE_L,RET
262125,11305,CUBE_R,RET
262129,21266,RET,CUBE_R
262134,10129,FUN_2,FUN_3
262197,4583,FUN_3,FUN_2
262198,20137,FUN_5,FUN_6
262205,17529,FUN_4,FUN_5
262206,7787,FUN_2,FUN_1
262230,20838,FUN_4,FUN_3
262243,19089,CUBE_R,RET
262243,26412,FUN_1,CUBE_L
262244,27126,FUN_1,FUN_2
262249,9263,FUN_2,FUN_3
262252,21042,FUN_4,FUN_3
262257,5185,FUN_2,FUN_3
262266,12860,FUN_4,FUN_3
262266,24333,RET,CUBE_R
262291,28825,FUN_3,FUN_2
262303,6872,CUBE_R,FUN_6
262303,15867,RET,CUBE_L
262309,4479,RET,CUBE_L
262318,2534,CUBE_L,RET
262322,24212,FUN_6,FUN_5
262326,367,RET,CUBE_L
262339,10600,FUN_1,CUBE_L
262368,21266,CUBE_R,RET
262374,21287,CUBE_R,FUN_6
262389,20140,FUN_1,FUN_2
262400,24653,FUN_5,FUN_4
262416,1387,CUBE_R,FUN_6
262418,24472,FUN_2,FUN_3
262433,13062,FUN_5,FUN_4
262461,18527,CUBE_R,FUN_6
262467,23054,FUN_1,FUN_2
262507,20895,FUN_2,FUN_3
262512,3088,CUBE_R,FUN_6
262522,25200,FUN_5,FUN_4
262538,16852,FUN_4,FUN_3
262553,11490,FUN_1,FUN_2
262582,6313,FUN_2,FUN_3
262586,23300,FUN_2,FUN_1
262601,28684,FUN_2,FUN_3
262642,20333,FUN_2,FUN_3
262643,18855,FUN_5,FUN_6
262670,20011,FUN_6,FUN_5
262671,18050,FUN_3,FUN_2
262678,1566,FUN_1,FUN_2
262680,2178,FUN_2,FUN_1
262688,1246,FUN_2,FUN_1
262688,21528,FUN_3,FUN_4
262691,23399,CUBE_R,RET
262699,23631,FUN_2,FUN_1
262701,21266,RET,CUBE_R
262704,4299,FUN_4,FUN_3
262709,2900,CUBE_R,RET
262715,311,FUN_2,FUN_3
262728,13056,FUN_4,FUN_5
262729,19383,FUN_1,FUN_2
262748,15947,FUN_3,FUN_4
262754,1341,CUBE_L,RET
262759,29004,FUN_2,FUN_1
262765,18225,FUN_4,FUN_5
262768,560,CUBE_R,FUN_6
262793,12412,FUN_1,CUBE_L
262796,7390,FUN_2,FUN_1
262798,7786,CUBE_R,FUN_6
262865,4800,FUN_3,FUN_2
262899,7004,FUN_3,FUN_2
262900,9024,FUN_6,CUBE_R
262903,15027,FUN_2,FUN_1
262906,15947,FUN_4,FUN_3
262914,328,FUN_3,FUN_2
262919,11685,FUN_3,FUN_2
262928,7982,FUN_1,FUN_2
262961,432,FUN_3,FUN_2
262968,15814,FUN_2,FUN_1
262972,28500,FUN_2,FUN_1
262991,15947,FUN_3,FUN_4
262994,2567,FUN_2,FUN_1
263002,3225,FUN_3,FUN_2
263005,10712,FUN_3,FUN_2
263010,25913,FUN_3,FUN_4
263013,2423,RET,CUBE_L
263037,23768,FUN_2,FUN_1
263045,11637,FUN_2,FUN_1
263058,29967,FUN_2,FUN_3
263065,10851,FUN_2,FUN_1
263070,4219,FUN_1,FUN_2
263082,2722,FUN_1,FUN_2
263083,3951,FUN_6,FUN_5
263089,5397,RET,CUBE_R
263090,21448,FUN_1,FUN_2
263091,23054,FUN_2,FUN_1
263096,19278,FUN_3,FUN_4
263105,9122,FUN_2,FUN_1
263114,18527,FUN_6,CUBE_R
263172,23285,FUN_4,FUN_3
263190,2972,FUN_6,FUN_5
263192,15947,FUN_4,FUN_3
263203,9970,FUN_2,FUN_3
263208,4755,FUN_6,CUBE_R
263219,7329,FUN_3,FUN_2
263220,7951,CUBE_L,RET
263221,4146,FUN_3,FUN_4
263222,3480,FUN_1,FUN_2
263224,9642,FUN_2,FUN_3
263227,9971,FUN_6,CUBE_R
263235,19661,FUN_2,FUN_3
263236,23300,FUN_1,FUN_2
263244,19278,FUN_4,FUN_3
263257,10882,FUN_4,FUN_3
263271,29933,FUN_3,FUN_2
263283,17888,RET,CUBE_L
263292,17472,FUN_3,FUN_4
263296,1320,FUN_1,FUN_2
263299,18527,CUBE_R,FUN_6
263322,14233,FUN_3,FUN_2
263325,11563,FUN_2,FUN_3
263327,21162,FUN_5,FUN_6
263328,12264,FUN_2,FUN_3
263328,14351,FUN_4,FUN_5
263342,3629,FUN_3,FUN_2
263357,14848,FUN_6,CUBE_R
263366,13639,RET,CUBE_L
263388,4309,CUBE_L,RET
263391,4802,RET,CUBE_L
263415,3667,CUBE_L,FUN_1
263442,8248,FUN_2,FUN_1
263468,18883,FUN_4,FUN_5
263468,20333,FUN_3,FUN_2
263484,11915,CUBE_R,RET
263497,273,FUN_6,CUBE_R
263505,4839,FUN_4,FUN_3
263506,888,CUBE_L,RET
263515,2943,CUBE_R,RET
263521,7247,FUN_1,FUN_2
263521,29455,FUN_2,FUN_3
263524,2812,FUN_1,FUN_2
263530,3088,FUN_6,CUBE_R
263532,19173,RET,CUBE_L
263537,9174,FUN_1,FUN_2
263543,15027,FUN_1,FUN_2
263569,6377,FUN_4,FUN_5
263585,5757,CUBE_R,RET
263585,10530,FUN_2,FUN_1
263599,19278,FUN_3,FUN_4
263602,14351,FUN_5,FUN_4
263617,15526,FUN_1,FUN_2
263630,8957,RET,CUBE_L
263648,7373,FUN_1,CUBE_L
263671,16967,RET,CUBE_R
263675,20611,FUN_5,FUN_4
263682,10530,FUN_1,FUN_2
263685,26489,FUN_5,FUN_6
263700,8127,RET,CUBE_L
263734,10530,FUN_2,FUN_1
263746,10234,FUN_1,FUN_2
263762,23631,FUN_1,FUN_2
263770,25248,FUN_3,FUN_2
263782,20745,FUN_4,FUN_5
263785,26324,CUBE_R,RET
263812,27408,FUN_2,FUN_3
263814,9826,CUBE_L,RET
263815,9390,FUN_2,FUN_3
263815,23285,FUN_3,FUN_4
263829,4371,FUN_6,CUBE_R
263830,22234,CUBE_L,FUN_1
263835,23563,FUN_2,FUN_3
263838,20299,CUBE_L,RET
263844,18969,FUN_4,FUN_3
263858,20377,FUN_6,FUN_5
263861,20895,FUN_3,FUN_2
263867,273,CUBE_R,FUN_6
263886,3457,FUN_3,FUN_2
263906,6300,FUN_2,FUN_1
263909,22040,FUN_1,FUN_2
263941,6553,FUN_1,FUN_2
263968,4972,FUN_3,FUN_4
263975,18715,FUN_6,CUBE_R
263977,16356,FUN_6,FUN_5
263999,8248,FUN_1,FUN_2
264008,775,FUN_3,FUN_2
264012,26543,FUN_2,FUN_1
264042,14233,FUN_2,FUN_3
264049,12264,FUN_3,FUN_2
264050,17261,FUN_2,FUN_1
264056,12833,FUN_2,FUN_1
264059,24649,FUN_5,FUN_6
264061,25960,FUN_1,FUN_2
264069,3629,FUN_2,FUN_3
264074,3364,FUN_3,FUN_2
264091,16437,FUN_4,FUN_3
264091,18976,FUN_3,FUN_4
264102,19878,RET,CUBE_R
264107,23540,FUN_3,FUN_4
264134,8524,FUN_3,FUN_2
264140,9971,CUBE_R,FUN_6
264150,14562,FUN_3,FUN_2
264154,19089,RET,CUBE_R
264184,9174,FUN_2,FUN_1
264202,16383,FUN_3,FUN_2
264206,21461,FUN_5,FUN_4
264215,17294,CUBE_R,RET
264215,27471,FUN_3,FUN_2
264221,9122,FUN_1,FUN_2
264236,4309,RET,CUBE_L
264240,9174,FUN_1,FUN_2
264274,8070,CUBE_L,RET
264279,2433,FUN_3,FUN_2
264296,7133,CUBE_L,FUN_1
264302,92,FUN_4,FUN_3
264302,14658,FUN_1,FUN_2
264309,1425,FUN_4,FUN_5
264309,28250,FUN_1,CUBE_L
264310,19144,FUN_4,FUN_3
264311,6246,FUN_3,FUN_2
264322,2597,FUN_2,FUN_1
264322,21389,CUBE_R,FUN_6
264337,6671,FUN_3,FUN_2
264341,7982,FUN_2,FUN_1
264359,26498,FUN_1,FUN_2
264375,18883,FUN_5,FUN_4
264377,10962,FUN_1,FUN_2
264378,25929,FUN_2,FUN_3
264383,26247,FUN_2,FUN_3
264391,23974,FUN_2,FUN_1
264394,839,FUN_6,CUBE_R
264394,28174,FUN_3,FUN_2
264432,20293,RET,CUBE_R
264444,15663,CUBE_L,RET
264451,10287,FUN_5,FUN_6
264459,21389,FUN_6,CUBE_R
264467,26897,FUN_2,FUN_1
264468,4496,FUN_3,FUN_2
264468,18453,FUN_5,FUN_4
264488,14795,FUN_3,FUN_2
264499,14351,FUN_4,FUN_5
264504,26897,FUN_1,FUN_2
264508,6019,RET,CUBE_R
264510,27661,FUN_3,FUN_4
264511,10962,FUN_2,FUN_1
264515,7982,FUN_1,FUN_2
264520,8309,CUBE_L,RET
264521,9399,FUN_3,FUN_2
264529,21389,CUBE_R,FUN_6
264531,17787,CUBE_R,FUN_6
264532,11637,FUN_1,FUN_2
264540,14351,FUN_5,FUN_4
264546,12769,CUBE_L,RET
264572,24179,FUN_6,CUBE_R
264591,19696,FUN_3,FUN_2
264597,15620,FUN_3,FUN_2
264622,10385,FUN_4,FUN_3
264623,22186,FUN_2,FUN_1
264636,4839,FUN_3,FUN_4
264639,22602,FUN_5,FUN_4
264641,4651,FUN_1,CUBE_L
264643,13476,FUN_1,FUN_2
264645,9438,FUN_3,FUN_2
264647,19696,FUN_2,FUN_3
264669,11296,FUN_1,FUN_2
264671,13513,FUN_3,FUN_2
264678,19234,FUN_4,FUN_5
264682,29187,FUN_1,FUN_2
264696,1462,RET,CUBE_L
264698,3364,FUN_2,FUN_3
264700,10962,FUN_1,FUN_2
264701,11319,FUN_4,FUN_3
264707,23331,FUN_2,FUN_3
264710,3951,FUN_5,FUN_6
264713,28250,CUBE_L,FUN_1
264725,22602,FUN_4,FUN_5
264730,21389,FUN_6,CUBE_R
264734,6721,FUN_2,FUN_3
264737,1438,CUBE_R,RET
264755,24231,CUBE_R,RET
264766,26981,FUN_2,FUN_3
264770,10962,FUN_2,FUN_1
264789,12572,FUN_3,FUN_4
264792,560,FUN_6,CUBE_R
264795,22186,FUN_1,FUN_2
264815,26367,RET,CUBE_R
264816,7787,FUN_1,FUN_2
264816,10525,FUN_1,FUN_2
264835,7133,FUN_1,CUBE_L
264842,14351,FUN_4,FUN_5
264849,20575,FUN_3,FUN_2
264856,20745,FUN_5,FUN_4
264861,25833,FUN_6,CUBE_R
264867,28767,FUN_2,FUN_1
264884,26001,FUN_3,FUN_2
264906,21389,CUBE_R,FUN_6
264910,28691,FUN_2,FUN_3
264916,16091,FUN_2,FUN_1
264917,1657,FUN_3,FUN_2
264917,9438,FUN_2,FUN_3
264944,7269,FUN_3,FUN_2
264965,1425,FUN_5,FUN_4
265000,26412,CUBE_L,FUN_1
265001,4447,FUN_1,FUN_2
265002,10323,FUN_1,FUN_2
265017,8792,CUBE_L,RET
265019,22964,CUBE_R,RET
265023,17261,FUN_1,FUN_2
265029,24496,RET,CUBE_L
265031,8353,FUN_5,FUN_4
265037,26185,FUN_2,FUN_3
265042,23631,FUN_2,FUN_1
265043,23747,CUBE_L,RET
265049,23123,FUN_4,FUN_3
265053,16469,RET,CUBE_R
265058,2534,RET,CUBE_L
265058,23030,FUN_3,FUN_2
265063,318,RET,CUBE_R
265065,22534,FUN_5,FUN_6
265066,7982,FUN_2,FUN_1
265067,22180,FUN_2,FUN_1
265074,8022,FUN_2,FUN_3
265095,14552,FUN_3,FUN_2
265118,21287,FUN_6,CUBE_R
265121,4982,FUN_4,FUN_3
265129,22957,RET,CUBE_L
265144,28681,CUBE_R,RET
265147,16469,CUBE_R,RET
265151,12572,FUN_4,FUN_3
265164,23457,FUN_4,FUN_5
265168,22234,FUN_1,CUBE_L
265168,28681,RET,CUBE_R
265172,7373,CUBE_L,FUN_1
265185,19661,FUN_3,FUN_2
265186,7133,CUBE_L,FUN_1
265191,28681,CUBE_R,RET
265193,2466,FUN_3,FUN_2
265201,6678,RET,CUBE_L
265204,8070,RET,CUBE_L
265204,28681,RET,CUBE_R
265239,5397,CUBE_R,RET
265240,21100,FUN_4,FUN_5
265264,22040,FUN_2,FUN_1
265289,10385,FUN_3,FUN_4
265291,7786,FUN_6,CUBE_R
265294,7982,FUN_1,FUN_2
265295,884,FUN_2,FUN_3
265296,9346,CUBE_R,FUN_6
265297,8127,CUBE_L,RET
265300,4651,CUBE_L,FUN_1
265308,6019,CUBE_R,RET
265314,3271,RET,CUBE_R
265331,28015,FUN_2,FUN_3
265352,22598,FUN_1,FUN_2
265355,16232,FUN_4,FUN_3
265364,15708,CUBE_L,RET
265365,24118,RET,CUBE_R
265378,14609,FUN_1,FUN_2
265378,29028,FUN_3,FUN_2
265385,1202,FUN_2,FUN_1
265386,21604,FUN_2,FUN_3
265387,16469,RET,CUBE_R
265389,7017,FUN_2,FUN_1
265395,10385,FUN_4,FUN_3
265412,16469,CUBE_R,RET
265416,14848,CUBE_R,FUN_6
265419,7170,FUN_2,FUN_1
265433,25632,FUN_6,CUBE_R
265458,23399,RET,CUBE_R
265460,4958,CUBE_L,RET
265471,12769,RET,CUBE_L
265494,21195,FUN_5,FUN_4
265519,3937,FUN_2,FUN_1
265531,22417,FUN_4,FUN_5
265532,23178,FUN_3,FUN_2
265548,13432,FUN_2,FUN_3
265563,11490,FUN_2,FUN_1
265566,14233,FUN_3,FUN_2
265570,20413,FUN_2,FUN_1
265572,1854,FUN_2,FUN_1
265589,23646,FUN_2,FUN_3
265590,27661,FUN_4,FUN_3
265594,28108,FUN_2,FUN_3
265606,396,FUN_2,FUN_3
265613,26247,FUN_3,FUN_2
265626,23241,FUN_4,FUN_3
265626,26748,FUN_3,FUN_2
265632,1202,FUN_1,FUN_2
265665,1796,FUN_4,FUN_5
265665,9263,FUN_3,FUN_2
265679,27223,FUN_3,FUN_4
265690,28707,FUN_5,FUN_4
265700,21861,FUN_6,CUBE_R
265710,23457,FUN_5,FUN_4
265718,6019,RET,CUBE_R
265718,28691,FUN_3,FUN_2
265727,8542,FUN_6,CUBE_R
265737,15294,FUN_3,FUN_4
265738,13142,FUN_2,FUN_3
265744,1622,FUN_3,FUN_4
265798,3364,FUN_3,FUN_2
265802,27083,FUN_3,FUN_2
265803,24964,CUBE_L,RET
265808,15122,FUN_3,FUN_4
265810,1657,FUN_2,FUN_3
265810,20611,FUN_4,FUN_5
265840,15620,FUN_2,FUN_3
265844,13120,CUBE_L,FUN_1
265846,20137,FUN_6,FUN_5
265850,26981,FUN_3,FUN_2
265862,20868,FUN_3,FUN_2
265873,25666,FUN_2,FUN_1
265876,14569,FUN_5,FUN_4
265885,7153,CUBE_L,RET
265887,13120,FUN_1,CUBE_L
265890,19666,FUN_2,FUN_3
265898,396,FUN_3,FUN_2
265906,21409,FUN_1,FUN_2
265933,24008,FUN_5,FUN_4
265935,13120,CUBE_L,FUN_1
265941,25663,FUN_3,FUN_2
265942,20895,FUN_2,FUN_3
265944,20776,FUN_4,FUN_5
265955,7982,FUN_2,FUN_1
265967,839,CUBE_R,FUN_6
265988,20144,FUN_1,CUBE_L
265998,12925,FUN_4,FUN_3
266000,22136,FUN_3,FUN_2
266003,24179,CUBE_R,FUN_6
266011,16469,RET,CUBE_R
266027,15947,FUN_3,FUN_4
266047,14848,FUN_6,CUBE_R
266063,27913,FUN_2,FUN_1
266090,6314,FUN_2,FUN_3
266093,18050,FUN_2,FUN_3
266095,8792,RET,CUBE_L
266096,15947,FUN_4,FUN_3
266117,29154,FUN_3,FUN_4
266118,11894,FUN_2,FUN_1
266129,29967,FUN_3,FUN_2
266138,6703,CUBE_L,FUN_1
266149,1470,FUN_3,FUN_2
266153,8301,FUN_2,FUN_1
266155,22040,FUN_1,FUN_2
266168,24653,FUN_4,FUN_5
266173,23054,FUN_1,FUN_2
266186,6593,FUN_3,FUN_4
266199,367,CUBE_L,RET
266201,6553,FUN_2,FUN_1
266205,28691,FUN_2,FUN_3
266216,18976,FUN_4,FUN_3
266258,15867,CUBE_L,RET
266266,20413,FUN_1,FUN_2
266272,9526,FUN_2,FUN_3
266272,13120,FUN_1,CUBE_L
266276,15331,FUN_3,FUN_4
266282,5513,RET,CUBE_L
266323,13586,FUN_2,FUN_1
266331,16415,RET,CUBE_R
266340,396,FUN_2,FUN_3
266347,273,FUN_6,CUBE_R
266354,26857,RET,CUBE_R
266355,28825,FUN_2,FUN_3
266361,23491,FUN_3,FUN_2
266362,10287,FUN_6,FUN_5
266409,23123,FUN_3,FUN_4
266417,1796,FUN_5,FUN_4
266422,23452,FUN_3,FUN_4
266423,20308,FUN_2,FUN_3
266448,21420,FUN_2,FUN_1
266472,27661,FUN_3,FUN_4
266488,25187,FUN_3,FUN_4
266546,14233,FUN_2,FUN_3
266549,17472,FUN_4,FUN_3
266551,27913,FUN_1,FUN_2
266576,14848,CUBE_R,FUN_6
266583,16469,CUBE_R,RET
266587,14233,FUN_3,FUN_2
266595,29028,FUN_2,FUN_3
266606,29111,FUN_3,FUN_4
266609,9705,CUBE_L,FUN_1
266613,27661,FUN_4,FUN_3
266652,11281,FUN_5,FUN_4
266660,8938,FUN_4,FUN_3
266682,24706,CUBE_R,RET
266686,26185,FUN_3,FUN_2
266692,5448,FUN_3,FUN_2
266696,21502,FUN_2,FUN_3
266705,19549,FUN_5,FUN_4
266708,6100,CUBE_R,RET
266709,20038,FUN_4,FUN_3
266728,6703,FUN_1,CUBE_L
266731,17121,RET,CUBE_L
266738,25187,FUN_4,FUN_3
266739,27692,RET,CUBE_L
266750,17642,FUN_1,FUN_2
266753,28376,FUN_2,FUN_3
266779,544,CUBE_R,RET
266780,1320,FUN_2,FUN_1
266803,8792,CUBE_L,RET
266806,15027,FUN_2,FUN_1
266807,14150,FUN_5,FUN_6
266817,2325,RET,CUBE_L
266822,9215,FUN_4,FUN_5
266836,11532,CUBE_R,RET
266836,27701,CUBE_L,RET
266837,9399,FUN_2,FUN_3
266852,25833,CUBE_R,FUN_6
266855,10385,FUN_3,FUN_4
266862,16437,FUN_3,FUN_4
266863,12700,FUN_3,FUN_4
266886,9284,FUN_3,FUN_2
266898,4651,FUN_1,CUBE_L
266900,7348,FUN_4,FUN_3
266910,839,FUN_6,CUBE_R
266916,8301,FUN_1,FUN_2
266918,14566,FUN_5,FUN_6
266932,9215,FUN_5,FUN_4
266938,16723,FUN_4,FUN_5
266943,29111,FUN_4,FUN_3
266967,1470,FUN_2,FUN_3
266970,14233,FUN_2,FUN_3
266980,8618,FUN_6,CUBE_R
266993,20868,FUN_2,FUN_3
266994,11909,FUN_1,FUN_2
266995,6593,FUN_4,FUN_3
267004,4982,FUN_3,FUN_4
267007,22534,FUN_6,FUN_5
267017,9215,FUN_4,FUN_5
267047,29179,FUN_4,FUN_3
267049,859,CUBE_L,RET
267057,13949,FUN_1,FUN_2
267058,8070,CUBE_L,RET
267068,9456,FUN_3,FUN_4
267071,10387,CUBE_L,RET
267084,24334,FUN_6,CUBE_R
267097,16030,FUN_4,FUN_3
267106,6721,FUN_3,FUN_2
267127,11302,FUN_3,FUN_2
267159,25248,FUN_2,FUN_3
267160,8127,RET,CUBE_L
267166,11277,FUN_3,FUN_4
267169,13816,FUN_2,FUN_3
267172,27701,RET,CUBE_L
267173,6974,FUN_3,FUN_2
267180,20077,FUN_6,FUN_5
267180,24861,FUN_4,FUN_5
267183,15580,FUN_3,FUN_4
267205,839,CUBE_R,FUN_6
267213,19924,FUN_2,FUN_3
267217,10287,FUN_5,FUN_6
267223,11765,RET,CUBE_L
267229,19696,FUN_3,FUN_2
267250,24706,RET,CUBE_R
267253,1470,FUN_3,FUN_2
267256,23563,FUN_3,FUN_2
267268,4067,FUN_2,FUN_3
267275,4465,CUBE_L,RET
267289,16236,FUN_2,FUN_1
267293,3018,FUN_4,FUN_5
267311,14351,FUN_5,FUN_4
267311,23178,FUN_2,FUN_3
267312,18969,FUN_3,FUN_4
267316,5544,RET,CUBE_R
267321,20611,FUN_5,FUN_4
267333,1085,FUN_3,FUN_2
267337,12925,FUN_3,FUN_4
267345,14424,RET,CUBE_L
267363,13213,FUN_6,FUN_5
267382,20755,FUN_6,FUN_5
267383,27701,CUBE_L,RET
267392,1470,FUN_2,FUN_3
267404,20895,FUN_3,FUN_2
267415,2176,FUN_2,FUN_3
267433,17845,CUBE_L,FUN_1
267434,20895,FUN_2,FUN_3
267437,17474,FUN_3,FUN_2
267454,3457,FUN_2,FUN_3
267477,839,FUN_6,CUBE_R
267486,7348,FUN_3,FUN_4
267499,6593,FUN_3,FUN_4
267517,1085,FUN_2,FUN_3
267521,26176,FUN_1,CUBE_L
267528,18149,FUN_2,FUN_3
267534,26001,FUN_2,FUN_3
267551,7787,FUN_2,FUN_1
267551,16561,CUBE_R,RET
267557,28276,CUBE_R,RET
267558,13109,FUN_3,FUN_2
267571,27126,FUN_2,FUN_1
267575,19092,FUN_1,FUN_2
267582,1470,FUN_3,FUN_2
267589,14150,FUN_6,FUN_5
267613,23457,FUN_4,FUN_5
267622,839,CUBE_R,FUN_6
267623,19278,FUN_4,FUN_3
267644,14552,FUN_2,FUN_3
267648,25248,FUN_3,FUN_2
267649,7569,FUN_3,FUN_2
267679,12083,FUN_4,FUN_3
267696,22136,FUN_2,FUN_3
267705,5862,FUN_3,FUN_2
267710,20167,FUN_4,FUN_3
267717,24695,FUN_1,FUN_2
267741,26375,FUN_6,CUBE_R
267756,24118,CUBE_R,RET
267773,5881,FUN_3,FUN_2
267780,17294,RET,CUBE_R
267816,27661,FUN_3,FUN_4
267826,7157,FUN_1,FUN_2
267827,8618,CUBE_R,FUN_6
267828,4583,FUN_2,FUN_3
267842,5881,FUN_2,FUN_3
267848,15726,FUN_1,FUN_2
267852,4554,CUBE_R,RET
267855,13816,FUN_3,FUN_2
267857,5881,FUN_3,FUN_2
267864,26449,FUN_2,FUN_1
267899,22197,FUN_1,FUN_2
267928,18092,FUN_1,FUN_2
267946,22747,CUBE_L,FUN_1
267949,15497,CUBE_L,RET
267951,24231,RET,CUBE_R
267956,19031,RET,CUBE_L
267957,2345,FUN_3,FUN_2
267962,25187,FUN_3,FUN_4
267962,29154,FUN_4,FUN_3
267969,22905,FUN_3,FUN_2
267975,15122,FUN_4,FUN_3
267976,19566,FUN_1,FUN_2
267984,22417,FUN_5,FUN_4
268003,4718,CUBE_R,RET
268008,11418,CUBE_R,RET
268010,10245,FUN_1,FUN_2
268016,9456,FUN_4,FUN_3
268017,1085,FUN_3,FUN_2
268018,26748,FUN_2,FUN_3
268018,29269,FUN_2,FUN_1
268030,21502,FUN_3,FUN_2
268038,9321,FUN_2,FUN_1
268047,23178,FUN_3,FUN_2
268051,4839,FUN_4,FUN_3
268054,28477,FUN_2,FUN_3
268081,20598,FUN_3,FUN_2
268132,1196,FUN_2,FUN_3
268138,8524,FUN_2,FUN_3
268150,3921,FUN_4,FUN_3
268157,19618,FUN_5,FUN_6
268159,24366,FUN_6,CUBE_R
268163,15122,FUN_3,FUN_4
268164,25831,FUN_5,FUN_6
268180,990,FUN_3,FUN_2
268194,18471,FUN_6,CUBE_R
268195,29422,FUN_6,CUBE_R
268231,26185,FUN_2,FUN_3
268234,273,CUBE_R,FUN_6
268234,23631,FUN_1,FUN_2
268239,11909,FUN_2,FUN_1
268241,21988,FUN_1,CUBE_L
268241,23491,FUN_2,FUN_3
268254,9000,FUN_1,FUN_2
268256,5923,FUN_3,FUN_2
268269,10234,FUN_2,FUN_1
268272,7157,FUN_2,FUN_1
268272,11157,FUN_2,FUN_1
268274,4287,FUN_3,FUN_2
268285,26112,FUN_4,FUN_5
268292,27397,FUN_3,FUN_4
268293,4839,FUN_3,FUN_4
268306,26981,FUN_2,FUN_3
268308,3625,FUN_3,FUN_4
268317,17763,FUN_2,FUN_1
268319,8301,FUN_2,FUN_1
268332,2636,FUN_6,FUN_5
268362,13586,FUN_1,FUN_2
268364,775,FUN_2,FUN_3
268369,17474,FUN_2,FUN_3
268376,3018,FUN_5,FUN_4
268412,24334,CUBE_R,FUN_6
268435,11313,FUN_1,FUN_2
268463,9321,FUN_1,FUN_2
268471,26921,FUN_2,FUN_1
268476,4651,CUBE_L,FUN_1
268491,26930,FUN_4,FUN_3
268512,11882,FUN_3,FUN_2
268516,14233,FUN_3,FUN_2
268525,28500,FUN_1,FUN_2
268528,27397,FUN_4,FUN_3
268533,15122,FUN_4,FUN_3
268537,9962,FUN_5,FUN_4
268546,22780,FUN_3,FUN_2
268551,16469,RET,CUBE_R
268564,9548,FUN_2,FUN_1
268592,21749,FUN_3,FUN_2
268595,29243,FUN_3,FUN_2
268596,328,FUN_2,FUN_3
268597,2565,FUN_3,FUN_2
268604,7087,CUBE_L,RET
268626,27692,CUBE_L,RET
268631,5767,FUN_2,FUN_3
268633,15122,FUN_3,FUN_4
268634,7329,FUN_2,FUN_3
268641,22234,CUBE_L,FUN_1
268646,6593,FUN_4,FUN_3
268653,21407,FUN_4,FUN_3
268663,1320,FUN_1,FUN_2
268669,26159,FUN_4,FUN_3
268670,20611,FUN_4,FUN_5
268670,29187,FUN_2,FUN_1
268672,21100,FUN_5,FUN_4
268680,18302,FUN_3,FUN_2
268684,13946,FUN_2,FUN_1
268685,7084,FUN_2,FUN_1
268702,25200,FUN_4,FUN_5
268709,26185,FUN_3,FUN_2
268718,11281,FUN_4,FUN_5
268736,754,FUN_2,FUN_1
268758,11302,FUN_2,FUN_3
268778,25187,FUN_4,FUN_3
268779,8618,FUN_6,CUBE_R
268792,10530,FUN_1,FUN_2
268802,27126,FUN_1,FUN_2
268807,2924,FUN_3,FUN_2
268807,7569,FUN_2,FUN_3
268824,17711,FUN_1,FUN_2
268824,28281,FUN_2,FUN_3
268825,14648,FUN_3,FUN_4
268829,9892,FUN_3,FUN_2
268853,4839,FUN_4,FUN_3
268866,18282,FUN_2,FUN_1
268876,17474,FUN_3,FUN_2
268884,18435,CUBE_L,RET
268893,26449,FUN_1,FUN_2
268912,4312,FUN_2,FUN_1
268918,6100,RET,CUBE_R
268922,24611,CUBE_L,RET
268930,21504,FUN_2,FUN_1
268946,4329,FUN_5,FUN_4
268947,14899,FUN_1,FUN_2
268949,7995,FUN_3,FUN_4
268965,4583,FUN_3,FUN_2
268976,28376,FUN_3,FUN_2
268979,17643,CUBE_L,RET
268982,27607,FUN_4,FUN_3
268993,13946,FUN_1,FUN_2
269002,26675,FUN_2,FUN_3
269008,15239,FUN_3,FUN_2
269024,28477,FUN_3,FUN_2
269027,16236,FUN_1,FUN_2
269031,6721,FUN_2,FUN_3
269058,10787,FUN_5,FUN_4
269071,21712,CUBE_L,RET
269092,7786,CUBE_R,FUN_6
269093,10525,FUN_2,FUN_1
269105,15989,FUN_2,FUN_3
269148,7373,FUN_1,CUBE_L
269152,23054,FUN_2,FUN_1
269159,7087,RET,CUBE_L
269164,11532,RET,CUBE_R
269168,25663,FUN_2,FUN_3
269173,21407,FUN_3,FUN_4
269179,5942,FUN_1,FUN_2
269183,19558,FUN_3,FUN_4
269183,24964,RET,CUBE_L
269194,17462,FUN_6,CUBE_R
269199,19696,FUN_2,FUN_3
269200,17462,CUBE_R,FUN_6
269202,11856,FUN_2,FUN_3
269206,17158,CUBE_L,RET
269223,24611,RET,CUBE_L
269226,6377,FUN_5,FUN_4
269233,10962,FUN_1,FUN_2
269243,4505,FUN_5,FUN_4
269248,5035,FUN_2,FUN_3
269261,28477,FUN_2,FUN_3
269266,4689,FUN_1,FUN_2
269269,1701,FUN_2,FUN_1
269274,28726,FUN_4,FUN_3
269287,6487,FUN_2,FUN_3
269297,18149,FUN_3,FUN_2
269307,15219,FUN_2,FUN_1
269308,24044,FUN_3,FUN_2
269326,24851,FUN_4,FUN_3
269330,2348,FUN_3,FUN_2
269349,7982,FUN_1,FUN_2
269354,17643,RET,CUBE_L
269375,23954,FUN_6,FUN_5
269379,14303,FUN_6,FUN_5
269385,15401,CUBE_R,RET
269394,8542,CUBE_R,FUN_6
269408,4312,FUN_1,FUN_2
269422,6416,FUN_5,FUN_4
269449,273,FUN_6,CUBE_R
269453,1320,FUN_2,FUN_1
269453,8078,FUN_2,FUN_3
269487,14351,FUN_4,FUN_5
269494,5923,FUN_2,FUN_3
269521,14466,CUBE_R,RET
269525,3649,FUN_4,FUN_5
269535,3844,FUN_2,FUN_1
269551,23164,FUN_4,FUN_3
269564,7826,FUN_1,CUBE_L
269572,4312,FUN_2,FUN_1
269590,7087,CUBE_L,RET
269599,28276,RET,CUBE_R
269601,14569,FUN_4,FUN_5
269604,987,FUN_1,FUN_2
269604,7149,FUN_2,FUN_3
269634,2714,FUN_2,FUN_1
269637,1541,FUN_2,FUN_1
269647,18351,FUN_5,FUN_4
269663,15814,FUN_1,FUN_2
269673,24685,RET,CUBE_R
269698,17586,CUBE_R,RET
269714,26214,RET,CUBE_R
269730,6048,FUN_3,FUN_2
269736,18489,CUBE_L,FUN_1
269756,20167,FUN_3,FUN_4
269789,5186,FUN_2,FUN_1
269792,11909,FUN_1,FUN_2
269807,4554,RET,CUBE_R
269822,18489,FUN_1,CUBE_L
269826,24964,CUBE_L,RET
269828,9652,RET,CUBE_R
269832,24751,FUN_6,CUBE_R
269841,10088,FUN_3,FUN_2
269844,3047,CUBE_L,RET
269851,4329,FUN_4,FUN_5
269859,25833,FUN_6,CUBE_R
269867,9892,FUN_2,FUN_3
269869,2794,CUBE_R,FUN_6
269889,29629,FUN_3,FUN_2
269894,10525,FUN_1,FUN_2
269896,10234,FUN_1,FUN_2
269899,11490,FUN_1,FUN_2
269906,21929,FUN_2,FUN_1
269912,11894,FUN_1,FUN_2
269923,17158,RET,CUBE_L
269928,3868,FUN_3,FUN_2
269952,23954,FUN_5,FUN_6
269955,20284,FUN_2,FUN_1
269968,11313,FUN_2,FUN_1
269971,12973,RET,CUBE_R
269987,15122,FUN_4,FUN_3
269992,702,RET,CUBE_R
270000,23054,FUN_1,FUN_2
270009,3307,RET,CUBE_L
270015,26930,FUN_3,FUN_4
270028,7621,FUN_2,FUN_1
270051,20047,FUN_5,FUN_6
270051,24751,CUBE_R,FUN_6
270070,28245,FUN_3,FUN_2
270085,7569,FUN_3,FUN_2
270086,7631,FUN_2,FUN_1
270094,2325,CUBE_L,RET
270107,25632,CUBE_R,FUN_6
270114,26905,FUN_3,FUN_4
270122,7008,FUN_3,FUN_2
270122,22174,FUN_5,FUN_6
270148,19696,FUN_3,FUN_2
270151,12843,FUN_6,CUBE_R
270161,10678,FUN_2,FUN_1
270167,2466,FUN_2,FUN_3
270174,20598,FUN_2,FUN_3
270181,13205,FUN_5,FUN_6
270184,12757,FUN_2,FUN_1
270197,1701,FUN_1,FUN_2
270222,9892,FUN_3,FUN_2
270239,9321,FUN_2,FUN_1
270244,29179,FUN_3,FUN_4
270259,21407,FUN_4,FUN_3
270268,4583,FUN_2,FUN_3
270278,10712,FUN_2,FUN_3
270285,2345,FUN_2,FUN_3
270296,11500,FUN_2,FUN_1
270307,15239,FUN_2,FUN_3
270307,17474,FUN_2,FUN_3
270308,6901,FUN_3,FUN_2
270315,26176,CUBE_L,FUN_1
270317,9962,FUN_4,FUN_5
270329,8301,FUN_1,FUN_2
270338,27086,FUN_6,FUN_5
270347,3690,FUN_6,CUBE_R
270349,28415,FUN_3,FUN_4
270365,21988,CUBE_L,FUN_1
270371,7621,FUN_1,FUN_2
270384,24751,FUN_6,CUBE_R
270385,26412,FUN_1,CUBE_L
270387,17462,FUN_6,CUBE_R
270404,1647,FUN_6,FUN_5
270431,28683,FUN_1,CUBE_L
270438,15210,CUBE_R,FUN_6
270460,24611,CUBE_L,RET
270469,8646,FUN_1,FUN_2
270481,7057,FUN_1,FUN_2
270515,8309,RET,CUBE_L
270524,26247,FUN_2,FUN_3
270545,13181,FUN_2,FUN_1
270548,16583,FUN_2,FUN_3
270548,16801,FUN_3,FUN_2
270568,18471,CUBE_R,FUN_6
270576,23563,FUN_2,FUN_3
270585,6758,FUN_2,FUN_3
270596,4312,FUN_1,FUN_2
270596,9686,FUN_4,FUN_5
270598,6872,FUN_6,CUBE_R
270608,29422,CUBE_R,FUN_6
270613,2008,FUN_1,FUN_2
270619,9263,FUN_2,FUN_3
270622,11281,FUN_5,FUN_4
270634,73,FUN_1,FUN_2
270635,8937,FUN_5,FUN_6
270666,2382,FUN_2,FUN_3
270671,24,FUN_3,FUN_4
270672,18976,FUN_3,FUN_4
270672,24685,CUBE_R,RET
270674,18471,FUN_6,CUBE_R
270680,15436,FUN_3,FUN_2
270681,19558,FUN_4,FUN_3
270707,14709,RET,CUBE_R
270713,9652,CUBE_R,RET
270715,11157,FUN_1,FUN_2
270721,8301,FUN_2,FUN_1
270726,10822,FUN_5,FUN_4
270795,7008,FUN_2,FUN_3
270820,20598,FUN_3,FUN_2
270835,24526,CUBE_L,RET
270838,6553,FUN_1,FUN_2
270839,29969,CUBE_R,RET
270841,4359,RET,CUBE_R
270852,10272,FUN_4,FUN_3
270856,9321,FUN_1,FUN_2
270869,7004,FUN_2,FUN_3
270880,15032,FUN_2,FUN_3
270901,16287,CUBE_L,RET
270909,28041,RET,CUBE_R
270921,26247,FUN_3,FUN_2
270930,13515,FUN_2,FUN_1
270931,22234,FUN_1,CUBE_L
270943,13949,FUN_2,FUN_1
270963,24706,CUBE_R,RET
270964,22417,FUN_4,FUN_5
270964,26431,FUN_2,FUN_3
270967,22951,RET,CUBE_L
270973,1566,FUN_2,FUN_1
270979,17845,FUN_1,CUBE_L
270987,19661,FUN_2,FUN_3
270988,26498,FUN_2,FUN_1
270993,18864,FUN_2,FUN_1
271000,8078,FUN_3,FUN_2
271009,6671,FUN_2,FUN_3
271041,6100,CUBE_R,RET
271042,9652,RET,CUBE_R
271070,12833,FUN_1,FUN_2
271096,1854,FUN_1,FUN_2
271100,8078,FUN_2,FUN_3
271101,6974,FUN_2,FUN_3
271111,6760,FUN_3,FUN_2
271111,14026,FUN_1,FUN_2
271119,9515,CUBE_R,RET
271121,15497,RET,CUBE_L
271150,28521,CUBE_R,RET
271157,24231,CUBE_R,RET
271165,754,FUN_1,FUN_2
271175,26930,FUN_4,FUN_3
271189,11281,FUN_4,FUN_5
271201,22800,FUN_2,FUN_1
271206,27434,CUBE_L,RET
271211,10460,FUN_3,FUN_4
271212,21298,FUN_3,FUN_4
271224,16583,FUN_3,FUN_2
271225,11685,FUN_2,FUN_3
271229,204,CUBE_L,RET
271234,11803,FUN_3,FUN_4
271235,27701,RET,CUBE_L
271242,11978,FUN_3,FUN_2
271247,17294,CUBE_R,RET
271251,23768,FUN_1,FUN_2
271254,1196,FUN_3,FUN_2
271261,27088,FUN_2,FUN_1
271266,13645,FUN_6,CUBE_R
271274,23904,FUN_5,FUN_6
271296,18864,FUN_1,FUN_2
271297,9533,FUN_4,FUN_3
271298,5985,CUBE_L,FUN_1
271319,1541,FUN_1,FUN_2
271321,3047,RET,CUBE_L
271322,14848,FUN_6,CUBE_R
271325,1341,RET,CUBE_L
271335,17294,RET,CUBE_R
271336,4312,FUN_2,FUN_1
271353,10074,CUBE_R,RET
271354,9390,FUN_3,FUN_2
271368,2812,FUN_2,FUN_1
271388,987,FUN_2,FUN_1
271391,20011,FUN_5,FUN_6
271407,27408,FUN_3,FUN_2
271408,19661,FUN_3,FUN_2
271410,9652,CUBE_R,RET
271436,7621,FUN_2,FUN_1
271436,29422,FUN_6,CUBE_R
271438,24283,FUN_3,FUN_2
271441,23768,FUN_2,FUN_1
271456,2794,FUN_6,CUBE_R
271456,6974,FUN_3,FUN_2
271467,29304,FUN_2,FUN_1
271475,17258,FUN_2,FUN_1
271479,29629,FUN_2,FUN_3
271484,29269,FUN_1,FUN_2
271487,27322,FUN_2,FUN_1
271495,17584,FUN_3,FUN_2
271510,10245,FUN_2,FUN_1
271519,17462,CUBE_R,FUN_6
271531,11803,FUN_4,FUN_3
271532,5862,FUN_2,FUN_3
271542,5743,FUN_3,FUN_2
271545,24044,FUN_2,FUN_3
271548,2325,RET,CUBE_L
271560,13909,FUN_1,FUN_2
271562,18891,FUN_5,FUN_4
271565,13406,CUBE_R,RET
271581,15027,FUN_1,FUN_2
271597,4459,FUN_6,FUN_5
271611,8542,FUN_6,CUBE_R
271614,10638,FUN_3,FUN_4
271614,28174,FUN_2,FUN_3
271614,28691,FUN_3,FUN_2
271629,26498,FUN_1,FUN_2
271702,4705,FUN_3,FUN_4
271708,9208,FUN_2,FUN_1
271726,21487,RET,CUBE_L
271749,3318,FUN_6,CUBE_R
271777,5923,FUN_3,FUN_2
271779,11444,FUN_1,CUBE_L
271781,16723,FUN_5,FUN_4
271781,28707,FUN_4,FUN_5
271782,24653,FUN_5,FUN_4
271790,4843,FUN_4,FUN_3
271793,28561,FUN_2,FUN_3
271806,24366,CUBE_R,FUN_6
271811,1657,FUN_3,FUN_2
271818,9526,FUN_3,FUN_2
271824,8792,RET,CUBE_L
271827,17462,FUN_6,CUBE_R
271839,16852,FUN_3,FUN_4
271847,11503,FUN_3,FUN_2
271848,16703,RET,CUBE_L
271856,117,FUN_4,FUN_3
271878,11532,CUBE_R,RET
271880,8942,RET,CUBE_L
271890,29561,RET,CUBE_L
271898,7621,FUN_1,FUN_2
271938,13986,FUN_2,FUN_1
271941,26498,FUN_2,FUN_1
271944,24044,FUN_3,FUN_2
271949,5047,FUN_5,FUN_4
271955,15122,FUN_3,FUN_4
271957,16801,FUN_2,FUN_3
271965,13456,RET,CUBE_R
271989,5513,CUBE_L,RET
271993,7008,FUN_3,FUN_2
272002,19566,FUN_2,FUN_1
272015,4843,FUN_3,FUN_4
272024,17294,CUBE_R,RET
272027,26247,FUN_2,FUN_3
272029,19618,FUN_6,FUN_5
272032,11788,CUBE_L,RET
272041,29967,FUN_2,FUN_3
272047,16244,FUN_3,FUN_2
272060,10287,FUN_6,FUN_5
272062,3223,RET,CUBE_L
272068,15814,FUN_2,FUN_1
272071,10822,FUN_4,FUN_5
272088,22884,FUN_3,FUN_2
272092,18864,FUN_2,FUN_1
272096,5743,FUN_2,FUN_3
272103,24044,FUN_2,FUN_3
272104,7235,FUN_4,FUN_3
272118,6105,CUBE_L,RET
272131,3674,FUN_1,CUBE_L
272135,19558,FUN_3,FUN_4
272141,15759,RET,CUBE_L
272146,9532,FUN_4,FUN_3
272154,24611,RET,CUBE_L
272157,20167,FUN_4,FUN_3
272166,24044,FUN_3,FUN_2
272174,20011,FUN_6,FUN_5
272175,21407,FUN_3,FUN_4
272180,16892,FUN_3,FUN_2
272180,22197,FUN_2,FUN_1
272181,5743,FUN_3,FUN_2
272182,12843,CUBE_R,FUN_6
272185,21034,FUN_3,FUN_4
272189,17508,FUN_2,FUN_1
272199,10234,FUN_2,FUN_1
272220,9263,FUN_3,FUN_2
272221,6678,CUBE_L,RET
272229,15436,FUN_2,FUN_3
272238,7647,FUN_5,FUN_4
272251,25912,FUN_4,FUN_3
272255,28250,FUN_1,CUBE_L
272287,11164,FUN_3,FUN_4
272291,8642,CUBE_L,RET
272303,4982,FUN_4,FUN_3
272304,26377,CUBE_L,FUN_1
272308,22132,CUBE_L,FUN_1
272309,4802,CUBE_L,RET
272316,26375,CUBE_R,FUN_6
272317,5602,FUN_3,FUN_2
272333,25248,FUN_2,FUN_3
272336,11313,FUN_1,FUN_2
272339,367,RET,CUBE_L
272339,26431,FUN_3,FUN_2
272345,7826,CUBE_L,FUN_1
272348,3811,FUN_2,FUN_3
272360,16236,FUN_2,FUN_1
272373,372,FUN_4,FUN_3
272382,25912,FUN_3,FUN_4
272417,27129,FUN_4,FUN_5
272431,23904,FUN_6,FUN_5
272436,20600,CUBE_L,FUN_1
272458,24044,FUN_2,FUN_3
272461,561,FUN_1,FUN_2
272467,4843,FUN_4,FUN_3
272470,25912,FUN_4,FUN_3
272486,26056,CUBE_L,FUN_1
272488,9263,FUN_2,FUN_3
272494,9713,CUBE_L,RET
272495,22964,RET,CUBE_R
272504,16287,RET,CUBE_L
272528,7240,FUN_3,FUN_2
272533,6100,RET,CUBE_R
272535,25981,FUN_1,FUN_2
272545,27408,FUN_2,FUN_3
272546,8381,FUN_4,FUN_3
272549,7831,FUN_1,FUN_2
272556,27322,FUN_1,FUN_2
272564,18092,FUN_2,FUN_1
272567,4287,FUN_2,FUN_3
272575,25912,FUN_3,FUN_4
272576,9263,FUN_3,FUN_2
272579,18686,FUN_1,CUBE_L
272579,26930,FUN_3,FUN_4
272589,3307,CUBE_L,RET
272593,7008,FUN_2,FUN_3
272618,26489,FUN_6,FUN_5
272620,21110,FUN_3,FUN_2
272624,23271,CUBE_R,RET
272631,11803,FUN_3,FUN_4
272641,2812,FUN_1,FUN_2
272643,565,RET,CUBE_L
272650,26930,FUN_4,FUN_3
272652,3331,FUN_3,FUN_2
272674,21407,FUN_4,FUN_3
272678,5214,FUN_2,FUN_3
272689,25912,FUN_4,FUN_3
272689,29115,FUN_5,FUN_6
272695,27674,RET,CUBE_L
272699,18092,FUN_1,FUN_2
272700,25912,FUN_3,FUN_4
272706,1387,FUN_6,CUBE_R
272721,4802,RET,CUBE_L
272741,814,FUN_3,FUN_2
272741,22234,CUBE_L,FUN_1
272751,19957,FUN_2,FUN_1
272752,15210,FUN_6,CUBE_R
272762,16703,CUBE_L,RET
272777,25187,FUN_3,FUN_4
272782,20332,CUBE_L,RET
272785,20604,RET,CUBE_R
272789,23271,RET,CUBE_R
272801,13109,FUN_2,FUN_3
272807,13057,CUBE_L,FUN_1
272820,6204,FUN_4,FUN_3
272836,9548,FUN_1,FUN_2
272844,18097,CUBE_R,RET
272865,18092,FUN_2,FUN_1
272909,4309,CUBE_L,RET
272912,7569,FUN_2,FUN_3
272934,4110,FUN_3,FUN_2
272946,6758,FUN_3,FUN_2
272947,9215,FUN_5,FUN_4
272957,5923,FUN_2,FUN_3
272957,23563,FUN_3,FUN_2
272968,14848,CUBE_R,FUN_6
272981,24706,RET,CUBE_R
272988,28415,FUN_4,FUN_3
272991,18969,FUN_4,FUN_3
272996,24,FUN_4,FUN_3
273008,15456,CUBE_R,RET
273009,19696,FUN_2,FUN_3
273012,25271,FUN_5,FUN_6
273028,4554,CUBE_R,RET
273037,384,FUN_3,FUN_2
273053,967,FUN_2,FUN_1
273059,28500,FUN_2,FUN_1
273062,29923,FUN_2,FUN_1
273095,19234,FUN_5,FUN_4
273113,28250,CUBE_L,FUN_1
273119,26056,FUN_1,CUBE_L
273129,7569,FUN_3,FUN_2
273158,5767,FUN_3,FUN_2
273178,396,FUN_3,FUN_2
273178,13514,CUBE_R,FUN_6
273180,21461,FUN_4,FUN_5
273189,7786,FUN_6,CUBE_R
273203,3634,FUN_1,FUN_2
273205,22602,FUN_5,FUN_4
273207,20140,FUN_2,FUN_1
273218,28415,FUN_3,FUN_4
273222,28276,CUBE_R,RET
273224,27397,FUN_3,FUN_4
273227,9263,FUN_2,FUN_3
273253,27471,FUN_2,FUN_3
273254,15823,FUN_1,FUN_2
273255,27524,FUN_4,FUN_3
273261,11444,CUBE_L,FUN_1
273264,2178,FUN_1,FUN_2
273267,15714,FUN_3,FUN_2
273267,19566,FUN_1,FUN_2
273277,28174,FUN_3,FUN_2
273278,9078,FUN_3,FUN_4
273299,9515,RET,CUBE_R
273379,15814,FUN_1,FUN_2
273393,21178,FUN_3,FUN_2
273403,28108,FUN_3,FUN_2
273431,23974,FUN_1,FUN_2
273448,28726,FUN_3,FUN_4
273492,23954,FUN_6,FUN_5
273508,12636,FUN_4,FUN_5
273524,21130,FUN_1,FUN_2
273544,5242,FUN_5,FUN_4
273544,15714,FUN_2,FUN_3
273547,13401,CUBE_R,RET
273555,19334,FUN_2,FUN_3
273567,6313,FUN_3,FUN_2
273570,6626,FUN_1,FUN_2
273577,29527,FUN_4,FUN_3
273589,27322,FUN_2,FUN_1
273592,9763,RET,CUBE_L
273593,13260,FUN_3,FUN_2
273614,8078,FUN_3,FUN_2
273620,28250,FUN_1,CUBE_L
273621,2008,FUN_2,FUN_1
273622,848,FUN_4,FUN_5
273623,7588,FUN_2,FUN_3
273628,19847,FUN_1,FUN_2
273630,7348,FUN_4,FUN_3
273642,29956,FUN_3,FUN_2
273646,22602,FUN_4,FUN_5
273647,5677,FUN_4,FUN_3
273719,24933,FUN_3,FUN_4
273720,8798,FUN_2,FUN_3
273726,5743,FUN_2,FUN_3
273735,22197,FUN_1,FUN_2
273738,15773,FUN_3,FUN_2
273768,10733,FUN_3,FUN_2
273770,23631,FUN_2,FUN_1
273786,11803,FUN_4,FUN_3
273788,18929,FUN_3,FUN_2
273811,16583,FUN_2,FUN_3
273813,9652,RET,CUBE_R
273827,18092,FUN_1,FUN_2
273839,21130,FUN_2,FUN_1
273866,7240,FUN_2,FUN_3
273873,24009,FUN_3,FUN_2
273876,9763,CUBE_L,RET
273881,18225,FUN_5,FUN_4
273894,2078,CUBE_R,FUN_6
273900,16287,CUBE_L,RET
273935,8642,RET,CUBE_L
273986,19234,FUN_4,FUN_5
273989,27524,FUN_3,FUN_4
274019,29557,FUN_2,FUN_3
274031,4982,FUN_3,FUN_4
274032,25262,FUN_1,CUBE_L
274040,10385,FUN_4,FUN_3
274049,23164,FUN_3,FUN_4
274059,13406,RET,CUBE_R
274083,21712,RET,CUBE_L
274087,26073,FUN_3,FUN_2
274090,3666,FUN_3,FUN_2
274099,11237,FUN_3,FUN_4
274106,27640,FUN_3,FUN_2
274168,11489,FUN_2,FUN_3
274182,22132,FUN_1,CUBE_L
274189,8542,CUBE_R,FUN_6
274195,1887,FUN_6,CUBE_R
274200,6305,RET,CUBE_R
274206,4689,FUN_2,FUN_1
274206,9548,FUN_2,FUN_1
274217,13733,FUN_3,FUN_2
274224,28321,FUN_5,FUN_6
274248,21627,FUN_3,FUN_2
274249,2003,FUN_5,FUN_6
274250,27397,FUN_4,FUN_3
274272,22132,CUBE_L,FUN_1
274294,18752,FUN_2,FUN_1
274295,27674,CUBE_L,RET
274303,13406,CUBE_R,RET
274316,3666,FUN_2,FUN_3
274316,15219,FUN_1,FUN_2
274320,25021,FUN_1,FUN_2
274323,20047,FUN_6,FUN_5
274332,29940,FUN_2,FUN_3
274376,8078,FUN_2,FUN_3
274383,24557,FUN_3,FUN_2
274386,2329,RET,CUBE_R
274389,814,FUN_2,FUN_3
274390,5602,FUN_2,FUN_3
274394,19558,FUN_4,FUN_3
274396,25248,FUN_3,FUN_2
274408,4843,FUN_3,FUN_4
274417,2533,FUN_6,FUN_5
274419,21407,FUN_3,FUN_4
274430,17727,FUN_3,FUN_4
274448,19334,FUN_3,FUN_2
274450,21889,FUN_3,FUN_4
274474,21146,FUN_2,FUN_3
274477,21420,FUN_1,FUN_2
274488,1588,FUN_1,FUN_2
274500,20262,FUN_4,FUN_3
274507,28564,FUN_1,FUN_2
274508,29969,RET,CUBE_R
274514,20958,CUBE_L,RET
274522,11788,RET,CUBE_L
274523,12512,FUN_3,FUN_4
274523,20047,FUN_5,FUN_6
274532,16236,FUN_1,FUN_2
274533,7826,FUN_1,CUBE_L
274542,23691,FUN_3,FUN_4
274551,3898,CUBE_L,FUN_1
274559,3811,FUN_3,FUN_2
274580,2716,FUN_2,FUN_1
274584,1571,RET,CUBE_L
274585,22186,FUN_2,FUN_3
274594,17642,FUN_2,FUN_1
274596,7831,FUN_2,FUN_1
274603,6100,CUBE_R,RET
274612,20437,FUN_6,CUBE_R
274614,9713,RET,CUBE_L
274615,8048,FUN_5,FUN_6
274631,16723,FUN_4,FUN_5
274649,6869,FUN_3,FUN_4
274658,829,CUBE_R,FUN_6
274666,18718,FUN_3,FUN_2
274681,23164,FUN_4,FUN_3
274698,8078,FUN_3,FUN_2
274703,13124,RET,CUBE_R
274710,796,FUN_2,FUN_3
274713,23164,FUN_3,FUN_4
274719,22602,FUN_5,FUN_4
274729,16723,FUN_5,FUN_4
274737,17311,CUBE_R,RET
274739,4843,FUN_4,FUN_3
274748,23256,FUN_3,FUN_2
274749,29969,CUBE_R,RET
274762,25248,FUN_2,FUN_3
274789,1196,FUN_2,FUN_3
274793,20332,RET,CUBE_L
274795,24256,FUN_4,FUN_3
274806,13406,RET,CUBE_R
274813,9923,FUN_3,FUN_4
274818,15729,FUN_2,FUN_3
274822,19903,FUN_2,FUN_1
274824,18092,FUN_2,FUN_1
274829,6305,CUBE_R,RET
274829,26374,RET,CUBE_L
274830,25836,FUN_4,FUN_3
274831,25632,FUN_6,CUBE_R
274833,21202,FUN_5,FUN_4
274840,7631,FUN_1,FUN_2
274846,8070,RET,CUBE_L
274847,29969,RET,CUBE_R
274848,3898,FUN_1,CUBE_L
274866,22583,FUN_3,FUN_4
274869,8078,FUN_2,FUN_3
274870,21407,FUN_4,FUN_3
274900,9489,FUN_6,FUN_5
274901,17845,CUBE_L,FUN_1
274901,23271,CUBE_R,RET
274901,28564,FUN_2,FUN_1
274903,12213,FUN_2,FUN_3
274907,11237,FUN_4,FUN_3
274924,8938,FUN_3,FUN_4
274955,20628,RET,CUBE_R
274972,2329,CUBE_R,RET
274977,13560,FUN_4,FUN_3
274991,5619,FUN_4,FUN_5
274995,6132,FUN_2,FUN_1
275001,6126,CUBE_L,FUN_1
275004,16583,FUN_3,FUN_2
275010,10654,FUN_1,FUN_2
275038,28564,FUN_1,FUN_2
275043,12428,CUBE_L,RET
275043,21627,FUN_2,FUN_3
275050,15294,FUN_4,FUN_3
275060,24706,CUBE_R,RET
275062,2382,FUN_3,FUN_2
275070,29037,FUN_4,FUN_5
275074,11978,FUN_2,FUN_3
275082,13406,CUBE_R,RET
275087,12213,FUN_3,FUN_2
275092,17642,FUN_1,FUN_2
275093,4219,FUN_2,FUN_1
275093,11151,CUBE_R,FUN_6
275115,26112,FUN_5,FUN_4
275119,21407,FUN_3,FUN_4
275147,17421,FUN_3,FUN_2
275155,548,FUN_3,FUN_2
275159,7399,RET,CUBE_R
275164,15032,FUN_3,FUN_2
275188,6100,RET,CUBE_R
275196,25152,FUN_2,FUN_3
275200,6974,FUN_2,FUN_3
275224,18718,FUN_2,FUN_3
275231,4019,FUN_3,FUN_4
275240,119,FUN_3,FUN_2
275248,1771,FUN_1,FUN_2
275261,13456,CUBE_R,RET
275283,7399,CUBE_R,RET
275295,4594,FUN_2,FUN_1
275308,5769,FUN_6,FUN_5
275312,28321,FUN_6,FUN_5
275316,15708,RET,CUBE_L
275336,13841,FUN_2,FUN_1
275351,11489,FUN_3,FUN_2
275354,21034,FUN_4,FUN_3
275362,9533,FUN_3,FUN_4
275366,16772,CUBE_L,RET
275372,16286,FUN_2,FUN_1
275376,17845,FUN_1,CUBE_L
275379,6799,FUN_5,FUN_4
275380,4479,CUBE_L,RET
275380,19041,FUN_1,FUN_2
275382,4162,FUN_3,FUN_4
275382,21604,FUN_3,FUN_2
275387,22280,FUN_2,FUN_1
275416,28217,FUN_4,FUN_3
275418,15027,FUN_2,FUN_1
275418,20828,CUBE_R,FUN_6
275426,328,FUN_3,FUN_2
275432,15947,FUN_3,FUN_4
275439,26185,FUN_2,FUN_3
275472,29969,CUBE_R,RET
275479,22656,FUN_3,FUN_4
275483,9750,FUN_2,FUN_1
275495,27481,FUN_2,FUN_1
275510,5683,FUN_2,FUN_1
275515,9787,FUN_1,FUN_2
275515,16007,FUN_2,FUN_1
275542,16287,RET,CUBE_L
275546,21202,FUN_4,FUN_5
275558,27088,FUN_1,FUN_2
275563,26297,FUN_3,FUN_2
275575,18864,FUN_1,FUN_2
275576,10638,FUN_4,FUN_3
275589,21897,FUN_2,FUN_3
275597,8384,CUBE_L,FUN_1
275614,4219,FUN_1,FUN_2
275619,1008,FUN_1,FUN_2
275621,25195,FUN_3,FUN_2
275626,7569,FUN_2,FUN_3
275629,29969,RET,CUBE_R
275631,19109,FUN_1,FUN_2
275648,28564,FUN_2,FUN_1
275658,17225,FUN_3,FUN_4
275661,20047,FUN_6,FUN_5
275674,29500,FUN_3,FUN_2
275693,17711,FUN_2,FUN_1
275706,22197,FUN_2,FUN_1
275723,15027,FUN_1,FUN_2
275723,23881,FUN_5,FUN_4
275726,6305,RET,CUBE_R
275726,11978,FUN_3,FUN_2
275735,20604,CUBE_R,RET
275750,13513,FUN_2,FUN_3
275778,5767,FUN_2,FUN_3
275787,343,RET,CUBE_R
275791,9548,FUN_1,FUN_2
275795,29940,FUN_3,FUN_2
275797,814,FUN_3,FUN_2
275804,20600,FUN_1,CUBE_L
275807,5574,CUBE_R,FUN_6
275827,3331,FUN_2,FUN_3
275838,8958,FUN_3,FUN_2
275869,17763,FUN_1,FUN_2
275877,13031,FUN_1,FUN_2
275882,26743,FUN_4,FUN_5
275903,10638,FUN_3,FUN_4
275906,20857,FUN_3,FUN_4
275917,3302,FUN_2,FUN_3
275919,23123,FUN_4,FUN_3
275925,10654,FUN_2,FUN_1
275925,29928,FUN_4,FUN_3
275934,22186,FUN_3,FUN_2
275938,18752,FUN_1,FUN_2
275941,328,FUN_2,FUN_3
275941,28375,FUN_4,FUN_3
275950,10638,FUN_4,FUN_3
275950,11856,FUN_3,FUN_2
275952,19109,FUN_2,FUN_1
275959,27223,FUN_4,FUN_3
275973,8249,FUN_2,FUN_1
275977,6671,FUN_3,FUN_2
276001,20037,CUBE_L,RET
276017,24721,CUBE_L,FUN_1
276019,29144,FUN_1,FUN_2
276034,15497,CUBE_L,RET
276050,2008,FUN_1,FUN_2
276053,8301,FUN_1,FUN_2
276064,14035,CUBE_L,RET
276080,27661,FUN_4,FUN_3
276087,13841,FUN_1,FUN_2
276095,5923,FUN_3,FUN_2
276096,18375,CUBE_R,FUN_6
276112,9596,FUN_2,FUN_1
276118,3868,FUN_2,FUN_3
276130,10527,CUBE_L,FUN_1
276131,10510,FUN_5,FUN_6
276134,21838,FUN_2,FUN_1
276134,28741,FUN_3,FUN_4
276136,4843,FUN_3,FUN_4
276144,18851,FUN_3,FUN_2
276147,343,CUBE_R,RET
276154,25632,CUBE_R,FUN_6
276160,13723,FUN_3,FUN_2
276168,28691,FUN_2,FUN_3
276179,3047,CUBE_L,RET
276187,141,FUN_3,FUN_4
276187,5677,FUN_3,FUN_4
276221,10138,RET,CUBE_L
276230,20167,FUN_3,FUN_4
276234,709,FUN_5,FUN_4
276242,1171,FUN_6,CUBE_R
276266,1647,FUN_5,FUN_6
276279,6473,FUN_6,FUN_5
276299,27481,FUN_1,FUN_2
276321,18969,FUN_3,FUN_4
276328,12484,RET,CUBE_R
276334,28919,FUN_2,FUN_1
276343,4796,FUN_2,FUN_1
276347,11461,RET,CUBE_L
276348,8958,FUN_2,FUN_3
276353,2382,FUN_2,FUN_3
276365,3609,FUN_4,FUN_3
276372,26073,FUN_2,FUN_3
276386,29269,FUN_2,FUN_1
276393,2382,FUN_3,FUN_2
276409,4159,FUN_2,FUN_1
276409,22775,FUN_3,FUN_2
276422,18022,RET,CUBE_L
276424,4843,FUN_4,FUN_3
276459,27867,FUN_3,FUN_4
276460,20047,FUN_5,FUN_6
276476,12045,FUN_2,FUN_3
276477,26548,FUN_2,FUN_3
276479,11461,CUBE_L,RET
276481,16244,FUN_2,FUN_3
276482,21162,FUN_6,FUN_5
276498,10435,RET,CUBE_R
276520,27289,CUBE_L,RET
276525,7826,CUBE_L,FUN_1
276525,14150,FUN_5,FUN_6
276538,14876,FUN_2,FUN_3
276541,796,FUN_3,FUN_2
276564,22964,CUBE_R,RET
276565,29305,FUN_1,FUN_2
276591,8938,FUN_4,FUN_3
276599,10169,CUBE_L,RET
276599,21135,FUN_2,FUN_3
276603,19558,FUN_3,FUN_4
276606,396,FUN_2,FUN_3
276612,10733,FUN_2,FUN_3
276615,6473,FUN_5,FUN_6
276627,14026,FUN_2,FUN_1
276637,796,FUN_2,FUN_3
276659,23123,FUN_3,FUN_4
276667,2382,FUN_2,FUN_3
276669,21135,FUN_3,FUN_2
276675,4796,FUN_1,FUN_2
276683,10638,FUN_3,FUN_4
276692,22747,FUN_1,CUBE_L
276702,18587,RET,CUBE_L
276704,24557,FUN_2,FUN_3
276705,5590,FUN_3,FUN_4
276708,7057,FUN_2,FUN_1
276712,10638,FUN_4,FUN_3
276713,7632,CUBE_L,RET
276714,28919,FUN_1,FUN_2
276717,3302,FUN_3,FUN_2
276729,4489,RET,CUBE_L
276745,25745,FUN_6,FUN_5
276750,26218,FUN_3,FUN_4
276754,13986,FUN_1,FUN_2
276755,25271,FUN_6,FUN_5
276760,13124,CUBE_R,RET
276766,25152,FUN_3,FUN_2
276787,10638,FUN_3,FUN_4
276789,28266,FUN_2,FUN_3
276790,2714,FUN_1,FUN_2
276790,8938,FUN_3,FUN_4
276801,6300,FUN_1,FUN_2
276804,6412,FUN_3,FUN_2
276808,23691,FUN_4,FUN_3
276810,16476,CUBE_L,FUN_1
276811,328,FUN_3,FUN_2
276834,20140,FUN_1,FUN_2
276847,18969,FUN_4,FUN_3
276850,9411,FUN_3,FUN_4
276856,2924,FUN_2,FUN_3
276876,29117,FUN_1,FUN_2
276889,388,FUN_2,FUN_1
276903,18969,FUN_3,FUN_4
276907,13432,FUN_3,FUN_2
276914,6132,FUN_1,FUN_2
276936,14667,FUN_3,FUN_4
276942,10488,FUN_1,FUN_2
276964,3993,CUBE_R,FUN_6
276970,2291,FUN_3,FUN_4
277005,5537,FUN_3,FUN_4
277015,23679,FUN_4,FUN_5
277021,20600,CUBE_L,FUN_1
277034,4802,CUBE_L,RET
277040,5214,FUN_3,FUN_2
277045,1699,FUN_3,FUN_2
277054,18969,FUN_4,FUN_3
277062,15027,FUN_2,FUN_1
277080,15219,FUN_2,FUN_1
277107,2291,FUN_4,FUN_3
277108,281,FUN_2,FUN_1
277110,11978,FUN_2,FUN_3
277131,26686,FUN_2,FUN_3
277133,19754,FUN_1,FUN_2
277148,17703,FUN_6,FUN_5
277154,8315,FUN_2,FUN_1
277155,5364,CUBE_L,RET
277155,21627,FUN_3,FUN_2
277160,26297,FUN_2,FUN_3
277188,6478,FUN_3,FUN_2
277193,3307,RET,CUBE_L
277198,23904,FUN_5,FUN_6
277205,18969,FUN_3,FUN_4
277228,25187,FUN_4,FUN_3
277239,20600,FUN_1,CUBE_L
277241,25745,FUN_5,FUN_6
277243,14136,FUN_3,FUN_4
277248,7149,FUN_3,FUN_2
277253,16718,FUN_2,FUN_1
277258,4309,RET,CUBE_L
277282,2291,FUN_3,FUN_4
277283,25836,FUN_3,FUN_4
277294,20055,FUN_3,FUN_2
277297,3674,CUBE_L,FUN_1
277299,22800,FUN_1,FUN_2
277301,13515,FUN_1,FUN_2
277304,27471,FUN_3,FUN_2
277306,20928,CUBE_L,RET
277324,10245,FUN_1,FUN_2
277334,18375,FUN_6,CUBE_R
277356,7157,FUN_1,FUN_2
277361,2348,FUN_2,FUN_3
277366,24228,CUBE_L,RET
277394,8505,FUN_6,CUBE_R
277409,29269,FUN_1,FUN_2
277413,15286,FUN_2,FUN_3
277419,7955,FUN_1,FUN_2
277425,29139,FUN_5,FUN_6
277428,6304,FUN_2,FUN_1
277453,4019,FUN_4,FUN_3
277455,2178,FUN_2,FUN_1
277465,25932,FUN_2,FUN_1
277493,20137,FUN_5,FUN_6
277507,4802,RET,CUBE_L
277509,29139,FUN_6,FUN_5
277520,16030,FUN_3,FUN_4
277546,11821,FUN_2,FUN_3
277554,5479,FUN_2,FUN_3
277557,8309,CUBE_L,RET
277572,6305,CUBE_R,RET
277573,9532,FUN_3,FUN_4
277580,14383,FUN_5,FUN_6
277589,29943,FUN_1,FUN_2
277601,29139,FUN_5,FUN_6
277615,10854,FUN_6,FUN_5
277622,14885,FUN_2,FUN_1
277643,3705,FUN_1,FUN_2
277648,12636,FUN_5,FUN_4
277657,1341,CUBE_L,RET
277657,25836,FUN_4,FUN_3
277658,4796,FUN_2,FUN_1
277659,22186,FUN_2,FUN_3
277664,28174,FUN_2,FUN_3
277673,9826,RET,CUBE_L
277677,6478,FUN_2,FUN_3
277704,13560,FUN_3,FUN_4
277746,7627,FUN_2,FUN_1
277750,26297,FUN_3,FUN_2
277752,328,FUN_2,FUN_3
277754,22780,FUN_2,FUN_3
277763,661,CUBE_L,RET
277780,26324,RET,CUBE_R
277782,13572,CUBE_R,RET
277787,13124,RET,CUBE_R
277787,21736,FUN_2,FUN_1
277802,29943,FUN_2,FUN_1
277809,27343,FUN_2,FUN_1
277825,26297,FUN_2,FUN_3
277825,27804,CUBE_R,FUN_6
277826,14955,FUN_5,FUN_6
277833,7525,FUN_3,FUN_4
277834,11302,FUN_3,FUN_2
277842,4479,RET,CUBE_L
277850,18092,FUN_1,FUN_2
277854,18976,FUN_4,FUN_3
277865,859,RET,CUBE_L
277880,848,FUN_5,FUN_4
277882,16383,FUN_2,FUN_3
277896,18969,FUN_4,FUN_3
277911,13514,FUN_6,CUBE_R
277917,19234,FUN_5,FUN_4
277919,1647,FUN_6,FUN_5
277932,13841,FUN_2,FUN_1
277935,25348,RET,CUBE_R
277942,23164,FUN_4,FUN_3
277949,5819,FUN_2,FUN_1
277955,6304,FUN_1,FUN_2
277960,20055,FUN_2,FUN_3
277968,967,FUN_1,FUN_2
277970,18351,FUN_4,FUN_5
277988,10658,FUN_4,FUN_5
278009,5942,FUN_2,FUN_1
278011,11296,FUN_2,FUN_1
278012,9750,FUN_1,FUN_2
278020,1341,RET,CUBE_L
278025,25053,FUN_3,FUN_2
278038,15219,FUN_1,FUN_2
278041,10658,FUN_5,FUN_4
278045,9750,FUN_2,FUN_1
278077,21531,CUBE_R,RET
278081,28880,FUN_3,FUN_4
278082,21627,FUN_2,FUN_3
278083,25899,FUN_3,FUN_2
278086,709,FUN_4,FUN_5
278089,13986,FUN_2,FUN_1
278099,16286,FUN_1,FUN_2
278102,19109,FUN_1,FUN_2
278111,5364,RET,CUBE_L
278114,17758,RET,CUBE_L
278133,25913,FUN_4,FUN_3
278148,5767,FUN_3,FUN_2
278152,848,FUN_4,FUN_5
278190,7588,FUN_3,FUN_2
278193,11489,FUN_2,FUN_3
278197,13092,FUN_5,FUN_4
278208,29243,FUN_2,FUN_3
278223,13181,FUN_1,FUN_2
278226,19903,FUN_1,FUN_2
278234,10658,FUN_4,FUN_5
278242,27108,FUN_6,CUBE_R
278243,10510,FUN_6,FUN_5
278264,7632,RET,CUBE_L
278287,3793,FUN_4,FUN_5
278288,15057,FUN_1,FUN_2
278291,26795,FUN_3,FUN_2
278296,5035,FUN_3,FUN_2
278303,20077,FUN_5,FUN_6
278335,27343,FUN_1,FUN_2
278342,18969,FUN_3,FUN_4
278410,21627,FUN_3,FUN_2
278412,15032,FUN_2,FUN_3
278426,9489,FUN_5,FUN_6
278435,22871,FUN_4,FUN_5
278441,20382,FUN_4,FUN_5
278474,4843,FUN_3,FUN_4
278487,14771,FUN_4,FUN_5
278490,12818,FUN_3,FUN_2
278517,28691,FUN_3,FUN_2
278534,13057,FUN_1,CUBE_L
278534,25152,FUN_2,FUN_3
278565,3204,FUN_1,FUN_2
278573,18715,CUBE_R,FUN_6
278582,23820,FUN_3,FUN_2
278613,15027,FUN_1,FUN_2
278614,11250,CUBE_R,FUN_6
278628,884,FUN_3,FUN_2
278630,29700,FUN_1,CUBE_L
278631,5449,FUN_4,FUN_5
278643,5222,CUBE_R,RET
278645,10291,FUN_2,FUN_1
278656,29269,FUN_2,FUN_1
278675,10658,FUN_5,FUN_4
278686,21298,FUN_4,FUN_3
278689,8642,CUBE_L,RET
278690,13986,FUN_1,FUN_2
278692,4843,FUN_4,FUN_3
278703,24557,FUN_3,FUN_2
278711,4796,FUN_1,FUN_2
278711,8097,CUBE_L,RET
278713,17758,CUBE_L,RET
278720,3018,FUN_4,FUN_5
278732,11853,FUN_4,FUN_5
278734,18715,FUN_6,CUBE_R
278752,26499,FUN_2,FUN_1
278754,24228,RET,CUBE_L
278763,6157,FUN_5,FUN_6
278767,6132,FUN_2,FUN_1
278778,16718,FUN_1,FUN_2
278781,24517,FUN_2,FUN_1
278788,16236,FUN_2,FUN_1
278806,29139,FUN_6,FUN_5
278812,20571,CUBE_R,RET
278824,18587,CUBE_L,RET
278842,26686,FUN_3,FUN_2
278854,1305,RET,CUBE_R
278874,21162,FUN_5,FUN_6
278880,21135,FUN_2,FUN_3
278899,6487,FUN_3,FUN_2
278917,15368,FUN_2,FUN_1
278921,13986,FUN_2,FUN_1
278927,28634,FUN_5,FUN_4
278940,23099,FUN_5,FUN_4
278941,3331,FUN_3,FUN_2
278944,19462,FUN_6,FUN_5
278989,7627,FUN_1,FUN_2
279008,13406,RET,CUBE_R
279010,8048,FUN_6,FUN_5
279017,25250,FUN_2,FUN_1
279023,10654,FUN_1,FUN_2
279025,20077,FUN_6,FUN_5
279029,15424,FUN_4,FUN_3
279030,19558,FUN_4,FUN_3
279033,8816,FUN_3,FUN_2
279047,13735,FUN_5,FUN_4
279053,7348,FUN_3,FUN_4
279083,1769,FUN_3,FUN_4
279085,4329,FUN_5,FUN_4
279085,27471,FUN_2,FUN_3
279092,2924,FUN_3,FUN_2
279101,4689,FUN_1,FUN_2
279107,4110,FUN_2,FUN_3
279111,19957,FUN_1,FUN_2
279125,7008,FUN_3,FUN_2
279148,19847,FUN_2,FUN_1
279157,4162,FUN_4,FUN_3
279165,3609,FUN_3,FUN_4
279167,8381,FUN_3,FUN_4
279172,1654,FUN_3,FUN_2
279178,4843,FUN_3,FUN_4
279184,2003,FUN_6,FUN_5
279228,10654,FUN_2,FUN_1
279245,3705,FUN_2,FUN_1
279264,5427,FUN_1,FUN_2
279270,13057,CUBE_L,FUN_1
279280,19860,FUN_2,FUN_3
279315,1020,FUN_2,FUN_1
279322,20828,FUN_6,CUBE_R
279323,4479,CUBE_L,RET
279347,28880,FUN_4,FUN_3
279359,8642,RET,CUBE_L
279363,29074,CUBE_R,RET
279392,13447,FUN_2,FUN_1
279401,19691,CUBE_L,RET
279402,4843,FUN_4,FUN_3
279418,20745,FUN_4,FUN_5
279448,9756,FUN_6,CUBE_R
279467,14136,FUN_4,FUN_3
279476,21604,FUN_2,FUN_3
279476,23691,FUN_3,FUN_4
279481,7157,FUN_2,FUN_1
279482,19691,RET,CUBE_L
279498,11250,FUN_6,CUBE_R
279498,22186,FUN_3,FUN_2
279506,5035,FUN_2,FUN_3
279515,18435,RET,CUBE_L
279516,19847,FUN_1,FUN_2
279518,4843,FUN_3,FUN_4
279532,6473,FUN_6,FUN_5
279533,13514,CUBE_R,FUN_6
279541,193,FUN_4,FUN_3
279549,6300,FUN_2,FUN_1
279566,2422,FUN_1,CUBE_L
279566,11250,CUBE_R,FUN_6
279567,26675,FUN_3,FUN_2
279568,3921,FUN_3,FUN_4
279568,12359,FUN_4,FUN_5
279571,11978,FUN_3,FUN_2
279571,14481,FUN_3,FUN_2
279579,22598,FUN_2,FUN_1
279600,14426,CUBE_L,RET
279602,9515,CUBE_R,RET
279607,21736,FUN_1,FUN_2
279622,11302,FUN_2,FUN_3
279627,28500,FUN_1,FUN_2
279647,19109,FUN_2,FUN_1
279660,7348,FUN_4,FUN_3
279665,28856,FUN_3,FUN_2
279667,29947,FUN_3,FUN_2
279673,26511,CUBE_L,RET
279676,13833,FUN_2,FUN_3
279678,13260,FUN_2,FUN_3
279687,5690,FUN_2,FUN_3
279698,514,CUBE_L,FUN_1
279711,22789,FUN_2,FUN_1
279722,12359,FUN_5,FUN_4
279730,11367,FUN_3,FUN_2
279763,4843,FUN_4,FUN_3
279769,9263,FUN_3,FUN_2
279771,13447,FUN_1,FUN_2
279773,19041,FUN_2,FUN_1
279775,15368,FUN_1,FUN_2
279778,7710,FUN_5,FUN_4
279781,4110,FUN_3,FUN_2
279784,1854,FUN_2,FUN_1
279788,26675,FUN_2,FUN_3
279789,28726,FUN_4,FUN_3
279800,11853,FUN_5,FUN_4
279814,25872,FUN_3,FUN_2
279817,26686,FUN_2,FUN_3
279864,18022,CUBE_L,RET
279877,14424,CUBE_L,RET
279885,11978,FUN_2,FUN_3
279920,3666,FUN_3,FUN_2
279938,2003,FUN_5,FUN_6
279946,3211,CUBE_R,RET
279959,7787,FUN_1,FUN_2
279977,15349,CUBE_L,RET
279977,18901,RET,CUBE_R
279990,13816,FUN_2,FUN_3
279992,25745,FUN_6,FUN_5
280022,25932,FUN_1,FUN_2
280033,6432,FUN_3,FUN_2
280039,10291,FUN_1,FUN_2
280041,25666,FUN_1,FUN_2
280045,1470,FUN_2,FUN_3
280056,6304,FUN_2,FUN_1
280057,8759,CUBE_L,RET
280066,14026,FUN_1,FUN_2
280070,29037,FUN_5,FUN_4
280071,6416,FUN_4,FUN_5
280084,15260,FUN_2,FUN_3
280093,29827,FUN_3,FUN_2
280094,7617,FUN_3,FUN_2
280105,6974,FUN_3,FUN_2
280105,12359,FUN_4,FUN_5
280112,28562,FUN_4,FUN_5
280122,15286,FUN_3,FUN_2
280130,3625,FUN_4,FUN_3
280148,2716,FUN_1,FUN_2
280151,28721,FUN_2,FUN_1
280155,14848,FUN_6,CUBE_R
280157,26788,CUBE_R,RET
280168,15349,RET,CUBE_L
280192,73,FUN_2,FUN_1
280231,16075,FUN_2,FUN_1
280237,26675,FUN_3,FUN_2
280242,12359,FUN_5,FUN_4
280249,25291,FUN_2,FUN_1
280257,10245,FUN_2,FUN_1
280267,28523,FUN_4,FUN_3
280269,5062,FUN_4,FUN_5
280272,21781,FUN_3,FUN_2
280272,28822,CUBE_R,RET
280273,3331,FUN_2,FUN_3
280274,2003,FUN_6,FUN_5
280286,7399,RET,CUBE_R
280313,28250,CUBE_L,FUN_1
280317,12252,FUN_5,FUN_6
280317,12906,CUBE_L,RET
280317,26930,FUN_3,FUN_4
280320,10654,FUN_1,FUN_2
280328,7348,FUN_3,FUN_4
280336,17758,RET,CUBE_L
280343,26981,FUN_3,FUN_2
280353,18092,FUN_2,FUN_1
280382,28521,RET,CUBE_R
280400,1341,CUBE_L,RET
280414,2171,FUN_3,FUN_4
280428,7017,FUN_1,FUN_2
280429,12359,FUN_4,FUN_5
280439,467,FUN_4,FUN_5
280451,14848,CUBE_R,FUN_6
280458,15368,FUN_2,FUN_1
280458,25798,FUN_6,FUN_5
280460,24199,RET,CUBE_R
280483,12359,FUN_5,FUN_4
280489,13841,FUN_1,FUN_2
280497,25441,FUN_3,FUN_2
280505,26112,FUN_4,FUN_5
280509,23271,RET,CUBE_R
280512,13865,FUN_2,FUN_3
280514,10673,FUN_1,CUBE_L
280516,19334,FUN_2,FUN_3
280518,11242,FUN_2,FUN_1
280518,13736,FUN_3,FUN_2
280520,18302,FUN_2,FUN_3
280523,15286,FUN_2,FUN_3
280526,29947,FUN_2,FUN_3
280560,28376,FUN_2,FUN_3
280568,5293,FUN_6,CUBE_R
280568,18489,CUBE_L,FUN_1
280569,1771,FUN_2,FUN_1
280577,661,RET,CUBE_L
280579,20366,FUN_6,CUBE_R
280584,12195,FUN_4,FUN_3
280598,11768,FUN_2,FUN_3
280598,25291,FUN_1,FUN_2
280605,11821,FUN_3,FUN_2
280613,13432,FUN_2,FUN_3
280620,12359,FUN_4,FUN_5
280624,29179,FUN_4,FUN_3
280632,12195,FUN_3,FUN_4
280633,8384,FUN_1,CUBE_L
280638,2217,FUN_3,FUN_4
280641,19957,FUN_2,FUN_1
280672,25053,FUN_2,FUN_3
280689,21852,FUN_6,FUN_5
280693,1771,FUN_1,FUN_2
280698,6721,FUN_3,FUN_2
280701,29700,CUBE_L,FUN_1
280716,12195,FUN_4,FUN_3
280741,29869,FUN_2,FUN_3
280742,23256,FUN_2,FUN_3
280749,12195,FUN_3,FUN_4
280757,16220,FUN_3,FUN_2
280773,7017,FUN_2,FUN_1
280774,11367,FUN_2,FUN_3
280774,15349,CUBE_L,RET
280793,17472,FUN_3,FUN_4
280802,4292,FUN_2,FUN_1
280807,25152,FUN_3,FUN_2
280850,73,FUN_1,FUN_2
280875,13958,FUN_2,FUN_1
280895,21604,FUN_3,FUN_2
280897,16415,CUBE_R,RET
280900,10654,FUN_2,FUN_1
280900,10854,FUN_5,FUN_6
280902,8815,CUBE_L,FUN_1
280943,22186,FUN_2,FUN_3
280962,25913,FUN_3,FUN_4
280964,1571,CUBE_L,RET
280965,4479,RET,CUBE_L
280979,16415,RET,CUBE_R
280981,9950,RET,CUBE_R
280985,4796,FUN_2,FUN_1
281002,8022,FUN_3,FUN_2
281012,20745,FUN_5,FUN_4
281014,13841,FUN_2,FUN_1
281020,6721,FUN_2,FUN_3
281021,29869,FUN_3,FUN_2
281030,26498,FUN_1,FUN_2
281036,871,FUN_6,CUBE_R
281038,8816,FUN_2,FUN_3
281038,9750,FUN_1,FUN_2
281063,987,FUN_1,FUN_2
281092,15057,FUN_2,FUN_1
281093,8381,FUN_4,FUN_3
281102,22598,FUN_1,FUN_2
281110,5707,FUN_2,FUN_3
281114,25441,FUN_2,FUN_3
281171,21195,FUN_4,FUN_5
281193,19691,CUBE_L,RET
281240,26840,CUBE_L,RET
281249,13841,FUN_1,FUN_2
281252,13205,FUN_6,FUN_5
281264,28726,FUN_3,FUN_4
281265,14899,FUN_2,FUN_1
281269,18061,FUN_2,FUN_3
281272,16415,CUBE_R,RET
281273,2201,FUN_3,FUN_2
281298,27332,FUN_3,FUN_2
281314,16007,FUN_1,FUN_2
281317,17758,CUBE_L,RET
281326,18092,FUN_1,FUN_2
281338,28707,FUN_5,FUN_4
281367,9515,RET,CUBE_R
281370,5007,FUN_1,FUN_2
281380,20928,RET,CUBE_L
281381,12925,FUN_4,FUN_3
281382,23164,FUN_3,FUN_4
281437,22136,FUN_3,FUN_2
281462,6422,CUBE_L,FUN_1
281462,16030,FUN_4,FUN_3
281464,15617,RET,CUBE_R
281469,29757,FUN_1,FUN_2
281478,4689,FUN_2,FUN_1
281489,3937,FUN_1,FUN_2
281492,25745,FUN_5,FUN_6
281532,10308,CUBE_R,RET
281535,367,CUBE_L,RET
281540,3666,FUN_2,FUN_3
281542,24557,FUN_2,FUN_3
281549,4110,FUN_2,FUN_3
281566,20167,FUN_4,FUN_3
281582,20857,FUN_4,FUN_3
281592,22871,FUN_5,FUN_4
281626,14899,FUN_1,FUN_2
281636,11296,FUN_1,FUN_2
281641,1566,FUN_1,FUN_2
281654,5683,FUN_1,FUN_2
281665,16967,CUBE_R,RET
281668,26112,FUN_5,FUN_4
281675,1588,FUN_2,FUN_1
281678,20002,FUN_4,FUN_3
281689,26498,FUN_2,FUN_1
281696,4267,CUBE_R,FUN_6
281696,19860,FUN_3,FUN_2
281698,25402,FUN_3,FUN_4
281716,1341,RET,CUBE_L
281732,15368,FUN_1,FUN_2
281734,26498,FUN_1,FUN_2
281740,19918,RET,CUBE_L
281741,29371,CUBE_R,RET
281743,29869,FUN_2,FUN_3
281745,26498,FUN_2,FUN_1
281763,14239,RET,CUBE_L
281764,2417,CUBE_L,FUN_1
281764,20745,FUN_4,FUN_5
281769,15642,CUBE_R,RET
281779,26748,FUN_3,FUN_2
281786,871,CUBE_R,FUN_6
281801,29635,CUBE_R,FUN_6
281816,19183,FUN_3,FUN_2
281819,13958,FUN_1,FUN_2
281838,7617,FUN_2,FUN_3
281853,10179,FUN_2,FUN_1
281906,16761,FUN_2,FUN_1
281922,20857,FUN_3,FUN_4
281933,12195,FUN_4,FUN_3
281936,933,CUBE_R,RET
281940,25775,FUN_3,FUN_2
281954,6204,FUN_3,FUN_4
281957,11465,FUN_3,FUN_2
281985,16476,FUN_1,CUBE_L
281986,4982,FUN_4,FUN_3
282006,11302,FUN_3,FUN_2
282006,14848,FUN_6,CUBE_R
282008,2972,FUN_5,FUN_6
282015,16204,FUN_2,FUN_3
282036,10069,FUN_3,FUN_4
282055,28376,FUN_3,FUN_2
282061,22934,FUN_3,FUN_2
282101,28376,FUN_2,FUN_3
282103,28023,RET,CUBE_R
282123,11788,CUBE_L,RET
282135,11853,FUN_4,FUN_5
282136,5242,FUN_4,FUN_5
282137,18212,FUN_2,FUN_3
282141,22598,FUN_2,FUN_1
282143,26324,CUBE_R,RET
282150,12919,FUN_5,FUN_6
282168,11461,RET,CUBE_L
282174,2171,FUN_4,FUN_3
282217,25666,FUN_2,FUN_1
282223,21195,FUN_5,FUN_4
282253,14857,FUN_2,FUN_1
282269,23646,FUN_3,FUN_2
282284,25833,CUBE_R,FUN_6
282304,15911,CUBE_R,FUN_6
282311,16218,FUN_3,FUN_2
282312,7084,FUN_1,FUN_2
282317,21034,FUN_3,FUN_4
282363,24517,FUN_1,FUN_2
282375,14752,FUN_4,FUN_5
282375,26708,RET,CUBE_R
282391,15773,FUN_2,FUN_3
282412,14426,RET,CUBE_L
282420,25152,FUN_2,FUN_3
282422,22180,FUN_1,FUN_2
282432,7484,FUN_1,FUN_2
282435,22186,FUN_3,FUN_2
282436,11164,FUN_4,FUN_3
282450,19860,FUN_2,FUN_3
282451,23850,FUN_2,FUN_3
282456,29928,FUN_3,FUN_4
282488,11788,RET,CUBE_L
282491,16007,FUN_2,FUN_1
282495,14034,CUBE_R,RET
282522,1470,FUN_3,FUN_2
282536,23271,CUBE_R,RET
282536,26324,RET,CUBE_R
282540,9743,FUN_3,FUN_4
282542,21502,FUN_2,FUN_3
282543,6412,FUN_2,FUN_3
282544,9532,FUN_4,FUN_3
282549,318,CUBE_R,RET
282566,19860,FUN_3,FUN_2
282568,29969,CUBE_R,RET
282583,6764,FUN_5,FUN_4
282592,27755,FUN_2,FUN_3
282642,11302,FUN_2,FUN_3
282647,16286,FUN_2,FUN_1
282647,20382,FUN_5,FUN_4
282648,11281,FUN_5,FUN_4
282664,26159,FUN_3,FUN_4
282664,26548,FUN_3,FUN_2
282674,23178,FUN_2,FUN_3
282679,23940,FUN_1,CUBE_L
282684,1423,FUN_2,FUN_1
282708,8932,FUN_2,FUN_1
282712,14650,RET,CUBE_R
282744,7655,FUN_1,FUN_2
282750,14752,FUN_5,FUN_4
282763,19691,RET,CUBE_L
282766,5201,RET,CUBE_L
282766,28376,FUN_3,FUN_2
282773,17584,FUN_2,FUN_3
282777,10350,FUN_2,FUN_1
282780,28521,CUBE_R,RET
282782,27912,FUN_3,FUN_2
282800,12568,CUBE_R,FUN_6
282830,13736,FUN_2,FUN_3
282830,18798,FUN_4,FUN_3
282836,27692,RET,CUBE_L
282841,3649,FUN_5,FUN_4
282852,4496,FUN_2,FUN_3
282856,1588,FUN_1,FUN_2
282861,17414,FUN_5,FUN_4
282895,1171,CUBE_R,FUN_6
282895,4982,FUN_3,FUN_4
282903,5590,FUN_4,FUN_3
282915,23360,CUBE_L,RET
282916,5342,CUBE_R,RET
282924,29304,FUN_1,FUN_2
282931,26795,FUN_2,FUN_3
282932,19957,FUN_1,FUN_2
282941,16967,RET,CUBE_R
282945,9288,RET,CUBE_L
282961,1823,FUN_1,FUN_2
282962,19784,FUN_4,FUN_3
282968,26748,FUN_2,FUN_3
282973,4285,CUBE_R,FUN_6
282991,6748,FUN_3,FUN_2
283002,3666,FUN_3,FUN_2
283008,21988,FUN_1,CUBE_L
283013,11296,FUN_2,FUN_1
283023,7059,FUN_2,FUN_1
283033,12351,FUN_2,FUN_3
283033,25059,FUN_3,FUN_2
283048,23319,CUBE_R,RET
283059,20369,FUN_4,FUN_3
283062,3644,FUN_3,FUN_2
283068,16007,FUN_1,FUN_2
283078,2171,FUN_3,FUN_4
283105,17076,CUBE_L,RET
283106,29251,FUN_2,FUN_1
283119,7831,FUN_1,FUN_2
283121,7956,FUN_4,FUN_3
283134,5858,FUN_6,CUBE_R
283140,5201,CUBE_L,RET
283144,15911,FUN_6,CUBE_R
283181,6048,FUN_2,FUN_1
283190,26473,CUBE_L,RET
283198,11296,FUN_1,FUN_2
283202,26111,FUN_3,FUN_2
283209,13639,CUBE_L,RET
283210,23319,RET,CUBE_R
283240,661,CUBE_L,RET
283242,19420,CUBE_R,RET
283253,15916,FUN_2,FUN_3
283267,28573,CUBE_L,FUN_1
283273,21502,FUN_3,FUN_2
283274,343,RET,CUBE_R
283277,16761,FUN_1,FUN_2
283282,6671,FUN_2,FUN_3
283294,1657,FUN_2,FUN_3
283296,19334,FUN_3,FUN_2
283312,17465,FUN_4,FUN_5
283314,29500,FUN_2,FUN_3
283328,2037,FUN_6,FUN_5
283329,12925,FUN_3,FUN_4
283332,16591,FUN_3,FUN_2
283342,16580,CUBE_L,RET
283346,9950,CUBE_R,RET
283348,26748,FUN_3,FUN_2
283353,27938,FUN_3,FUN_2
283366,5574,FUN_6,CUBE_R
283369,9746,FUN_3,FUN_2
283371,9515,CUBE_R,RET
283371,18302,FUN_3,FUN_2
283375,4800,FUN_2,FUN_3
283381,28691,FUN_2,FUN_3
283395,19367,FUN_6,FUN_5
283416,25833,FUN_6,CUBE_R
283420,29700,FUN_1,CUBE_L
283423,9515,RET,CUBE_R
283433,27408,FUN_3,FUN_2
283434,16331,FUN_5,FUN_6
283435,26159,FUN_4,FUN_3
283437,5333,FUN_2,FUN_3
283467,11465,FUN_2,FUN_3
283491,13613,FUN_2,FUN_3
283521,8127,CUBE_L,RET
283524,26730,FUN_5,FUN_4
283532,11185,CUBE_L,RET
283532,16383,FUN_3,FUN_2
283534,4285,FUN_6,CUBE_R
283536,9869,FUN_2,FUN_1
283537,5201,RET,CUBE_L
283552,9533,FUN_4,FUN_3
283581,19109,FUN_1,FUN_2
283587,5222,RET,CUBE_R
283596,20002,FUN_3,FUN_4
283597,26675,FUN_2,FUN_3
283599,11978,FUN_3,FUN_2
283620,14899,FUN_2,FUN_1
283635,5222,CUBE_R,RET
283643,6869,FUN_4,FUN_3
283647,25745,FUN_6,FUN_5
283648,19800,RET,CUBE_R
283668,4796,FUN_1,FUN_2
283669,19308,FUN_6,FUN_5
283696,12071,FUN_3,FUN_4
283708,26748,FUN_2,FUN_3
283714,19367,FUN_5,FUN_6
283734,21298,FUN_3,FUN_4
283743,3459,CUBE_L,FUN_1
283751,18798,FUN_3,FUN_4
283752,2455,FUN_3,FUN_2
283755,11695,FUN_3,FUN_2
283759,19183,FUN_2,FUN_3
283776,25912,FUN_4,FUN_3
283782,11503,FUN_2,FUN_3
283793,17311,RET,CUBE_R
283803,6313,FUN_2,FUN_3
283803,16580,RET,CUBE_L
283806,12252,FUN_6,FUN_5
283816,23768,FUN_1,FUN_2
283825,390,FUN_2,FUN_1
283836,26840,RET,CUBE_L
283837,6473,FUN_5,FUN_6
283846,27912,FUN_2,FUN_3
283847,21736,FUN_2,FUN_1
283854,25666,FUN_1,FUN_2
283867,26795,FUN_3,FUN_2
283876,28822,RET,CUBE_R
283893,2972,FUN_6,FUN_5
283894,13432,FUN_3,FUN_2
283902,28919,FUN_2,FUN_1
283908,13260,FUN_3,FUN_2
283912,14811,FUN_2,FUN_3
283914,26877,RET,CUBE_R
283932,24251,FUN_4,FUN_3
283936,1566,FUN_2,FUN_1
283948,6416,FUN_5,FUN_4
283949,11500,FUN_1,FUN_2
283979,29869,FUN_3,FUN_2
283995,4292,FUN_1,FUN_2
284007,9548,FUN_2,FUN_1
284008,20095,FUN_5,FUN_4
284010,21736,FUN_1,FUN_2
284013,20857,FUN_4,FUN_3
284021,15938,FUN_1,FUN_2
284026,23285,FUN_4,FUN_3
284046,21130,FUN_1,FUN_2
284066,1588,FUN_2,FUN_1
284067,14899,FUN_1,FUN_2
284074,9208,FUN_1,FUN_2
284087,23820,FUN_2,FUN_3
284088,19691,CUBE_L,RET
284097,884,FUN_2,FUN_3
284098,5690,FUN_3,FUN_2
284122,18092,FUN_2,FUN_1
284138,10673,CUBE_L,FUN_1
284138,26548,FUN_2,FUN_3
284141,6085,FUN_1,FUN_2
284150,23285,FUN_3,FUN_4
284156,5590,FUN_3,FUN_4
284166,20002,FUN_4,FUN_3
284166,28507,FUN_2,FUN_1
284168,14811,FUN_3,FUN_2
284169,4755,CUBE_R,FUN_6
284182,18901,CUBE_R,RET
284184,6313,FUN_3,FUN_2
284207,21736,FUN_2,FUN_1
284217,15916,FUN_3,FUN_2
284225,24366,FUN_6,CUBE_R
284229,25021,FUN_2,FUN_1
284240,4285,CUBE_R,FUN_6
284241,14566,FUN_6,FUN_5
284251,24700,CUBE_L,RET
284264,14650,CUBE_R,RET
284268,3666,FUN_2,FUN_3
284270,1311,FUN_4,FUN_3
284273,24909,FUN_2,FUN_1
284282,13455,FUN_3,FUN_4
284286,8536,CUBE_L,RET
284310,16218,FUN_2,FUN_3
284315,27912,FUN_3,FUN_2
284332,7831,FUN_2,FUN_1
284343,3302,FUN_2,FUN_3
284347,20958,RET,CUBE_L
284353,25745,FUN_5,FUN_6
284356,1423,FUN_1,FUN_2
284400,24909,FUN_1,FUN_2
284411,6100,CUBE_R,RET
284426,4594,FUN_1,FUN_2
284426,23219,CUBE_R,FUN_6
284438,3844,FUN_1,FUN_2
284458,10698,CUBE_R,RET
284463,7008,FUN_2,FUN_3
284474,24345,FUN_2,FUN_1
284484,754,FUN_2,FUN_1
284486,11584,FUN_4,FUN_3
284507,16220,FUN_2,FUN_3
284535,11695,FUN_2,FUN_3
284581,10600,CUBE_L,FUN_1
284581,13556,FUN_3,FUN_2
284605,5171,FUN_2,FUN_3
284611,18282,FUN_1,FUN_2
284618,7831,FUN_1,FUN_2
284626,8102,FUN_3,FUN_4
284626,20543,FUN_1,CUBE_L
284627,22934,FUN_2,FUN_3
284628,10696,FUN_4,FUN_5
284635,18798,FUN_4,FUN_3
284636,21736,FUN_1,FUN_2
284639,3793,FUN_5,FUN_4
284640,14811,FUN_2,FUN_3
284640,21178,FUN_2,FUN_3
284642,22797,FUN_2,FUN_1
284656,8536,RET,CUBE_L
284672,25745,FUN_6,FUN_5
284672,28376,FUN_2,FUN_3
284675,3053,FUN_3,FUN_2
284687,5690,FUN_2,FUN_3
284691,2716,FUN_2,FUN_1
284691,16925,FUN_2,FUN_1
284702,5513,RET,CUBE_L
284705,19334,FUN_2,FUN_3
284724,6487,FUN_2,FUN_3
284738,21178,FUN_3,FUN_2
284739,13723,FUN_2,FUN_3
284743,6748,FUN_2,FUN_3
284744,1657,FUN_3,FUN_2
284746,23795,FUN_2,FUN_3
284748,5245,CUBE_L,RET
284776,13639,RET,CUBE_L
284795,6067,FUN_5,FUN_4
284797,2171,FUN_4,FUN_3
284819,5629,FUN_1,FUN_2
284827,13613,FUN_3,FUN_2
284828,21449,FUN_4,FUN_3
284850,12836,FUN_1,FUN_2
284861,1823,FUN_2,FUN_1
284870,18894,FUN_2,FUN_1
284877,1566,FUN_1,FUN_2
284878,11503,FUN_3,FUN_2
284881,16301,FUN_2,FUN_1
284908,14811,FUN_3,FUN_2
284909,4689,FUN_1,FUN_2
284934,13639,CUBE_L,RET
284935,17802,FUN_3,FUN_4
284936,13736,FUN_3,FUN_2
284936,25872,FUN_2,FUN_3
284954,16852,FUN_4,FUN_3
284961,17140,FUN_3,FUN_4
284966,12512,FUN_4,FUN_3
284980,29904,FUN_2,FUN_1
284981,15938,FUN_2,FUN_1
284982,4359,CUBE_R,RET
285004,14848,CUBE_R,FUN_6
285008,20598,FUN_2,FUN_1
285014,24153,CUBE_L,RET
285030,6412,FUN_3,FUN_2
285034,8127,RET,CUBE_L
285040,11367,FUN_3,FUN_2
285045,12836,FUN_2,FUN_1
285045,26058,FUN_2,FUN_1
285056,28023,CUBE_R,RET
285062,23667,FUN_2,FUN_1
285064,3251,RET,CUBE_R
285077,26203,FUN_6,CUBE_R
285091,23908,CUBE_L,FUN_1
285091,28707,FUN_4,FUN_5
285095,16367,FUN_4,FUN_3
285102,23164,FUN_4,FUN_3
285107,13986,FUN_1,FUN_2
285119,28386,FUN_3,FUN_2
285152,7621,FUN_2,FUN_1
285169,28376,FUN_3,FUN_2
285172,3755,FUN_2,FUN_3
285173,18909,CUBE_L,RET
285178,3307,CUBE_L,RET
285185,28717,FUN_2,FUN_3
285194,10378,FUN_1,CUBE_L
285203,11816,CUBE_R,FUN_6
285206,27670,RET,CUBE_R
285209,6300,FUN_1,FUN_2
285227,3921,FUN_4,FUN_3
285229,8816,FUN_3,FUN_2
285243,15923,FUN_3,FUN_2
285244,10673,FUN_1,CUBE_L
285272,7399,CUBE_R,RET
285272,7525,FUN_4,FUN_3
285275,5923,FUN_2,FUN_3
285276,29770,FUN_1,FUN_2
285333,26473,RET,CUBE_L
285339,21502,FUN_2,FUN_3
285347,20820,FUN_4,FUN_5
285348,6085,FUN_2,FUN_1
285355,1808,FUN_3,FUN_4
285366,6204,FUN_4,FUN_3
285366,7247,FUN_2,FUN_1
285381,1085,FUN_2,FUN_3
285389,15577,FUN_1,CUBE_L
285390,13432,FUN_2,FUN_3
285403,24228,CUBE_L,RET
285423,20543,CUBE_L,FUN_1
285424,15331,FUN_4,FUN_3
285438,15395,FUN_3,FUN_2
285442,4159,FUN_1,FUN_2
285443,14857,FUN_1,FUN_2
285449,9878,RET,CUBE_L
285527,26374,CUBE_L,RET
285529,15571,CUBE_R,RET
285530,1017,FUN_1,FUN_2
285535,28919,FUN_1,FUN_2
285555,2217,FUN_4,FUN_3
285575,13559,RET,CUBE_L
285581,11461,CUBE_L,RET
285582,26981,FUN_2,FUN_3
285584,7691,FUN_3,FUN_2
285591,7240,FUN_3,FUN_2
285639,22934,FUN_3,FUN_2
285642,8830,CUBE_L,RET
285652,20604,RET,CUBE_R
285659,13986,FUN_2,FUN_1
285663,9548,FUN_1,FUN_2
285679,4796,FUN_2,FUN_1
285686,19334,FUN_3,FUN_2
285695,20377,FUN_5,FUN_6
285704,7710,FUN_4,FUN_5
285711,15617,CUBE_R,RET
285719,16852,FUN_3,FUN_4
285731,5293,CUBE_R,FUN_6
285739,5923,FUN_3,FUN_2
285743,28108,FUN_2,FUN_3
285758,28507,FUN_1,FUN_2
285769,17802,FUN_4,FUN_3
285770,8932,FUN_1,FUN_2
285771,4755,FUN_6,CUBE_R
285796,18828,CUBE_R,FUN_6
285815,14481,FUN_2,FUN_3
285826,19860,FUN_2,FUN_3
285849,15285,FUN_1,FUN_2
285874,9950,RET,CUBE_R
285880,425,FUN_4,FUN_3
285881,4755,CUBE_R,FUN_6
285882,10696,FUN_5,FUN_4
285886,7157,FUN_1,FUN_2
285911,22905,FUN_2,FUN_3
285912,11296,FUN_2,FUN_1
285914,27772,FUN_5,FUN_4
285915,20857,FUN_3,FUN_4
285920,2291,FUN_4,FUN_3
285924,18855,FUN_6,FUN_5
285924,24072,CUBE_R,FUN_6
285929,26011,CUBE_R,RET
285953,4941,FUN_2,FUN_3
285962,16218,FUN_3,FUN_2
285966,27964,FUN_3,FUN_4
285971,2812,FUN_2,FUN_1
285972,9453,FUN_2,FUN_3
285981,22905,FUN_3,FUN_2
285984,26111,FUN_2,FUN_3
285987,14481,FUN_3,FUN_2
285989,7569,FUN_3,FUN_2
285997,2211,FUN_2,FUN_1
286042,5819,FUN_1,FUN_2
286042,17802,FUN_3,FUN_4
286050,22186,FUN_2,FUN_3
286068,11641,CUBE_L,RET
286070,5342,RET,CUBE_R
286089,3649,FUN_4,FUN_5
286108,12836,FUN_1,FUN_2
286130,9489,FUN_6,FUN_5
286158,273,CUBE_R,FUN_6
286161,10901,FUN_5,FUN_6
286189,10673,CUBE_L,FUN_1
286225,12977,FUN_5,FUN_4
286228,20581,FUN_6,CUBE_R
286231,13572,RET,CUBE_R
286235,22894,CUBE_L,RET
286242,3251,CUBE_R,RET
286243,21017,FUN_2,FUN_1
286259,20598,FUN_1,FUN_2
286277,13044,FUN_2,FUN_3
286283,18798,FUN_3,FUN_4
286292,22599,FUN_6,CUBE_R
286294,24,FUN_3,FUN_4
286320,24152,FUN_4,FUN_5
286327,28691,FUN_3,FUN_2
286330,5619,FUN_5,FUN_4
286353,15923,FUN_2,FUN_3
286374,18669,FUN_6,CUBE_R
286375,21011,FUN_3,FUN_2
286376,9263,FUN_2,FUN_3
286395,28707,FUN_5,FUN_4
286412,18969,FUN_4,FUN_3
286436,7153,RET,CUBE_L
286450,2217,FUN_3,FUN_4
286458,13035,FUN_3,FUN_2
286463,20415,FUN_2,FUN_1
286469,8478,FUN_1,FUN_2
286477,3053,FUN_2,FUN_3
286502,2716,FUN_1,FUN_2
286506,12195,FUN_3,FUN_4
286512,16367,FUN_3,FUN_4
286520,10980,CUBE_L,RET
286533,18669,CUBE_R,FUN_6
286553,25567,FUN_2,FUN_1
286560,5858,CUBE_R,FUN_6
286580,2217,FUN_4,FUN_3
286582,14744,CUBE_R,RET
286601,6585,FUN_3,FUN_2
286611,8696,CUBE_L,FUN_1
286618,4211,RET,CUBE_L
286623,17508,FUN_1,FUN_2
286624,27938,FUN_2,FUN_3
286634,11302,FUN_3,FUN_2
286638,13949,FUN_1,FUN_2
286640,7525,FUN_3,FUN_4
286645,4077,FUN_3,FUN_4
286659,16331,FUN_6,FUN_5
286663,11367,FUN_2,FUN_3
286668,22894,RET,CUBE_L
286673,7621,FUN_1,FUN_2
286684,28204,FUN_2,FUN_1
286685,5886,FUN_4,FUN_5
286686,17802,FUN_4,FUN_3
286686,27129,FUN_5,FUN_4
286696,5767,FUN_2,FUN_3
286697,13639,RET,CUBE_L
286712,12071,FUN_4,FUN_3
286715,12211,FUN_5,FUN_6
286722,425,FUN_3,FUN_4
286726,12252,FUN_5,FUN_6
286728,24072,FUN_6,CUBE_R
286746,24140,FUN_2,FUN_3
286763,12264,FUN_2,FUN_3
286766,19220,FUN_3,FUN_4
286767,7157,FUN_2,FUN_1
286777,16075,FUN_1,FUN_2
286778,8536,CUBE_L,RET
286782,28750,FUN_6,FUN_5
286786,14667,FUN_4,FUN_3
286801,17802,FUN_3,FUN_4
286803,384,FUN_2,FUN_3
286810,27126,FUN_2,FUN_1
286817,8524,FUN_3,FUN_2
286819,19784,FUN_3,FUN_4
286826,13736,FUN_2,FUN_3
286827,2716,FUN_2,FUN_1
286835,13120,CUBE_L,FUN_1
286874,21712,CUBE_L,RET
286884,10272,FUN_3,FUN_4
286900,23360,RET,CUBE_L
286901,16852,FUN_4,FUN_3
286927,27434,RET,CUBE_L
286939,2217,FUN_3,FUN_4
286949,6416,FUN_4,FUN_5
286960,7710,FUN_5,FUN_4
286960,13312,FUN_4,FUN_3
286963,28717,FUN_3,FUN_2
286988,5602,FUN_3,FUN_2
286998,11582,FUN_2,FUN_3
287030,7240,FUN_2,FUN_3
287030,19957,FUN_2,FUN_1
287037,2549,CUBE_L,RET
287040,17739,RET,CUBE_R
287042,5186,FUN_1,FUN_2
287051,28717,FUN_2,FUN_3
287054,26374,RET,CUBE_L
287087,3271,CUBE_R,RET
287128,21504,FUN_1,FUN_2
287136,22905,FUN_2,FUN_3
287137,8381,FUN_3,FUN_4
287157,27992,FUN_3,FUN_2
287163,4267,FUN_6,CUBE_R
287169,4425,FUN_2,FUN_1
287173,14725,FUN_3,FUN_4
287189,15617,RET,CUBE_R
287191,9684,FUN_2,FUN_1
287193,6473,FUN_6,FUN_5
287195,3609,FUN_4,FUN_3
287197,9438,FUN_3,FUN_2
287250,26686,FUN_3,FUN_2
287252,14239,CUBE_L,RET
287260,9746,FUN_2,FUN_3
287264,24700,RET,CUBE_L
287267,25310,CUBE_L,FUN_1
287290,425,FUN_4,FUN_3
287306,13894,FUN_2,FUN_1
287311,3442,CUBE_L,RET
287314,28717,FUN_3,FUN_2
287322,26111,FUN_3,FUN_2
287335,11582,FUN_3,FUN_2
287357,11313,FUN_2,FUN_1
287364,22816,FUN_2,FUN_3
287366,6085,FUN_1,FUN_2
287366,10673,FUN_1,CUBE_L
287375,4732,FUN_2,FUN_1
287376,15497,RET,CUBE_L
287417,3156,CUBE_L,RET
287426,6416,FUN_5,FUN_4
287426,28023,RET,CUBE_R
287428,13035,FUN_2,FUN_3
287439,10085,FUN_2,FUN_3
287451,1320,FUN_1,FUN_2
287471,17845,CUBE_L,FUN_1
287478,15938,FUN_1,FUN_2
287492,21889,FUN_4,FUN_3
287499,16218,FUN_2,FUN_3
287505,2396,FUN_4,FUN_5
287508,19860,FUN_3,FUN_2
287516,21202,FUN_5,FUN_4
287518,22903,FUN_6,CUBE_R
287520,21449,FUN_3,FUN_4
287539,41,FUN_2,FUN_1
287544,17208,FUN_2,FUN_3
287564,7399,RET,CUBE_R
287568,6085,FUN_2,FUN_1
287578,4982,FUN_4,FUN_3
287584,10435,CUBE_R,RET
287598,8646,FUN_2,FUN_1
287609,3251,RET,CUBE_R
287613,754,FUN_1,FUN_2
287619,8816,FUN_2,FUN_3
287629,10638,FUN_4,FUN_3
287637,11512,FUN_2,FUN_3
287637,20140,FUN_2,FUN_1
287641,5031,FUN_4,FUN_3
287664,11582,FUN_2,FUN_3
287670,9038,RET,CUBE_R
287682,28722,FUN_3,FUN_2
287685,22905,FUN_3,FUN_2
287694,28919,FUN_2,FUN_1
287699,28691,FUN_2,FUN_3
287724,1320,FUN_2,FUN_1
287749,14481,FUN_2,FUN_3
287760,20140,FUN_1,FUN_2
287769,21889,FUN_3,FUN_4
287769,24653,FUN_4,FUN_5
287783,24228,RET,CUBE_L
287786,10706,FUN_3,FUN_4
287792,24447,FUN_2,FUN_1
287798,15292,FUN_4,FUN_3
287805,13312,FUN_3,FUN_4
287810,17258,FUN_1,FUN_2
287833,25836,FUN_3,FUN_4
287835,19376,CUBE_L,RET
287836,26079,FUN_3,FUN_4
287843,11302,FUN_2,FUN_3
287844,11313,FUN_1,FUN_2
287858,14862,FUN_5,FUN_4
287878,22599,CUBE_R,FUN_6
287884,24520,FUN_6,CUBE_R
287903,16723,FUN_4,FUN_5
287917,26686,FUN_2,FUN_3
287939,12045,FUN_3,FUN_2
287939,28204,FUN_1,FUN_2
287958,20415,FUN_1,FUN_2
287961,3609,FUN_3,FUN_4
287963,26058,FUN_1,FUN_2
287964,7713,CUBE_R,FUN_6
287968,19220,FUN_4,FUN_3
287988,9950,CUBE_R,RET
287989,3595,CUBE_L,FUN_1
288000,12906,RET,CUBE_L
288003,17739,CUBE_R,RET
288009,24142,FUN_6,CUBE_R
288020,28386,FUN_2,FUN_3
288022,956,FUN_3,FUN_4
288024,25250,FUN_1,FUN_2
288026,11281,FUN_4,FUN_5
288028,19670,FUN_5,FUN_6
288044,4594,FUN_2,FUN_1
288045,8646,FUN_1,FUN_2
288057,11763,CUBE_L,RET
288061,3951,FUN_6,FUN_5
288062,3627,FUN_3,FUN_2
288087,19183,FUN_3,FUN_2
288090,2382,FUN_3,FUN_2
288094,21042,FUN_3,FUN_4
288101,8315,FUN_1,FUN_2
288102,10532,FUN_2,FUN_1
288104,12193,RET,CUBE_R
288107,19853,FUN_2,FUN_1
288108,21298,FUN_4,FUN_3
288114,4732,FUN_1,FUN_2
288132,19376,RET,CUBE_L
288135,19691,RET,CUBE_L
288154,3400,FUN_3,FUN_2
288157,29440,FUN_5,FUN_6
288162,7621,FUN_2,FUN_1
288194,8775,FUN_3,FUN_2
288195,640,FUN_6,CUBE_R
288202,3661,CUBE_L,RET
288203,8381,FUN_4,FUN_3
288207,29168,FUN_3,FUN_2
288211,9869,FUN_1,FUN_2
288213,23730,RET,CUBE_R
288218,12956,FUN_3,FUN_2
288233,5189,CUBE_R,RET
288253,2812,FUN_1,FUN_2
288259,2466,FUN_3,FUN_2
288274,16772,RET,CUBE_L
288279,23534,CUBE_L,RET
288283,13269,FUN_2,FUN_1
288288,4616,FUN_3,FUN_4
288295,18059,FUN_3,FUN_2
288298,8759,RET,CUBE_L
288306,21889,FUN_4,FUN_3
288308,6048,FUN_1,FUN_2
288347,4982,FUN_3,FUN_4
288348,17421,FUN_2,FUN_3
288358,10460,FUN_4,FUN_3
288372,5293,FUN_6,CUBE_R
288377,2176,FUN_3,FUN_2
288395,26706,CUBE_R,FUN_6
288397,13926,FUN_4,FUN_3
288400,4796,FUN_1,FUN_2
288401,7569,FUN_2,FUN_3
288410,29117,FUN_2,FUN_1
288412,15577,CUBE_L,FUN_1
288416,4958,RET,CUBE_L
288427,29344,RET,CUBE_L
288431,13556,FUN_2,FUN_3
288435,4219,FUN_2,FUN_1
288447,26840,CUBE_L,RET
288449,27992,FUN_2,FUN_3
288455,11367,FUN_3,FUN_2
288461,6300,FUN_2,FUN_1
288463,3595,FUN_1,CUBE_L
288471,4267,CUBE_R,FUN_6
288481,14725,FUN_4,FUN_3
288494,1246,FUN_1,FUN_2
288498,6204,FUN_3,FUN_4
288506,13456,RET,CUBE_R
288507,3156,RET,CUBE_L
288511,5242,FUN_5,FUN_4
288517,14481,FUN_3,FUN_2
288521,23777,FUN_2,FUN_3
288537,27176,FUN_5,FUN_6
288567,25891,FUN_4,FUN_5
288575,3251,CUBE_R,RET
288584,15959,CUBE_R,RET
288589,26663,FUN_3,FUN_2
288594,13556,FUN_3,FUN_2
288596,24447,FUN_1,FUN_2
288603,12087,FUN_2,FUN_1
288603,24557,FUN_3,FUN_2
288621,2455,FUN_2,FUN_3
288630,6105,RET,CUBE_L
288662,14341,CUBE_L,FUN_1
288694,24152,FUN_5,FUN_4
288697,21889,FUN_3,FUN_4
288703,21766,FUN_4,FUN_3
288735,15100,CUBE_R,RET
288748,19691,CUBE_L,RET
288749,7499,FUN_4,FUN_3
288767,14241,FUN_2,FUN_1
288775,8542,FUN_6,CUBE_R
288788,20628,CUBE_R,RET
288794,11812,FUN_3,FUN_2
288818,9962,FUN_5,FUN_4
288821,20581,CUBE_R,FUN_6
288824,29168,FUN_2,FUN_3
288829,15577,FUN_1,CUBE_L
288833,9516,FUN_1,FUN_2
288849,709,FUN_5,FUN_4
288852,26374,CUBE_L,RET
288870,22338,FUN_2,FUN_3
288873,10696,FUN_4,FUN_5
288874,18709,FUN_1,CUBE_L
288878,898,FUN_3,FUN_2
288896,15395,FUN_2,FUN_3
288899,25836,FUN_4,FUN_3
288900,26330,FUN_3,FUN_4
288901,14362,FUN_3,FUN_2
288954,24657,FUN_3,FUN_4
288961,3921,FUN_3,FUN_4
288967,1970,FUN_5,FUN_6
288975,668,FUN_3,FUN_4
288991,21449,FUN_4,FUN_3
288998,25152,FUN_3,FUN_2
289002,9390,FUN_2,FUN_3
289002,27156,FUN_3,FUN_2
289006,3077,CUBE_R,RET
289021,9411,FUN_4,FUN_3
289035,8536,RET,CUBE_L
289040,2396,FUN_5,FUN_4
289045,17975,FUN_6,CUBE_R
289046,29117,FUN_1,FUN_2
289057,23974,FUN_2,FUN_1
289064,22599,FUN_6,CUBE_R
289070,16331,FUN_5,FUN_6
289077,18022,RET,CUBE_L
289084,20604,CUBE_R,RET
289095,1248,RET,CUBE_R
289120,29251,FUN_1,FUN_2
289129,6416,FUN_4,FUN_5
289155,709,FUN_4,FUN_5
289165,14658,FUN_2,FUN_1
289168,13986,FUN_1,FUN_2
289189,10901,FUN_6,FUN_5
289191,4972,FUN_4,FUN_3
289191,28521,RET,CUBE_R
289197,12757,FUN_1,FUN_2
289202,14938,FUN_3,FUN_2
289209,4933,FUN_6,CUBE_R
289215,10176,CUBE_R,RET
289219,2924,FUN_2,FUN_3
289244,28562,FUN_5,FUN_4
289250,11853,FUN_5,FUN_4
289272,24564,FUN_5,FUN_6
289299,20119,FUN_2,FUN_1
289341,4813,FUN_3,FUN_4
289347,10461,FUN_1,FUN_2
289355,20552,FUN_4,FUN_3
289356,19294,FUN_3,FUN_2
289371,2396,FUN_4,FUN_5
289375,6304,FUN_1,FUN_2
289386,29500,FUN_3,FUN_2
289404,24345,FUN_1,FUN_2
289406,10696,FUN_5,FUN_4
289408,1092,FUN_2,FUN_1
289410,5203,FUN_4,FUN_5
289411,5256,RET,CUBE_L
289430,1320,FUN_1,FUN_2
289436,10527,FUN_1,CUBE_L
289442,6026,FUN_5,FUN_6
289445,26489,FUN_5,FUN_6
289462,2178,FUN_1,FUN_2
289488,21988,CUBE_L,FUN_1
289489,3177,FUN_1,CUBE_L
289491,19661,FUN_2,FUN_3
289507,13213,FUN_5,FUN_6
289513,14341,FUN_1,CUBE_L
289531,15100,RET,CUBE_R
289539,5214,FUN_2,FUN_3
289559,24557,FUN_2,FUN_3
289565,4732,FUN_2,FUN_1
289587,11812,FUN_2,FUN_3
289591,5767,FUN_3,FUN_2
289595,16852,FUN_3,FUN_4
289605,4425,FUN_1,FUN_2
289607,26111,FUN_2,FUN_3
289611,7247,FUN_1,FUN_2
289646,1931,CUBE_L,RET
289667,29304,FUN_2,FUN_1
289675,22964,RET,CUBE_R
289689,11242,FUN_1,FUN_2
289689,29500,FUN_2,FUN_3
289691,26185,FUN_3,FUN_2
289703,15100,CUBE_R,RET
289712,709,FUN_5,FUN_4
289712,18894,FUN_1,FUN_2
289735,22129,FUN_5,FUN_4
289736,11512,FUN_3,FUN_2
289742,7269,FUN_2,FUN_3
289751,21776,FUN_4,FUN_3
289779,22132,FUN_1,CUBE_L
289787,28108,FUN_3,FUN_2
289790,18527,FUN_6,CUBE_R
289806,9602,FUN_4,FUN_5
289826,21988,FUN_1,CUBE_L
289828,16030,FUN_3,FUN_4
289830,25836,FUN_3,FUN_4
289831,16761,FUN_2,FUN_1
289835,5047,FUN_4,FUN_5
289847,8022,FUN_2,FUN_3
289851,9743,FUN_4,FUN_3
289854,27640,FUN_2,FUN_1
289857,390,FUN_1,FUN_2
289860,18909,RET,CUBE_L
289877,28722,FUN_2,FUN_3
289890,24786,CUBE_L,RET
289905,29144,FUN_2,FUN_1
289908,19784,FUN_4,FUN_3
289911,29500,FUN_3,FUN_2
289932,11812,FUN_3,FUN_2
289937,1196,FUN_3,FUN_2
289940,5242,FUN_4,FUN_5
289948,7642,FUN_3,FUN_4
289950,5690,FUN_3,FUN_2
289956,10862,FUN_3,FUN_2
289985,22136,FUN_2,FUN_3
289992,9596,FUN_1,FUN_2
290004,17311,CUBE_R,RET
290007,5602,FUN_2,FUN_3
290019,21482,FUN_3,FUN_2
290023,29904,FUN_1,FUN_2
290024,7621,FUN_1,FUN_2
290037,432,FUN_2,FUN_3
290043,7499,FUN_3,FUN_4
290049,19155,RET,CUBE_R
290070,2466,FUN_2,FUN_3
290089,21504,FUN_2,FUN_1
290090,3644,FUN_2,FUN_3
290097,20543,FUN_1,CUBE_L
290097,29770,FUN_2,FUN_1
290102,23360,CUBE_L,RET
290138,28721,FUN_1,FUN_2
290181,13514,FUN_6,CUBE_R
290201,15292,FUN_3,FUN_4
290231,27316,FUN_1,FUN_2
290245,27794,FUN_6,CUBE_R
290249,29940,FUN_2,FUN_1
290255,17711,FUN_1,FUN_2
290261,15911,CUBE_R,FUN_6
290285,26375,FUN_6,CUBE_R
290298,4958,CUBE_L,RET
290316,23694,FUN_3,FUN_2
290327,1657,FUN_2,FUN_3
290336,13834,FUN_2,FUN_1
290338,10179,FUN_1,FUN_2
290341,3177,CUBE_L,FUN_1
290345,6085,FUN_1,FUN_2
290347,13556,FUN_2,FUN_3
290356,14362,FUN_2,FUN_3
290377,23300,FUN_2,FUN_1
290385,29168,FUN_3,FUN_2
290396,4941,FUN_3,FUN_2
290404,16220,FUN_3,FUN_2
290405,7157,FUN_1,FUN_2
290410,5968,FUN_2,FUN_3
290413,21766,FUN_3,FUN_4
290424,10245,FUN_1,FUN_2
290436,5035,FUN_3,FUN_2
290443,21017,FUN_1,FUN_2
290475,6478,FUN_3,FUN_2
290478,17711,FUN_2,FUN_1
290481,14771,FUN_5,FUN_4
290489,28691,FUN_3,FUN_2
290490,14862,FUN_4,FUN_5
290494,796,FUN_3,FUN_2
290496,10627,FUN_4,FUN_5
290499,11768,FUN_3,FUN_2
290507,25441,FUN_3,FUN_2
290516,8417,FUN_2,FUN_3
290549,773,FUN_6,FUN_5
290570,11812,FUN_2,FUN_3
290573,28707,FUN_4,FUN_5
290587,20221,FUN_3,FUN_4
290617,24786,RET,CUBE_L
290621,5915,FUN_5,FUN_6
290622,20820,FUN_5,FUN_4
290623,17711,FUN_1,FUN_2
290663,12361,FUN_5,FUN_4
290671,5139,FUN_5,FUN_6
290674,10291,FUN_2,FUN_1
290676,6026,FUN_6,FUN_5
290677,9750,FUN_2,FUN_3
290680,27932,FUN_6,CUBE_R
290681,25836,FUN_4,FUN_3
290686,10678,FUN_1,FUN_2
290686,11296,FUN_1,FUN_2
290697,15349,RET,CUBE_L
290699,5574,CUBE_R,FUN_6
290732,4526,FUN_4,FUN_3
290733,20581,FUN_6,CUBE_R
290741,5800,FUN_1,FUN_2
290744,24447,FUN_2,FUN_1
290746,3366,FUN_3,FUN_2
290766,12700,FUN_4,FUN_3
290770,21712,RET,CUBE_L
290779,393,FUN_4,FUN_3
290792,2716,FUN_1,FUN_2
290792,5675,FUN_2,FUN_3
290797,15911,FUN_6,CUBE_R
290797,21011,FUN_2,FUN_3
290804,13801,FUN_4,FUN_5
290812,390,FUN_2,FUN_1
290814,6764,FUN_4,FUN_5
290816,25235,FUN_2,FUN_1
290820,28717,FUN_2,FUN_3
290839,24302,FUN_3,FUN_4
290857,9263,FUN_3,FUN_2
290866,10673,CUBE_L,FUN_1
290867,3822,FUN_2,FUN_1
290884,4398,FUN_5,FUN_4
290887,21889,FUN_4,FUN_3
290896,1020,FUN_1,FUN_2
290897,5135,FUN_4,FUN_3
290911,16007,FUN_2,FUN_1
290914,19784,FUN_3,FUN_4
290920,16644,FUN_4,FUN_5
290949,24152,FUN_4,FUN_5
290950,20415,FUN_2,FUN_1
290974,5886,FUN_5,FUN_4
290979,9684,FUN_1,FUN_2
290984,11853,FUN_4,FUN_5
291020,16128,FUN_6,CUBE_R
291024,3627,FUN_2,FUN_3
291037,9746,FUN_3,FUN_2
291057,29182,FUN_3,FUN_2
291067,4796,FUN_2,FUN_1
291070,7157,FUN_2,FUN_1
291073,5706,FUN_3,FUN_4
291079,18969,FUN_3,FUN_4
291079,19670,FUN_6,FUN_5
291102,6048,FUN_2,FUN_1
291121,24179,FUN_6,CUBE_R
291121,27156,FUN_2,FUN_3
291132,19294,FUN_2,FUN_3
291135,23795,FUN_3,FUN_2
291146,12925,FUN_4,FUN_3
291177,19376,CUBE_L,RET
291178,13559,CUBE_L,RET
291178,22129,FUN_4,FUN_5
291198,13456,CUBE_R,RET
291199,5602,FUN_3,FUN_2
291199,5921,FUN_4,FUN_3
291199,18375,CUBE_R,FUN_6
291200,27701,CUBE_L,RET
291213,6241,FUN_3,FUN_2
291217,10461,FUN_2,FUN_1
291224,27322,FUN_1,FUN_2
291255,14424,RET,CUBE_L
291257,14750,FUN_3,FUN_2
291267,3793,FUN_4,FUN_5
291281,15773,FUN_3,FUN_2
291290,1657,FUN_3,FUN_2
291297,13213,FUN_6,FUN_5
291300,4162,FUN_3,FUN_4
291316,29168,FUN_2,FUN_3
291323,7157,FUN_1,FUN_2
291348,27404,FUN_2,FUN_3
291350,22599,CUBE_R,FUN_6
291367,3666,FUN_3,FUN_2
291367,4941,FUN_2,FUN_3
291396,8431,CUBE_R,RET
291406,441,CUBE_R,RET
291419,5565,FUN_1,FUN_2
291424,6026,FUN_5,FUN_6
291427,7691,FUN_2,FUN_3
291439,12818,FUN_2,FUN_3
291455,4292,FUN_2,FUN_1
291481,13035,FUN_3,FUN_2
291492,15571,RET,CUBE_R
291494,7017,FUN_1,FUN_2
291500,6758,FUN_2,FUN_1
291513,10291,FUN_1,FUN_2
291521,829,FUN_6,CUBE_R
291526,22903,CUBE_R,FUN_6
291552,8478,FUN_2,FUN_1
291561,17931,FUN_5,FUN_4
291562,20598,FUN_2,FUN_1
291622,29494,FUN_4,FUN_3
291641,11695,FUN_3,FUN_2
291646,15100,RET,CUBE_R
291659,15292,FUN_4,FUN_3
291663,10638,FUN_3,FUN_4
291667,3442,RET,CUBE_L
291687,5706,FUN_4,FUN_3
291711,27156,FUN_3,FUN_2
291712,6067,FUN_4,FUN_5
291717,13834,FUN_1,FUN_2
291734,11250,FUN_6,CUBE_R
291735,24302,FUN_4,FUN_3
291751,20369,FUN_3,FUN_4
291762,773,FUN_5,FUN_6
291767,13513,FUN_3,FUN_2
291790,4941,FUN_3,FUN_2
291815,13559,RET,CUBE_L
291830,15358,FUN_3,FUN_4
291835,4755,FUN_6,CUBE_R
291837,7631,FUN_2,FUN_3
291838,4554,RET,CUBE_R
291840,12252,FUN_6,FUN_5
291846,7631,FUN_3,FUN_2
291851,13761,FUN_5,FUN_6
291866,6487,FUN_3,FUN_2
291869,15577,CUBE_L,FUN_1
291881,26111,FUN_3,FUN_2
291882,7631,FUN_2,FUN_3
291910,10638,FUN_4,FUN_3
291916,21893,FUN_3,FUN_2
291920,5706,FUN_3,FUN_4
291922,22557,FUN_1,FUN_2
291925,5968,FUN_3,FUN_2
291931,29904,FUN_2,FUN_1
291959,6478,FUN_2,FUN_3
291963,8759,CUBE_L,RET
291972,9346,FUN_6,CUBE_R
291991,26374,RET,CUBE_L
292023,13456,RET,CUBE_R
292023,17975,CUBE_R,FUN_6
292030,16220,FUN_2,FUN_3
292033,27923,FUN_2,FUN_3
292036,19390,FUN_3,FUN_4
292044,14362,FUN_3,FUN_2
292072,8696,FUN_1,CUBE_L
292077,14239,RET,CUBE_L
292086,18457,FUN_3,FUN_2
292107,20581,CUBE_R,FUN_6
292110,17621,FUN_5,FUN_4
292113,3400,FUN_2,FUN_3
292118,11296,FUN_2,FUN_1
292130,2382,FUN_2,FUN_3
292135,1226,FUN_3,FUN_2
292150,20958,CUBE_L,RET
292154,12087,FUN_1,FUN_2
292154,18969,FUN_4,FUN_3
292164,8779,FUN_6,CUBE_R
292190,4972,FUN_3,FUN_4
292190,29904,FUN_1,FUN_2
292193,9411,FUN_3,FUN_4
292201,18709,CUBE_L,FUN_1
292202,14838,FUN_4,FUN_5
292206,388,FUN_1,FUN_2
292206,13761,FUN_6,FUN_5
292216,2211,FUN_1,FUN_2
292227,25981,FUN_2,FUN_3
292229,17311,RET,CUBE_R
292237,7631,FUN_3,FUN_2
292248,27812,FUN_3,FUN_4
292251,21482,FUN_2,FUN_3
292258,18009,RET,CUBE_L
292266,22644,CUBE_L,RET
292266,24982,FUN_2,FUN_1
292304,23861,FUN_3,FUN_2
292305,20581,FUN_6,CUBE_R
292310,26858,FUN_2,FUN_3
292316,5629,FUN_2,FUN_1
292316,24152,FUN_5,FUN_4
292321,14650,RET,CUBE_R
292326,6264,FUN_4,FUN_3
292333,11329,CUBE_R,FUN_6
292335,11296,FUN_1,FUN_2
292358,4425,FUN_2,FUN_1
292361,5602,FUN_2,FUN_3
292361,7797,CUBE_R,FUN_6
292361,17258,FUN_2,FUN_1
292366,6048,FUN_1,FUN_2
292383,21736,FUN_2,FUN_1
292391,21482,FUN_3,FUN_2
292406,7008,FUN_3,FUN_2
292409,13035,FUN_2,FUN_3
292429,18669,FUN_6,CUBE_R
292434,10916,RET,CUBE_R
292436,26111,FUN_2,FUN_3
292442,10438,FUN_3,FUN_2
292454,17621,FUN_4,FUN_5
292463,20820,FUN_4,FUN_5
292490,15823,FUN_2,FUN_1
292501,11418,RET,CUBE_R
292509,25921,RET,CUBE_L
292512,1470,FUN_2,FUN_3
292513,17740,FUN_1,FUN_2
292541,27176,FUN_6,FUN_5
292542,11366,FUN_2,FUN_3
292550,29168,FUN_3,FUN_2
292559,3822,FUN_1,FUN_2
292584,7631,FUN_2,FUN_3
292595,2217,FUN_4,FUN_3
292611,10696,FUN_4,FUN_5
292615,21967,FUN_6,FUN_5
292619,3609,FUN_4,FUN_3
292632,16342,FUN_3,FUN_2
292645,11187,CUBE_L,FUN_1
292659,16925,FUN_1,FUN_2
292681,10698,RET,CUBE_R
292693,26712,RET,CUBE_R
292695,21893,FUN_2,FUN_3
292712,5031,FUN_3,FUN_4
292715,7084,FUN_2,FUN_1
292724,21893,FUN_3,FUN_2
292732,18873,FUN_2,FUN_1
292738,12925,FUN_3,FUN_4
292738,18716,FUN_1,FUN_2
292743,20552,FUN_3,FUN_4
292773,1654,FUN_2,FUN_3
292779,8376,CUBE_R,RET
292782,5565,FUN_2,FUN_1
292797,7153,CUBE_L,RET
292798,2396,FUN_5,FUN_4
292808,13976,FUN_3,FUN_2
292816,10627,FUN_5,FUN_4
292819,7772,RET,CUBE_L
292823,17076,RET,CUBE_L
292827,4509,FUN_5,FUN_4
292834,5690,FUN_2,FUN_3
292840,14811,FUN_2,FUN_3
292853,14508,FUN_2,FUN_1
292854,9548,FUN_2,FUN_1
292857,8646,FUN_2,FUN_1
292919,14811,FUN_3,FUN_2
292930,16437,FUN_4,FUN_3
292933,20415,FUN_1,FUN_2
292940,16437,FUN_3,FUN_4
292943,10658,FUN_4,FUN_5
292956,21301,FUN_6,FUN_5
292961,13513,FUN_2,FUN_3
292972,9548,FUN_1,FUN_2
292988,13894,FUN_1,FUN_2
292992,21988,CUBE_L,FUN_1
293011,26981,FUN_3,FUN_2
293015,26708,CUBE_R,RET
293021,10435,RET,CUBE_R
293022,3442,CUBE_L,RET
293033,28412,FUN_5,FUN_4
293038,15395,FUN_3,FUN_2
293044,12977,FUN_4,FUN_5
293071,12568,FUN_6,CUBE_R
293087,11584,FUN_3,FUN_4
293088,27156,FUN_2,FUN_3
293107,24283,FUN_2,FUN_3
293120,19860,FUN_2,FUN_3
293128,6241,FUN_2,FUN_3
293142,26375,CUBE_R,FUN_6
293148,8431,RET,CUBE_R
293158,14658,FUN_1,FUN_2
293164,12757,FUN_2,FUN_1
293164,28691,FUN_2,FUN_3
293184,21482,FUN_2,FUN_3
293197,10527,CUBE_L,FUN_1
293199,25235,FUN_1,FUN_2
293200,22132,CUBE_L,FUN_1
293218,4933,CUBE_R,FUN_6
293222,1541,FUN_2,FUN_1
293225,21480,FUN_3,FUN_4
293248,14508,FUN_1,FUN_2
293250,24009,FUN_2,FUN_3
293254,27964,FUN_4,FUN_3
293271,13109,FUN_3,FUN_2
293275,24152,FUN_4,FUN_5
293282,7084,FUN_1,FUN_2
293291,11250,CUBE_R,FUN_6
293301,3013,CUBE_R,RET
293301,13120,FUN_1,CUBE_L
293315,11367,FUN_2,FUN_3
293315,16091,FUN_1,FUN_2
293317,21852,FUN_5,FUN_6
293350,27316,FUN_2,FUN_1
293353,425,FUN_3,FUN_4
293355,10980,RET,CUBE_L
293357,3442,RET,CUBE_L
293373,9411,FUN_4,FUN_3
293376,9478,FUN_3,FUN_2
293379,2348,FUN_3,FUN_2
293385,17711,FUN_2,FUN_1
293390,7525,FUN_4,FUN_3
293412,27126,FUN_1,FUN_2
293423,14806,CUBE_L,FUN_1
293424,6100,RET,CUBE_R
293426,9078,FUN_4,FUN_3
293433,11853,FUN_5,FUN_4
293440,14771,FUN_4,FUN_5
293444,5706,FUN_4,FUN_3
293445,13269,FUN_1,FUN_2
293446,21893,FUN_2,FUN_3
293464,7008,FUN_2,FUN_3
293467,14626,FUN_2,FUN_3
293468,7569,FUN_3,FUN_2
293469,14650,CUBE_R,RET
293469,15938,FUN_2,FUN_1
293472,14650,RET,CUBE_R
293474,21482,FUN_3,FUN_2
293491,26011,RET,CUBE_R
293509,14650,CUBE_R,RET
293510,28386,FUN_3,FUN_2
293516,28562,FUN_4,FUN_5
293528,28919,FUN_1,FUN_2
293540,19420,RET,CUBE_R
293550,10589,RET,CUBE_R
293553,18864,FUN_2,FUN_1
293553,25981,FUN_3,FUN_2
293558,14532,FUN_3,FUN_2
293563,11367,FUN_3,FUN_2
293565,5035,FUN_2,FUN_3
293576,24700,CUBE_L,RET
293591,10562,FUN_2,FUN_3
293604,3307,RET,CUBE_L
293617,24578,FUN_3,FUN_2
293618,27887,FUN_6,CUBE_R
293640,12512,FUN_3,FUN_4
293644,28500,FUN_2,FUN_1
293651,3442,CUBE_L,RET
293657,6264,FUN_3,FUN_4
293659,20552,FUN_4,FUN_3
293664,12213,FUN_2,FUN_3
293669,10438,FUN_2,FUN_3
293680,10357,FUN_3,FUN_2
293684,26712,CUBE_R,RET
293692,7954,RET,CUBE_R
293724,10701,CUBE_R,RET
293735,20039,FUN_1,FUN_2
293738,23158,FUN_2,FUN_3
293753,3366,FUN_2,FUN_3
293762,15497,CUBE_L,RET
293772,11370,FUN_3,FUN_4
293779,29494,FUN_3,FUN_4
293780,21712,CUBE_L,RET
293783,15100,CUBE_R,RET
293790,27481,FUN_2,FUN_1
293820,27887,CUBE_R,FUN_6
293821,15823,FUN_1,FUN_2
293825,11816,FUN_6,CUBE_R
293829,5706,FUN_3,FUN_4
293837,1541,FUN_1,FUN_2
293840,25981,FUN_2,FUN_3
293847,6421,FUN_6,CUBE_R
293859,5448,FUN_2,FUN_3
293871,14806,FUN_1,CUBE_L
293874,27463,FUN_3,FUN_4
293893,24649,FUN_6,FUN_5
293899,5007,FUN_2,FUN_1
293900,3822,FUN_2,FUN_1
293903,20369,FUN_4,FUN_3
293917,668,FUN_4,FUN_3
293927,6067,FUN_5,FUN_4
293938,8305,FUN_5,FUN_4
293951,7691,FUN_3,FUN_2
293952,21828,RET,CUBE_L
293954,14650,RET,CUBE_R
293963,10085,FUN_3,FUN_2
293973,21301,FUN_5,FUN_6
293984,9346,CUBE_R,FUN_6
294001,11637,FUN_2,FUN_1
294004,20828,CUBE_R,FUN_6
294006,15823,FUN_2,FUN_1
294009,5629,FUN_1,FUN_2
294012,27551,CUBE_L,RET
294024,5031,FUN_4,FUN_3
294028,7240,FUN_3,FUN_2
294035,6059,FUN_2,FUN_3
294038,10701,RET,CUBE_R
294040,29940,FUN_1,FUN_2
294041,10597,FUN_5,FUN_4
294049,7926,FUN_6,CUBE_R
294055,10066,FUN_3,FUN_2
294058,8536,CUBE_L,RET
294062,6478,FUN_3,FUN_2
294073,21301,FUN_6,FUN_5
294074,8471,FUN_5,FUN_6
294088,18009,CUBE_L,RET
294121,16342,FUN_2,FUN_3
294123,20167,FUN_3,FUN_4
294136,21482,FUN_2,FUN_3
294142,5690,FUN_3,FUN_2
294144,9888,RET,CUBE_L
294145,27434,CUBE_L,RET
294156,16631,FUN_2,FUN_1
294159,6100,CUBE_R,RET
294165,20828,FUN_6,CUBE_R
294168,6760,FUN_2,FUN_3
294168,8646,FUN_1,FUN_2
294179,13559,CUBE_L,RET
294201,13736,FUN_3,FUN_2
294202,28680,FUN_2,FUN_3
294214,15911,CUBE_R,FUN_6
294215,1821,FUN_4,FUN_5
294272,5513,CUBE_L,RET
294275,561,FUN_2,FUN_1
294275,10582,FUN_1,FUN_2
294279,14362,FUN_2,FUN_3
294315,25775,FUN_2,FUN_3
294331,10638,FUN_3,FUN_4
294335,26706,FUN_6,CUBE_R
294352,1248,CUBE_R,RET
294355,10696,FUN_5,FUN_4
294359,18716,FUN_2,FUN_1
294364,16007,FUN_1,FUN_2
294381,22905,FUN_2,FUN_3
294386,318,RET,CUBE_R
294390,26377,FUN_1,CUBE_L
294396,7238,CUBE_L,FUN_1
294398,15122,FUN_4,FUN_3
294403,10527,FUN_1,CUBE_L
294408,11367,FUN_2,FUN_3
294411,2371,FUN_3,FUN_4
294417,11853,FUN_4,FUN_5
294427,27887,FUN_6,CUBE_R
294442,27837,RET,CUBE_R
294444,4796,FUN_1,FUN_2
294452,22197,FUN_1,FUN_2
294454,24140,FUN_3,FUN_2
294455,15938,FUN_1,FUN_2
294460,23300,FUN_1,FUN_2
294460,23705,FUN_3,FUN_2
294461,15395,FUN_2,FUN_3
294466,12351,FUN_3,FUN_2
294471,6100,RET,CUBE_R
294471,19041,FUN_1,FUN_2
294490,10658,FUN_5,FUN_4
294491,21126,CUBE_R,RET
294493,7008,FUN_3,FUN_2
294496,5608,RET,CUBE_R
294516,24152,FUN_5,FUN_4
294520,24142,CUBE_R,FUN_6
294522,26548,FUN_3,FUN_2
294527,6163,FUN_4,FUN_3
294529,4594,FUN_1,FUN_2
294530,5968,FUN_2,FUN_3
294530,7008,FUN_2,FUN_3
294531,5035,FUN_3,FUN_2
294536,6487,FUN_2,FUN_3
294548,19784,FUN_4,FUN_3
294576,23705,FUN_2,FUN_3
294587,16925,FUN_2,FUN_1
294592,18457,FUN_2,FUN_3
294598,22039,FUN_3,FUN_4
294613,13559,RET,CUBE_L
294622,21301,FUN_5,FUN_6
294630,13639,CUBE_L,RET
294630,15569,FUN_4,FUN_5
294639,26375,FUN_6,CUBE_R
294744,815,FUN_2,FUN_1
294763,20828,CUBE_R,FUN_6
294764,24700,RET,CUBE_L
294765,4359,RET,CUBE_R
294778,773,FUN_6,FUN_5
294781,23861,FUN_2,FUN_3
294802,18858,FUN_3,FUN_2
294808,24140,FUN_2,FUN_3
294810,7008,FUN_3,FUN_2
294817,21988,FUN_1,CUBE_L
294825,21480,FUN_4,FUN_3
294828,11187,FUN_1,CUBE_L
294829,19420,CUBE_R,RET
294829,27481,FUN_1,FUN_2
294854,5800,FUN_2,FUN_1
294863,27751,FUN_4,FUN_3
294885,10862,FUN_2,FUN_3
294888,6300,FUN_1,FUN_2
294910,13109,FUN_2,FUN_3
294919,5968,FUN_3,FUN_2
294919,27551,RET,CUBE_L
294931,9438,FUN_2,FUN_3
294938,16091,FUN_2,FUN_1
294964,21211,FUN_3,FUN_2
294969,6100,CUBE_R,RET
294976,9453,FUN_3,FUN_2
294980,1470,FUN_3,FUN_2
294980,10323,FUN_2,FUN_3
294981,1020,FUN_2,FUN_1
294988,3793,FUN_5,FUN_4
294991,29269,FUN_1,FUN_2
295003,4398,FUN_4,FUN_5
295004,9684,FUN_2,FUN_1
295004,20039,FUN_2,FUN_1
295005,23683,FUN_4,FUN_5
295022,14626,FUN_3,FUN_2
295030,10658,FUN_4,FUN_5
295033,24649,FUN_5,FUN_6
295049,4157,FUN_3,FUN_2
295049,29168,FUN_2,FUN_3
295052,22621,FUN_6,FUN_5
295070,17258,FUN_1,FUN_2
295087,3674,FUN_1,CUBE_L
295109,2953,FUN_3,FUN_4
295110,12535,RET,CUBE_L
295113,25754,FUN_4,FUN_5
295119,4162,FUN_4,FUN_3
295120,4972,FUN_4,FUN_3
295121,15349,CUBE_L,RET
295125,3331,FUN_3,FUN_2
295126,21178,FUN_2,FUN_3
295142,25691,FUN_2,FUN_1
295152,23300,FUN_2,FUN_1
295162,18542,FUN_4,FUN_3
295162,26921,FUN_1,FUN_2
295170,28562,FUN_5,FUN_4
295199,20167,FUN_4,FUN_3
295209,17703,FUN_5,FUN_6
295220,8918,FUN_1,CUBE_L
295251,16644,FUN_5,FUN_4
295253,6758,FUN_1,FUN_2
295261,1541,FUN_2,FUN_1
295263,3271,RET,CUBE_R
295269,23850,FUN_3,FUN_2
295276,7153,RET,CUBE_L
295285,8214,FUN_2,FUN_3
295292,10882,FUN_3,FUN_4
295294,5356,CUBE_R,RET
295310,20587,FUN_3,FUN_2
295315,16030,FUN_4,FUN_3
295334,14532,FUN_2,FUN_3
295338,23694,FUN_2,FUN_3
295341,15237,RET,CUBE_R
295344,11803,FUN_3,FUN_4
295347,9526,FUN_2,FUN_3
295350,24009,FUN_3,FUN_2
295351,27088,FUN_2,FUN_1
295361,16591,FUN_2,FUN_3
295371,11071,CUBE_R,RET
295375,12977,FUN_5,FUN_4
295379,19754,FUN_2,FUN_1
295380,4398,FUN_5,FUN_4
295398,27502,FUN_1,FUN_2
295399,16236,FUN_1,FUN_2
295406,432,FUN_3,FUN_2
295419,204,RET,CUBE_L
295419,19663,CUBE_R,RET
295419,22871,FUN_4,FUN_5
295420,15153,FUN_6,CUBE_R
295442,9438,FUN_3,FUN_2
295454,10970,CUBE_R,FUN_6
295455,23643,FUN_2,FUN_1
295457,8376,RET,CUBE_R
295489,5035,FUN_2,FUN_3
295499,8918,CUBE_L,FUN_1
295499,25718,CUBE_L,RET
295510,4359,CUBE_R,RET
295529,18858,FUN_2,FUN_3
295534,5706,FUN_4,FUN_3
295543,14752,FUN_4,FUN_5
295571,29700,CUBE_L,FUN_1
295580,28564,FUN_1,FUN_2
295602,10854,FUN_6,FUN_5
295617,18995,FUN_4,FUN_5
295624,933,RET,CUBE_R
295642,2597,FUN_1,FUN_2
295669,20587,FUN_2,FUN_3
295681,27481,FUN_2,FUN_1
295690,1821,FUN_5,FUN_4
295716,12351,FUN_2,FUN_3
295736,4483,CUBE_R,RET
295743,7133,FUN_1,CUBE_L
295745,27537,FUN_3,FUN_2
295750,19220,FUN_3,FUN_4
295758,8376,CUBE_R,RET
295770,8765,FUN_2,FUN_1
295791,4040,FUN_4,FUN_5
295803,20587,FUN_3,FUN_2
295809,27964,FUN_3,FUN_4
295812,10885,CUBE_R,FUN_6
295816,10350,FUN_1,FUN_2
295817,4285,FUN_6,CUBE_R
295821,4292,FUN_1,FUN_2
295841,41,FUN_1,FUN_2
295842,4157,FUN_2,FUN_3
295846,10811,FUN_3,FUN_2
295856,10658,FUN_5,FUN_4
295872,978,FUN_3,FUN_4
295877,23683,FUN_5,FUN_4
295889,18302,FUN_2,FUN_3
295902,5035,FUN_3,FUN_2
295907,25021,FUN_1,FUN_2
295908,20587,FUN_2,FUN_3
295916,1196,FUN_2,FUN_3
295918,23667,FUN_1,FUN_2
295922,15096,FUN_4,FUN_3
295924,24371,RET,CUBE_R
295932,24140,FUN_3,FUN_2
295933,1587,FUN_2,FUN_3
295943,1226,FUN_2,FUN_3
295956,27537,FUN_2,FUN_3
295964,5800,FUN_1,FUN_2
295977,7008,FUN_2,FUN_3
295999,19875,FUN_2,FUN_3
296004,15580,FUN_4,FUN_3
296022,9478,FUN_2,FUN_3
296026,22506,CUBE_L,FUN_1
296058,10525,FUN_2,FUN_1
296058,26605,FUN_5,FUN_4
296059,16892,FUN_2,FUN_1
296089,11637,FUN_1,FUN_2
296094,1808,FUN_4,FUN_3
296122,10422,FUN_6,CUBE_R
296125,14362,FUN_3,FUN_2
296126,6313,FUN_2,FUN_3
296128,311,FUN_3,FUN_2
296142,20587,FUN_3,FUN_2
296144,8918,FUN_1,CUBE_L
296146,13260,FUN_2,FUN_3
296146,14626,FUN_2,FUN_3
296167,17703,FUN_6,FUN_5
296168,23911,CUBE_L,FUN_1
296169,14806,CUBE_L,FUN_1
296170,6412,FUN_2,FUN_3
296189,24447,FUN_1,FUN_2
296194,21929,FUN_1,FUN_2
296209,2396,FUN_4,FUN_5
296219,27887,CUBE_R,FUN_6
296228,11695,FUN_2,FUN_3
296232,25059,FUN_2,FUN_3
296235,441,RET,CUBE_R
296238,15823,FUN_1,FUN_2
296239,24302,FUN_3,FUN_4
296244,12757,FUN_1,FUN_2
296252,16091,FUN_1,FUN_2
296253,15153,CUBE_R,FUN_6
296257,4970,FUN_1,FUN_2
296263,18716,FUN_1,FUN_2
296265,16091,FUN_2,FUN_1
296280,28669,FUN_3,FUN_4
296290,318,CUBE_R,RET
296295,1470,FUN_2,FUN_3
296301,29744,FUN_2,FUN_1
296303,22132,FUN_1,CUBE_L
296308,22059,CUBE_R,FUN_6
296332,9078,FUN_3,FUN_4
296338,5841,FUN_2,FUN_1
296350,22506,FUN_1,CUBE_L
296366,29475,FUN_3,FUN_2
296368,1625,FUN_2,FUN_1
296371,14805,FUN_5,FUN_6
296391,5135,FUN_3,FUN_4
296412,24557,FUN_3,FUN_2
296426,16906,FUN_3,FUN_4
296439,10085,FUN_2,FUN_3
296445,4124,FUN_3,FUN_2
296446,24557,FUN_2,FUN_3
296448,1224,FUN_3,FUN_2
296454,14893,FUN_4,FUN_5
296454,15730,FUN_4,FUN_5
296457,26375,CUBE_R,FUN_6
296477,27404,FUN_3,FUN_2
296488,5065,FUN_2,FUN_3
296494,7550,RET,CUBE_R
296508,29052,FUN_2,FUN_3
296509,5062,FUN_5,FUN_4
296544,9000,FUN_2,FUN_1
296545,23881,FUN_4,FUN_5
296546,25754,FUN_5,FUN_4
296549,27156,FUN_3,FUN_2
296557,18965,FUN_2,FUN_3
296576,9548,FUN_2,FUN_1
296579,12087,FUN_2,FUN_1
296594,9684,FUN_1,FUN_2
296600,12989,FUN_6,FUN_5
296602,5968,FUN_2,FUN_3
296615,24199,CUBE_R,RET
296623,17173,FUN_3,FUN_4
296633,13530,FUN_3,FUN_4
296647,12906,CUBE_L,RET
296682,27701,RET,CUBE_L
296683,25505,RET,CUBE_R
296713,5209,CUBE_L,FUN_1
296732,6241,FUN_3,FUN_2
296737,4425,FUN_1,FUN_2
296740,2396,FUN_5,FUN_4
296742,24949,FUN_2,FUN_1
296785,11296,FUN_2,FUN_1
296792,27481,FUN_1,FUN_2
296799,4398,FUN_4,FUN_5
296807,6169,FUN_3,FUN_2
296810,18826,RET,CUBE_L
296826,9704,CUBE_R,FUN_6
296836,10696,FUN_4,FUN_5
296839,15358,FUN_4,FUN_3
296840,29002,FUN_6,FUN_5
296843,25754,FUN_4,FUN_5
296860,5065,FUN_3,FUN_2
296866,3210,FUN_3,FUN_4
296872,13834,FUN_2,FUN_1
296873,26069,FUN_3,FUN_4
296892,19220,FUN_4,FUN_3
296894,5356,RET,CUBE_R
296903,5235,FUN_4,FUN_5
296910,23158,FUN_3,FUN_2
296924,16631,FUN_1,FUN_2
296928,29052,FUN_3,FUN_2
296932,24251,FUN_3,FUN_4
296944,13605,FUN_4,FUN_3
296962,11958,FUN_6,CUBE_R
296965,22059,FUN_6,CUBE_R
296967,4329,FUN_4,FUN_5
296989,29052,FUN_2,FUN_3
296998,7951,RET,CUBE_L
297028,4512,FUN_6,CUBE_R
297037,12706,RET,CUBE_R
297038,15153,FUN_6,CUBE_R
297044,21736,FUN_1,FUN_2
297068,27887,FUN_6,CUBE_R
297077,18716,FUN_2,FUN_1
297083,27755,FUN_3,FUN_2
297092,6412,FUN_3,FUN_2
297102,29117,FUN_2,FUN_1
297104,22600,FUN_3,FUN_2
297105,10357,FUN_2,FUN_3
297110,108,FUN_1,CUBE_L
297121,10882,FUN_4,FUN_3
297143,11503,FUN_2,FUN_3
297143,21178,FUN_3,FUN_2
297147,3921,FUN_4,FUN_3
297163,28586,FUN_5,FUN_4
297178,16007,FUN_2,FUN_1
297183,27408,FUN_2,FUN_3
297213,5923,FUN_2,FUN_3
297214,21178,FUN_2,FUN_3
297223,4292,FUN_2,FUN_1
297231,5031,FUN_3,FUN_4
297232,7565,FUN_3,FUN_2
297269,7922,FUN_3,FUN_2
297275,6067,FUN_4,FUN_5
297284,342,FUN_2,FUN_3
297290,21889,FUN_3,FUN_4
297300,21034,FUN_4,FUN_3
297304,10460,FUN_3,FUN_4
297347,29933,FUN_2,FUN_3
297354,20628,RET,CUBE_R
297364,4651,FUN_1,CUBE_L
297364,22059,CUBE_R,FUN_6
297368,25899,FUN_2,FUN_3
297369,5565,FUN_1,FUN_2
297388,29179,FUN_3,FUN_4
297398,6421,CUBE_R,FUN_6
297403,16809,FUN_2,FUN_1
297434,25195,FUN_2,FUN_3
297441,23099,FUN_4,FUN_5
297450,13014,FUN_1,CUBE_L
297458,16925,FUN_1,FUN_2
297458,27812,FUN_4,FUN_3
297465,28562,FUN_4,FUN_5
297474,28564,FUN_2,FUN_1
297476,10438,FUN_3,FUN_2
297488,10146,FUN_4,FUN_5
297505,22377,FUN_3,FUN_4
297513,24564,FUN_6,FUN_5
297516,19663,RET,CUBE_R
297528,10378,CUBE_L,FUN_1
297528,23465,FUN_2,FUN_1
297537,14852,FUN_3,FUN_2
297546,13976,FUN_2,FUN_3
297551,26247,FUN_3,FUN_2
297568,28694,FUN_1,FUN_2
297569,3634,FUN_2,FUN_3
297578,26069,FUN_4,FUN_3
297579,27887,CUBE_R,FUN_6
297582,26112,FUN_4,FUN_5
297584,12989,FUN_5,FUN_6
297585,4274,FUN_4,FUN_3
297595,10696,FUN_5,FUN_4
297595,13527,FUN_3,FUN_2
297600,9346,FUN_6,CUBE_R
297622,25310,FUN_1,CUBE_L
297638,16960,RET,CUBE_R
297669,13014,CUBE_L,FUN_1
297679,24982,FUN_1,FUN_2
297695,24578,FUN_2,FUN_3
297724,21298,FUN_3,FUN_4
297758,7826,FUN_1,CUBE_L
297764,11370,FUN_4,FUN_3
297784,11418,CUBE_R,RET
297794,14750,FUN_2,FUN_3
297796,29800,CUBE_R,FUN_6
297799,16716,FUN_2,FUN_1
297805,6048,FUN_2,FUN_1
297810,6059,FUN_3,FUN_2
297815,24302,FUN_4,FUN_3
297817,3044,FUN_3,FUN_2
297823,9260,FUN_3,FUN_4
297828,3530,FUN_3,FUN_2
297833,22797,FUN_1,FUN_2
297886,8313,FUN_4,FUN_5
297896,7550,CUBE_R,RET
297899,21453,CUBE_R,FUN_6
297908,22656,FUN_4,FUN_3
297916,19515,FUN_2,FUN_1
297920,26218,FUN_4,FUN_3
297933,238,FUN_4,FUN_5
297939,22039,FUN_4,FUN_3
297943,15602,RET,CUBE_R
297946,9922,FUN_5,FUN_4
297950,10701,CUBE_R,RET
297952,27551,CUBE_L,RET
297957,14795,FUN_2,FUN_3
297960,26247,FUN_2,FUN_3
297973,3210,FUN_4,FUN_3
297976,22129,FUN_5,FUN_4
297977,23300,FUN_1,FUN_2
297979,7926,CUBE_R,FUN_6
298017,13657,FUN_5,FUN_4
298024,4651,CUBE_L,FUN_1
298025,21497,CUBE_L,RET
298027,441,CUBE_R,RET
298034,10786,CUBE_R,RET
298034,28606,FUN_2,FUN_1
298041,5235,FUN_5,FUN_4
298078,23881,FUN_5,FUN_4
298080,2433,FUN_2,FUN_1
298088,21298,FUN_4,FUN_3
298119,9321,FUN_2,FUN_1
298121,29028,FUN_3,FUN_2
298147,18864,FUN_1,FUN_2
298155,4124,FUN_2,FUN_3
298192,311,FUN_2,FUN_3
298195,11803,FUN_4,FUN_3
298199,5448,FUN_3,FUN_2
298199,12977,FUN_4,FUN_5
298207,28500,FUN_1,FUN_2
298220,1085,FUN_3,FUN_2
298246,28856,FUN_2,FUN_3
298281,8007,FUN_5,FUN_4
298291,15987,CUBE_R,FUN_6
298293,10532,FUN_1,FUN_2
298294,26921,FUN_2,FUN_1
298301,10085,FUN_3,FUN_2
298303,3442,RET,CUBE_L
298321,8249,FUN_1,FUN_2
298354,10460,FUN_4,FUN_3
298357,15150,CUBE_R,FUN_6
298357,26375,FUN_6,CUBE_R
298371,13527,FUN_2,FUN_3
298379,22280,FUN_1,FUN_2
298384,342,FUN_3,FUN_2
298395,14569,FUN_5,FUN_4
298417,27677,FUN_3,FUN_4
298421,22132,CUBE_L,FUN_1
298422,15771,FUN_1,FUN_2
298423,27237,FUN_2,FUN_1
298425,26218,FUN_3,FUN_4
298426,10263,RET,CUBE_L
298435,2518,FUN_3,FUN_2
298447,26218,FUN_4,FUN_3
298450,27088,FUN_1,FUN_2
298456,6048,FUN_1,FUN_2
298460,29928,FUN_4,FUN_3
298467,29144,FUN_1,FUN_2
298483,12989,FUN_6,FUN_5
298486,8699,FUN_2,FUN_3
298504,375,CUBE_R,FUN_6
298534,10562,FUN_3,FUN_2
298536,786,FUN_3,FUN_4
298539,10323,FUN_3,FUN_2
298540,26218,FUN_3,FUN_4
298548,8536,RET,CUBE_L
298566,26008,CUBE_L,FUN_1
298573,14035,RET,CUBE_L
298574,14862,FUN_5,FUN_4
298576,7215,FUN_3,FUN_4
298589,16716,FUN_1,FUN_2
298590,27813,FUN_4,FUN_3
298592,10146,FUN_5,FUN_4
298603,4425,FUN_2,FUN_1
298621,5841,FUN_1,FUN_2
298621,9353,FUN_2,FUN_3
298622,19515,FUN_1,FUN_2
298638,6157,FUN_6,FUN_5
298652,4348,FUN_1,FUN_2
298693,24695,FUN_2,FUN_1
298700,23561,FUN_6,CUBE_R
298701,14626,FUN_3,FUN_2
298706,20063,FUN_2,FUN_3
298723,19860,FUN_3,FUN_2
298728,1092,FUN_1,FUN_2
298730,13657,FUN_4,FUN_5
298733,7240,FUN_2,FUN_3
298751,4689,FUN_2,FUN_1
298752,21480,FUN_3,FUN_4
298754,4348,FUN_2,FUN_1
298761,4219,FUN_1,FUN_2
298765,10104,CUBE_L,RET
298770,2518,FUN_2,FUN_3
298776,25567,FUN_1,FUN_2
298788,28669,FUN_4,FUN_3
298797,858,FUN_6,FUN_5
298800,16925,FUN_2,FUN_1
298800,29492,FUN_3,FUN_2
298814,13834,FUN_1,FUN_2
298820,8555,FUN_5,FUN_4
298824,13979,FUN_6,FUN_5
298826,11891,FUN_5,FUN_6
298841,20284,FUN_1,FUN_2
298847,15815,FUN_2,FUN_1
298848,22600,FUN_2,FUN_3
298866,18864,FUN_2,FUN_1
298877,17711,FUN_1,FUN_2
298908,1092,FUN_2,FUN_1
298927,9704,FUN_6,CUBE_R
298941,2433,FUN_1,FUN_2
298945,5256,CUBE_L,RET
298947,4982,FUN_4,FUN_3
298947,22039,FUN_3,FUN_4
298947,29376,CUBE_R,RET
298955,1470,FUN_3,FUN_2
298957,18009,RET,CUBE_L
298958,24581,FUN_4,FUN_5
298963,25754,FUN_5,FUN_4
298966,3530,FUN_2,FUN_3
298967,27078,FUN_5,FUN_4
298974,18280,FUN_4,FUN_3
298998,14648,FUN_4,FUN_3
299000,7926,FUN_6,CUBE_R
299005,7691,FUN_2,FUN_3
299031,11489,FUN_3,FUN_2
299042,28126,CUBE_R,FUN_6
299044,18752,FUN_2,FUN_1
299055,7954,CUBE_R,RET
299061,6300,FUN_2,FUN_1
299073,8384,CUBE_L,FUN_1
299084,26284,CUBE_L,RET
299088,10562,FUN_2,FUN_3
299090,20033,FUN_2,FUN_1
299118,18864,FUN_1,FUN_2
299129,24302,FUN_3,FUN_4
299133,6487,FUN_3,FUN_2
299135,13181,FUN_2,FUN_1
299145,6691,FUN_1,FUN_2
299172,11584,FUN_4,FUN_3
299172,28126,FUN_6,CUBE_R
299191,548,FUN_2,FUN_1
299194,8009,RET,CUBE_L
299194,23643,FUN_1,FUN_2
299205,21879,FUN_5,FUN_6
299210,29179,FUN_4,FUN_3
299243,28204,FUN_2,FUN_1
299249,29492,FUN_2,FUN_3
299264,29144,FUN_2,FUN_1
299274,6519,CUBE_L,RET
299275,29376,RET,CUBE_R
299282,8313,FUN_5,FUN_4
299283,2636,FUN_5,FUN_6
299296,24142,FUN_6,CUBE_R
299299,16852,FUN_4,FUN_3
299332,3210,FUN_3,FUN_4
299346,4348,FUN_1,FUN_2
299352,10085,FUN_2,FUN_3
299355,26498,FUN_1,FUN_2
299358,23643,FUN_2,FUN_1
299362,14626,FUN_2,FUN_3
299366,14569,FUN_4,FUN_5
299366,22132,FUN_1,CUBE_L
299379,20828,FUN_6,CUBE_R
299382,24134,RET,CUBE_R
299389,28564,FUN_1,FUN_2
299397,2788,FUN_3,FUN_2
299408,25754,FUN_4,FUN_5
299416,4359,RET,CUBE_R
299417,4689,FUN_1,FUN_2
299420,18826,CUBE_L,RET
299427,2597,FUN_2,FUN_1
299439,19744,FUN_4,FUN_5
299452,4312,FUN_1,FUN_2
299453,1786,CUBE_L,FUN_1
299453,26548,FUN_2,FUN_3
299459,14795,FUN_3,FUN_2
299461,20437,CUBE_R,FUN_6
299461,25310,CUBE_L,FUN_1
299462,8910,FUN_6,CUBE_R
299471,1092,FUN_1,FUN_2
299476,2060,CUBE_R,RET
299491,15577,FUN_1,CUBE_L
299501,15729,FUN_3,FUN_2
299506,27020,FUN_2,FUN_1
299507,5171,FUN_3,FUN_2
299509,9746,FUN_2,FUN_3
299539,20063,FUN_3,FUN_2
299557,24166,CUBE_L,RET
299560,24179,CUBE_R,FUN_6
299566,8535,RET,CUBE_L
299577,22186,FUN_3,FUN_2
299594,3398,FUN_2,FUN_1
299596,5007,FUN_1,FUN_2
299596,15017,FUN_3,FUN_2
299597,16925,FUN_1,FUN_2
299600,2348,FUN_2,FUN_3
299600,24436,FUN_5,FUN_6
299600,29475,FUN_2,FUN_3
299615,3302,FUN_3,FUN_2
299618,15580,FUN_3,FUN_4
299626,22338,FUN_3,FUN_2
299631,10323,FUN_2,FUN_3
299644,4544,RET,CUBE_R
299646,4873,FUN_5,FUN_6
299671,24051,FUN_1,FUN_2
299704,4594,FUN_2,FUN_1
299748,14506,FUN_3,FUN_2
299756,8007,FUN_4,FUN_5
299760,29475,FUN_3,FUN_2
299802,18752,FUN_1,FUN_2
299820,6169,FUN_2,FUN_3
299825,21967,FUN_5,FUN_6
299834,22136,FUN_3,FUN_2
299835,10658,FUN_4,FUN_5
299845,21453,FUN_6,CUBE_R
299846,19580,FUN_3,FUN_2
299849,905,FUN_1,FUN_2
299849,28564,FUN_2,FUN_1
299854,193,FUN_3,FUN_4
299856,15530,FUN_3,FUN_2
299886,29002,FUN_5,FUN_6
299889,23804,FUN_3,FUN_4
299900,19860,FUN_2,FUN_3
299904,519,CUBE_L,RET
299928,21286,FUN_1,FUN_2
299937,11418,RET,CUBE_R
299945,5189,RET,CUBE_R
299945,28526,FUN_4,FUN_3
299948,1470,FUN_2,FUN_3
299953,41,FUN_2,FUN_1
299960,11269,FUN_3,FUN_2
299988,6760,FUN_3,FUN_2
299995,2788,FUN_2,FUN_3
