step,particle_id,from,to
3,28736,FUN_2,FUN_3
20,16655,FUN_5,FUN_4
26,28819,FUN_4,FUN_5
27,11578,FUN_2,FUN_3
52,1874,CUBE_L,RET
63,13527,FUN_4,FUN_3
78,23533,FUN_1,CUBE_L
82,6175,FUN_2,FUN_3
86,26083,CUBE_R,FUN_6
94,6123,CUBE_L,FUN_1
107,27779,FUN_2,FUN_3
117,18495,FUN_2,FUN_3
119,15872,CUBE_R,FUN_6
128,5629,FUN_1,FUN_2
128,21105,FUN_4,FUN_5
137,2133,FUN_4,FUN_5
137,6873,RET,CUBE_R
143,2004,FUN_2,FUN_3
146,29028,FUN_2,FUN_3
157,21933,FUN_6,FUN_5
178,24057,FUN_2,FUN_1
184,8378,FUN_4,FUN_5
191,22037,CUBE_L,FUN_1
195,22316,FUN_3,FUN_4
196,20682,FUN_5,FUN_6
206,24564,FUN_5,FUN_6
209,14022,FUN_3,FUN_2
211,21042,FUN_2,FUN_3
218,24057,FUN_1,FUN_2
228,16655,FUN_4,FUN_5
234,1346,FUN_3,FUN_2
238,16173,FUN_2,FUN_1
247,8536,RET,CUBE_L
254,23094,FUN_3,FUN_2
281,15437,CUBE_L,FUN_1
285,6873,CUBE_R,RET
287,15095,FUN_3,FUN_2
296,14287,FUN_3,FUN_4
321,5694,FUN_3,FUN_4
326,8699,FUN_1,FUN_2
330,15965,FUN_5,FUN_4
331,24044,FUN_2,FUN_1
338,11853,FUN_4,FUN_3
351,281,FUN_2,FUN_3
374,25907,FUN_1,FUN_2
396,3705,FUN_1,FUN_2
407,15156,FUN_6,FUN_5
415,456,RET,CUBE_R
422,17714,FUN_4,FUN_3
438,19853,FUN_1,FUN_2
448,13450,FUN_2,FUN_1
451,9282,FUN_6,CUBE_R
462,15437,FUN_1,CUBE_L
466,6873,RET,CUBE_R
467,6264,FUN_4,FUN_3
469,27459,FUN_1,FUN_2
470,10291,FUN_1,FUN_2
474,16589,FUN_3,FUN_4
479,5910,FUN_3,FUN_2
481,10286,FUN_5,FUN_4
482,20369,FUN_2,FUN_3
483,28819,FUN_5,FUN_4
491,24082,RET,CUBE_L
534,1566,FUN_3,FUN_2
537,21829,FUN_2,FUN_3
538,5694,FUN_4,FUN_3
538,19468,FUN_2,FUN_1
539,10291,FUN_2,FUN_1
541,25509,CUBE_R,RET
542,14287,FUN_4,FUN_3
543,21604,FUN_4,FUN_3
547,13822,FUN_1,FUN_2
549,20348,FUN_2,FUN_3
563,20391,FUN_1,CUBE_L
566,5910,FUN_2,FUN_3
579,7647,FUN_3,FUN_4
587,2398,FUN_2,FUN_3
611,25567,FUN_1,FUN_2
618,10291,FUN_1,FUN_2
625,16173,FUN_1,FUN_2
628,29952,FUN_1,FUN_2
631,29358,FUN_2,FUN_1
632,3705,FUN_2,FUN_1
635,29215,FUN_4,FUN_5
640,8834,FUN_3,FUN_2
646,23206,CUBE_R,RET
649,13560,FUN_3,FUN_4
651,21074,FUN_6,FUN_5
652,17996,RET,CUBE_L
656,27688,FUN_3,FUN_2
666,22458,FUN_3,FUN_2
667,10291,FUN_2,FUN_1
679,17763,FUN_2,FUN_1
688,5629,FUN_2,FUN_1
709,28391,FUN_3,FUN_4
715,14678,FUN_3,FUN_4
716,10077,FUN_6,FUN_5
716,16655,FUN_5,FUN_4
720,28951,FUN_5,FUN_6
727,7484,FUN_1,FUN_2
739,11747,RET,CUBE_L
755,8541,CUBE_R,RET
758,8918,FUN_1,FUN_2
764,1008,FUN_1,FUN_2
771,7742,CUBE_L,FUN_1
776,16655,FUN_4,FUN_5
783,28819,FUN_4,FUN_5
795,561,FUN_1,FUN_2
801,7912,FUN_1,FUN_2
807,4036,FUN_2,FUN_3
808,11563,FUN_2,FUN_3
850,7891,FUN_3,FUN_4
862,21933,FUN_5,FUN_6
870,22377,FUN_2,FUN_3
884,17714,FUN_3,FUN_4
884,26128,RET,CUBE_R
888,3480,FUN_2,FUN_1
891,15298,FUN_3,FUN_2
893,11184,FUN_5,FUN_6
906,17465,FUN_4,FUN_3
911,4892,RET,CUBE_L
928,29432,FUN_4,FUN_3
929,7455,CUBE_R,FUN_6
932,21440,FUN_4,FUN_3
941,16390,CUBE_R,RET
946,21449,FUN_3,FUN_4
951,14136,FUN_4,FUN_3
961,16718,FUN_1,FUN_2
962,22325,FUN_3,FUN_4
965,14287,FUN_3,FUN_4
986,14831,FUN_4,FUN_5
1009,6164,FUN_1,FUN_2
1024,3210,FUN_5,FUN_4
1029,26110,FUN_2,FUN_3
1042,26449,FUN_3,FUN_2
1044,16165,FUN_1,FUN_2
1045,23440,RET,CUBE_R
1047,14648,FUN_3,FUN_4
1048,3480,FUN_1,FUN_2
1052,8877,CUBE_R,RET
1058,25488,FUN_3,FUN_2
1085,27284,FUN_4,FUN_3
1112,21838,FUN_2,FUN_1
1120,11114,RET,CUBE_R
1127,14287,FUN_4,FUN_3
1129,5569,FUN_5,FUN_6
1134,6690,FUN_1,FUN_2
1150,28919,FUN_2,FUN_1
1154,28564,FUN_2,FUN_1
1155,6810,FUN_2,FUN_3
1155,26083,FUN_6,CUBE_R
1160,12326,FUN_3,FUN_4
1161,28083,FUN_3,FUN_4
1172,7455,FUN_6,CUBE_R
1186,28736,FUN_3,FUN_2
1187,15437,CUBE_L,FUN_1
1200,6944,FUN_2,FUN_1
1206,15536,FUN_2,FUN_3
1223,24909,FUN_2,FUN_3
1234,6553,FUN_2,FUN_1
1244,1238,CUBE_R,RET
1244,21933,FUN_6,FUN_5
1247,21668,CUBE_L,RET
1249,7622,CUBE_L,FUN_1
1259,23868,FUN_2,FUN_3
1268,2364,FUN_2,FUN_3
1274,3177,FUN_2,FUN_1
1294,13455,FUN_2,FUN_3
1296,21110,FUN_1,FUN_2
1297,23256,FUN_2,FUN_1
1300,25514,CUBE_L,RET
1304,18167,FUN_3,FUN_2
1306,24495,FUN_3,FUN_2
1330,13380,RET,CUBE_L
1332,20063,FUN_2,FUN_1
1338,21829,FUN_3,FUN_2
1338,26110,FUN_3,FUN_2
1342,1443,FUN_6,CUBE_R
1344,12161,FUN_2,FUN_3
1353,14965,FUN_3,FUN_2
1354,15027,FUN_1,FUN_2
1359,10686,FUN_2,FUN_3
1360,11767,FUN_4,FUN_5
1369,24636,FUN_1,CUBE_L
1409,19552,FUN_5,FUN_6
1420,20552,FUN_2,FUN_3
1434,28722,FUN_4,FUN_3
1440,10223,FUN_2,FUN_3
1483,26981,FUN_2,FUN_1
1487,26327,FUN_1,CUBE_L
1489,24909,FUN_3,FUN_2
1492,2133,FUN_5,FUN_4
1494,21802,FUN_3,FUN_2
1498,9247,FUN_6,CUBE_R
1499,11184,FUN_6,FUN_5
1518,7622,FUN_1,CUBE_L
1527,19515,FUN_3,FUN_4
1527,28606,FUN_2,FUN_1
1528,2025,CUBE_R,RET
1541,27688,FUN_2,FUN_3
1543,9676,FUN_4,FUN_5
1546,10310,FUN_1,FUN_2
1555,28919,FUN_1,FUN_2
1564,21406,FUN_1,FUN_2
1589,9637,FUN_6,CUBE_R
1603,9425,FUN_2,FUN_3
1604,15298,FUN_2,FUN_3
1635,22618,FUN_3,FUN_2
1642,28359,FUN_3,FUN_2
1646,15662,FUN_3,FUN_4
1646,16631,FUN_1,FUN_2
1667,7403,RET,CUBE_L
1676,10525,FUN_2,FUN_1
1694,8864,FUN_3,FUN_4
1701,15705,FUN_3,FUN_2
1713,7101,FUN_2,FUN_3
1730,2008,FUN_3,FUN_2
1735,24909,FUN_2,FUN_3
1736,1248,RET,CUBE_R
1764,24495,FUN_2,FUN_3
1769,19487,FUN_2,FUN_1
1787,14508,FUN_3,FUN_2
1819,11115,CUBE_R,FUN_6
1820,25509,RET,CUBE_R
1840,18187,CUBE_R,FUN_6
1844,10740,FUN_2,FUN_1
1863,16585,FUN_2,FUN_3
1874,19536,FUN_2,FUN_3
1878,19649,CUBE_L,FUN_1
1880,7390,FUN_1,FUN_2
1885,11063,RET,CUBE_R
1891,19466,FUN_2,FUN_3
1891,19536,FUN_3,FUN_2
1894,13513,FUN_1,FUN_2
1895,12471,FUN_3,FUN_4
1905,15424,FUN_4,FUN_5
1905,22037,FUN_1,CUBE_L
1910,13165,FUN_3,FUN_2
1925,27688,FUN_3,FUN_2
1926,15126,FUN_2,FUN_3
1933,26862,FUN_1,FUN_2
1934,19536,FUN_2,FUN_3
1951,11841,FUN_5,FUN_4
1978,19929,CUBE_L,RET
1989,26366,FUN_6,CUBE_R
2008,21218,CUBE_L,RET
2009,23755,FUN_5,FUN_4
2017,29358,FUN_1,FUN_2
2028,5007,FUN_2,FUN_1
2029,8834,FUN_2,FUN_3
2032,19476,RET,CUBE_R
2037,3144,FUN_2,FUN_3
2043,18627,CUBE_R,RET
2052,2434,FUN_3,FUN_2
2056,19144,FUN_4,FUN_3
2061,7371,FUN_1,FUN_2
2067,18223,CUBE_R,RET
2091,8378,FUN_5,FUN_4
2092,21449,FUN_4,FUN_3
2106,11283,FUN_5,FUN_6
2123,4542,FUN_2,FUN_3
2141,7084,FUN_3,FUN_2
2158,28247,FUN_3,FUN_2
2159,11747,CUBE_L,RET
2173,19536,FUN_3,FUN_2
2185,16655,FUN_5,FUN_4
2199,26414,FUN_5,FUN_6
2212,15401,CUBE_R,RET
2291,1491,FUN_3,FUN_4
2299,19340,FUN_2,FUN_3
2303,6690,FUN_2,FUN_1
2321,11523,FUN_5,FUN_6
2326,25442,FUN_1,FUN_2
2333,905,FUN_2,FUN_1
2343,22136,FUN_3,FUN_2
2353,21396,RET,CUBE_R
2394,15872,FUN_6,CUBE_R
2399,8958,FUN_2,FUN_3
2406,13146,FUN_3,FUN_2
2407,18149,FUN_2,FUN_3
2421,7474,FUN_1,FUN_2
2428,15027,FUN_2,FUN_1
2431,1852,FUN_6,CUBE_R
2454,8938,FUN_3,FUN_4
2454,10891,RET,CUBE_L
2466,13741,FUN_6,CUBE_R
2474,22037,CUBE_L,FUN_1
2483,29744,FUN_4,FUN_3
2488,26327,CUBE_L,FUN_1
2514,14287,FUN_3,FUN_4
2520,19196,CUBE_R,RET
2527,7349,FUN_3,FUN_4
2575,27086,FUN_4,FUN_3
2576,25226,FUN_3,FUN_2
2588,15947,FUN_4,FUN_5
2594,23945,FUN_4,FUN_5
2601,5448,FUN_2,FUN_3
2610,14454,FUN_3,FUN_4
2613,25912,FUN_5,FUN_4
2623,15773,FUN_3,FUN_2
2629,22037,FUN_1,CUBE_L
2633,17928,FUN_6,CUBE_R
2643,15823,FUN_2,FUN_1
2648,7455,CUBE_R,FUN_6
2652,26105,FUN_5,FUN_6
2661,4700,FUN_3,FUN_2
2670,6440,FUN_6,FUN_5
2673,16747,CUBE_R,FUN_6
2678,22302,FUN_1,FUN_2
2706,15459,RET,CUBE_R
2718,343,RET,CUBE_R
2718,1360,FUN_3,FUN_2
2720,11184,FUN_5,FUN_6
2724,22037,CUBE_L,FUN_1
2735,26036,FUN_6,CUBE_R
2749,26366,CUBE_R,FUN_6
2750,12569,FUN_6,FUN_5
2751,2899,CUBE_R,RET
2751,29251,FUN_2,FUN_3
2757,19354,CUBE_R,FUN_6
2761,26498,FUN_1,FUN_2
2762,28951,FUN_6,FUN_5
2765,8419,FUN_2,FUN_1
2766,20333,FUN_2,FUN_1
2781,19536,FUN_2,FUN_3
2789,10086,FUN_5,FUN_4
2795,27557,FUN_2,FUN_1
2796,11523,FUN_6,FUN_5
2801,27415,FUN_2,FUN_1
2841,18931,FUN_1,CUBE_L
2853,2211,FUN_1,FUN_2
2862,28634,FUN_6,FUN_5
2873,12871,FUN_2,FUN_1
2890,7349,FUN_4,FUN_3
2899,6690,FUN_1,FUN_2
2903,1098,FUN_2,FUN_1
2942,12505,FUN_2,FUN_3
2944,5629,FUN_1,FUN_2
2953,26110,FUN_2,FUN_3
2954,29358,FUN_2,FUN_1
2981,22037,FUN_1,CUBE_L
2983,24636,CUBE_L,FUN_1
2993,25475,FUN_2,FUN_1
3022,2005,FUN_3,FUN_2
3034,8302,FUN_6,CUBE_R
3040,9284,FUN_1,FUN_2
3043,13455,FUN_3,FUN_2
3052,21074,FUN_5,FUN_6
3054,29251,FUN_3,FUN_2
3075,5604,FUN_2,FUN_1
3080,10528,CUBE_L,FUN_1
3084,28606,FUN_1,FUN_2
3110,24268,FUN_5,FUN_4
3111,1202,FUN_1,FUN_2
3118,9335,FUN_5,FUN_4
3126,23992,CUBE_R,FUN_6
3142,19552,FUN_6,FUN_5
3149,28359,FUN_2,FUN_3
3168,7522,RET,CUBE_R
3169,23094,FUN_2,FUN_3
3169,24082,CUBE_L,RET
3181,19084,FUN_2,FUN_1
3182,9425,FUN_3,FUN_2
3189,19292,FUN_3,FUN_2
3190,27415,FUN_1,FUN_2
3193,17482,FUN_5,FUN_6
3203,27536,FUN_3,FUN_2
3207,20063,FUN_1,FUN_2
3211,110,FUN_2,FUN_1
3217,25184,FUN_2,FUN_3
3233,5604,FUN_1,FUN_2
3236,8839,FUN_3,FUN_2
3236,15773,FUN_2,FUN_3
3239,15601,FUN_4,FUN_3
3251,4095,CUBE_L,RET
3251,19860,FUN_1,FUN_2
3254,9122,FUN_2,FUN_1
3271,13527,FUN_3,FUN_4
3278,27799,FUN_5,FUN_4
3293,15682,FUN_6,FUN_5
3296,13269,FUN_1,FUN_2
3304,19558,FUN_2,FUN_3
3306,10085,FUN_3,FUN_2
3307,13146,FUN_2,FUN_3
3333,12387,CUBE_L,RET
3339,13269,FUN_2,FUN_1
3347,18061,FUN_1,FUN_2
3360,22588,RET,CUBE_L
3365,8089,CUBE_R,FUN_6
3379,11523,FUN_5,FUN_6
3408,25226,FUN_2,FUN_3
3409,7059,FUN_2,FUN_3
3442,27415,FUN_2,FUN_1
3461,16129,FUN_3,FUN_4
3463,24268,FUN_4,FUN_5
3464,22588,CUBE_L,RET
3466,10486,FUN_4,FUN_5
3468,14181,CUBE_L,RET
3476,24066,FUN_2,FUN_3
3479,5169,CUBE_R,FUN_6
3496,9809,FUN_5,FUN_4
3522,8693,FUN_2,FUN_1
3535,21668,RET,CUBE_L
3577,4459,FUN_6,CUBE_R
3578,1595,FUN_6,FUN_5
3578,10240,RET,CUBE_L
3582,12657,CUBE_R,FUN_6
3588,9919,FUN_2,FUN_1
3594,10086,FUN_4,FUN_5
3601,3598,FUN_6,FUN_5
3632,13731,CUBE_L,FUN_1
3655,7716,RET,CUBE_R
3657,19354,FUN_6,CUBE_R
3663,29825,RET,CUBE_L
3664,8202,FUN_6,FUN_5
3698,23609,FUN_4,FUN_5
3704,25187,FUN_3,FUN_4
3714,19929,RET,CUBE_L
3721,21668,CUBE_L,RET
3765,15959,RET,CUBE_R
3770,8864,FUN_4,FUN_3
3777,10223,FUN_3,FUN_2
3778,20333,FUN_1,FUN_2
3786,11115,FUN_6,CUBE_R
3793,27316,FUN_3,FUN_2
3797,22588,RET,CUBE_L
3805,15773,FUN_3,FUN_2
3810,15032,FUN_3,FUN_2
3818,21308,FUN_6,CUBE_R
3822,14287,FUN_4,FUN_3
3829,15254,FUN_4,FUN_3
3830,24032,CUBE_L,RET
3848,15170,CUBE_L,FUN_1
3856,2345,FUN_3,FUN_2
3860,14725,FUN_1,FUN_2
3864,21668,RET,CUBE_L
3871,1113,FUN_1,FUN_2
3873,6690,FUN_2,FUN_1
3881,21459,FUN_2,FUN_1
3923,24922,FUN_3,FUN_2
3933,7403,CUBE_L,RET
3936,8958,FUN_3,FUN_2
3938,19092,FUN_3,FUN_2
3944,27316,FUN_2,FUN_3
3959,16721,FUN_4,FUN_5
3981,6557,FUN_5,FUN_4
3986,7032,FUN_1,FUN_2
4002,13112,FUN_1,FUN_2
4019,1346,FUN_2,FUN_3
4023,5604,FUN_2,FUN_1
4023,17435,FUN_5,FUN_6
4030,17465,FUN_3,FUN_4
4049,21449,FUN_3,FUN_4
4058,8542,FUN_4,FUN_5
4065,22797,FUN_2,FUN_3
4077,17928,CUBE_R,FUN_6
4090,19670,FUN_3,FUN_4
4105,16763,FUN_1,FUN_2
4117,25187,FUN_4,FUN_3
4164,2660,FUN_3,FUN_2
4185,19990,FUN_4,FUN_5
4191,13109,FUN_4,FUN_3
4192,17714,FUN_4,FUN_3
4215,20488,FUN_3,FUN_2
4225,13617,RET,CUBE_L
4237,4966,FUN_3,FUN_4
4239,12383,FUN_4,FUN_5
4272,28083,FUN_4,FUN_3
4280,3144,FUN_3,FUN_2
4286,27536,FUN_2,FUN_3
4293,3053,FUN_4,FUN_3
4294,22325,FUN_4,FUN_3
4349,19487,FUN_1,FUN_2
4366,14454,FUN_4,FUN_3
4383,5310,FUN_2,FUN_1
4384,15401,RET,CUBE_R
4404,12908,FUN_3,FUN_2
4416,7717,RET,CUBE_L
4418,26327,FUN_1,CUBE_L
4419,21933,FUN_5,FUN_6
4444,7897,RET,CUBE_R
4454,12115,FUN_3,FUN_2
4456,24457,RET,CUBE_L
4481,13450,FUN_1,FUN_2
4483,20233,FUN_2,FUN_3
4485,21218,RET,CUBE_L
4494,27557,FUN_1,FUN_2
4511,22458,FUN_2,FUN_3
4518,23435,CUBE_R,RET
4542,19354,CUBE_R,FUN_6
4542,22744,FUN_1,FUN_2
4549,11563,FUN_3,FUN_2
4566,6131,FUN_1,FUN_2
4568,15705,FUN_2,FUN_3
4577,20591,RET,CUBE_L
4582,11403,RET,CUBE_R
4589,987,FUN_2,FUN_1
4590,22797,FUN_3,FUN_2
4613,26247,FUN_1,FUN_2
4627,27316,FUN_3,FUN_2
4634,15947,FUN_5,FUN_4
4647,26595,FUN_1,FUN_2
4658,22797,FUN_2,FUN_3
4661,28024,CUBE_R,FUN_6
4687,21459,FUN_1,FUN_2
4694,6930,CUBE_R,RET
4702,4408,FUN_3,FUN_2
4702,4743,FUN_4,FUN_5
4705,21829,FUN_2,FUN_3
4710,18092,FUN_2,FUN_1
4711,7084,FUN_2,FUN_3
4714,18112,RET,CUBE_L
4737,4743,FUN_5,FUN_4
4745,5694,FUN_3,FUN_4
4753,14181,RET,CUBE_L
4762,21680,CUBE_R,RET
4776,12115,FUN_2,FUN_3
4789,10310,FUN_2,FUN_1
4793,23435,RET,CUBE_R
4798,15823,FUN_1,FUN_2
4806,17435,FUN_6,FUN_5
4808,1566,FUN_2,FUN_3
4815,2273,CUBE_L,RET
4816,10217,FUN_3,FUN_2
4836,14743,FUN_3,FUN_2
4857,14626,FUN_2,FUN_1
4875,2899,RET,CUBE_R
4887,15773,FUN_2,FUN_3
4888,24032,RET,CUBE_L
4889,13909,FUN_2,FUN_3
4891,23435,CUBE_R,RET
4892,24065,FUN_5,FUN_4
4900,21557,FUN_1,CUBE_L
4905,1008,FUN_2,FUN_1
4911,23609,FUN_5,FUN_4
4913,1491,FUN_4,FUN_3
4919,4743,FUN_4,FUN_5
4922,26327,CUBE_L,FUN_1
4937,1314,FUN_2,FUN_1
4939,28606,FUN_2,FUN_1
4948,16205,FUN_3,FUN_2
4949,19549,FUN_5,FUN_4
4964,17931,FUN_4,FUN_5
4979,28634,FUN_5,FUN_6
4992,19552,FUN_5,FUN_6
5005,16747,FUN_6,CUBE_R
5010,12115,FUN_3,FUN_2
5021,23241,FUN_4,FUN_3
5023,27860,CUBE_L,RET
5025,29477,FUN_1,FUN_2
5028,27474,FUN_1,FUN_2
5029,29858,FUN_3,FUN_4
5034,22061,FUN_1,FUN_2
5037,18906,FUN_3,FUN_2
5048,10557,FUN_2,FUN_3
5048,20538,RET,CUBE_L
5049,17798,FUN_2,FUN_3
5068,7170,FUN_1,CUBE_L
5071,13455,FUN_2,FUN_3
5080,26414,FUN_6,FUN_5
5113,18929,FUN_2,FUN_1
5118,18324,FUN_3,FUN_4
5126,24044,FUN_1,FUN_2
5147,1346,FUN_3,FUN_2
5161,24009,FUN_2,FUN_1
5164,25714,CUBE_R,FUN_6
5175,19853,FUN_2,FUN_1
5180,24032,CUBE_L,RET
5190,19200,FUN_3,FUN_2
5202,4743,FUN_5,FUN_4
5216,19853,FUN_1,FUN_2
5221,26105,FUN_6,FUN_5
5221,28691,FUN_3,FUN_4
5231,20388,CUBE_L,RET
5238,23435,RET,CUBE_R
5240,13269,FUN_1,FUN_2
5242,14626,FUN_1,FUN_2
5252,21140,FUN_4,FUN_5
5255,16579,FUN_2,FUN_1
5256,10223,FUN_2,FUN_3
5271,24082,RET,CUBE_L
5291,9089,FUN_2,FUN_1
5301,19558,FUN_3,FUN_2
5311,17482,FUN_6,FUN_5
5318,22744,FUN_2,FUN_1
5323,28247,FUN_2,FUN_3
5328,18193,FUN_2,FUN_3
5373,18031,FUN_3,FUN_2
5396,10654,FUN_2,FUN_1
5397,26449,FUN_2,FUN_3
5414,25705,FUN_2,FUN_3
5419,15431,FUN_1,FUN_2
5424,28983,RET,CUBE_R
5427,11185,CUBE_L,RET
5443,27524,FUN_6,FUN_5
5455,28660,FUN_3,FUN_4
5457,19650,FUN_6,FUN_5
5479,18508,FUN_3,FUN_4
5481,27079,RET,CUBE_L
5482,22711,RET,CUBE_R
5493,986,FUN_3,FUN_2
5507,10740,FUN_1,FUN_2
5515,20388,RET,CUBE_L
5520,22744,FUN_1,FUN_2
5521,10497,RET,CUBE_R
5545,19222,RET,CUBE_L
5551,24636,FUN_1,CUBE_L
5560,23609,FUN_4,FUN_5
5563,9939,CUBE_L,RET
5575,12035,RET,CUBE_L
5577,1541,FUN_2,FUN_1
5579,25870,CUBE_L,RET
5580,1688,CUBE_R,RET
5583,3118,FUN_1,FUN_2
5600,2347,FUN_2,FUN_1
5602,29825,CUBE_L,RET
5603,20810,FUN_6,FUN_5
5603,25203,FUN_3,FUN_4
5607,28606,FUN_1,FUN_2
5644,16579,FUN_1,FUN_2
5648,14532,FUN_3,FUN_2
5662,7167,FUN_4,FUN_5
5670,7982,FUN_3,FUN_2
5678,14643,FUN_4,FUN_5
5684,15027,FUN_1,FUN_2
5688,7390,FUN_2,FUN_1
5688,19536,FUN_3,FUN_2
5705,20810,FUN_5,FUN_6
5717,9174,FUN_2,FUN_3
5733,10530,FUN_2,FUN_3
5741,6983,FUN_3,FUN_2
5763,28606,FUN_2,FUN_1
5783,3476,FUN_3,FUN_4
5804,16034,FUN_2,FUN_1
5809,17931,FUN_5,FUN_4
5820,5604,FUN_1,FUN_2
5830,11443,FUN_1,CUBE_L
5842,24806,FUN_2,FUN_1
5855,6783,RET,CUBE_R
5864,19650,FUN_5,FUN_6
5864,23171,FUN_4,FUN_5
5883,22744,FUN_2,FUN_1
5901,14552,FUN_2,FUN_3
5904,14089,FUN_4,FUN_5
5933,29477,FUN_2,FUN_1
5942,12856,FUN_1,FUN_2
5957,1113,FUN_2,FUN_1
5957,17124,FUN_6,CUBE_R
5970,25870,RET,CUBE_L
5972,23587,FUN_3,FUN_2
5973,28678,FUN_1,FUN_2
5975,16723,FUN_3,FUN_2
5979,8823,FUN_1,FUN_2
5984,21420,FUN_2,FUN_3
5992,28372,CUBE_L,RET
5997,3118,FUN_2,FUN_1
6002,21838,FUN_1,FUN_2
6005,29827,FUN_4,FUN_3
6009,3144,FUN_2,FUN_3
6021,23256,FUN_1,FUN_2
6034,24945,FUN_2,FUN_1
6040,6168,FUN_5,FUN_6
6043,15601,FUN_3,FUN_4
6044,5007,FUN_1,FUN_2
6050,12623,FUN_2,FUN_3
6050,24057,FUN_2,FUN_1
6050,29858,FUN_4,FUN_3
6055,3332,FUN_3,FUN_2
6057,3053,FUN_3,FUN_4
6064,22744,FUN_1,FUN_2
6065,1360,FUN_2,FUN_3
6065,19853,FUN_2,FUN_1
6066,2133,FUN_4,FUN_5
6066,7891,FUN_4,FUN_3
6077,6738,FUN_2,FUN_3
6082,13203,CUBE_L,RET
6096,12383,FUN_5,FUN_4
6117,16655,FUN_4,FUN_5
6141,3378,FUN_2,FUN_3
6142,19552,FUN_6,FUN_5
6153,23436,FUN_1,FUN_2
6161,23609,FUN_5,FUN_4
6170,2782,FUN_1,FUN_2
6182,7717,CUBE_L,RET
6197,27415,FUN_1,FUN_2
6207,52,CUBE_L,RET
6217,28386,FUN_4,FUN_5
6220,27284,FUN_3,FUN_4
6222,23241,FUN_3,FUN_4
6226,1346,FUN_2,FUN_3
6237,11578,FUN_3,FUN_2
6254,3144,FUN_3,FUN_2
6263,13515,FUN_2,FUN_1
6266,15459,CUBE_R,RET
6285,52,RET,CUBE_L
6292,13450,FUN_2,FUN_1
6306,13711,FUN_5,FUN_4
6311,5169,FUN_6,CUBE_R
6332,12035,CUBE_L,RET
6333,9489,FUN_6,FUN_5
6340,11853,FUN_3,FUN_4
6342,29284,CUBE_R,RET
6347,2467,FUN_5,FUN_4
6359,27524,FUN_5,FUN_6
6363,14089,FUN_5,FUN_4
6401,13253,FUN_2,FUN_1
6422,15032,FUN_2,FUN_3
6430,898,FUN_2,FUN_3
6459,9284,FUN_2,FUN_1
6460,20348,FUN_3,FUN_2
6477,19092,FUN_2,FUN_3
6478,12387,RET,CUBE_L
6484,2004,FUN_3,FUN_2
6486,6738,FUN_3,FUN_2
6487,23838,FUN_3,FUN_2
6513,5660,FUN_2,FUN_1
6519,1202,FUN_2,FUN_1
6523,16129,FUN_4,FUN_3
6554,1373,FUN_1,FUN_2
6566,23609,FUN_4,FUN_5
6583,28368,CUBE_L,RET
6602,15601,FUN_4,FUN_3
6604,4004,CUBE_L,RET
6607,23945,FUN_5,FUN_4
6623,21123,FUN_1,FUN_2
6632,18324,FUN_4,FUN_3
6644,1874,RET,CUBE_L
6647,13513,FUN_2,FUN_1
6656,22711,CUBE_R,RET
6687,4599,CUBE_L,RET
6691,28186,RET,CUBE_L
6702,15194,RET,CUBE_L
6703,21507,FUN_3,FUN_4
6703,23609,FUN_5,FUN_4
6714,10169,CUBE_L,RET
6720,8877,RET,CUBE_R
6729,4743,FUN_4,FUN_5
6753,848,FUN_4,FUN_3
6763,25203,FUN_4,FUN_3
6789,456,CUBE_R,RET
6807,23899,CUBE_L,FUN_1
6833,13109,FUN_3,FUN_4
6860,12623,FUN_3,FUN_2
6867,2941,CUBE_L,RET
6867,13269,FUN_2,FUN_1
6874,25488,FUN_2,FUN_3
6882,16579,FUN_2,FUN_1
6894,27415,FUN_2,FUN_1
6908,15431,FUN_2,FUN_1
6915,1196,FUN_3,FUN_2
6946,23609,FUN_4,FUN_5
6947,1541,FUN_1,FUN_2
6961,20538,CUBE_L,RET
7006,20119,FUN_1,FUN_2
7028,7806,FUN_3,FUN_2
7044,17711,FUN_3,FUN_2
7047,19536,FUN_2,FUN_3
7052,12871,FUN_1,FUN_2
7065,21815,FUN_1,FUN_2
7070,12387,CUBE_L,RET
7076,5123,FUN_1,FUN_2
7105,23485,FUN_2,FUN_1
7138,26595,FUN_2,FUN_1
7153,2184,FUN_6,CUBE_R
7157,1993,FUN_6,FUN_5
7162,29806,CUBE_L,FUN_1
7182,26920,FUN_3,FUN_2
7185,1113,FUN_1,FUN_2
7186,28024,FUN_6,CUBE_R
7193,2466,FUN_1,FUN_2
7193,20991,FUN_4,FUN_3
7196,10310,FUN_1,FUN_2
7210,22682,FUN_4,FUN_5
7211,14562,FUN_2,FUN_1
7223,23609,FUN_5,FUN_4
7225,8302,CUBE_R,FUN_6
7250,13513,FUN_1,FUN_2
7278,16586,FUN_1,FUN_2
7288,19658,FUN_6,CUBE_R
7289,8302,FUN_6,CUBE_R
7295,4976,CUBE_R,FUN_6
7299,19292,FUN_2,FUN_3
7307,8302,CUBE_R,FUN_6
7307,27347,CUBE_R,RET
7310,11069,FUN_2,FUN_3
7335,21211,FUN_2,FUN_1
7341,5694,FUN_4,FUN_3
7345,15892,FUN_4,FUN_3
7346,14643,FUN_5,FUN_4
7366,3530,FUN_2,FUN_3
7370,27719,FUN_3,FUN_4
7371,18508,FUN_4,FUN_3
7372,1688,RET,CUBE_R
7375,2039,FUN_2,FUN_1
7380,10066,FUN_2,FUN_3
7412,8542,FUN_5,FUN_4
7412,17975,FUN_6,FUN_5
7419,8128,FUN_3,FUN_2
7441,4700,FUN_2,FUN_3
7445,20810,FUN_6,FUN_5
7467,5420,FUN_1,FUN_2
7474,12035,RET,CUBE_L
7483,4040,FUN_4,FUN_5
7484,6738,FUN_2,FUN_3
7484,13946,FUN_1,FUN_2
7502,11747,RET,CUBE_L
7511,17040,FUN_2,FUN_3
7526,19744,FUN_4,FUN_5
7539,5569,FUN_6,FUN_5
7542,2941,RET,CUBE_L
7543,11856,FUN_2,FUN_3
7558,1688,CUBE_R,RET
7564,10787,FUN_4,FUN_3
7575,10310,FUN_2,FUN_1
7587,1771,FUN_2,FUN_3
7592,19222,CUBE_L,RET
7597,20591,CUBE_L,RET
7601,8478,FUN_1,FUN_2
7602,27755,FUN_1,FUN_2
7614,1162,FUN_2,FUN_1
7623,4292,FUN_1,FUN_2
7633,12326,FUN_4,FUN_3
7640,9939,RET,CUBE_L
7641,20784,FUN_4,FUN_3
7645,11040,CUBE_L,RET
7650,19990,FUN_5,FUN_4
7673,14506,FUN_1,FUN_2
7686,15156,FUN_5,FUN_6
7693,29672,FUN_2,FUN_3
7699,24268,FUN_5,FUN_4
7700,28176,CUBE_R,RET
7702,28722,FUN_3,FUN_4
7717,11856,FUN_3,FUN_2
7718,9923,FUN_4,FUN_5
7729,28024,CUBE_R,FUN_6
7734,21802,FUN_2,FUN_3
7738,6168,FUN_6,FUN_5
7745,23643,FUN_2,FUN_1
7747,21507,FUN_4,FUN_3
7764,20538,RET,CUBE_L
7769,23858,FUN_3,FUN_4
7794,17124,CUBE_R,FUN_6
7799,1045,RET,CUBE_L
7800,24009,FUN_1,FUN_2
7804,23861,FUN_3,FUN_4
7812,10291,FUN_1,FUN_2
7816,24636,CUBE_L,FUN_1
7827,3140,FUN_5,FUN_4
7831,12471,FUN_4,FUN_3
7835,18931,CUBE_L,FUN_1
7835,22324,FUN_3,FUN_2
7867,28024,FUN_6,CUBE_R
7868,18092,FUN_1,FUN_2
7888,5405,CUBE_L,RET
7890,19769,FUN_5,FUN_6
7897,20591,RET,CUBE_L
7898,19990,FUN_4,FUN_5
7910,19340,FUN_3,FUN_2
7914,4408,FUN_2,FUN_3
7917,2347,FUN_1,FUN_2
7924,2039,FUN_1,FUN_2
7929,5169,CUBE_R,FUN_6
7934,10085,FUN_2,FUN_3
7935,15013,CUBE_L,RET
7936,6980,RET,CUBE_R
8002,21406,FUN_2,FUN_1
8005,13822,FUN_2,FUN_1
8010,4700,FUN_3,FUN_2
8046,23868,FUN_3,FUN_2
8065,3530,FUN_3,FUN_2
8078,27557,FUN_2,FUN_1
8089,3053,FUN_4,FUN_3
8119,52,CUBE_L,RET
8125,17609,FUN_3,FUN_2
8131,23587,FUN_2,FUN_3
8133,9112,FUN_4,FUN_5
8143,26498,FUN_2,FUN_1
8155,19536,FUN_3,FUN_2
8160,15536,FUN_3,FUN_2
8170,11586,FUN_3,FUN_4
8177,23465,FUN_2,FUN_1
8191,10654,FUN_1,FUN_2
8215,1098,FUN_1,FUN_2
8218,18605,CUBE_L,RET
8227,5629,FUN_2,FUN_1
8231,1311,FUN_5,FUN_4
8241,24806,FUN_1,FUN_2
8256,29744,FUN_3,FUN_4
8258,14266,FUN_5,FUN_6
8260,16164,CUBE_R,RET
8260,27316,FUN_2,FUN_3
8261,21218,CUBE_L,RET
8267,1113,FUN_2,FUN_1
8272,668,FUN_3,FUN_2
8303,16731,FUN_2,FUN_3
8321,16815,FUN_5,FUN_4
8333,13732,FUN_2,FUN_3
8356,22583,FUN_4,FUN_3
8377,25509,CUBE_R,RET
8394,8302,FUN_6,CUBE_R
8411,16129,FUN_3,FUN_4
8419,15202,CUBE_L,RET
8420,1637,FUN_2,FUN_3
8423,19650,FUN_6,FUN_5
8426,22377,FUN_3,FUN_2
8433,5169,FUN_6,CUBE_R
8441,21507,FUN_3,FUN_4
8445,20113,RET,CUBE_L
8450,2467,FUN_4,FUN_5
8450,2660,FUN_2,FUN_3
8471,3054,FUN_3,FUN_2
8472,987,FUN_1,FUN_2
8477,19222,RET,CUBE_L
8508,20660,FUN_3,FUN_2
8513,27316,FUN_3,FUN_2
8542,7716,CUBE_R,RET
8560,19536,FUN_2,FUN_3
8563,24945,FUN_1,FUN_2
8565,21177,CUBE_R,RET
8584,27719,FUN_4,FUN_3
8586,26011,CUBE_R,RET
8602,23485,FUN_1,FUN_2
8607,29858,FUN_3,FUN_4
8615,9588,RET,CUBE_L
8624,9146,FUN_2,FUN_1
8654,18931,FUN_1,CUBE_L
8656,18622,FUN_6,FUN_5
8658,20652,FUN_5,FUN_6
8669,29284,RET,CUBE_R
8670,8128,FUN_2,FUN_3
8677,10530,FUN_3,FUN_2
8682,10486,FUN_5,FUN_4
8690,3054,FUN_2,FUN_3
8703,29358,FUN_1,FUN_2
8715,3501,FUN_4,FUN_3
8724,21406,FUN_1,FUN_2
8737,9700,FUN_6,CUBE_R
8740,16579,FUN_1,FUN_2
8742,6873,CUBE_R,RET
8748,3501,FUN_3,FUN_4
8758,4743,FUN_5,FUN_4
8774,281,FUN_3,FUN_2
8774,27316,FUN_2,FUN_3
8788,27284,FUN_4,FUN_3
8822,15254,FUN_3,FUN_4
8831,23858,FUN_4,FUN_3
8850,3332,FUN_2,FUN_3
8857,27388,CUBE_L,FUN_1
8863,15210,CUBE_R,FUN_6
8901,13124,CUBE_R,RET
8915,4162,FUN_4,FUN_3
8939,24799,FUN_4,FUN_5
8947,15993,FUN_2,FUN_1
8956,8839,FUN_2,FUN_3
8971,28523,FUN_5,FUN_4
8977,1543,FUN_6,FUN_5
8991,27860,RET,CUBE_L
8992,6901,FUN_1,FUN_2
9004,10929,FUN_3,FUN_2
9007,23633,FUN_1,FUN_2
9016,15285,FUN_1,FUN_2
9019,3332,FUN_3,FUN_2
9020,27860,CUBE_L,RET
9022,6557,FUN_4,FUN_5
9023,16390,RET,CUBE_R
9024,10530,FUN_2,FUN_3
9037,16723,FUN_2,FUN_3
9038,27755,FUN_2,FUN_1
9041,1541,FUN_2,FUN_1
9060,14562,FUN_1,FUN_2
9064,8302,CUBE_R,FUN_6
9069,23435,CUBE_R,RET
9084,1771,FUN_3,FUN_2
9091,1461,FUN_3,FUN_2
9091,6557,FUN_5,FUN_4
9114,27860,RET,CUBE_L
9138,16892,FUN_3,FUN_4
9143,2008,FUN_2,FUN_3
9143,18627,RET,CUBE_R
9163,4743,FUN_4,FUN_5
9185,5448,FUN_3,FUN_2
9192,18627,CUBE_R,RET
9210,10597,FUN_6,FUN_5
9216,19784,FUN_3,FUN_2
9231,23485,FUN_2,FUN_1
9250,22325,FUN_3,FUN_4
9264,21449,FUN_4,FUN_3
9285,986,FUN_2,FUN_3
9295,9146,FUN_1,FUN_2
9300,9923,FUN_5,FUN_4
9303,17714,FUN_3,FUN_4
9304,18627,RET,CUBE_R
9306,2364,FUN_3,FUN_2
9316,281,FUN_2,FUN_3
9317,14508,FUN_2,FUN_3
9319,15401,CUBE_R,RET
9326,9489,FUN_5,FUN_6
9329,19084,FUN_1,FUN_2
9333,16331,FUN_5,FUN_4
9341,20388,CUBE_L,RET
9342,10217,FUN_2,FUN_3
9354,3929,FUN_6,FUN_5
9370,17040,FUN_3,FUN_2
9374,2303,FUN_2,FUN_3
9376,28193,RET,CUBE_L
9391,4234,FUN_4,FUN_3
9397,21664,CUBE_R,FUN_6
9404,25745,FUN_5,FUN_6
9407,12953,CUBE_R,FUN_6
9415,3332,FUN_2,FUN_3
9434,19222,CUBE_L,RET
9446,1017,FUN_2,FUN_1
9450,23094,FUN_3,FUN_2
9464,14266,FUN_6,FUN_5
9482,14098,FUN_2,FUN_3
9498,5186,FUN_2,FUN_3
9504,3054,FUN_3,FUN_2
9529,2849,FUN_6,CUBE_R
9535,1346,FUN_3,FUN_2
9539,27316,FUN_3,FUN_2
9541,8686,FUN_3,FUN_4
9551,11831,RET,CUBE_R
9553,27799,FUN_4,FUN_5
9554,3054,FUN_2,FUN_3
9555,26981,FUN_1,FUN_2
9568,5675,FUN_1,FUN_2
9575,11586,FUN_4,FUN_3
9579,2660,FUN_3,FUN_2
9581,1771,FUN_2,FUN_3
9596,2598,FUN_3,FUN_4
9600,24032,RET,CUBE_L
9600,28174,FUN_1,FUN_2
9606,12856,FUN_2,FUN_1
9643,28766,FUN_4,FUN_5
9650,11578,FUN_2,FUN_3
9650,26185,FUN_2,FUN_1
9655,2331,FUN_4,FUN_3
9655,6085,FUN_2,FUN_1
9656,19631,FUN_5,FUN_4
9668,4258,CUBE_L,FUN_1
9682,23858,FUN_3,FUN_4
9683,21484,RET,CUBE_R
9711,12595,FUN_6,CUBE_R
9713,27316,FUN_2,FUN_3
9729,12623,FUN_2,FUN_3
9733,14004,CUBE_R,FUN_6
9742,4700,FUN_2,FUN_3
9753,1360,FUN_3,FUN_2
9754,15993,FUN_1,FUN_2
9755,28606,FUN_1,FUN_2
9762,19183,FUN_3,FUN_2
9765,9588,CUBE_L,RET
9769,12471,FUN_3,FUN_4
9770,4234,FUN_3,FUN_4
9787,27524,FUN_6,FUN_5
9801,6611,FUN_5,FUN_6
9815,13822,FUN_1,FUN_2
9826,5941,CUBE_R,RET
9851,27083,FUN_2,FUN_3
9861,19487,FUN_2,FUN_1
9876,11958,FUN_4,FUN_5
9883,20446,RET,CUBE_R
9885,52,RET,CUBE_L
9896,13724,RET,CUBE_L
9908,15194,CUBE_L,RET
9909,16579,FUN_2,FUN_1
9931,15254,FUN_4,FUN_3
9932,23094,FUN_2,FUN_3
9948,5836,FUN_1,CUBE_L
9959,17714,FUN_4,FUN_3
9961,12572,FUN_1,FUN_2
9963,27839,FUN_2,FUN_1
9966,27688,FUN_2,FUN_3
9979,11978,FUN_3,FUN_2
9980,4258,FUN_1,CUBE_L
10001,15965,FUN_4,FUN_5
10002,18031,FUN_2,FUN_3
10002,18457,FUN_3,FUN_2
10011,12856,FUN_1,FUN_2
10012,1045,CUBE_L,RET
10014,17240,FUN_3,FUN_4
10022,14812,FUN_3,FUN_2
10023,25398,FUN_6,FUN_5
10033,19536,FUN_3,FUN_2
10034,9089,FUN_1,FUN_2
10063,27255,FUN_4,FUN_3
10064,5911,CUBE_L,RET
10071,24302,FUN_3,FUN_4
10082,24922,FUN_2,FUN_3
10083,17240,FUN_4,FUN_3
10085,1360,FUN_2,FUN_3
10098,14658,FUN_2,FUN_3
10106,12117,CUBE_L,RET
10153,2184,CUBE_R,FUN_6
10153,11698,CUBE_R,RET
10177,11958,FUN_5,FUN_4
10178,17225,FUN_3,FUN_4
10178,18661,FUN_2,FUN_1
10182,29358,FUN_2,FUN_1
10183,16731,FUN_3,FUN_2
10188,1008,FUN_1,FUN_2
10212,2782,FUN_2,FUN_1
10255,14648,FUN_4,FUN_3
10275,26083,CUBE_R,FUN_6
10280,456,RET,CUBE_R
10283,10085,FUN_3,FUN_2
10286,11698,RET,CUBE_R
10290,25235,FUN_3,FUN_2
10298,14291,CUBE_R,RET
10301,12999,CUBE_R,FUN_6
10303,21298,FUN_3,FUN_2
10308,20652,FUN_6,FUN_5
10314,2528,CUBE_R,RET
10315,13527,FUN_4,FUN_3
10328,21406,FUN_2,FUN_1
10331,17187,CUBE_L,RET
10340,22789,FUN_1,FUN_2
10353,10929,FUN_2,FUN_3
10362,3140,FUN_4,FUN_5
10362,7897,CUBE_R,RET
10364,7547,FUN_6,CUBE_R
10384,16731,FUN_2,FUN_3
10411,5169,CUBE_R,FUN_6
10411,25666,FUN_3,FUN_2
10412,14990,FUN_1,FUN_2
10412,28176,RET,CUBE_R
10418,14136,FUN_3,FUN_4
10440,26176,CUBE_L,FUN_1
10450,18661,FUN_1,FUN_2
10470,7007,CUBE_R,FUN_6
10475,10597,FUN_5,FUN_6
10480,9489,FUN_6,FUN_5
10481,15013,RET,CUBE_L
10510,11698,CUBE_R,RET
10524,21449,FUN_3,FUN_4
10541,24675,CUBE_R,FUN_6
10571,7806,FUN_2,FUN_3
10595,5169,FUN_6,CUBE_R
10595,27980,FUN_2,FUN_1
10597,1360,FUN_3,FUN_2
10606,11503,FUN_2,FUN_1
10611,21123,FUN_2,FUN_1
10612,12999,FUN_6,CUBE_R
10634,24806,FUN_2,FUN_1
10649,13822,FUN_2,FUN_1
10665,6429,FUN_2,FUN_3
10668,1196,FUN_2,FUN_3
10670,29804,FUN_2,FUN_3
10673,17818,CUBE_L,FUN_1
10677,11461,CUBE_L,RET
10682,7007,FUN_6,CUBE_R
10710,3054,FUN_3,FUN_2
10714,27651,FUN_3,FUN_2
10719,3042,CUBE_L,FUN_1
10719,20645,FUN_2,FUN_1
10732,14022,FUN_2,FUN_3
10736,29731,FUN_2,FUN_1
10739,23609,FUN_4,FUN_5
10754,21140,FUN_5,FUN_4
10762,905,FUN_1,FUN_2
10782,2020,FUN_6,FUN_5
10783,15285,FUN_2,FUN_1
10797,12755,CUBE_R,RET
10798,29097,FUN_3,FUN_2
10808,18661,FUN_2,FUN_1
10830,26779,RET,CUBE_L
10839,27913,FUN_1,FUN_2
10849,1008,FUN_2,FUN_1
10849,15536,FUN_2,FUN_3
10855,28562,FUN_4,FUN_3
10861,15013,CUBE_L,RET
10871,15194,RET,CUBE_L
10873,3332,FUN_3,FUN_2
10885,10530,FUN_3,FUN_2
10885,18112,CUBE_L,RET
10899,4542,FUN_3,FUN_2
10900,12319,FUN_2,FUN_3
10905,6557,FUN_4,FUN_5
10926,26920,FUN_2,FUN_3
10932,10177,FUN_6,CUBE_R
10938,27674,RET,CUBE_L
10949,29191,FUN_2,FUN_1
10954,2849,CUBE_R,FUN_6
10954,17369,FUN_5,FUN_6
10978,7508,FUN_5,FUN_6
10997,5310,FUN_1,FUN_2
11018,1113,FUN_1,FUN_2
11020,3054,FUN_2,FUN_3
11020,29933,FUN_3,FUN_2
11027,10488,FUN_2,FUN_3
11027,11856,FUN_2,FUN_3
11032,12931,FUN_5,FUN_4
11051,17896,CUBE_R,FUN_6
11061,19536,FUN_2,FUN_3
11072,19769,FUN_6,FUN_5
11076,27090,RET,CUBE_R
11094,10667,FUN_3,FUN_2
11116,24302,FUN_4,FUN_3
11120,20652,FUN_5,FUN_6
11147,9287,FUN_3,FUN_2
11162,19903,FUN_2,FUN_1
11163,281,FUN_3,FUN_2
11179,29358,FUN_1,FUN_2
11180,14034,RET,CUBE_R
11183,18661,FUN_1,FUN_2
11184,21459,FUN_2,FUN_1
11189,19649,FUN_1,CUBE_L
11207,7588,FUN_3,FUN_2
11208,1346,FUN_2,FUN_3
11209,9174,FUN_3,FUN_2
11216,2849,FUN_6,CUBE_R
11221,2064,FUN_3,FUN_2
11230,27062,CUBE_L,RET
11245,7007,CUBE_R,FUN_6
11261,23868,FUN_2,FUN_3
11271,6810,FUN_3,FUN_2
11275,8940,CUBE_R,RET
11281,28176,CUBE_R,RET
11282,28485,CUBE_R,FUN_6
11287,19476,CUBE_R,RET
11292,24955,FUN_3,FUN_2
11302,10082,FUN_2,FUN_1
11325,7381,FUN_5,FUN_4
11335,24081,FUN_5,FUN_6
11339,24734,FUN_6,FUN_5
11344,7806,FUN_3,FUN_2
11347,25836,FUN_4,FUN_3
11355,6696,FUN_2,FUN_3
11369,12595,CUBE_R,FUN_6
11393,13112,FUN_2,FUN_1
11412,24081,FUN_6,FUN_5
11416,19549,FUN_4,FUN_5
11427,1657,FUN_3,FUN_4
11447,24009,FUN_2,FUN_1
11448,12054,FUN_3,FUN_4
11455,4408,FUN_3,FUN_2
11458,17240,FUN_3,FUN_4
11459,25200,FUN_4,FUN_3
11466,28357,FUN_1,FUN_2
11467,1771,FUN_3,FUN_2
11472,29251,FUN_2,FUN_3
11480,27388,FUN_1,CUBE_L
11501,29037,FUN_4,FUN_5
11533,9676,FUN_5,FUN_4
11534,19698,FUN_1,CUBE_L
11545,573,CUBE_L,RET
11546,1373,FUN_2,FUN_1
11558,27860,CUBE_L,RET
11568,11698,RET,CUBE_R
11598,25155,FUN_5,FUN_4
11600,21817,FUN_1,FUN_2
11605,19084,FUN_2,FUN_1
11608,28024,CUBE_R,FUN_6
11616,16331,FUN_4,FUN_5
11616,29191,FUN_1,FUN_2
11622,29672,FUN_3,FUN_2
11623,6478,FUN_3,FUN_2
11634,24066,FUN_3,FUN_2
11663,20645,FUN_1,FUN_2
11668,20340,FUN_2,FUN_1
11673,3929,FUN_5,FUN_6
11678,12319,FUN_3,FUN_2
11687,21889,FUN_3,FUN_4
11694,28176,RET,CUBE_R
11695,7922,FUN_3,FUN_2
11706,6764,FUN_5,FUN_6
11714,17789,FUN_3,FUN_2
11723,28485,FUN_6,CUBE_R
11727,27980,FUN_1,FUN_2
11737,6085,FUN_1,FUN_2
11740,25714,FUN_6,CUBE_R
11750,13455,FUN_3,FUN_2
11754,73,FUN_1,FUN_2
11755,5405,RET,CUBE_L
11772,14743,FUN_2,FUN_3
11785,485,FUN_4,FUN_5
11796,11831,CUBE_R,RET
11800,9275,RET,CUBE_L
11809,26083,FUN_6,CUBE_R
11813,2364,FUN_2,FUN_3
11821,23777,FUN_3,FUN_2
11827,13194,CUBE_R,FUN_6
11836,28357,FUN_2,FUN_1
11850,16331,FUN_5,FUN_4
11865,4830,CUBE_R,FUN_6
11871,4234,FUN_4,FUN_3
11885,29867,FUN_4,FUN_3
11893,22842,FUN_1,FUN_2
11917,2364,FUN_3,FUN_2
11919,29305,FUN_2,FUN_1
11958,4095,RET,CUBE_L
11963,10982,FUN_4,FUN_3
11968,5420,FUN_2,FUN_1
11981,10085,FUN_2,FUN_3
11996,3530,FUN_2,FUN_3
12032,9287,FUN_2,FUN_3
12032,17040,FUN_2,FUN_3
12043,29731,FUN_1,FUN_2
12068,27860,RET,CUBE_L
12071,343,CUBE_R,RET
12108,22800,FUN_1,FUN_2
12139,1851,RET,CUBE_R
12150,17714,FUN_3,FUN_4
12163,14136,FUN_4,FUN_3
12182,28485,CUBE_R,FUN_6
12184,14807,CUBE_R,FUN_6
12191,10627,FUN_4,FUN_3
12223,485,FUN_5,FUN_4
12229,14750,FUN_2,FUN_1
12230,7536,RET,CUBE_R
12232,23158,FUN_3,FUN_4
12244,15705,FUN_3,FUN_2
12247,24946,CUBE_R,FUN_6
12274,754,FUN_1,FUN_2
12318,16723,FUN_3,FUN_2
12332,29028,FUN_3,FUN_2
12340,27557,FUN_1,FUN_2
12347,4408,FUN_2,FUN_3
12366,10667,FUN_2,FUN_3
12376,17609,FUN_2,FUN_3
12393,281,FUN_2,FUN_3
12393,11698,CUBE_R,RET
12401,987,FUN_2,FUN_1
12403,29037,FUN_5,FUN_4
12406,23314,CUBE_R,RET
12406,26548,FUN_2,FUN_3
12407,14136,FUN_3,FUN_4
12419,14089,FUN_4,FUN_5
12435,15118,FUN_2,FUN_3
12438,12471,FUN_4,FUN_3
12447,13871,RET,CUBE_R
12451,18245,CUBE_L,RET
12460,20355,RET,CUBE_R
12472,20488,FUN_2,FUN_3
12477,26118,FUN_4,FUN_3
12489,18929,FUN_1,FUN_2
12503,15118,FUN_3,FUN_2
12504,16164,RET,CUBE_R
12516,11461,RET,CUBE_L
12519,2722,FUN_2,FUN_3
12522,9453,FUN_2,FUN_3
12540,27860,CUBE_L,RET
12542,14136,FUN_4,FUN_3
12572,29191,FUN_2,FUN_1
12587,73,FUN_2,FUN_1
12591,15254,FUN_3,FUN_4
12600,27755,FUN_1,FUN_2
12614,29923,FUN_3,FUN_2
12635,4735,CUBE_R,FUN_6
12639,3920,FUN_3,FUN_2
12641,15892,FUN_3,FUN_4
12648,2184,FUN_6,CUBE_R
12648,22842,FUN_2,FUN_1
12653,17965,CUBE_L,RET
12680,14136,FUN_3,FUN_4
12687,7007,FUN_6,CUBE_R
12687,25899,FUN_2,FUN_1
12698,27415,FUN_1,FUN_2
12715,11978,FUN_2,FUN_3
12716,6131,FUN_2,FUN_1
12727,9868,CUBE_L,RET
12744,18457,FUN_2,FUN_3
12745,19784,FUN_2,FUN_3
12768,24066,FUN_2,FUN_3
12784,26681,FUN_2,FUN_3
12793,13871,CUBE_R,RET
12796,24009,FUN_1,FUN_2
12810,29144,FUN_1,FUN_2
12814,11069,FUN_3,FUN_2
12817,14862,FUN_5,FUN_4
12823,28562,FUN_3,FUN_4
12825,10310,FUN_1,FUN_2
12830,12803,FUN_2,FUN_3
12840,28357,FUN_1,FUN_2
12854,8383,CUBE_R,RET
12854,19744,FUN_5,FUN_4
12859,24833,CUBE_L,RET
12867,8798,FUN_2,FUN_1
12875,1771,FUN_2,FUN_3
12879,13527,FUN_3,FUN_4
12880,14363,FUN_3,FUN_2
12899,28523,FUN_4,FUN_5
12906,19341,CUBE_R,FUN_6
12913,10525,FUN_1,FUN_2
12917,3920,FUN_2,FUN_3
12967,18317,RET,CUBE_L
12977,15431,FUN_1,FUN_2
13008,5629,FUN_1,FUN_2
13013,6810,FUN_2,FUN_3
13023,11856,FUN_3,FUN_2
13023,15993,FUN_2,FUN_1
13029,13871,RET,CUBE_R
13033,21507,FUN_4,FUN_3
13044,10085,FUN_3,FUN_2
13060,15411,RET,CUBE_R
13079,9939,CUBE_L,RET
13101,4542,FUN_2,FUN_3
13109,9112,FUN_5,FUN_4
13109,19222,RET,CUBE_L
13116,7588,FUN_2,FUN_3
13137,12868,FUN_4,FUN_5
13142,27079,CUBE_L,RET
13144,14946,CUBE_R,FUN_6
13146,4010,CUBE_R,FUN_6
13181,7536,CUBE_R,RET
13187,20340,FUN_1,FUN_2
13214,26176,FUN_1,CUBE_L
13216,23804,FUN_2,FUN_3
13226,7205,RET,CUBE_L
13233,28386,FUN_5,FUN_4
13234,26944,CUBE_L,RET
13240,11563,FUN_2,FUN_3
13249,20841,FUN_1,FUN_2
13250,1788,CUBE_L,RET
13254,24709,FUN_6,CUBE_R
13256,27048,FUN_3,FUN_2
13258,29144,FUN_2,FUN_1
13267,10486,FUN_4,FUN_5
13280,14862,FUN_4,FUN_5
13287,11461,CUBE_L,RET
13290,9950,CUBE_R,RET
13293,10291,FUN_2,FUN_1
13294,73,FUN_1,FUN_2
13294,193,FUN_3,FUN_4
13294,5911,RET,CUBE_L
13294,13871,CUBE_R,RET
13309,7588,FUN_3,FUN_2
13326,485,FUN_4,FUN_5
13331,14812,FUN_2,FUN_3
13351,11157,FUN_2,FUN_1
13362,17714,FUN_4,FUN_3
13367,9877,RET,CUBE_L
13380,20470,FUN_3,FUN_2
13399,573,RET,CUBE_L
13402,15156,FUN_6,FUN_5
13407,12383,FUN_4,FUN_5
13409,3420,CUBE_R,FUN_6
13420,20652,FUN_6,FUN_5
13452,16164,CUBE_R,RET
13454,24268,FUN_4,FUN_5
13476,26570,FUN_3,FUN_4
13489,21484,CUBE_R,RET
13498,28638,CUBE_R,RET
13498,29284,CUBE_R,RET
13505,21460,FUN_3,FUN_4
13512,16218,FUN_2,FUN_1
13523,3602,CUBE_R,FUN_6
13524,10077,FUN_5,FUN_6
13525,24675,FUN_6,CUBE_R
13538,22800,FUN_2,FUN_1
13539,14743,FUN_3,FUN_2
13551,25155,FUN_4,FUN_5
13557,2466,FUN_2,FUN_1
13564,17965,RET,CUBE_L
13565,22583,FUN_3,FUN_4
13571,7588,FUN_2,FUN_3
13574,26083,CUBE_R,FUN_6
13578,28386,FUN_4,FUN_5
13587,28357,FUN_2,FUN_1
13610,20333,FUN_2,FUN_1
13674,11461,RET,CUBE_L
13676,15536,FUN_3,FUN_2
13700,1373,FUN_1,FUN_2
13702,3285,FUN_2,FUN_1
13708,6810,FUN_3,FUN_2
13712,19953,FUN_2,FUN_1
13719,23596,FUN_3,FUN_2
13721,11461,CUBE_L,RET
13723,22508,FUN_2,FUN_3
13738,26981,FUN_2,FUN_1
13740,1153,FUN_4,FUN_3
13747,19536,FUN_3,FUN_2
13763,10875,FUN_2,FUN_1
13777,10627,FUN_3,FUN_4
13796,13871,RET,CUBE_R
13803,21461,FUN_5,FUN_4
13827,14750,FUN_1,FUN_2
13834,364,FUN_3,FUN_2
13850,25475,FUN_1,FUN_2
13872,7390,FUN_1,FUN_2
13881,643,FUN_3,FUN_4
13881,10223,FUN_3,FUN_2
13906,15032,FUN_3,FUN_2
13915,10597,FUN_6,FUN_5
13923,17321,CUBE_L,FUN_1
13946,26944,RET,CUBE_L
13972,20340,FUN_2,FUN_1
13974,23465,FUN_1,FUN_2
13982,19649,CUBE_L,FUN_1
14002,643,FUN_4,FUN_3
14010,4129,FUN_3,FUN_2
14012,5836,CUBE_L,FUN_1
14016,27474,FUN_2,FUN_3
14024,26675,FUN_3,FUN_2
14027,987,FUN_1,FUN_2
14033,643,FUN_3,FUN_4
14034,20446,CUBE_R,RET
14043,12755,RET,CUBE_R
14047,23485,FUN_1,FUN_2
14051,17240,FUN_4,FUN_3
14052,23256,FUN_2,FUN_1
14060,7536,RET,CUBE_R
14073,14223,CUBE_R,RET
14090,8798,FUN_1,FUN_2
14096,29004,FUN_1,FUN_2
14097,20652,FUN_5,FUN_6
14098,22324,FUN_2,FUN_3
14103,20075,FUN_2,FUN_1
14130,11523,FUN_6,FUN_5
14132,6690,FUN_1,FUN_2
14140,21582,FUN_2,FUN_1
14171,26320,FUN_2,FUN_3
14189,643,FUN_4,FUN_3
14197,26083,FUN_6,CUBE_R
14202,29028,FUN_2,FUN_3
14206,10488,FUN_3,FUN_2
14219,9637,CUBE_R,FUN_6
14267,2364,FUN_2,FUN_3
14273,9287,FUN_3,FUN_2
14301,26118,FUN_3,FUN_4
14302,24055,FUN_3,FUN_4
14315,2722,FUN_3,FUN_2
14324,643,FUN_3,FUN_4
14328,28496,FUN_3,FUN_2
14329,23435,RET,CUBE_R
14332,2722,FUN_2,FUN_3
14335,7922,FUN_2,FUN_3
14351,2445,CUBE_L,RET
14359,9216,FUN_2,FUN_1
14368,9809,FUN_4,FUN_5
14405,28832,FUN_3,FUN_2
14406,4281,CUBE_L,RET
14406,27231,FUN_3,FUN_2
14408,12471,FUN_3,FUN_4
14408,29097,FUN_2,FUN_3
14429,14743,FUN_2,FUN_3
14459,9900,FUN_2,FUN_3
14486,4561,FUN_4,FUN_3
14489,28245,FUN_1,FUN_2
14511,28357,FUN_1,FUN_2
14521,193,FUN_4,FUN_3
14524,27794,FUN_5,FUN_4
14537,10528,FUN_1,CUBE_L
14539,19292,FUN_3,FUN_2
14561,5629,FUN_2,FUN_1
14564,24734,FUN_5,FUN_6
14574,4279,FUN_3,FUN_2
14582,19084,FUN_1,FUN_2
14590,14136,FUN_4,FUN_3
14599,21011,FUN_3,FUN_2
14607,29591,FUN_6,FUN_5
14612,14363,FUN_2,FUN_3
14619,8940,RET,CUBE_R
14621,23465,FUN_2,FUN_1
14624,18112,RET,CUBE_L
14632,15601,FUN_3,FUN_4
14637,3140,FUN_5,FUN_4
14641,15194,CUBE_L,RET
14683,14743,FUN_3,FUN_2
14726,28386,FUN_5,FUN_4
14737,8419,FUN_1,FUN_2
14737,20446,RET,CUBE_R
14766,24675,CUBE_R,FUN_6
14772,1637,FUN_3,FUN_2
14787,24066,FUN_3,FUN_2
14801,28320,CUBE_R,FUN_6
14803,485,FUN_5,FUN_4
14803,18411,FUN_3,FUN_4
14815,24290,FUN_2,FUN_1
14822,21548,CUBE_L,RET
14829,57,FUN_4,FUN_3
14834,26110,FUN_3,FUN_2
14868,24949,FUN_2,FUN_1
14869,22583,FUN_4,FUN_3
14918,22995,CUBE_L,RET
14936,13380,CUBE_L,RET
14938,24509,CUBE_L,RET
14948,18830,FUN_4,FUN_3
14995,27839,FUN_1,FUN_2
15015,25643,CUBE_R,RET
15017,23596,FUN_2,FUN_3
15019,9112,FUN_4,FUN_5
15028,26270,FUN_3,FUN_2
15030,5675,FUN_2,FUN_1
15035,20197,FUN_3,FUN_2
15089,15254,FUN_4,FUN_3
15111,22842,FUN_1,FUN_2
15124,23587,FUN_3,FUN_2
15127,14743,FUN_2,FUN_3
15161,15965,FUN_5,FUN_4
15179,9545,FUN_2,FUN_1
15189,29867,FUN_3,FUN_4
15203,24140,FUN_3,FUN_2
15207,8202,FUN_5,FUN_6
15209,26548,FUN_3,FUN_2
15223,11461,RET,CUBE_L
15229,14181,CUBE_L,RET
15231,9287,FUN_2,FUN_3
15234,4735,FUN_6,CUBE_R
15246,22583,FUN_3,FUN_4
15247,19084,FUN_2,FUN_1
15254,485,FUN_4,FUN_5
15260,13871,CUBE_R,RET
15261,10875,FUN_1,FUN_2
15265,11115,CUBE_R,FUN_6
15269,2659,FUN_4,FUN_5
15272,29050,FUN_5,FUN_4
15280,13958,FUN_3,FUN_2
15294,18605,RET,CUBE_L
15298,17789,FUN_2,FUN_3
15301,8686,FUN_4,FUN_3
15303,5629,FUN_1,FUN_2
15310,23314,RET,CUBE_R
15350,2722,FUN_3,FUN_2
15358,24290,FUN_1,FUN_2
15361,2875,CUBE_R,RET
15368,10291,FUN_1,FUN_2
15375,9545,FUN_1,FUN_2
15375,28176,CUBE_R,RET
15379,3920,FUN_3,FUN_2
15387,16815,FUN_4,FUN_5
15394,6873,RET,CUBE_R
15395,3285,FUN_1,FUN_2
15415,14862,FUN_5,FUN_4
15416,6264,FUN_3,FUN_4
15417,16164,RET,CUBE_R
15418,5923,FUN_4,FUN_3
15440,3479,FUN_5,FUN_4
15447,28320,FUN_6,CUBE_R
15448,21011,FUN_2,FUN_3
15458,13527,FUN_4,FUN_3
15459,3572,CUBE_R,FUN_6
15467,7499,FUN_1,FUN_2
15469,21459,FUN_1,FUN_2
15482,9545,FUN_2,FUN_1
15489,467,FUN_4,FUN_5
15505,9216,FUN_1,FUN_2
15509,6611,FUN_6,FUN_5
15524,2406,FUN_3,FUN_4
15547,26058,FUN_2,FUN_1
15559,9545,FUN_1,FUN_2
15569,17931,FUN_4,FUN_5
15570,3920,FUN_2,FUN_3
15571,29191,FUN_1,FUN_2
15572,16815,FUN_5,FUN_4
15575,9545,FUN_2,FUN_1
15577,22583,FUN_4,FUN_3
15578,25557,FUN_3,FUN_4
15593,9545,FUN_1,FUN_2
15598,5660,FUN_1,FUN_2
15605,28386,FUN_4,FUN_5
15611,17610,FUN_6,CUBE_R
15627,24302,FUN_3,FUN_4
15638,23868,FUN_3,FUN_2
15647,24675,FUN_6,CUBE_R
15666,15285,FUN_1,FUN_2
15670,4110,FUN_3,FUN_2
15683,9545,FUN_2,FUN_1
15690,20523,CUBE_L,RET
15698,10077,FUN_6,FUN_5
15699,24955,FUN_2,FUN_3
15707,10217,FUN_3,FUN_2
15716,24066,FUN_2,FUN_3
15716,18411,FUN_4,FUN_3
15726,193,FUN_3,FUN_4
15732,6764,FUN_6,FUN_5
15754,13711,FUN_4,FUN_5
15762,19953,FUN_1,FUN_2
15769,28819,FUN_5,FUN_4
15773,8444,FUN_3,FUN_2
15783,21582,FUN_1,FUN_2
15783,27231,FUN_2,FUN_3
15786,18969,FUN_3,FUN_4
15795,21484,RET,CUBE_R
15800,28819,FUN_4,FUN_5
15812,2406,FUN_4,FUN_3
15818,28910,FUN_3,FUN_2
15827,28819,FUN_5,FUN_4
15828,19109,FUN_2,FUN_3
15835,2406,FUN_3,FUN_4
15842,10063,FUN_6,FUN_5
15852,29923,FUN_2,FUN_3
15855,6478,FUN_2,FUN_3
15857,7716,RET,CUBE_R
15860,14181,RET,CUBE_L
15872,19536,FUN_2,FUN_3
15881,22995,RET,CUBE_L
15881,5629,FUN_2,FUN_1
15882,26681,FUN_3,FUN_2
15884,16129,FUN_4,FUN_3
15884,17621,FUN_6,CUBE_R
15889,9545,FUN_1,FUN_2
15889,28176,RET,CUBE_R
15894,27415,FUN_2,FUN_1
15897,21985,FUN_1,FUN_2
15905,5836,FUN_1,CUBE_L
15913,28819,FUN_4,FUN_5
15940,2838,FUN_2,FUN_1
15944,5420,FUN_1,FUN_2
15954,19341,FUN_6,CUBE_R
15955,25682,FUN_4,FUN_5
15958,22508,FUN_3,FUN_2
15962,16579,FUN_1,FUN_2
15969,6764,FUN_5,FUN_6
15971,24290,FUN_2,FUN_1
15991,15032,FUN_2,FUN_3
15998,9353,FUN_2,FUN_3
15999,20660,FUN_2,FUN_3
16004,2466,FUN_1,FUN_2
16014,5569,FUN_5,FUN_6
16029,24055,FUN_4,FUN_3
16037,11657,FUN_3,FUN_2
16055,7127,RET,CUBE_R
16063,19649,FUN_1,CUBE_L
16069,3332,FUN_2,FUN_3
16071,25836,FUN_3,FUN_4
16074,15057,FUN_2,FUN_1
16074,18830,FUN_3,FUN_4
16113,17548,FUN_2,FUN_3
16118,8877,CUBE_R,RET
16134,25912,FUN_4,FUN_5
16141,24949,FUN_1,FUN_2
16150,3471,CUBE_R,FUN_6
16155,17315,FUN_4,FUN_5
16158,17610,CUBE_R,FUN_6
16185,29028,FUN_3,FUN_2
16186,28485,FUN_6,CUBE_R
16198,3822,FUN_2,FUN_1
16201,14626,FUN_2,FUN_1
16202,12383,FUN_5,FUN_4
16203,26981,FUN_1,FUN_2
16233,24806,FUN_1,FUN_2
16234,22137,FUN_3,FUN_2
16235,26548,FUN_2,FUN_3
16243,14885,FUN_2,FUN_1
16253,12281,FUN_3,FUN_4
16266,5031,FUN_4,FUN_3
16266,11144,FUN_2,FUN_3
16273,5420,FUN_2,FUN_1
16285,10996,CUBE_R,FUN_6
16285,19084,FUN_1,FUN_2
16299,11504,FUN_6,CUBE_R
16300,5420,FUN_1,FUN_2
16300,16164,CUBE_R,RET
16301,2445,RET,CUBE_L
16301,3471,FUN_6,CUBE_R
16308,23868,FUN_2,FUN_3
16309,5675,FUN_1,FUN_2
16311,14648,FUN_3,FUN_4
16336,10996,FUN_6,CUBE_R
16351,28386,FUN_5,FUN_4
16362,23868,FUN_3,FUN_2
16365,14648,FUN_4,FUN_3
16366,17321,FUN_1,CUBE_L
16375,14899,FUN_3,FUN_2
16375,19341,CUBE_R,FUN_6
16408,20470,FUN_2,FUN_3
16409,25187,FUN_3,FUN_4
16453,18605,CUBE_L,RET
16459,8958,FUN_2,FUN_3
16476,6478,FUN_3,FUN_2
16501,20446,CUBE_R,RET
16538,14885,FUN_1,FUN_2
16550,16585,FUN_3,FUN_2
16550,19340,FUN_2,FUN_3
16551,24131,CUBE_L,RET
16560,19341,FUN_6,CUBE_R
16567,18214,FUN_2,FUN_3
16571,2406,FUN_4,FUN_3
16571,23335,CUBE_R,RET
16572,20841,FUN_2,FUN_1
16582,18411,FUN_3,FUN_4
16592,27459,FUN_2,FUN_1
16604,18457,FUN_3,FUN_2
16607,6764,FUN_6,FUN_5
16608,16723,FUN_2,FUN_3
16608,28819,FUN_5,FUN_4
16613,19090,FUN_2,FUN_3
16620,23777,FUN_2,FUN_3
16626,668,FUN_2,FUN_3
16635,21482,FUN_2,FUN_3
16644,26169,FUN_4,FUN_3
16651,19292,FUN_2,FUN_3
16656,4004,RET,CUBE_L
16673,13724,CUBE_L,RET
16684,18605,RET,CUBE_L
16706,23868,FUN_2,FUN_3
16750,3088,FUN_5,FUN_6
16767,23285,FUN_4,FUN_3
16786,28357,FUN_2,FUN_1
16789,22368,FUN_2,FUN_3
16795,25682,FUN_5,FUN_4
16817,13464,FUN_5,FUN_4
16817,24302,FUN_4,FUN_3
16820,1637,FUN_2,FUN_3
16840,4577,FUN_3,FUN_2
16852,17818,FUN_1,CUBE_L
16876,25398,FUN_5,FUN_6
16893,21776,FUN_3,FUN_4
16934,26681,FUN_2,FUN_3
16941,20470,FUN_3,FUN_2
16952,13822,FUN_1,FUN_2
16967,12408,FUN_3,FUN_2
16974,20025,FUN_4,FUN_3
16986,10419,FUN_2,FUN_1
16998,15536,FUN_2,FUN_3
16999,5420,FUN_2,FUN_1
16999,17818,CUBE_L,FUN_1
17007,4059,FUN_5,FUN_4
17008,15118,FUN_2,FUN_3
17013,10082,FUN_1,FUN_2
17027,4288,FUN_3,FUN_2
17029,7522,CUBE_R,RET
17047,9275,CUBE_L,RET
17047,25920,FUN_4,FUN_3
17048,24055,FUN_3,FUN_4
17049,21211,FUN_1,FUN_2
17062,28357,FUN_1,FUN_2
17067,1165,CUBE_L,RET
17095,24290,FUN_1,FUN_2
17097,6944,FUN_1,FUN_2
17104,15285,FUN_2,FUN_1
17109,26420,RET,CUBE_L
17114,23609,FUN_5,FUN_4
17119,2273,RET,CUBE_L
17130,2406,FUN_3,FUN_4
17140,19990,FUN_5,FUN_4
17151,29500,FUN_3,FUN_4
17157,7788,FUN_3,FUN_2
17174,23868,FUN_3,FUN_2
17188,2166,RET,CUBE_R
17208,19292,FUN_3,FUN_2
17213,4059,FUN_4,FUN_5
17215,20841,FUN_1,FUN_2
17223,18214,FUN_3,FUN_2
17253,25981,FUN_1,FUN_2
17254,19784,FUN_3,FUN_2
17259,14469,FUN_3,FUN_2
17264,15459,RET,CUBE_R
17293,28496,FUN_2,FUN_3
17295,11157,FUN_1,FUN_2
17303,2003,FUN_6,FUN_5
17314,6168,FUN_5,FUN_6
17318,10982,FUN_3,FUN_4
17332,13023,FUN_2,FUN_1
17369,5675,FUN_2,FUN_1
17370,27779,FUN_3,FUN_2
17374,24695,FUN_3,FUN_4
17375,21680,RET,CUBE_R
17395,24290,FUN_2,FUN_1
17424,24290,FUN_1,FUN_2
17435,15580,FUN_4,FUN_5
17454,5836,CUBE_L,FUN_1
17454,19878,RET,CUBE_R
17457,10654,FUN_2,FUN_1
17458,356,CUBE_L,FUN_1
17459,4059,FUN_5,FUN_4
17474,5123,FUN_2,FUN_1
17483,24949,FUN_2,FUN_1
17487,24290,FUN_2,FUN_1
17526,27388,CUBE_L,FUN_1
17531,17954,FUN_2,FUN_1
17531,20841,FUN_2,FUN_1
17531,25564,FUN_3,FUN_2
17542,21680,CUBE_R,RET
17549,11566,FUN_1,FUN_2
17551,13711,FUN_5,FUN_4
17557,1008,FUN_1,FUN_2
17576,26730,FUN_5,FUN_4
17584,24302,FUN_3,FUN_4
17606,10849,FUN_4,FUN_5
17609,193,FUN_4,FUN_3
17617,21507,FUN_3,FUN_4
17617,22368,FUN_3,FUN_2
17623,19464,CUBE_R,RET
17624,2751,FUN_2,FUN_1
17632,14089,FUN_5,FUN_4
17633,13958,FUN_2,FUN_3
17637,22508,FUN_2,FUN_3
17643,29191,FUN_2,FUN_1
17646,28176,CUBE_R,RET
17663,25226,FUN_3,FUN_2
17671,21449,FUN_4,FUN_3
17674,26905,FUN_3,FUN_4
17678,25134,FUN_2,FUN_1
17679,18508,FUN_3,FUN_4
17681,19549,FUN_5,FUN_4
17684,10085,FUN_2,FUN_3
17693,17510,FUN_2,FUN_1
17695,9425,FUN_2,FUN_3
17706,24120,FUN_5,FUN_4
17708,29731,FUN_2,FUN_1
17712,2064,FUN_2,FUN_3
17713,5420,FUN_1,FUN_2
17722,17548,FUN_3,FUN_2
17723,26161,CUBE_R,FUN_6
17736,26681,FUN_3,FUN_2
17739,21788,FUN_5,FUN_6
17753,15705,FUN_2,FUN_3
17765,19536,FUN_3,FUN_2
17780,10530,FUN_2,FUN_3
17787,24290,FUN_1,FUN_2
17806,22963,FUN_6,FUN_5
17810,4004,CUBE_L,RET
17819,17369,FUN_6,FUN_5
17836,28245,FUN_2,FUN_1
17842,15411,CUBE_R,RET
17849,16218,FUN_1,FUN_2
17858,11263,CUBE_R,FUN_6
17871,15601,FUN_4,FUN_3
17878,19739,RET,CUBE_L
17891,26134,CUBE_R,RET
17894,7547,CUBE_R,FUN_6
17894,24290,FUN_2,FUN_1
17900,3471,CUBE_R,FUN_6
17922,24290,FUN_1,FUN_2
17927,26570,FUN_4,FUN_3
17954,10528,CUBE_L,FUN_1
17975,25899,FUN_1,FUN_2
17976,14291,RET,CUBE_R
17980,24290,FUN_2,FUN_1
17981,23256,FUN_1,FUN_2
17987,6026,FUN_6,FUN_5
18005,15773,FUN_3,FUN_2
18008,3042,FUN_1,CUBE_L
18017,21985,FUN_2,FUN_1
18037,1196,FUN_3,FUN_2
18052,20523,RET,CUBE_L
18057,26981,FUN_2,FUN_1
18060,15057,FUN_1,FUN_2
18077,18605,CUBE_L,RET
18097,15411,RET,CUBE_R
18111,9284,FUN_1,FUN_2
18117,23777,FUN_3,FUN_2
18145,4004,RET,CUBE_L
18149,640,FUN_5,FUN_6
18202,3861,FUN_3,FUN_2
18225,19536,FUN_2,FUN_3
18259,20225,FUN_3,FUN_4
18263,29144,FUN_1,FUN_2
18265,2064,FUN_3,FUN_2
18268,6944,FUN_2,FUN_1
18277,10324,RET,CUBE_R
18279,2178,FUN_3,FUN_2
18295,6404,CUBE_L,RET
18303,27415,FUN_1,FUN_2
18309,28476,FUN_4,FUN_5
18316,22935,FUN_4,FUN_3
18320,19292,FUN_2,FUN_3
18321,1017,FUN_1,FUN_2
18325,13023,FUN_1,FUN_2
18347,640,FUN_6,FUN_5
18354,26118,FUN_4,FUN_3
18367,8798,FUN_2,FUN_1
18379,24945,FUN_2,FUN_1
18386,12919,FUN_5,FUN_6
18394,8798,FUN_1,FUN_2
18408,20446,RET,CUBE_R
18411,4258,CUBE_L,FUN_1
18419,5310,FUN_2,FUN_1
18462,11747,CUBE_L,RET
18474,15194,RET,CUBE_L
18495,29251,FUN_3,FUN_2
18496,28368,RET,CUBE_L
18509,23051,RET,CUBE_R
18511,28549,RET,CUBE_L
18534,9425,FUN_3,FUN_2
18537,23868,FUN_2,FUN_3
18537,29867,FUN_4,FUN_3
18542,29806,FUN_1,CUBE_L
18551,5675,FUN_1,FUN_2
18566,19558,FUN_2,FUN_3
18598,1841,CUBE_L,RET
18598,8798,FUN_2,FUN_1
18647,19536,FUN_3,FUN_2
18649,12578,FUN_5,FUN_6
18657,9282,CUBE_R,FUN_6
18676,16815,FUN_4,FUN_5
18707,15989,FUN_2,FUN_3
18722,5031,FUN_3,FUN_4
18745,27062,RET,CUBE_L
18754,28910,FUN_2,FUN_3
18813,20796,FUN_2,FUN_1
18818,26110,FUN_2,FUN_3
18826,29455,FUN_1,FUN_2
18834,25134,FUN_1,FUN_2
18836,22682,FUN_5,FUN_4
18888,10704,FUN_5,FUN_6
18891,28176,RET,CUBE_R
18893,3332,FUN_3,FUN_2
18936,1993,FUN_5,FUN_6
18936,7547,FUN_6,CUBE_R
18952,9320,CUBE_R,FUN_6
18958,19739,CUBE_L,RET
18970,19446,CUBE_R,FUN_6
18976,20148,FUN_1,FUN_2
19006,26276,RET,CUBE_L
19009,27779,FUN_2,FUN_3
19016,18149,FUN_3,FUN_2
19027,15601,FUN_3,FUN_4
19034,2812,FUN_2,FUN_1
19065,754,FUN_2,FUN_1
19071,1196,FUN_2,FUN_3
19074,2751,FUN_1,FUN_2
19074,26921,FUN_2,FUN_1
19077,29827,FUN_3,FUN_4
19078,15910,CUBE_R,RET
19087,22377,FUN_2,FUN_3
19088,5629,FUN_1,FUN_2
19108,16205,FUN_2,FUN_3
19114,986,FUN_3,FUN_2
19116,28176,CUBE_R,RET
19122,24695,FUN_4,FUN_3
19129,8686,FUN_3,FUN_4
19136,22995,CUBE_L,RET
19144,3210,FUN_4,FUN_5
19149,8798,FUN_1,FUN_2
19157,19466,FUN_3,FUN_2
19160,6641,FUN_1,FUN_2
19177,20340,FUN_1,FUN_2
19181,4162,FUN_3,FUN_4
19201,28368,CUBE_L,RET
19203,24351,FUN_2,FUN_3
19222,18310,FUN_2,FUN_1
19235,21582,FUN_2,FUN_1
19237,24955,FUN_3,FUN_2
19238,5910,FUN_3,FUN_2
19253,9247,CUBE_R,FUN_6
19255,10554,CUBE_R,RET
19260,4927,FUN_3,FUN_4
19276,10528,FUN_1,CUBE_L
19278,8363,FUN_2,FUN_1
19278,26570,FUN_3,FUN_4
19281,28176,RET,CUBE_R
19285,19739,RET,CUBE_L
19286,24955,FUN_2,FUN_3
19289,9877,CUBE_L,RET
19296,26981,FUN_1,FUN_2
19317,15601,FUN_4,FUN_3
19318,15601,FUN_3,FUN_4
19324,15601,FUN_4,FUN_3
19330,22800,FUN_1,FUN_2
19360,27779,FUN_3,FUN_2
19376,8657,CUBE_L,RET
19380,18063,FUN_1,FUN_2
19382,21788,FUN_6,FUN_5
19392,26920,FUN_3,FUN_2
19397,24032,CUBE_L,RET
19404,23596,FUN_3,FUN_2
19413,24955,FUN_3,FUN_2
19416,6264,FUN_4,FUN_3
19416,26551,FUN_3,FUN_2
19427,28509,CUBE_L,RET
19433,24955,FUN_2,FUN_3
19434,18072,RET,CUBE_L
19455,2064,FUN_2,FUN_3
19472,14136,FUN_3,FUN_4
19497,21754,FUN_3,FUN_4
19505,6983,FUN_2,FUN_3
19506,11563,FUN_3,FUN_2
19507,6404,RET,CUBE_L
19518,10982,FUN_4,FUN_3
19537,20645,FUN_2,FUN_1
19557,24152,FUN_5,FUN_4
19566,27474,FUN_3,FUN_2
19578,24945,FUN_1,FUN_2
19586,20228,FUN_2,FUN_1
19594,16655,FUN_5,FUN_4
19607,19388,CUBE_L,FUN_1
19618,12009,CUBE_L,FUN_1
19619,26031,CUBE_L,RET
19623,20377,FUN_4,FUN_3
19626,18214,FUN_2,FUN_3
19635,24290,FUN_1,FUN_2
19653,6944,FUN_1,FUN_2
19665,5910,FUN_2,FUN_3
19679,11158,RET,CUBE_L
19684,6977,CUBE_L,RET
19711,11698,RET,CUBE_R
19729,9425,FUN_2,FUN_3
19755,14885,FUN_2,FUN_1
19781,19109,FUN_3,FUN_2
19794,2660,FUN_2,FUN_3
19811,24788,FUN_3,FUN_2
19813,29731,FUN_1,FUN_2
19829,23246,CUBE_R,RET
19831,24152,FUN_4,FUN_5
19847,22224,FUN_2,FUN_3
19851,1314,FUN_1,FUN_2
19851,23643,FUN_1,FUN_2
19869,29305,FUN_1,FUN_2
19874,25891,FUN_5,FUN_4
19874,29191,FUN_1,FUN_2
19887,27474,FUN_2,FUN_3
19898,20361,FUN_3,FUN_2
19902,20668,RET,CUBE_R
19910,18686,FUN_1,FUN_2
19929,21449,FUN_3,FUN_4
19931,1196,FUN_3,FUN_2
19936,24806,FUN_2,FUN_1
19979,8380,FUN_1,FUN_2
19980,27674,CUBE_L,RET
19993,13112,FUN_1,FUN_2
19999,28680,FUN_2,FUN_1
20008,24734,FUN_6,FUN_5
20020,29002,CUBE_R,FUN_6
20028,26981,FUN_2,FUN_1
20079,11563,FUN_2,FUN_3
20103,27474,FUN_3,FUN_2
20138,6641,FUN_2,FUN_1
20154,14223,RET,CUBE_R
20165,9541,FUN_3,FUN_2
20179,22302,FUN_2,FUN_1
20197,26976,FUN_3,FUN_4
20204,21484,CUBE_R,RET
20216,8798,FUN_2,FUN_1
20230,5629,FUN_2,FUN_1
20234,20591,CUBE_L,RET
20240,20645,FUN_1,FUN_2
20241,28368,RET,CUBE_L
20251,11747,RET,CUBE_L
20264,26944,CUBE_L,RET
20265,21298,FUN_2,FUN_3
20267,25891,FUN_4,FUN_5
20285,20446,CUBE_R,RET
20305,26161,FUN_6,CUBE_R
20308,15773,FUN_2,FUN_3
20334,15292,FUN_3,FUN_2
20364,10554,RET,CUBE_R
20366,24922,FUN_3,FUN_2
20370,24131,RET,CUBE_L
20396,15285,FUN_1,FUN_2
20414,20228,FUN_1,FUN_2
20418,14136,FUN_4,FUN_3
20427,26011,RET,CUBE_R
20453,17548,FUN_2,FUN_3
20480,5910,FUN_3,FUN_2
20517,20225,FUN_4,FUN_3
20518,17928,FUN_6,CUBE_R
20527,6993,FUN_3,FUN_2
20530,12692,CUBE_R,RET
20536,18906,FUN_2,FUN_3
20537,11210,FUN_3,FUN_4
20586,4411,FUN_2,FUN_3
20587,27919,FUN_2,FUN_1
20590,14122,FUN_4,FUN_5
20593,24945,FUN_2,FUN_1
20599,5448,FUN_2,FUN_3
20601,8536,CUBE_L,RET
20608,3042,CUBE_L,FUN_1
20614,22224,FUN_3,FUN_2
20616,26730,FUN_4,FUN_5
20642,10528,CUBE_L,FUN_1
20650,9247,FUN_6,CUBE_R
20662,21802,FUN_3,FUN_2
20666,19292,FUN_3,FUN_2
20678,25200,FUN_3,FUN_4
20688,356,FUN_1,CUBE_L
20726,5629,FUN_1,FUN_2
20759,7897,RET,CUBE_R
20781,8536,RET,CUBE_L
20817,19396,FUN_3,FUN_4
20819,27474,FUN_2,FUN_3
20831,21929,FUN_1,FUN_2
20841,2331,FUN_3,FUN_4
20863,20119,FUN_2,FUN_1
20871,28496,FUN_3,FUN_2
20873,10150,FUN_6,CUBE_R
20915,5629,FUN_2,FUN_1
20916,17369,FUN_5,FUN_6
20922,17818,FUN_1,CUBE_L
20926,19566,FUN_1,FUN_2
20947,5629,FUN_1,FUN_2
20951,6641,FUN_1,FUN_2
20970,6518,RET,CUBE_R
21019,24179,FUN_6,FUN_5
21022,19536,FUN_2,FUN_3
21025,20298,FUN_2,FUN_3
21068,6810,FUN_2,FUN_3
21079,9919,FUN_1,FUN_2
21091,21627,FUN_3,FUN_2
21101,27231,FUN_3,FUN_2
21110,2722,FUN_2,FUN_3
21119,29672,FUN_2,FUN_3
21145,9950,RET,CUBE_R
21149,10530,FUN_3,FUN_2
21173,25402,FUN_4,FUN_5
21176,10667,FUN_3,FUN_2
21180,28368,CUBE_L,RET
21186,20228,FUN_2,FUN_1
21187,5565,FUN_2,FUN_1
21194,22302,FUN_1,FUN_2
21212,10419,FUN_1,FUN_2
21235,18149,FUN_2,FUN_3
21248,27314,CUBE_L,FUN_1
21253,9282,FUN_6,CUBE_R
21299,24949,FUN_1,FUN_2
21313,1314,FUN_2,FUN_1
21328,1819,FUN_1,FUN_2
21330,7547,CUBE_R,FUN_6
21334,2345,FUN_2,FUN_1
21354,10066,FUN_3,FUN_2
21363,24152,FUN_5,FUN_4
21369,16732,CUBE_R,FUN_6
21375,4542,FUN_3,FUN_2
21381,21461,FUN_4,FUN_5
21399,4817,RET,CUBE_R
21444,28496,FUN_2,FUN_3
21445,25235,FUN_2,FUN_3
21447,7522,RET,CUBE_R
21457,27231,FUN_2,FUN_3
21470,27779,FUN_2,FUN_3
21492,6726,FUN_6,FUN_5
21502,26570,FUN_4,FUN_3
21506,10530,FUN_2,FUN_3
21509,19855,FUN_4,FUN_5
21520,15601,FUN_3,FUN_4
21520,18686,FUN_2,FUN_1
21520,26105,FUN_5,FUN_6
21526,2406,FUN_4,FUN_3
21528,1045,RET,CUBE_L
21534,11319,FUN_3,FUN_4
21550,23643,FUN_2,FUN_1
21580,5310,FUN_1,FUN_2
21616,1507,FUN_1,FUN_2
21617,27231,FUN_3,FUN_2
21627,3906,FUN_3,FUN_4
21628,11894,FUN_2,FUN_1
21632,22273,FUN_4,FUN_3
21633,17548,FUN_3,FUN_2
21697,6168,FUN_6,FUN_5
21723,18193,FUN_3,FUN_2
21731,11563,FUN_3,FUN_2
21741,9868,RET,CUBE_L
21758,29455,FUN_2,FUN_1
21767,4288,FUN_2,FUN_3
21774,29491,FUN_5,FUN_6
21777,20075,FUN_1,FUN_2
21782,967,FUN_2,FUN_3
21790,3495,FUN_3,FUN_2
21791,20025,FUN_3,FUN_4
21830,19855,FUN_5,FUN_4
21846,6429,FUN_3,FUN_2
21872,21582,FUN_1,FUN_2
21882,2406,FUN_3,FUN_4
21913,27674,RET,CUBE_L
21939,12408,FUN_2,FUN_3
21949,9060,FUN_5,FUN_6
21961,27410,CUBE_L,RET
21978,5310,FUN_2,FUN_1
21986,23705,FUN_3,FUN_2
21993,13848,CUBE_R,FUN_6
22016,20274,CUBE_L,RET
22025,5290,FUN_2,FUN_1
22057,2828,FUN_2,FUN_1
22066,29546,FUN_5,FUN_4
22101,24032,RET,CUBE_L
22105,1246,FUN_3,FUN_2
22105,11438,CUBE_R,FUN_6
22124,10667,FUN_2,FUN_3
22137,17818,CUBE_L,FUN_1
22161,27474,FUN_3,FUN_2
22162,5565,FUN_1,FUN_2
22168,22273,FUN_3,FUN_4
22170,11566,FUN_2,FUN_1
22176,29305,FUN_2,FUN_1
22181,29806,CUBE_L,FUN_1
22193,1819,FUN_2,FUN_1
22194,5911,CUBE_L,RET
22221,9809,FUN_5,FUN_4
22227,28368,RET,CUBE_L
22237,11894,FUN_1,FUN_2
22281,18906,FUN_3,FUN_2
22286,7965,FUN_6,FUN_5
22291,3420,FUN_6,CUBE_R
22294,3471,FUN_6,CUBE_R
22294,22995,RET,CUBE_L
22322,1819,FUN_1,FUN_2
22358,11856,FUN_2,FUN_3
22365,21802,FUN_2,FUN_3
22395,19878,CUBE_R,RET
22431,27845,CUBE_L,RET
22478,14899,FUN_2,FUN_3
22488,28485,CUBE_R,FUN_6
22515,20228,FUN_1,FUN_2
22535,26548,FUN_3,FUN_2
22544,21449,FUN_4,FUN_3
22558,8353,FUN_4,FUN_3
22563,22224,FUN_2,FUN_3
22565,793,FUN_3,FUN_2
22573,4129,FUN_2,FUN_3
22580,28375,FUN_3,FUN_4
22585,14688,FUN_3,FUN_2
22589,11856,FUN_3,FUN_2
22607,22963,FUN_5,FUN_6
22612,29284,RET,CUBE_R
22613,9284,FUN_2,FUN_1
22615,24131,CUBE_L,RET
22641,1491,FUN_3,FUN_4
22642,2064,FUN_3,FUN_2
22647,8938,FUN_4,FUN_3
22660,2201,FUN_2,FUN_1
22664,10497,CUBE_R,RET
22673,18830,FUN_4,FUN_3
22682,24645,RET,CUBE_R
22694,18063,FUN_2,FUN_1
22701,4526,FUN_3,FUN_2
22713,23683,FUN_3,FUN_4
22734,28832,FUN_2,FUN_3
22737,19558,FUN_3,FUN_2
22745,1491,FUN_4,FUN_3
22754,19515,FUN_4,FUN_3
22755,10849,FUN_5,FUN_4
22762,8302,FUN_6,CUBE_R
22778,9284,FUN_1,FUN_2
22781,24120,FUN_4,FUN_5
22791,26730,FUN_5,FUN_4
22792,1196,FUN_2,FUN_3
22793,1346,FUN_3,FUN_2
22795,3906,FUN_4,FUN_3
22814,26976,FUN_4,FUN_3
22815,11115,FUN_6,CUBE_R
22822,17954,FUN_1,FUN_2
22824,499,CUBE_R,RET
22835,2722,FUN_3,FUN_2
22845,22273,FUN_4,FUN_3
22858,8958,FUN_3,FUN_2
22874,23335,RET,CUBE_R
22884,11115,CUBE_R,FUN_6
22893,23777,FUN_2,FUN_3
22899,3053,FUN_3,FUN_4
22904,13513,FUN_2,FUN_1
22913,1819,FUN_2,FUN_1
22913,9970,FUN_3,FUN_2
22923,3332,FUN_2,FUN_3
22926,18851,FUN_2,FUN_1
22938,14688,FUN_2,FUN_3
22952,20225,FUN_3,FUN_4
22979,3471,CUBE_R,FUN_6
22994,26042,FUN_2,FUN_1
23000,9282,CUBE_R,FUN_6
23004,29491,FUN_6,FUN_5
23005,24131,RET,CUBE_L
23009,3363,CUBE_L,RET
23011,7499,FUN_2,FUN_1
23016,24581,FUN_3,FUN_2
23025,3530,FUN_3,FUN_2
23043,5923,FUN_3,FUN_4
23059,17548,FUN_2,FUN_3
23080,2064,FUN_2,FUN_3
23094,14688,FUN_3,FUN_2
23104,26675,FUN_2,FUN_3
23106,28832,FUN_3,FUN_2
23116,24427,CUBE_R,RET
23138,21123,FUN_1,FUN_2
23160,3332,FUN_3,FUN_2
23163,15814,FUN_2,FUN_1
23196,24120,FUN_5,FUN_4
23198,9545,FUN_2,FUN_1
23207,4162,FUN_4,FUN_3
23209,7826,FUN_2,FUN_1
23217,29827,FUN_4,FUN_3
23222,3906,FUN_3,FUN_4
23222,24131,CUBE_L,RET
23252,8436,CUBE_R,RET
23272,29002,FUN_6,CUBE_R
23272,29097,FUN_3,FUN_2
23292,17040,FUN_3,FUN_2
23293,11831,RET,CUBE_R
23310,22508,FUN_3,FUN_2
23330,24152,FUN_4,FUN_5
23338,19747,FUN_1,CUBE_L
23349,432,FUN_4,FUN_3
23356,20225,FUN_4,FUN_3
23365,18476,CUBE_R,RET
23366,26159,FUN_3,FUN_4
23376,26976,FUN_3,FUN_4
23380,10488,FUN_2,FUN_3
23386,11894,FUN_2,FUN_1
23408,824,FUN_4,FUN_5
23431,21507,FUN_4,FUN_3
23445,7717,RET,CUBE_L
23450,1941,FUN_3,FUN_4
23493,4252,CUBE_L,RET
23511,19374,FUN_2,FUN_3
23523,343,RET,CUBE_R
23524,20148,FUN_2,FUN_1
23541,2812,FUN_1,FUN_2
23552,18620,FUN_4,FUN_3
23556,9260,FUN_4,FUN_5
23589,7084,FUN_3,FUN_2
23590,11894,FUN_1,FUN_2
23626,27982,FUN_4,FUN_3
23632,22797,FUN_3,FUN_2
23637,6169,FUN_3,FUN_2
23661,24120,FUN_4,FUN_5
23664,18072,CUBE_L,RET
23666,22797,FUN_2,FUN_3
23687,17153,FUN_3,FUN_4
23710,8686,FUN_4,FUN_3
23772,6977,RET,CUBE_L
23777,10394,FUN_5,FUN_6
23790,16356,FUN_6,FUN_5
23791,22800,FUN_2,FUN_1
23793,17386,FUN_4,FUN_5
23817,11894,FUN_2,FUN_1
23818,17040,FUN_2,FUN_3
23832,26058,FUN_1,FUN_2
23850,888,RET,CUBE_L
23862,26730,FUN_4,FUN_5
23885,26159,FUN_4,FUN_3
23889,2812,FUN_2,FUN_1
23893,27410,RET,CUBE_L
23896,2439,FUN_3,FUN_4
23900,6983,FUN_3,FUN_2
23925,3471,FUN_6,CUBE_R
23933,15292,FUN_2,FUN_3
23933,26908,FUN_3,FUN_4
23941,1771,FUN_3,FUN_2
23955,11894,FUN_1,FUN_2
23958,5629,FUN_2,FUN_1
23961,20225,FUN_3,FUN_4
23973,13515,FUN_1,FUN_2
24000,20228,FUN_2,FUN_1
24003,29002,CUBE_R,FUN_6
24004,20225,FUN_4,FUN_3
24020,2788,FUN_3,FUN_4
24023,18851,FUN_1,FUN_2
24025,27913,FUN_2,FUN_1
24036,7547,FUN_6,CUBE_R
24054,7662,FUN_2,FUN_3
24054,18686,FUN_1,FUN_2
24065,29845,FUN_5,FUN_6
24077,17168,RET,CUBE_L
24085,21211,FUN_2,FUN_1
24092,27928,FUN_4,FUN_5
24106,2247,FUN_5,FUN_6
24114,26730,FUN_5,FUN_4
24138,20225,FUN_3,FUN_4
24142,3053,FUN_4,FUN_3
24143,21459,FUN_2,FUN_1
24170,20796,FUN_1,FUN_2
24176,18906,FUN_2,FUN_3
24186,29284,CUBE_R,RET
24192,29527,FUN_3,FUN_2
24214,15027,FUN_2,FUN_1
24218,11185,RET,CUBE_L
24228,22797,FUN_3,FUN_2
24236,12908,FUN_2,FUN_1
24239,11727,FUN_5,FUN_6
24243,7068,FUN_2,FUN_1
24247,19487,FUN_1,FUN_2
24248,26675,FUN_3,FUN_2
24263,4759,CUBE_L,RET
24289,7662,FUN_3,FUN_2
24307,10620,CUBE_R,RET
24307,14862,FUN_4,FUN_5
24317,12553,FUN_2,FUN_1
24324,24645,CUBE_R,RET
24337,20841,FUN_1,FUN_2
24340,19536,FUN_3,FUN_2
24340,22797,FUN_2,FUN_3
24349,8940,CUBE_R,RET
24350,24949,FUN_2,FUN_1
24370,24051,FUN_2,FUN_1
24371,22797,FUN_3,FUN_2
24374,17435,FUN_5,FUN_6
24384,25226,FUN_2,FUN_3
24425,20051,CUBE_R,FUN_6
24432,19649,CUBE_L,FUN_1
24472,19515,FUN_3,FUN_4
24478,15154,CUBE_L,RET
24494,19395,FUN_2,FUN_3
24517,14862,FUN_5,FUN_4
24517,26908,FUN_4,FUN_3
24549,15910,RET,CUBE_R
24553,824,FUN_5,FUN_4
24558,20225,FUN_4,FUN_3
24580,28391,FUN_4,FUN_3
24613,17350,FUN_4,FUN_5
24620,2439,FUN_4,FUN_3
24628,23285,FUN_3,FUN_4
24633,14862,FUN_4,FUN_5
24635,9284,FUN_2,FUN_1
24637,2064,FUN_3,FUN_2
24679,11831,CUBE_R,RET
24708,754,FUN_1,FUN_2
24743,4252,RET,CUBE_L
24776,13044,FUN_1,FUN_2
24783,21507,FUN_3,FUN_4
24811,25650,FUN_2,FUN_1
24821,18072,RET,CUBE_L
24822,18457,FUN_2,FUN_3
24825,20040,FUN_2,FUN_1
24828,13542,RET,CUBE_L
24857,4526,FUN_2,FUN_3
24860,21110,FUN_2,FUN_1
24874,7790,FUN_3,FUN_2
24874,22797,FUN_2,FUN_3
24878,21211,FUN_1,FUN_2
24881,25928,FUN_3,FUN_2
24900,19878,RET,CUBE_R
24911,11319,FUN_4,FUN_3
24927,10982,FUN_3,FUN_4
24929,24140,FUN_2,FUN_3
24945,29872,CUBE_L,FUN_1
24946,18072,CUBE_L,RET
24950,193,FUN_3,FUN_4
24954,12919,FUN_6,FUN_5
24963,7878,FUN_1,FUN_2
24965,699,CUBE_L,FUN_1
24967,12856,FUN_2,FUN_3
24978,16205,FUN_3,FUN_2
24978,19747,CUBE_L,FUN_1
24999,10849,FUN_4,FUN_5
25000,11894,FUN_2,FUN_1
25013,2812,FUN_1,FUN_2
25018,27992,FUN_4,FUN_3
25030,3370,CUBE_R,FUN_6
25038,473,CUBE_L,RET
25047,23452,FUN_3,FUN_4
25084,6810,FUN_3,FUN_2
25092,14223,CUBE_R,RET
25102,2812,FUN_2,FUN_1
25109,15223,FUN_4,FUN_3
25118,12553,FUN_1,FUN_2
25128,21211,FUN_2,FUN_1
25151,6983,FUN_2,FUN_3
25153,11566,FUN_1,FUN_2
25169,23587,FUN_2,FUN_3
25189,27992,FUN_3,FUN_4
25224,10066,FUN_2,FUN_3
25226,14885,FUN_1,FUN_2
25243,21802,FUN_3,FUN_2
25297,21913,FUN_2,FUN_1
25312,26675,FUN_2,FUN_3
25318,23587,FUN_3,FUN_2
25320,27231,FUN_2,FUN_3
25330,10066,FUN_3,FUN_2
25340,12087,FUN_2,FUN_3
25345,10066,FUN_2,FUN_3
25368,1507,FUN_2,FUN_1
25370,4408,FUN_3,FUN_2
25378,13542,CUBE_L,RET
25384,26058,FUN_2,FUN_1
25387,14885,FUN_2,FUN_1
25388,8686,FUN_3,FUN_4
25395,534,FUN_1,FUN_2
25398,10875,FUN_2,FUN_1
25401,13894,FUN_2,FUN_1
25426,10066,FUN_3,FUN_2
25461,11747,CUBE_L,RET
25470,26042,FUN_1,FUN_2
25475,17369,FUN_6,FUN_5
25486,27992,FUN_4,FUN_3
25492,2812,FUN_1,FUN_2
25510,20731,CUBE_R,RET
25511,22404,FUN_2,FUN_1
25513,2812,FUN_2,FUN_1
25536,17763,FUN_1,FUN_2
25543,25564,FUN_2,FUN_3
25552,2751,FUN_2,FUN_1
25559,2812,FUN_1,FUN_2
25577,18851,FUN_2,FUN_1
25580,29004,FUN_2,FUN_1
25583,25809,FUN_4,FUN_3
25590,8541,RET,CUBE_R
25591,1819,FUN_1,FUN_2
25633,26067,CUBE_R,RET
25635,24581,FUN_2,FUN_3
25642,27316,FUN_3,FUN_2
25648,7788,FUN_2,FUN_3
25655,9287,FUN_3,FUN_2
25656,11894,FUN_1,FUN_2
25657,2812,FUN_2,FUN_1
25665,27459,FUN_1,FUN_2
25673,2324,FUN_6,FUN_5
25674,2812,FUN_1,FUN_2
25681,13542,RET,CUBE_L
25682,3844,FUN_2,FUN_1
25695,1771,FUN_2,FUN_3
25700,24313,FUN_3,FUN_2
25703,3332,FUN_2,FUN_3
25711,11158,CUBE_L,RET
25718,5629,FUN_1,FUN_2
25722,18566,CUBE_R,FUN_6
25736,1008,FUN_2,FUN_1
25757,27772,FUN_5,FUN_4
25764,18903,FUN_3,FUN_4
25772,8353,FUN_3,FUN_4
25791,2925,FUN_1,FUN_2
25802,23745,CUBE_L,RET
25812,16579,FUN_2,FUN_1
25814,15080,FUN_2,FUN_3
25816,3530,FUN_2,FUN_3
25821,10066,FUN_2,FUN_3
25821,21680,RET,CUBE_R
25827,25870,CUBE_L,RET
25835,18605,RET,CUBE_L
25844,11856,FUN_2,FUN_3
25847,11438,FUN_6,CUBE_R
25848,1771,FUN_3,FUN_2
25857,17168,CUBE_L,RET
25860,23456,CUBE_R,FUN_6
25861,1808,FUN_4,FUN_3
25896,15572,FUN_3,FUN_4
25899,2146,CUBE_L,RET
25910,28193,CUBE_L,RET
25920,3634,FUN_1,CUBE_L
25933,26420,CUBE_L,RET
25941,11713,FUN_3,FUN_2
25941,27578,CUBE_R,RET
25960,4124,FUN_3,FUN_2
25979,20225,FUN_3,FUN_4
25980,12281,FUN_4,FUN_3
25982,2812,FUN_2,FUN_1
25988,26855,FUN_1,CUBE_L
25997,14872,FUN_3,FUN_4
26000,27088,FUN_2,FUN_3
26005,9970,FUN_2,FUN_3
26092,16140,FUN_2,FUN_1
26102,2828,FUN_1,FUN_2
26117,21110,FUN_1,FUN_2
26131,20841,FUN_2,FUN_1
26164,6478,FUN_2,FUN_3
26168,9282,FUN_6,CUBE_R
26168,29097,FUN_2,FUN_3
26226,24120,FUN_5,FUN_4
26238,19090,FUN_3,FUN_2
26243,11296,FUN_3,FUN_2
26245,14885,FUN_1,FUN_2
26249,28386,FUN_4,FUN_5
26258,6810,FUN_2,FUN_3
26260,10597,FUN_5,FUN_6
26262,18992,CUBE_L,FUN_1
26264,8720,FUN_3,FUN_2
26277,24822,CUBE_R,RET
26309,7347,CUBE_L,RET
26310,5139,FUN_5,FUN_6
26312,11831,RET,CUBE_R
26321,22462,FUN_3,FUN_2
26335,28509,RET,CUBE_L
26344,13822,FUN_2,FUN_1
26359,11370,FUN_2,FUN_3
26362,17531,CUBE_R,RET
26376,4129,FUN_3,FUN_2
26406,9513,FUN_3,FUN_2
26406,24131,RET,CUBE_L
26409,18214,FUN_3,FUN_2
26425,12009,FUN_1,CUBE_L
26443,1541,FUN_1,FUN_2
26465,1771,FUN_2,FUN_3
26467,9287,FUN_2,FUN_3
26473,8940,RET,CUBE_R
26483,22935,FUN_3,FUN_4
26488,13949,FUN_2,FUN_3
26498,22352,FUN_3,FUN_2
26507,7788,FUN_3,FUN_2
26517,18992,FUN_1,CUBE_L
26520,6460,FUN_2,FUN_1
26530,25226,FUN_3,FUN_2
26537,27794,FUN_4,FUN_5
26554,4124,FUN_2,FUN_3
26575,9178,FUN_3,FUN_4
26580,25094,CUBE_R,FUN_6
26585,26042,FUN_2,FUN_1
26590,11283,FUN_6,FUN_5
26612,14885,FUN_2,FUN_1
26618,15344,FUN_4,FUN_5
26638,25235,FUN_3,FUN_2
26644,25809,FUN_3,FUN_4
26647,18112,CUBE_L,RET
26647,29923,FUN_3,FUN_2
26664,22618,FUN_2,FUN_3
26686,11713,FUN_2,FUN_3
26698,15993,FUN_1,FUN_2
26699,28193,RET,CUBE_L
26727,4124,FUN_3,FUN_2
26741,11582,FUN_2,FUN_1
26742,6429,FUN_2,FUN_3
26757,1808,FUN_3,FUN_4
26757,20445,FUN_2,FUN_3
26759,14725,FUN_2,FUN_1
26769,19747,FUN_1,CUBE_L
26785,28549,CUBE_L,RET
26794,9284,FUN_1,FUN_2
26831,15814,FUN_1,FUN_2
26853,3844,FUN_1,FUN_2
26854,3495,FUN_2,FUN_3
26860,22800,FUN_1,FUN_2
26871,20025,FUN_4,FUN_3
26874,27913,FUN_1,FUN_2
26904,1637,FUN_3,FUN_2
26909,28386,FUN_5,FUN_4
26913,11566,FUN_2,FUN_1
26914,18992,CUBE_L,FUN_1
26920,17369,FUN_5,FUN_6
26929,14885,FUN_1,FUN_2
26933,13724,RET,CUBE_L
26956,986,FUN_2,FUN_3
26965,22797,FUN_3,FUN_2
26976,2099,RET,CUBE_L
27080,9287,FUN_3,FUN_2
27081,28819,FUN_4,FUN_5
27084,9282,CUBE_R,FUN_6
27100,24313,FUN_2,FUN_3
27105,26675,FUN_3,FUN_2
27115,11283,FUN_5,FUN_6
27122,12326,FUN_3,FUN_4
27154,813,FUN_2,FUN_3
27179,11370,FUN_3,FUN_2
27180,15989,FUN_3,FUN_2
27184,11727,FUN_6,FUN_5
27184,17727,FUN_4,FUN_3
27184,18744,RET,CUBE_R
27189,25250,FUN_1,FUN_2
27195,2211,FUN_2,FUN_1
27230,752,FUN_4,FUN_3
27230,9287,FUN_2,FUN_3
27233,29149,CUBE_L,FUN_1
27235,22404,FUN_1,FUN_2
27261,8958,FUN_2,FUN_3
27273,27980,FUN_2,FUN_1
27304,29923,FUN_2,FUN_3
27317,9282,FUN_6,CUBE_R
27319,1541,FUN_2,FUN_1
27326,28636,FUN_1,FUN_2
27338,17040,FUN_3,FUN_2
27360,26675,FUN_2,FUN_3
27363,11657,FUN_2,FUN_3
27364,25809,FUN_4,FUN_3
27397,29806,FUN_1,CUBE_L
27400,25650,FUN_1,FUN_2
27420,24152,FUN_5,FUN_4
27428,11831,CUBE_R,RET
27437,18830,FUN_3,FUN_4
27437,24152,FUN_4,FUN_5
27449,4124,FUN_2,FUN_3
27449,18605,CUBE_L,RET
27455,17727,FUN_3,FUN_4
27458,28375,FUN_4,FUN_3
27466,3140,FUN_4,FUN_5
27469,4281,RET,CUBE_L
27475,24152,FUN_5,FUN_4
27505,15989,FUN_2,FUN_3
27582,5629,FUN_2,FUN_1
27587,29527,FUN_2,FUN_3
27597,27492,FUN_5,FUN_4
27598,1008,FUN_1,FUN_2
27605,25216,CUBE_R,FUN_6
27621,793,FUN_2,FUN_3
27622,10620,RET,CUBE_R
27630,672,FUN_2,FUN_3
27631,3367,FUN_3,FUN_2
27633,3370,FUN_6,CUBE_R
27641,21802,FUN_2,FUN_3
27642,22462,FUN_2,FUN_3
27648,24695,FUN_3,FUN_4
27665,12931,FUN_4,FUN_5
27685,17386,FUN_5,FUN_4
27691,22682,FUN_4,FUN_5
27693,2724,FUN_2,FUN_1
27700,15989,FUN_3,FUN_2
27735,3285,FUN_2,FUN_1
27754,15317,FUN_6,CUBE_R
27758,21582,FUN_2,FUN_1
27763,13711,FUN_4,FUN_5
27771,2133,FUN_5,FUN_4
27778,11727,FUN_5,FUN_6
27788,22136,FUN_2,FUN_3
27793,9178,FUN_4,FUN_3
27794,1874,CUBE_L,RET
27798,29825,RET,CUBE_L
27806,21123,FUN_2,FUN_1
27819,20410,FUN_1,CUBE_L
27820,6143,CUBE_L,FUN_1
27848,25235,FUN_2,FUN_3
27854,5629,FUN_1,FUN_2
27858,23452,FUN_4,FUN_3
27873,793,FUN_3,FUN_2
27893,3332,FUN_3,FUN_2
27893,25118,FUN_2,FUN_3
27905,26855,CUBE_L,FUN_1
27915,4447,FUN_2,FUN_3
27974,11069,FUN_2,FUN_3
27983,14004,FUN_6,CUBE_R
28005,23838,FUN_2,FUN_3
28016,21459,FUN_1,FUN_2
28023,29305,FUN_1,FUN_2
28034,19739,CUBE_L,RET
28040,18851,FUN_1,FUN_2
28041,20719,FUN_6,FUN_5
28049,20040,FUN_1,FUN_2
28054,10410,FUN_3,FUN_2
28069,4095,CUBE_L,RET
28069,12807,RET,CUBE_L
28070,11566,FUN_1,FUN_2
28075,4447,FUN_3,FUN_2
28076,1017,FUN_2,FUN_1
28080,9287,FUN_3,FUN_2
28084,18813,FUN_2,FUN_1
28092,11582,FUN_1,FUN_2
28094,19395,FUN_3,FUN_2
28131,7662,FUN_2,FUN_3
28131,26042,FUN_1,FUN_2
28135,793,FUN_2,FUN_3
28141,21406,FUN_1,FUN_2
28147,4124,FUN_3,FUN_2
28148,18830,FUN_4,FUN_3
28165,4095,RET,CUBE_L
28169,29806,CUBE_L,FUN_1
28187,8720,FUN_2,FUN_3
28187,21680,CUBE_R,RET
28219,21459,FUN_2,FUN_1
28231,7547,CUBE_R,FUN_6
28233,3140,FUN_5,FUN_4
28244,15464,FUN_2,FUN_1
28262,21969,FUN_2,FUN_1
28281,20233,FUN_3,FUN_2
28294,19671,FUN_2,FUN_3
28310,19968,CUBE_L,FUN_1
28311,15830,FUN_5,FUN_4
28375,28245,FUN_1,FUN_2
28383,2571,CUBE_R,FUN_6
28387,17931,FUN_5,FUN_4
28395,5319,RET,CUBE_R
28399,4129,FUN_2,FUN_3
28400,17340,FUN_2,FUN_1
28413,3767,FUN_2,FUN_1
28423,25809,FUN_3,FUN_4
28456,23838,FUN_3,FUN_2
28457,5629,FUN_2,FUN_1
28479,25338,FUN_3,FUN_2
28481,23335,CUBE_R,RET
28513,6347,FUN_3,FUN_2
28514,19795,CUBE_R,FUN_6
28524,11657,FUN_3,FUN_2
28524,11964,CUBE_L,FUN_1
28524,21507,FUN_4,FUN_3
28536,13513,FUN_1,FUN_2
28550,24517,FUN_3,FUN_2
28556,11767,FUN_5,FUN_4
28557,4095,CUBE_L,RET
28564,15317,CUBE_R,FUN_6
28592,11370,FUN_2,FUN_3
28620,4110,FUN_2,FUN_3
28630,16241,FUN_4,FUN_3
28642,17465,FUN_4,FUN_3
28651,12595,FUN_6,CUBE_R
28672,8048,FUN_6,FUN_5
28672,8720,FUN_3,FUN_2
28679,11069,FUN_3,FUN_2
28682,23246,RET,CUBE_R
28687,28320,CUBE_R,FUN_6
28697,1841,RET,CUBE_L
28701,15572,FUN_4,FUN_3
28720,13542,CUBE_L,RET
28748,19739,RET,CUBE_L
28750,25928,FUN_2,FUN_3
28780,8270,FUN_3,FUN_2
28822,10806,FUN_1,FUN_2
28827,10875,FUN_1,FUN_2
28832,13491,FUN_3,FUN_4
28850,7662,FUN_3,FUN_2
28860,3472,FUN_3,FUN_2
28862,11283,FUN_6,FUN_5
28865,8657,RET,CUBE_L
28869,2670,CUBE_L,RET
28882,20731,RET,CUBE_R
28895,16098,FUN_1,FUN_2
28900,15344,FUN_5,FUN_4
28903,19468,FUN_1,FUN_2
28906,6347,FUN_2,FUN_3
28913,328,FUN_3,FUN_2
28944,2724,FUN_1,FUN_2
28947,12387,RET,CUBE_L
28953,6347,FUN_3,FUN_2
28958,6347,FUN_2,FUN_3
28960,6347,FUN_3,FUN_2
28966,6347,FUN_2,FUN_3
28972,12386,FUN_2,FUN_3
28979,6347,FUN_3,FUN_2
28998,28716,FUN_3,FUN_2
29043,23992,FUN_6,CUBE_R
29055,8933,FUN_2,FUN_1
29061,10667,FUN_3,FUN_2
29062,2899,CUBE_R,RET
29069,6347,FUN_2,FUN_3
29075,4095,RET,CUBE_L
29081,27062,CUBE_L,RET
29092,8798,FUN_1,FUN_2
29114,18193,FUN_2,FUN_3
29115,18214,FUN_2,FUN_3
29120,28636,FUN_2,FUN_1
29131,8646,FUN_2,FUN_1
29141,27839,FUN_2,FUN_3
29148,9453,FUN_3,FUN_2
29155,25225,FUN_3,FUN_4
29158,13513,FUN_2,FUN_1
29174,9545,FUN_1,FUN_2
29175,1808,FUN_4,FUN_3
29182,13213,CUBE_R,FUN_6
29198,11115,FUN_6,CUBE_R
29202,20731,CUBE_R,RET
29213,9513,FUN_2,FUN_3
29217,2697,FUN_5,FUN_6
29231,2828,FUN_2,FUN_1
29244,23868,FUN_3,FUN_2
29264,20410,CUBE_L,FUN_1
29266,15186,CUBE_R,RET
29272,27316,FUN_2,FUN_3
29294,11727,FUN_6,FUN_5
29304,19109,FUN_2,FUN_3
29313,21211,FUN_1,FUN_2
29314,21459,FUN_1,FUN_2
29333,25187,FUN_4,FUN_3
29349,6347,FUN_3,FUN_2
29356,27459,FUN_2,FUN_1
29359,26069,FUN_2,FUN_3
29360,21776,FUN_4,FUN_3
29385,10620,CUBE_R,RET
29390,18310,FUN_1,FUN_2
29410,8202,FUN_6,FUN_5
29410,13491,FUN_4,FUN_3
29421,884,FUN_1,FUN_2
29433,15186,RET,CUBE_R
29439,22458,FUN_3,FUN_2
29453,21459,FUN_2,FUN_1
29472,3144,FUN_2,FUN_3
29474,11069,FUN_2,FUN_3
29476,1819,FUN_2,FUN_1
29495,19388,FUN_1,CUBE_L
29497,22894,RET,CUBE_L
29505,2636,FUN_6,FUN_5
29535,11276,FUN_3,FUN_2
29535,24788,FUN_2,FUN_3
29542,11582,FUN_2,FUN_1
29545,5659,FUN_1,FUN_2
29563,10620,RET,CUBE_R
29564,29269,FUN_3,FUN_2
29572,12553,FUN_2,FUN_1
29578,25682,FUN_4,FUN_5
29588,12134,FUN_2,FUN_3
29594,23165,CUBE_L,FUN_1
29598,1008,FUN_2,FUN_1
29599,25256,FUN_5,FUN_4
29608,8270,FUN_2,FUN_3
29632,21913,FUN_1,FUN_2
29633,18830,FUN_3,FUN_4
29641,2924,FUN_2,FUN_3
29649,1012,RET,CUBE_L
29654,967,FUN_3,FUN_2
29678,19747,CUBE_L,FUN_1
29679,5629,FUN_1,FUN_2
29686,9112,FUN_5,FUN_4
29718,2025,RET,CUBE_R
29733,17510,FUN_1,FUN_2
29744,6347,FUN_2,FUN_3
29755,19795,FUN_6,CUBE_R
29779,15672,FUN_3,FUN_2
29786,29097,FUN_3,FUN_2
29816,19853,FUN_1,FUN_2
29830,4162,FUN_3,FUN_4
29832,2345,FUN_1,FUN_2
29842,5570,CUBE_R,FUN_6
29862,16098,FUN_2,FUN_1
29869,28680,FUN_1,FUN_2
29873,20731,RET,CUBE_R
29879,2008,FUN_3,FUN_2
29887,26449,FUN_3,FUN_2
29890,13194,FUN_6,CUBE_R
29924,29825,CUBE_L,RET
29925,8823,FUN_2,FUN_1
29926,7017,FUN_3,FUN_4
29927,2398,FUN_3,FUN_2
29935,4095,CUBE_L,RET
29975,9060,FUN_6,FUN_5
29983,20796,FUN_2,FUN_1
30002,26944,RET,CUBE_L
30014,7788,FUN_2,FUN_3
30016,9299,CUBE_L,FUN_1
30017,19795,CUBE_R,FUN_6
30033,17931,FUN_4,FUN_5
30038,28716,FUN_2,FUN_3
30044,8775,FUN_3,FUN_4
30045,22302,FUN_2,FUN_1
30050,754,FUN_2,FUN_1
30055,23333,CUBE_L,RET
30073,3332,FUN_2,FUN_3
30082,328,FUN_2,FUN_3
30083,6131,FUN_1,FUN_2
30101,754,FUN_1,FUN_2
30106,21017,FUN_4,FUN_3
30109,27156,FUN_2,FUN_1
30125,15091,FUN_2,FUN_3
30128,754,FUN_2,FUN_1
30150,21776,FUN_3,FUN_4
30154,23777,FUN_3,FUN_2
30157,24517,FUN_2,FUN_3
30158,2828,FUN_1,FUN_2
30165,21406,FUN_2,FUN_1
30171,21776,FUN_4,FUN_3
30192,11657,FUN_2,FUN_3
30195,25094,FUN_6,CUBE_R
30197,28984,FUN_3,FUN_2
30218,2623,FUN_4,FUN_3
30233,3173,FUN_4,FUN_5
30244,3285,FUN_1,FUN_2
30282,20668,CUBE_R,RET
30309,13514,CUBE_R,FUN_6
30318,5290,FUN_1,FUN_2
30334,793,FUN_3,FUN_2
30340,7084,FUN_2,FUN_3
30352,17340,FUN_1,FUN_2
30376,2099,CUBE_L,RET
30392,2099,RET,CUBE_L
30393,4010,FUN_6,CUBE_R
30420,12553,FUN_1,FUN_2
30427,27557,FUN_2,FUN_1
30453,11713,FUN_3,FUN_2
30475,3705,FUN_1,FUN_2
30490,11069,FUN_3,FUN_2
30498,11447,CUBE_L,RET
30500,8417,FUN_4,FUN_3
30535,17227,FUN_5,FUN_4
30536,12387,CUBE_L,RET
30537,2571,FUN_6,CUBE_R
30544,17931,FUN_5,FUN_4
30578,28801,CUBE_R,FUN_6
30610,20197,FUN_2,FUN_3
30620,8525,FUN_2,FUN_3
30640,11296,FUN_2,FUN_3
30642,9247,CUBE_R,FUN_6
30648,15773,FUN_3,FUN_2
30650,17227,FUN_4,FUN_5
30658,29744,FUN_4,FUN_3
30673,9874,FUN_3,FUN_2
30681,27794,FUN_5,FUN_4
30684,11582,FUN_1,FUN_2
30707,11713,FUN_2,FUN_3
30716,22099,FUN_2,FUN_1
30721,1657,FUN_4,FUN_3
30733,15091,FUN_3,FUN_2
30753,17227,FUN_5,FUN_4
30758,20075,FUN_2,FUN_1
30759,699,FUN_1,CUBE_L
30759,25094,CUBE_R,FUN_6
30771,27992,FUN_3,FUN_4
30777,11276,FUN_2,FUN_3
30777,26169,FUN_3,FUN_4
30784,17818,FUN_1,CUBE_L
30785,14743,FUN_3,FUN_2
30793,11713,FUN_3,FUN_2
30794,7710,FUN_5,FUN_4
30830,11195,FUN_2,FUN_3
30860,21459,FUN_1,FUN_2
30900,2025,CUBE_R,RET
30908,2342,RET,CUBE_R
30947,26159,FUN_3,FUN_4
30950,754,FUN_1,FUN_2
30953,22352,FUN_2,FUN_3
30969,10410,FUN_2,FUN_3
31007,13976,FUN_4,FUN_5
31007,20298,FUN_3,FUN_2
31014,27088,FUN_3,FUN_2
31032,9919,FUN_2,FUN_1
31038,10146,FUN_6,FUN_5
31039,23314,CUBE_R,RET
31054,23158,FUN_4,FUN_3
31060,9763,RET,CUBE_L
31063,23155,FUN_3,FUN_2
31084,26944,CUBE_L,RET
31088,21582,FUN_1,FUN_2
31090,2345,FUN_2,FUN_1
31131,2064,FUN_2,FUN_3
31132,15814,FUN_2,FUN_1
31138,1819,FUN_1,FUN_2
31156,8048,FUN_5,FUN_6
31175,17146,CUBE_R,RET
31179,7708,CUBE_R,RET
31180,5448,FUN_3,FUN_2
31182,4362,CUBE_R,RET
31185,18310,FUN_2,FUN_1
31188,27006,FUN_6,FUN_5
31190,16075,FUN_3,FUN_2
31202,25187,FUN_3,FUN_4
31213,17975,FUN_5,FUN_6
31215,25134,FUN_2,FUN_1
31225,20063,FUN_2,FUN_3
31229,22345,FUN_5,FUN_4
31230,26521,CUBE_R,RET
31233,12386,FUN_3,FUN_2
31234,2342,CUBE_R,RET
31245,4910,RET,CUBE_R
31251,11713,FUN_2,FUN_3
31260,13005,FUN_5,FUN_6
31275,29923,FUN_3,FUN_2
31277,29591,FUN_5,FUN_6
31279,13491,FUN_3,FUN_4
31281,28193,CUBE_L,RET
31294,28509,CUBE_L,RET
31298,4110,FUN_3,FUN_2
31300,29455,FUN_1,FUN_2
31339,26449,FUN_2,FUN_3
31341,24955,FUN_3,FUN_2
31345,281,FUN_3,FUN_2
31351,16368,CUBE_L,FUN_1
31354,2686,FUN_6,FUN_5
31366,473,RET,CUBE_L
31366,22618,FUN_3,FUN_2
31390,2345,FUN_1,FUN_2
31436,2697,FUN_6,FUN_5
31444,28496,FUN_3,FUN_2
31450,2201,FUN_1,FUN_2
31455,14102,FUN_3,FUN_2
31460,13514,FUN_6,CUBE_R
31476,15298,FUN_3,FUN_2
31495,8646,FUN_1,FUN_2
31519,26169,FUN_4,FUN_3
31530,2201,FUN_2,FUN_1
31533,7017,FUN_4,FUN_3
31534,14223,RET,CUBE_R
31568,20784,FUN_3,FUN_4
31577,24676,FUN_4,FUN_3
31581,19747,FUN_1,CUBE_L
31587,9062,FUN_3,FUN_4
31604,27721,FUN_3,FUN_2
31614,4314,FUN_1,FUN_2
31615,5602,FUN_2,FUN_1
31615,16098,FUN_1,FUN_2
31621,26908,FUN_3,FUN_4
31635,27919,FUN_1,FUN_2
31640,13005,FUN_6,FUN_5
31642,7389,CUBE_R,RET
31645,23850,FUN_2,FUN_3
31682,2345,FUN_2,FUN_1
31770,5877,FUN_3,FUN_2
31779,19853,FUN_2,FUN_1
31790,24645,RET,CUBE_R
31830,11831,RET,CUBE_R
31831,6132,FUN_2,FUN_3
31840,6460,FUN_1,FUN_2
31851,28186,CUBE_L,RET
31858,28984,FUN_2,FUN_3
31894,23452,FUN_3,FUN_4
31922,4447,FUN_2,FUN_3
31938,18903,FUN_4,FUN_3
31946,987,FUN_2,FUN_1
31949,503,FUN_3,FUN_2
31967,10667,FUN_2,FUN_3
31972,26981,FUN_1,FUN_2
31995,12595,CUBE_R,FUN_6
31995,27982,FUN_3,FUN_4
32002,13491,FUN_4,FUN_3
32002,14223,CUBE_R,RET
32030,8444,FUN_2,FUN_3
32039,29363,FUN_2,FUN_1
32070,19292,FUN_2,FUN_3
32071,23452,FUN_4,FUN_3
32073,29546,FUN_4,FUN_5
32084,19957,FUN_2,FUN_1
32135,23838,FUN_2,FUN_3
32137,5123,FUN_1,FUN_2
32137,12134,FUN_3,FUN_2
32147,28485,FUN_6,CUBE_R
32156,6347,FUN_3,FUN_2
32161,10806,FUN_2,FUN_1
32192,28984,FUN_3,FUN_2
32268,7710,FUN_4,FUN_5
32287,6784,FUN_6,CUBE_R
32293,26605,FUN_3,FUN_4
32297,25864,CUBE_R,RET
32305,22682,FUN_5,FUN_4
32317,1461,FUN_2,FUN_3
32318,793,FUN_2,FUN_3
32320,10391,FUN_4,FUN_3
32321,22800,FUN_2,FUN_1
32322,26069,FUN_3,FUN_2
32324,15298,FUN_2,FUN_3
32327,9247,FUN_6,CUBE_R
32347,14885,FUN_2,FUN_1
32382,11040,RET,CUBE_L
32382,19395,FUN_2,FUN_3
32404,25200,FUN_4,FUN_3
32411,23491,FUN_3,FUN_2
32415,2194,CUBE_R,RET
32428,21140,FUN_4,FUN_5
32436,13491,FUN_3,FUN_4
32443,24955,FUN_2,FUN_3
32479,23452,FUN_3,FUN_4
32492,25682,FUN_5,FUN_4
32507,2025,RET,CUBE_R
32524,16098,FUN_2,FUN_1
32562,12755,CUBE_R,RET
32568,7389,RET,CUBE_R
32596,10875,FUN_2,FUN_1
32604,4673,FUN_2,FUN_1
32630,752,FUN_3,FUN_4
32640,17739,RET,CUBE_R
32649,5123,FUN_2,FUN_1
32654,12908,FUN_1,FUN_2
32667,14223,RET,CUBE_R
32682,17982,CUBE_L,RET
32686,21857,FUN_4,FUN_3
32687,24142,FUN_6,FUN_5
32690,19354,FUN_6,CUBE_R
32709,12351,FUN_1,FUN_2
32710,20040,FUN_2,FUN_1
32711,7389,CUBE_R,RET
32718,28529,CUBE_R,RET
32729,11195,FUN_3,FUN_2
32747,21460,FUN_4,FUN_3
32761,26499,FUN_2,FUN_3
32782,7084,FUN_3,FUN_2
32787,238,FUN_3,FUN_2
32806,7068,FUN_1,FUN_2
32818,10394,FUN_6,FUN_5
32820,18072,RET,CUBE_L
32827,12553,FUN_2,FUN_1
32831,28984,FUN_2,FUN_3
32847,5910,FUN_2,FUN_3
32847,8055,FUN_4,FUN_5
32857,15154,RET,CUBE_L
32870,4937,FUN_3,FUN_2
32909,793,FUN_3,FUN_2
32916,4447,FUN_3,FUN_2
32918,14795,FUN_3,FUN_2
32919,4110,FUN_2,FUN_3
32921,9588,RET,CUBE_L
32923,24791,CUBE_L,FUN_1
32948,1940,FUN_5,FUN_6
32951,29825,RET,CUBE_L
32959,3363,RET,CUBE_L
32982,1311,FUN_4,FUN_5
33001,28496,FUN_2,FUN_3
33002,20197,FUN_3,FUN_2
33005,13736,FUN_2,FUN_3
33007,8503,RET,CUBE_R
33013,12387,RET,CUBE_L
33017,2691,CUBE_R,RET
33028,10391,FUN_3,FUN_4
33045,4095,RET,CUBE_L
33065,17334,CUBE_L,RET
33083,485,FUN_5,FUN_4
33088,14743,FUN_2,FUN_3
33130,21211,FUN_2,FUN_1
33144,793,FUN_2,FUN_3
33154,824,FUN_4,FUN_5
33165,16098,FUN_1,FUN_2
33165,17168,RET,CUBE_L
33176,17465,FUN_3,FUN_4
33176,28680,FUN_2,FUN_1
33181,15672,FUN_2,FUN_3
33186,17621,CUBE_R,FUN_6
33200,28660,FUN_4,FUN_3
33207,4447,FUN_2,FUN_3
33233,793,FUN_3,FUN_2
33266,10394,FUN_5,FUN_6
33276,1045,CUBE_L,RET
33277,25222,CUBE_R,FUN_6
33282,1311,FUN_5,FUN_4
33323,18476,RET,CUBE_R
33334,14102,FUN_2,FUN_3
33350,19388,CUBE_L,FUN_1
33351,10410,FUN_3,FUN_2
33360,23158,FUN_3,FUN_4
33376,6429,FUN_3,FUN_2
33412,10146,FUN_5,FUN_6
33417,14082,FUN_4,FUN_5
33445,25222,FUN_6,CUBE_R
33472,14552,FUN_3,FUN_2
33480,7655,FUN_2,FUN_1
33489,23768,FUN_2,FUN_3
33515,19536,FUN_2,FUN_3
33521,9038,CUBE_R,RET
33538,19440,FUN_3,FUN_2
33548,27095,FUN_3,FUN_4
33559,25187,FUN_4,FUN_3
33568,24806,FUN_1,FUN_2
33569,23992,CUBE_R,FUN_6
33575,1311,FUN_4,FUN_5
33584,1821,FUN_4,FUN_3
33586,2636,FUN_5,FUN_6
33590,14223,CUBE_R,RET
33604,2394,FUN_5,FUN_4
33607,12569,FUN_5,FUN_6
33626,793,FUN_2,FUN_3
33636,14253,CUBE_L,FUN_1
33645,25134,FUN_1,FUN_2
33649,15672,FUN_3,FUN_2
33687,8720,FUN_2,FUN_3
33697,11069,FUN_2,FUN_3
33702,5659,FUN_2,FUN_1
33709,21132,FUN_3,FUN_2
33730,23158,FUN_4,FUN_3
33747,13949,FUN_3,FUN_2
33760,6132,FUN_3,FUN_2
33770,17465,FUN_4,FUN_3
33797,29097,FUN_2,FUN_3
33832,17168,CUBE_L,RET
33833,2623,FUN_3,FUN_4
33861,28410,RET,CUBE_R
33883,7547,FUN_6,CUBE_R
33884,6132,FUN_2,FUN_3
33886,13976,FUN_5,FUN_4
33894,7068,FUN_2,FUN_1
33955,4408,FUN_2,FUN_3
33960,29867,FUN_3,FUN_4
33966,12572,FUN_2,FUN_1
33980,10146,FUN_6,FUN_5
33981,27721,FUN_2,FUN_3
34011,26266,FUN_4,FUN_3
34026,2201,FUN_1,FUN_2
34039,8503,CUBE_R,RET
34050,22618,FUN_2,FUN_3
34060,23158,FUN_3,FUN_4
34062,28660,FUN_3,FUN_4
34087,3140,FUN_4,FUN_5
34101,25225,FUN_4,FUN_3
34114,15672,FUN_2,FUN_3
34121,813,FUN_3,FUN_2
34127,10875,FUN_1,FUN_2
34157,20333,FUN_1,FUN_2
34158,2573,CUBE_L,RET
34159,29527,FUN_3,FUN_2
34159,26921,FUN_1,FUN_2
34174,22800,FUN_1,FUN_2
34186,20488,FUN_3,FUN_2
34188,23745,RET,CUBE_L
34190,9597,FUN_3,FUN_2
34200,29825,CUBE_L,RET
34223,5062,FUN_6,CUBE_R
34228,26681,FUN_2,FUN_3
34231,29940,FUN_1,FUN_2
34242,1808,FUN_3,FUN_4
34247,8720,FUN_3,FUN_2
34247,11438,CUBE_R,FUN_6
34248,888,CUBE_L,RET
34252,10667,FUN_3,FUN_2
34254,29097,FUN_3,FUN_2
34259,11069,FUN_3,FUN_2
34270,29672,FUN_3,FUN_2
34273,16098,FUN_2,FUN_1
34276,25222,CUBE_R,FUN_6
34276,27156,FUN_1,FUN_2
34317,19696,FUN_3,FUN_4
34322,17153,FUN_4,FUN_3
34322,23719,FUN_2,FUN_1
34335,2398,FUN_2,FUN_3
34339,25872,FUN_3,FUN_2
34344,23333,RET,CUBE_L
34351,884,FUN_2,FUN_1
34392,9631,FUN_5,FUN_6
34393,2025,CUBE_R,RET
34400,4010,CUBE_R,FUN_6
34415,19084,FUN_2,FUN_1
34419,16761,FUN_2,FUN_1
34421,5851,CUBE_R,RET
34435,17739,CUBE_R,RET
34437,24798,RET,CUBE_R
34437,26118,FUN_3,FUN_4
34460,19196,RET,CUBE_R
34466,15672,FUN_3,FUN_2
34467,23335,RET,CUBE_R
34473,12115,FUN_2,FUN_1
34473,8720,FUN_2,FUN_3
34473,16417,CUBE_L,RET
34479,9970,FUN_3,FUN_2
34495,20611,FUN_6,FUN_5
34513,15464,FUN_1,FUN_2
34518,4004,CUBE_L,RET
34544,10654,FUN_1,FUN_2
34556,22438,FUN_4,FUN_3
34567,26460,FUN_3,FUN_2
34576,9919,FUN_1,FUN_2
34577,26179,FUN_3,FUN_2
34581,18830,FUN_4,FUN_3
34584,25222,FUN_6,CUBE_R
34585,20755,FUN_5,FUN_4
34596,28736,FUN_2,FUN_3
34600,10753,FUN_6,CUBE_R
34628,17435,FUN_6,FUN_5
34632,12755,RET,CUBE_R
34635,17548,FUN_3,FUN_2
34641,28636,FUN_1,FUN_2
34644,15091,FUN_2,FUN_3
34675,9878,RET,CUBE_L
34682,11447,RET,CUBE_L
34691,15464,FUN_2,FUN_1
34696,29546,FUN_5,FUN_4
34697,15464,FUN_1,FUN_2
34703,3480,FUN_2,FUN_1
34706,20537,FUN_3,FUN_2
34720,15464,FUN_2,FUN_1
34725,27231,FUN_3,FUN_2
34747,25691,FUN_2,FUN_3
34756,8762,CUBE_R,RET
34763,1940,FUN_6,FUN_5
34819,1311,FUN_5,FUN_4
34835,7017,FUN_3,FUN_4
34835,28984,FUN_3,FUN_2
34850,27090,CUBE_R,RET
34854,22438,FUN_3,FUN_4
34856,23457,FUN_5,FUN_6
34863,18903,FUN_3,FUN_4
34868,3583,FUN_2,FUN_1
34869,18159,CUBE_R,RET
34880,9453,FUN_2,FUN_3
34894,24051,FUN_1,FUN_2
34906,12115,FUN_1,FUN_2
34919,25200,FUN_3,FUN_4
34947,19475,CUBE_R,RET
34953,16075,FUN_2,FUN_3
34967,13005,FUN_5,FUN_6
35001,20063,FUN_3,FUN_2
35010,3472,FUN_2,FUN_3
35018,25872,FUN_2,FUN_3
35026,13822,FUN_1,FUN_2
35030,10324,CUBE_R,RET
35033,22438,FUN_4,FUN_3
35045,28984,FUN_2,FUN_3
35059,18686,FUN_2,FUN_1
35069,9513,FUN_3,FUN_2
35078,15401,RET,CUBE_R
35095,4408,FUN_3,FUN_2
35105,7942,CUBE_L,RET
35106,4110,FUN_3,FUN_2
35107,29527,FUN_2,FUN_3
35119,21017,FUN_3,FUN_4
35124,3177,FUN_1,FUN_2
35147,27794,FUN_4,FUN_5
35152,27095,FUN_4,FUN_3
35156,17153,FUN_3,FUN_4
35193,29527,FUN_3,FUN_2
35207,25809,FUN_4,FUN_3
35212,16205,FUN_2,FUN_3
35219,23158,FUN_4,FUN_3
35220,29527,FUN_2,FUN_3
35232,29269,FUN_2,FUN_3
35237,3767,FUN_1,FUN_2
35237,10806,FUN_1,FUN_2
35245,9631,FUN_6,FUN_5
35258,24057,FUN_1,FUN_2
35261,18979,FUN_3,FUN_2
35264,8791,CUBE_R,RET
35339,25872,FUN_3,FUN_2
35341,22438,FUN_3,FUN_4
35362,2924,FUN_3,FUN_2
35373,27314,FUN_1,CUBE_L
35378,29097,FUN_2,FUN_3
35391,2345,FUN_1,FUN_2
35398,5861,FUN_2,FUN_1
35408,28722,FUN_4,FUN_3
35413,23314,RET,CUBE_R
35418,6222,FUN_2,FUN_1
35425,8685,FUN_3,FUN_2
35435,3503,CUBE_L,RET
35450,2812,FUN_1,FUN_2
35451,5602,FUN_1,FUN_2
35466,8179,FUN_3,FUN_2
35477,11784,FUN_3,FUN_2
35481,22800,FUN_2,FUN_1
35484,3755,FUN_3,FUN_2
35488,29363,FUN_1,FUN_2
35560,5203,FUN_6,FUN_5
35602,8594,FUN_2,FUN_1
35602,18092,FUN_2,FUN_1
35637,19024,FUN_2,FUN_3
35641,16075,FUN_3,FUN_2
35663,23165,FUN_1,CUBE_L
35677,14725,FUN_1,FUN_2
35679,1314,FUN_1,FUN_2
35684,19084,FUN_1,FUN_2
35694,10394,FUN_6,FUN_5
35695,19860,FUN_2,FUN_1
35701,12755,CUBE_R,RET
35701,29940,FUN_2,FUN_1
35704,27129,FUN_4,FUN_3
35708,25248,FUN_3,FUN_4
35727,26179,FUN_2,FUN_3
35736,9763,CUBE_L,RET
35741,7897,CUBE_R,RET
35756,9597,FUN_2,FUN_3
35788,21857,FUN_3,FUN_4
35791,18591,FUN_2,FUN_3
35829,29097,FUN_3,FUN_2
35869,14795,FUN_2,FUN_3
35873,22137,FUN_2,FUN_3
35877,21211,FUN_1,FUN_2
35912,11195,FUN_2,FUN_3
35931,8594,FUN_1,FUN_2
35944,884,FUN_1,FUN_2
35952,9597,FUN_3,FUN_2
35962,7068,FUN_1,FUN_2
35973,21857,FUN_4,FUN_3
36001,18092,FUN_1,FUN_2
36005,28678,FUN_2,FUN_3
36011,27052,FUN_2,FUN_1
36040,24509,RET,CUBE_L
36044,22995,CUBE_L,RET
36049,1008,FUN_1,FUN_2
36065,3767,FUN_2,FUN_1
36071,9353,FUN_3,FUN_2
36074,10350,FUN_3,FUN_2
36086,15938,FUN_2,FUN_1
36087,22557,FUN_2,FUN_1
36091,23491,FUN_2,FUN_3
36106,17380,CUBE_L,FUN_1
36107,24447,FUN_2,FUN_1
36117,8594,FUN_2,FUN_1
36131,7565,FUN_3,FUN_2
36148,23155,FUN_2,FUN_3
36157,21857,FUN_3,FUN_4
36161,21460,FUN_3,FUN_4
36165,27919,FUN_2,FUN_1
36167,28386,FUN_4,FUN_5
36182,27980,FUN_1,FUN_2
36192,13005,FUN_6,FUN_5
36199,3367,FUN_2,FUN_3
36207,11831,CUBE_R,RET
36230,25872,FUN_2,FUN_3
36232,23963,FUN_3,FUN_2
36259,2828,FUN_2,FUN_1
36264,5955,CUBE_R,FUN_6
36268,10667,FUN_2,FUN_3
36274,9478,FUN_3,FUN_2
36275,21460,FUN_4,FUN_3
36288,19041,FUN_1,FUN_2
36294,9523,FUN_4,FUN_5
36304,20075,FUN_1,FUN_2
36308,824,FUN_5,FUN_4
36322,11069,FUN_2,FUN_3
36328,12054,FUN_4,FUN_3
36332,26761,RET,CUBE_L
36349,25225,FUN_3,FUN_4
36357,7942,RET,CUBE_L
36388,9588,CUBE_L,RET
36419,20333,FUN_2,FUN_1
36429,8720,FUN_3,FUN_2
36441,21211,FUN_2,FUN_1
36451,884,FUN_2,FUN_1
36451,6431,CUBE_L,RET
36455,22197,FUN_3,FUN_2
36461,7068,FUN_2,FUN_1
36461,19739,CUBE_L,RET
36479,23165,CUBE_L,FUN_1
36483,17360,CUBE_R,RET
36487,4937,FUN_2,FUN_3
36493,21857,FUN_4,FUN_3
36515,3480,FUN_1,FUN_2
36538,18338,CUBE_L,FUN_1
36541,21985,FUN_1,FUN_2
36564,15298,FUN_3,FUN_2
36569,13213,FUN_6,CUBE_R
36575,1637,FUN_2,FUN_3
36583,13005,FUN_5,FUN_6
36597,14885,FUN_1,FUN_2
36623,2573,RET,CUBE_L
36653,23705,FUN_2,FUN_3
36676,19530,CUBE_L,RET
36690,19354,CUBE_R,FUN_6
36735,19109,FUN_3,FUN_2
36776,17153,FUN_4,FUN_3
36785,21460,FUN_3,FUN_4
36787,11438,FUN_6,CUBE_R
36807,29872,FUN_1,CUBE_L
36808,5665,RET,CUBE_R
36819,9038,RET,CUBE_R
36822,8798,FUN_2,FUN_1
36826,28485,CUBE_R,FUN_6
36842,9763,RET,CUBE_L
36844,5955,FUN_6,CUBE_R
36851,28984,FUN_3,FUN_2
36880,12341,FUN_3,FUN_2
36880,20413,FUN_2,FUN_3
36885,8720,FUN_2,FUN_3
36894,7942,CUBE_L,RET
36930,12553,FUN_1,FUN_2
36937,2345,FUN_2,FUN_1
36944,5851,RET,CUBE_R
36950,15480,FUN_5,FUN_4
36958,8131,FUN_3,FUN_2
36989,21132,FUN_2,FUN_3
37010,12572,FUN_1,FUN_2
37014,11831,RET,CUBE_R
37022,2691,RET,CUBE_R
37041,11251,FUN_3,FUN_4
37042,1360,FUN_2,FUN_1
37077,10146,FUN_5,FUN_6
37080,328,FUN_3,FUN_2
37099,24945,FUN_1,FUN_2
37102,16165,FUN_2,FUN_3
37107,13005,FUN_6,FUN_5
37123,29845,FUN_6,FUN_5
37134,28485,FUN_6,CUBE_R
37164,23155,FUN_3,FUN_2
37184,15992,FUN_3,FUN_4
37225,1311,FUN_4,FUN_5
37228,1595,FUN_5,FUN_4
37293,6091,CUBE_R,FUN_6
37294,3583,FUN_1,FUN_2
37294,28496,FUN_3,FUN_2
37302,5944,FUN_3,FUN_2
37322,4004,RET,CUBE_L
37362,21460,FUN_4,FUN_3
37388,1227,RET,CUBE_R
37391,10530,FUN_3,FUN_2
37403,14552,FUN_2,FUN_3
37424,20413,FUN_3,FUN_2
37425,2812,FUN_2,FUN_1
37426,20755,FUN_4,FUN_5
37432,6460,FUN_2,FUN_1
37501,1162,FUN_1,FUN_2
37536,11144,FUN_3,FUN_2
37547,25256,FUN_4,FUN_5
37547,28485,CUBE_R,FUN_6
37549,28856,FUN_4,FUN_3
37556,1507,FUN_1,FUN_2
37573,17369,FUN_6,FUN_5
37578,8962,FUN_3,FUN_4
37581,24788,FUN_3,FUN_2
37591,1637,FUN_3,FUN_2
37606,21997,FUN_4,FUN_3
37626,9763,CUBE_L,RET
37638,9215,FUN_3,FUN_2
37639,18167,FUN_2,FUN_3
37658,23491,FUN_3,FUN_2
37662,1017,FUN_1,FUN_2
37673,15464,FUN_1,FUN_2
37688,2812,FUN_1,FUN_2
37712,14733,RET,CUBE_L
37730,238,FUN_2,FUN_3
37743,967,FUN_2,FUN_3
37743,4124,FUN_2,FUN_3
37755,21110,FUN_2,FUN_1
37782,19802,FUN_1,FUN_2
37802,22193,CUBE_R,RET
37804,22302,FUN_1,FUN_2
37805,22618,FUN_3,FUN_2
37841,22583,FUN_3,FUN_4
37843,13235,CUBE_L,RET
37849,24447,FUN_1,FUN_2
37854,25666,FUN_2,FUN_3
37869,29544,FUN_1,CUBE_L
37873,4813,FUN_2,FUN_3
37882,28670,CUBE_R,RET
37900,9748,FUN_2,FUN_1
37907,5944,FUN_2,FUN_3
37929,1461,FUN_3,FUN_2
37932,15254,FUN_3,FUN_4
37947,13527,FUN_3,FUN_4
37995,20755,FUN_5,FUN_4
38002,14862,FUN_5,FUN_4
38006,3583,FUN_2,FUN_1
38011,13759,FUN_4,FUN_5
38013,14283,FUN_5,FUN_4
38017,3906,FUN_4,FUN_3
38044,28783,FUN_3,FUN_4
38048,23347,CUBE_R,RET
38057,17167,FUN_2,FUN_1
38059,19117,FUN_3,FUN_4
38061,16075,FUN_2,FUN_3
38063,26327,FUN_1,CUBE_L
38068,4095,CUBE_L,RET
38092,24798,CUBE_R,RET
38101,28783,FUN_4,FUN_3
38114,8436,RET,CUBE_R
38125,22193,RET,CUBE_R
38154,1637,FUN_2,FUN_3
38157,1808,FUN_4,FUN_3
38167,2812,FUN_2,FUN_1
38168,1461,FUN_2,FUN_3
38171,4287,FUN_2,FUN_1
38184,1637,FUN_3,FUN_2
38197,12692,RET,CUBE_R
38216,1595,FUN_4,FUN_5
38223,14805,FUN_5,FUN_4
38250,1637,FUN_2,FUN_3
38254,17153,FUN_3,FUN_4
38282,15186,CUBE_R,RET
38301,24082,CUBE_L,RET
38306,1162,FUN_2,FUN_1
38311,23745,CUBE_L,RET
38329,9430,FUN_2,FUN_1
38357,15184,CUBE_R,FUN_6
38359,2828,FUN_1,FUN_2
38363,11563,FUN_2,FUN_3
38365,2660,FUN_3,FUN_2
38377,4279,FUN_2,FUN_3
38384,6091,FUN_6,CUBE_R
38384,27952,FUN_2,FUN_1
38386,8918,FUN_2,FUN_1
38398,14899,FUN_3,FUN_2
38409,20298,FUN_2,FUN_3
38430,21246,CUBE_R,RET
38437,15184,FUN_6,CUBE_R
38459,28783,FUN_3,FUN_4
38464,7499,FUN_1,FUN_2
38466,13005,FUN_5,FUN_6
38467,25225,FUN_4,FUN_3
38471,2812,FUN_1,FUN_2
38485,27088,FUN_2,FUN_3
38502,20413,FUN_2,FUN_3
38507,5214,FUN_4,FUN_3
38508,7787,FUN_3,FUN_2
38538,19739,RET,CUBE_L
38546,23155,FUN_2,FUN_3
38584,28832,FUN_2,FUN_3
38589,3950,FUN_2,FUN_1
38596,28678,FUN_3,FUN_2
38616,24922,FUN_2,FUN_3
38620,2345,FUN_1,FUN_2
38621,1637,FUN_3,FUN_2
38626,9282,CUBE_R,FUN_6
38627,17334,RET,CUBE_L
38633,3053,FUN_3,FUN_4
38654,20051,FUN_6,CUBE_R
38661,9513,FUN_2,FUN_3
38663,14885,FUN_2,FUN_1
38664,4124,FUN_3,FUN_2
38668,20470,FUN_2,FUN_3
38677,18078,CUBE_R,RET
38678,4287,FUN_1,FUN_2
38686,19354,FUN_6,CUBE_R
38693,24268,FUN_5,FUN_4
38708,2812,FUN_2,FUN_1
38713,5319,CUBE_R,RET
38741,29701,CUBE_R,RET
38763,18167,FUN_3,FUN_2
38765,7787,FUN_2,FUN_3
38767,24152,FUN_4,FUN_5
38771,20197,FUN_2,FUN_3
38787,21110,FUN_1,FUN_2
38797,11882,FUN_3,FUN_4
38801,23491,FUN_2,FUN_3
38812,27952,FUN_1,FUN_2
38818,14885,FUN_1,FUN_2
38838,6429,FUN_2,FUN_3
38856,22346,CUBE_R,RET
38857,15344,FUN_4,FUN_5
38862,13759,FUN_5,FUN_4
38892,25325,FUN_2,FUN_1
38909,20413,FUN_3,FUN_2
38915,29087,CUBE_L,FUN_1
38939,13491,FUN_4,FUN_3
38952,3363,CUBE_L,RET
38962,23335,CUBE_R,RET
38974,3767,FUN_1,FUN_2
38980,10241,CUBE_L,FUN_1
38988,7144,FUN_3,FUN_2
38999,22193,CUBE_R,RET
39013,22404,FUN_2,FUN_1
39022,25225,FUN_3,FUN_4
39031,17465,FUN_3,FUN_4
39045,26460,FUN_2,FUN_3
39046,17974,CUBE_R,FUN_6
39058,22515,FUN_2,FUN_1
39070,2146,RET,CUBE_L
39083,7267,FUN_1,FUN_2
39120,7068,FUN_1,FUN_2
39123,4505,FUN_5,FUN_4
39127,25488,FUN_3,FUN_2
39134,15993,FUN_2,FUN_1
39144,8686,FUN_4,FUN_3
39156,24427,RET,CUBE_R
39164,29912,FUN_3,FUN_2
39166,281,FUN_2,FUN_3
39167,28561,FUN_3,FUN_4
39170,1461,FUN_3,FUN_2
39171,27839,FUN_3,FUN_2
39180,17380,FUN_1,CUBE_L
39186,7084,FUN_2,FUN_3
39196,18979,FUN_2,FUN_3
39205,14862,FUN_4,FUN_5
39233,4505,FUN_4,FUN_5
39251,6242,CUBE_L,FUN_1
39264,23335,RET,CUBE_R
39270,13871,RET,CUBE_R
39317,17208,FUN_2,FUN_1
39319,8594,FUN_1,FUN_2
39332,17711,FUN_2,FUN_1
39341,24290,FUN_2,FUN_1
39341,26058,FUN_1,FUN_2
39343,28856,FUN_3,FUN_4
39354,25235,FUN_3,FUN_2
39393,1227,CUBE_R,RET
39395,6091,CUBE_R,FUN_6
39401,967,FUN_3,FUN_2
39410,26460,FUN_3,FUN_2
39417,4281,CUBE_L,RET
39417,27392,FUN_3,FUN_4
39453,531,FUN_6,FUN_5
39508,21857,FUN_3,FUN_4
39527,10530,FUN_2,FUN_3
39531,4362,RET,CUBE_R
39534,9062,FUN_4,FUN_3
39546,8686,FUN_3,FUN_4
39546,10875,FUN_2,FUN_1
39550,24447,FUN_2,FUN_1
39567,26460,FUN_2,FUN_3
39569,8179,FUN_2,FUN_3
39578,17334,CUBE_L,RET
39600,20731,CUBE_R,RET
39642,15344,FUN_5,FUN_4
39650,11276,FUN_3,FUN_2
39657,9763,RET,CUBE_L
39668,22099,FUN_1,FUN_2
39669,29872,CUBE_L,FUN_1
39673,238,FUN_3,FUN_2
39684,15186,RET,CUBE_R
39689,12115,FUN_2,FUN_1
39697,13871,CUBE_R,RET
39702,4110,FUN_2,FUN_3
39719,13235,RET,CUBE_L
39738,15993,FUN_1,FUN_2
39747,24251,FUN_4,FUN_5
39753,1681,FUN_2,FUN_3
39759,16098,FUN_1,FUN_2
39762,13213,CUBE_R,FUN_6
39767,10875,FUN_1,FUN_2
39784,2659,FUN_5,FUN_4
39790,26110,FUN_3,FUN_2
39811,15993,FUN_2,FUN_1
39816,5120,FUN_2,FUN_3
39823,10282,FUN_3,FUN_2
39825,14862,FUN_5,FUN_4
39829,6784,CUBE_R,FUN_6
39848,987,FUN_1,FUN_2
39866,8594,FUN_2,FUN_1
39892,29087,FUN_1,CUBE_L
39899,9478,FUN_2,FUN_3
39911,1819,FUN_2,FUN_1
39926,17334,RET,CUBE_L
39940,4505,FUN_5,FUN_4
39942,10875,FUN_2,FUN_1
39945,919,FUN_3,FUN_2
39951,22404,FUN_1,FUN_2
39953,8479,FUN_3,FUN_2
39963,1841,CUBE_L,RET
39972,14733,CUBE_L,RET
39975,10875,FUN_1,FUN_2
40000,13427,CUBE_R,FUN_6
40000,15344,FUN_4,FUN_5
40002,19689,FUN_3,FUN_2
40006,28998,FUN_3,FUN_2
40007,26270,FUN_2,FUN_1
40020,17727,FUN_4,FUN_3
40022,27088,FUN_3,FUN_2
40029,24636,FUN_1,CUBE_L
40053,238,FUN_2,FUN_3
40071,12319,FUN_2,FUN_3
40084,10875,FUN_2,FUN_1
40088,13871,RET,CUBE_R
40105,8479,FUN_2,FUN_3
40109,4408,FUN_2,FUN_3
40126,9038,CUBE_R,RET
40138,15993,FUN_1,FUN_2
40141,16075,FUN_3,FUN_2
40153,8131,FUN_2,FUN_3
40191,11276,FUN_2,FUN_3
40267,16220,FUN_3,FUN_2
40268,7084,FUN_3,FUN_2
40270,28561,FUN_4,FUN_3
40283,17334,CUBE_L,RET
40300,18979,FUN_3,FUN_2
40314,2211,FUN_1,FUN_2
40340,8594,FUN_1,FUN_2
40348,8938,FUN_3,FUN_4
40354,23436,FUN_2,FUN_3
40369,23945,FUN_4,FUN_5
40375,3363,RET,CUBE_L
40378,1227,RET,CUBE_R
40382,27919,FUN_1,FUN_2
40411,1819,FUN_1,FUN_2
40427,11566,FUN_2,FUN_1
40437,2691,CUBE_R,RET
40438,9282,FUN_6,CUBE_R
40469,15328,FUN_2,FUN_1
40506,804,CUBE_L,FUN_1
40506,9247,CUBE_R,FUN_6
40510,2273,CUBE_L,RET
40513,29401,RET,CUBE_R
40515,17334,RET,CUBE_L
40527,14004,CUBE_R,FUN_6
40564,13894,FUN_1,FUN_2
40572,6983,FUN_3,FUN_2
40572,21449,FUN_3,FUN_4
40601,15344,FUN_5,FUN_4
40613,15254,FUN_4,FUN_3
40615,7395,FUN_4,FUN_3
40628,22515,FUN_1,FUN_2
40638,9748,FUN_1,FUN_2
40643,4124,FUN_2,FUN_3
40657,8594,FUN_2,FUN_1
40674,17711,FUN_1,FUN_2
40695,24615,FUN_3,FUN_2
40714,24447,FUN_1,FUN_2
40716,21881,FUN_3,FUN_2
40717,6071,FUN_2,FUN_1
40804,8479,FUN_3,FUN_2
40804,26069,FUN_2,FUN_3
40806,19009,RET,CUBE_R
40814,17167,FUN_1,FUN_2
40818,1637,FUN_2,FUN_3
40822,8775,FUN_4,FUN_3
40822,10217,FUN_2,FUN_3
40825,7267,FUN_2,FUN_1
40847,5743,FUN_3,FUN_4
40870,20233,FUN_2,FUN_3
40874,12115,FUN_1,FUN_2
40891,27524,FUN_5,FUN_6
40943,16075,FUN_2,FUN_3
40945,14807,FUN_6,CUBE_R
40951,9287,FUN_2,FUN_3
40960,7878,FUN_2,FUN_1
40997,2434,FUN_2,FUN_3
40999,8555,FUN_4,FUN_5
41067,19084,FUN_2,FUN_1
41105,11144,FUN_2,FUN_3
41129,6264,FUN_3,FUN_4
41134,18969,FUN_4,FUN_3
41136,19440,FUN_2,FUN_3
41140,24509,CUBE_L,RET
41144,3170,FUN_3,FUN_2
41166,15186,CUBE_R,RET
41176,9391,FUN_2,FUN_1
41177,8775,FUN_3,FUN_4
41195,26460,FUN_3,FUN_2
41202,6132,FUN_3,FUN_2
41202,28817,FUN_6,CUBE_R
41213,4408,FUN_3,FUN_2
41296,9247,FUN_6,CUBE_R
41306,5334,CUBE_R,RET
41314,10012,FUN_2,FUN_3
41319,5619,FUN_4,FUN_3
41322,238,FUN_3,FUN_2
41341,19084,FUN_1,FUN_2
41345,16579,FUN_1,FUN_2
41353,21754,FUN_4,FUN_3
41363,7565,FUN_2,FUN_3
41370,22697,RET,CUBE_L
41404,3645,CUBE_R,FUN_6
41434,26761,CUBE_L,RET
41439,238,FUN_2,FUN_3
41442,1227,CUBE_R,RET
41450,1808,FUN_3,FUN_4
41459,2201,FUN_2,FUN_1
41513,28507,FUN_3,FUN_2
41544,16801,FUN_3,FUN_4
41549,28193,RET,CUBE_L
41563,16232,FUN_3,FUN_2
41570,9119,CUBE_L,FUN_1
41573,21963,CUBE_R,RET
41576,28507,FUN_2,FUN_3
41583,2722,FUN_2,FUN_1
41590,7655,FUN_1,FUN_2
41596,24427,CUBE_R,RET
41600,1657,FUN_3,FUN_4
41616,19084,FUN_2,FUN_1
41640,3950,FUN_1,FUN_2
41643,4937,FUN_3,FUN_2
41665,6460,FUN_1,FUN_2
41672,18310,FUN_1,FUN_2
41678,2812,FUN_1,FUN_2
41681,8444,FUN_3,FUN_2
41691,5031,FUN_4,FUN_3
41710,15672,FUN_2,FUN_3
41715,8823,FUN_1,FUN_2
41733,13527,FUN_4,FUN_3
41743,9353,FUN_2,FUN_3
41762,15804,CUBE_R,FUN_6
41768,15974,CUBE_R,FUN_6
41807,26570,FUN_3,FUN_4
41809,29149,FUN_1,CUBE_L
41812,26180,FUN_1,FUN_2
41816,20776,FUN_3,FUN_2
41826,16892,FUN_4,FUN_3
41849,1657,FUN_4,FUN_3
41861,20731,RET,CUBE_R
41872,26460,FUN_2,FUN_3
41892,26460,FUN_3,FUN_2
41894,13979,FUN_5,FUN_6
41909,8594,FUN_1,FUN_2
41922,13143,FUN_4,FUN_5
41922,23704,FUN_5,FUN_6
41929,20225,FUN_4,FUN_3
41934,238,FUN_3,FUN_2
41948,5675,FUN_2,FUN_3
41986,20340,FUN_2,FUN_1
41987,10282,FUN_2,FUN_3
41996,18658,FUN_3,FUN_2
42009,26460,FUN_2,FUN_3
42014,3762,CUBE_L,RET
42056,7708,RET,CUBE_R
42059,10391,FUN_4,FUN_3
42073,1461,FUN_2,FUN_3
42076,110,FUN_1,FUN_2
42082,1841,RET,CUBE_L
42089,1657,FUN_3,FUN_4
42091,804,FUN_1,CUBE_L
42095,4257,FUN_2,FUN_1
42145,12341,FUN_2,FUN_3
42183,11144,FUN_3,FUN_2
42185,24284,FUN_4,FUN_3
42198,3906,FUN_3,FUN_4
42209,8521,FUN_3,FUN_2
42218,21211,FUN_1,FUN_2
42223,12115,FUN_2,FUN_1
42235,13170,CUBE_L,FUN_1
42261,26320,FUN_3,FUN_2
42267,27087,FUN_3,FUN_4
42270,27992,FUN_4,FUN_3
42314,11563,FUN_3,FUN_2
42315,8435,CUBE_R,RET
42331,28670,RET,CUBE_R
42359,15298,FUN_2,FUN_3
42362,2201,FUN_1,FUN_2
42369,19802,FUN_2,FUN_1
42375,28783,FUN_4,FUN_3
42379,11130,FUN_6,FUN_5
42390,27062,RET,CUBE_L
42394,10410,FUN_2,FUN_3
42432,8444,FUN_2,FUN_3
42434,2623,FUN_4,FUN_3
42456,13213,FUN_6,CUBE_R
42461,11438,CUBE_R,FUN_6
42521,643,FUN_4,FUN_5
42539,8131,FUN_3,FUN_2
42556,28443,FUN_4,FUN_3
42558,16797,RET,CUBE_L
42559,20361,FUN_2,FUN_3
42567,6797,RET,CUBE_L
42590,503,FUN_2,FUN_3
42594,15161,RET,CUBE_L
42597,23719,FUN_1,FUN_2
42598,12386,FUN_2,FUN_3
42618,6347,FUN_2,FUN_3
42619,11964,FUN_1,CUBE_L
42625,21880,CUBE_L,RET
42655,5831,CUBE_L,RET
42708,22865,FUN_3,FUN_2
42761,6264,FUN_4,FUN_3
42761,21123,FUN_1,FUN_2
42761,27903,FUN_3,FUN_4
42772,23850,FUN_3,FUN_2
42774,13677,CUBE_L,FUN_1
42803,5665,CUBE_R,RET
42806,13476,CUBE_L,FUN_1
42812,413,CUBE_R,FUN_6
42826,5242,FUN_3,FUN_4
42829,4673,FUN_1,FUN_2
42835,15154,CUBE_L,RET
42856,11188,RET,CUBE_R
42886,20575,FUN_3,FUN_2
42912,2201,FUN_2,FUN_1
42923,13871,CUBE_R,RET
42927,15095,FUN_2,FUN_3
42940,29744,FUN_3,FUN_4
42985,26675,FUN_3,FUN_2
42997,4257,FUN_1,FUN_2
43022,26761,RET,CUBE_L
43029,6264,FUN_3,FUN_4
43054,5319,RET,CUBE_R
43063,22408,FUN_2,FUN_1
43066,3950,FUN_2,FUN_1
43093,4287,FUN_2,FUN_1
43097,21788,FUN_5,FUN_6
43113,24676,FUN_3,FUN_4
43114,14899,FUN_2,FUN_3
43137,21132,FUN_3,FUN_2
43185,20470,FUN_3,FUN_2
43204,24615,FUN_2,FUN_3
43211,22404,FUN_2,FUN_1
43213,28091,FUN_3,FUN_4
43224,4257,FUN_2,FUN_1
43225,24636,CUBE_L,FUN_1
43235,15328,FUN_1,FUN_2
43244,22865,FUN_2,FUN_3
43261,804,CUBE_L,FUN_1
43261,23768,FUN_3,FUN_2
43263,16075,FUN_3,FUN_2
43265,2201,FUN_1,FUN_2
43265,25222,CUBE_R,FUN_6
43288,21154,FUN_4,FUN_5
43299,20488,FUN_2,FUN_3
43328,10875,FUN_1,FUN_2
43340,20078,FUN_3,FUN_4
43342,16801,FUN_4,FUN_3
43369,8749,FUN_4,FUN_3
43373,29524,FUN_3,FUN_2
43405,19989,CUBE_L,FUN_1
43411,26110,FUN_2,FUN_3
43468,7708,CUBE_R,RET
43479,6810,FUN_3,FUN_2
43509,3270,CUBE_R,RET
43527,4257,FUN_1,FUN_2
43555,328,FUN_2,FUN_3
43557,21788,FUN_6,FUN_5
43625,6132,FUN_2,FUN_3
43632,25872,FUN_3,FUN_2
43634,3364,FUN_3,FUN_2
43639,21902,CUBE_L,FUN_1
43660,21110,FUN_2,FUN_1
43666,29524,FUN_2,FUN_3
43671,17621,FUN_6,CUBE_R
43675,26761,CUBE_L,RET
43676,7687,CUBE_L,RET
43679,26981,FUN_2,FUN_1
43690,21406,FUN_1,FUN_2
43690,26483,FUN_4,FUN_5
43694,7845,FUN_5,FUN_4
43719,11438,FUN_6,CUBE_R
43729,4642,FUN_1,FUN_2
43814,22006,CUBE_R,RET
43820,5861,FUN_1,FUN_2
43828,17208,FUN_1,FUN_2
43833,29811,CUBE_L,FUN_1
43837,21130,FUN_2,FUN_1
43839,11282,FUN_2,FUN_1
43855,9215,FUN_2,FUN_3
43864,10391,FUN_3,FUN_4
43873,238,FUN_2,FUN_3
43873,29524,FUN_3,FUN_2
43875,7708,RET,CUBE_R
43875,15637,CUBE_R,FUN_6
43883,7045,RET,CUBE_R
43893,3583,FUN_1,FUN_2
43928,21788,FUN_5,FUN_6
43956,2324,FUN_5,FUN_6
43961,16140,FUN_1,FUN_2
43978,7655,FUN_2,FUN_1
43985,26807,CUBE_R,RET
43995,3173,FUN_5,FUN_4
43999,22137,FUN_3,FUN_2
44042,27231,FUN_2,FUN_1
44050,21123,FUN_2,FUN_1
44065,29933,FUN_2,FUN_3
44068,17727,FUN_3,FUN_4
44070,21680,RET,CUBE_R
44074,2782,FUN_1,FUN_2
44092,16892,FUN_3,FUN_4
44116,11183,FUN_1,CUBE_L
44133,13979,FUN_6,FUN_5
44158,17548,FUN_2,FUN_3
44183,3364,FUN_2,FUN_3
44187,14885,FUN_2,FUN_1
44208,8686,FUN_4,FUN_3
44251,5944,FUN_3,FUN_2
44254,2324,FUN_6,FUN_5
44260,26270,FUN_1,FUN_2
44272,28998,FUN_2,FUN_3
44280,16801,FUN_3,FUN_4
44289,2722,FUN_1,FUN_2
44299,8505,CUBE_R,FUN_6
44325,2324,FUN_5,FUN_6
44330,14885,FUN_1,FUN_2
44333,14223,RET,CUBE_R
44355,13677,FUN_1,CUBE_L
44361,11784,FUN_2,FUN_3
44369,25691,FUN_3,FUN_2
44386,2324,FUN_6,FUN_5
44401,21788,FUN_6,FUN_5
44407,15170,FUN_1,CUBE_L
44410,13181,FUN_1,FUN_2
44417,26417,FUN_2,FUN_1
44420,15993,FUN_2,FUN_1
44427,22976,FUN_4,FUN_5
44453,9119,FUN_1,CUBE_L
44497,26595,FUN_1,FUN_2
44510,9260,FUN_5,FUN_4
44515,20807,FUN_2,FUN_3
44544,1845,FUN_2,FUN_1
44553,17386,FUN_4,FUN_5
44584,884,FUN_1,FUN_2
44596,29825,RET,CUBE_L
44610,10588,FUN_3,FUN_2
44610,29744,FUN_4,FUN_3
44640,3755,FUN_2,FUN_3
44656,10012,FUN_3,FUN_2
44688,10525,FUN_2,FUN_3
44699,23456,FUN_6,CUBE_R
44723,27688,FUN_3,FUN_2
44743,28247,FUN_3,FUN_2
44758,28443,FUN_3,FUN_4
44799,14259,FUN_2,FUN_3
44803,9513,FUN_3,FUN_2
44818,27837,CUBE_R,RET
44819,9919,FUN_2,FUN_1
44829,27231,FUN_1,FUN_2
44834,22929,FUN_2,FUN_3
44840,12213,FUN_2,FUN_1
44844,15814,FUN_1,FUN_2
44879,12281,FUN_3,FUN_4
44902,813,FUN_2,FUN_3
44903,23197,FUN_3,FUN_4
44915,5877,FUN_2,FUN_3
44947,4279,FUN_3,FUN_2
44989,7127,CUBE_R,RET
45001,3140,FUN_5,FUN_4
45022,1595,FUN_5,FUN_4
45024,26743,FUN_5,FUN_4
45033,3645,FUN_6,CUBE_R
45042,4362,CUBE_R,RET
45057,26460,FUN_3,FUN_2
45061,3686,FUN_3,FUN_2
45076,11784,FUN_3,FUN_2
45077,19109,FUN_2,FUN_3
45077,25488,FUN_2,FUN_3
45082,26675,FUN_2,FUN_3
45093,15154,RET,CUBE_L
45103,2324,FUN_5,FUN_6
45129,9478,FUN_3,FUN_2
45133,17727,FUN_4,FUN_3
45138,15040,FUN_2,FUN_1
45140,27052,FUN_1,FUN_2
45143,23631,FUN_2,FUN_3
45144,22697,CUBE_L,RET
45186,13346,CUBE_L,FUN_1
45217,11251,FUN_4,FUN_3
45233,27356,CUBE_L,FUN_1
45294,5242,FUN_4,FUN_3
45308,2201,FUN_2,FUN_1
45339,28951,FUN_5,FUN_6
45345,16732,FUN_6,CUBE_R
45348,11438,CUBE_R,FUN_6
45350,26747,FUN_3,FUN_2
45352,3645,CUBE_R,FUN_6
45366,14885,FUN_2,FUN_1
45383,21177,RET,CUBE_R
45390,11964,CUBE_L,FUN_1
45407,8521,FUN_2,FUN_3
45455,18878,FUN_4,FUN_3
45458,5841,FUN_1,FUN_2
45460,643,FUN_5,FUN_4
45469,23300,FUN_2,FUN_3
45483,3822,FUN_1,FUN_2
45492,14733,RET,CUBE_L
45495,27006,FUN_5,FUN_6
45510,15804,FUN_6,CUBE_R
45519,29524,FUN_2,FUN_3
45533,6290,CUBE_R,RET
45562,3118,FUN_1,FUN_2
45586,25325,FUN_1,FUN_2
45605,11069,FUN_3,FUN_2
45624,14807,CUBE_R,FUN_6
45631,2782,FUN_2,FUN_1
45653,4817,CUBE_R,RET
45660,29527,FUN_3,FUN_2
45675,3053,FUN_4,FUN_3
45686,16892,FUN_4,FUN_3
45692,22408,FUN_1,FUN_2
45704,20340,FUN_1,FUN_2
45707,2722,FUN_2,FUN_1
45713,21902,FUN_1,CUBE_L
45724,23347,RET,CUBE_R
45733,17763,FUN_2,FUN_3
45746,2444,RET,CUBE_R
45775,3645,FUN_6,CUBE_R
45789,6132,FUN_3,FUN_2
45795,9513,FUN_2,FUN_3
45797,11784,FUN_2,FUN_3
45810,3762,RET,CUBE_L
45815,20807,FUN_3,FUN_2
45826,18566,FUN_6,CUBE_R
45827,20361,FUN_3,FUN_2
45850,4314,FUN_2,FUN_1
45856,8156,FUN_4,FUN_3
45859,28998,FUN_3,FUN_2
45884,1314,FUN_2,FUN_1
45888,14807,FUN_6,CUBE_R
45892,29546,FUN_4,FUN_5
45895,10588,FUN_2,FUN_3
45911,2324,FUN_6,FUN_5
45926,3170,FUN_2,FUN_3
45951,14807,CUBE_R,FUN_6
45995,17008,FUN_3,FUN_2
46003,10875,FUN_2,FUN_1
46006,15170,CUBE_L,FUN_1
46017,16417,RET,CUBE_L
46048,11282,FUN_1,FUN_2
46052,20228,FUN_1,FUN_2
46082,26747,FUN_2,FUN_3
46104,15720,FUN_3,FUN_2
46124,2676,FUN_6,CUBE_R
46153,21132,FUN_2,FUN_3
46172,3364,FUN_3,FUN_2
46187,16801,FUN_4,FUN_3
46192,27368,FUN_6,CUBE_R
46196,22346,RET,CUBE_R
46208,18979,FUN_2,FUN_3
46219,3686,FUN_2,FUN_3
46221,8089,FUN_6,CUBE_R
46224,15328,FUN_2,FUN_1
46260,12341,FUN_3,FUN_2
46326,12054,FUN_3,FUN_4
46347,14929,FUN_3,FUN_2
46358,21527,FUN_6,CUBE_R
46390,17982,RET,CUBE_L
46391,4544,RET,CUBE_R
46433,5929,CUBE_L,RET
46445,24509,RET,CUBE_L
46466,4398,FUN_4,FUN_5
46470,15186,RET,CUBE_R
46482,11401,FUN_3,FUN_4
46482,17727,FUN_3,FUN_4
46493,29104,FUN_3,FUN_2
46499,1199,FUN_3,FUN_4
46500,3367,FUN_3,FUN_2
46508,13005,FUN_6,FUN_5
46524,2444,CUBE_R,RET
46536,18453,FUN_4,FUN_3
46545,15720,FUN_2,FUN_3
46557,12755,RET,CUBE_R
46561,14807,FUN_6,CUBE_R
46569,10931,FUN_2,FUN_3
46569,15637,FUN_6,CUBE_R
46590,15032,FUN_3,FUN_2
46607,5665,RET,CUBE_R
46636,2606,CUBE_R,RET
46699,7067,FUN_5,FUN_4
46711,15401,CUBE_R,RET
46711,29527,FUN_2,FUN_3
46720,14955,FUN_5,FUN_6
46721,14872,FUN_4,FUN_3
46726,29002,FUN_6,CUBE_R
46735,25509,RET,CUBE_R
46758,3140,FUN_4,FUN_5
46759,11169,RET,CUBE_L
46768,21142,FUN_3,FUN_2
46770,2722,FUN_1,FUN_2
46798,14872,FUN_3,FUN_4
46803,7620,FUN_3,FUN_2
46803,19383,FUN_2,FUN_1
46811,24792,CUBE_R,RET
46814,18878,FUN_3,FUN_4
46825,2201,FUN_1,FUN_2
46838,14253,FUN_1,CUBE_L
46846,919,FUN_2,FUN_3
46865,26320,FUN_2,FUN_3
46872,13109,FUN_4,FUN_3
46875,5877,FUN_3,FUN_2
46879,18752,FUN_2,FUN_1
46882,20078,FUN_4,FUN_3
46886,18415,FUN_2,FUN_3
46909,26920,FUN_2,FUN_3
46910,10012,FUN_2,FUN_3
46929,6031,FUN_3,FUN_2
46932,10962,FUN_2,FUN_1
46956,28783,FUN_3,FUN_4
46978,18830,FUN_3,FUN_4
46999,29269,FUN_3,FUN_2
47015,13213,CUBE_R,FUN_6
47043,23197,FUN_4,FUN_3
47067,21177,CUBE_R,RET
47085,24487,CUBE_L,RET
47092,13423,CUBE_R,RET
47093,643,FUN_4,FUN_5
47099,27231,FUN_2,FUN_1
47112,19172,FUN_3,FUN_2
47139,22826,FUN_3,FUN_4
47158,1017,FUN_2,FUN_1
47178,919,FUN_3,FUN_2
47190,8156,FUN_3,FUN_4
47191,16801,FUN_3,FUN_4
47193,20810,FUN_5,FUN_6
47202,22267,FUN_4,FUN_5
47218,25184,FUN_3,FUN_2
47227,23850,FUN_2,FUN_3
47228,16098,FUN_2,FUN_1
47239,4258,FUN_1,CUBE_L
47252,5841,FUN_2,FUN_1
47254,6132,FUN_2,FUN_3
47266,27183,RET,CUBE_L
47282,5310,FUN_1,FUN_2
47282,15814,FUN_2,FUN_1
47296,18832,FUN_3,FUN_4
47356,3755,FUN_3,FUN_2
47357,9597,FUN_2,FUN_3
47375,20361,FUN_2,FUN_3
47377,920,FUN_2,FUN_3
47391,919,FUN_2,FUN_3
47392,9478,FUN_2,FUN_3
47409,24436,FUN_5,FUN_6
47427,29144,FUN_2,FUN_1
47437,6617,CUBE_R,RET
47461,2201,FUN_2,FUN_1
47465,22137,FUN_2,FUN_3
47474,5334,RET,CUBE_R
47478,2099,CUBE_L,RET
47481,21788,FUN_5,FUN_6
47483,1507,FUN_2,FUN_1
47487,919,FUN_3,FUN_2
47523,22438,FUN_4,FUN_3
47532,17975,FUN_6,FUN_5
47544,8224,FUN_3,FUN_2
47550,21857,FUN_4,FUN_3
47554,1541,FUN_1,FUN_2
47560,24792,RET,CUBE_R
47567,10597,FUN_6,FUN_5
47621,14253,CUBE_L,FUN_1
47639,7687,RET,CUBE_L
47641,18453,FUN_3,FUN_4
47653,919,FUN_2,FUN_3
47669,23704,FUN_6,FUN_5
47675,19553,FUN_4,FUN_3
47678,10673,FUN_2,FUN_1
47694,4398,FUN_5,FUN_4
47704,15892,FUN_4,FUN_3
47706,8224,FUN_2,FUN_3
47710,5665,CUBE_R,RET
47740,16220,FUN_2,FUN_3
47749,10678,FUN_2,FUN_1
47761,6031,FUN_2,FUN_3
47765,10931,FUN_3,FUN_2
47777,6093,FUN_2,FUN_3
47779,6429,FUN_3,FUN_2
47800,10836,RET,CUBE_R
47824,4376,CUBE_L,RET
47827,14872,FUN_4,FUN_3
47837,1898,FUN_3,FUN_2
47840,24792,CUBE_R,RET
47858,16273,FUN_4,FUN_3
47889,22077,RET,CUBE_R
47907,15993,FUN_1,FUN_2
47982,27090,RET,CUBE_R
47993,27087,FUN_4,FUN_3
47996,15814,FUN_1,FUN_2
48017,24676,FUN_4,FUN_3
48020,16417,CUBE_L,RET
48035,672,FUN_3,FUN_2
48045,23704,FUN_5,FUN_6
48062,13221,CUBE_R,RET
48089,12235,FUN_3,FUN_2
48095,17261,FUN_2,FUN_1
48108,15032,FUN_2,FUN_3
48109,11964,FUN_1,CUBE_L
48123,7349,FUN_3,FUN_4
48131,1017,FUN_1,FUN_2
48138,9919,FUN_1,FUN_2
48147,2695,FUN_4,FUN_3
48162,12115,FUN_1,FUN_2
48167,18658,FUN_2,FUN_3
48169,15184,CUBE_R,FUN_6
48179,15184,FUN_6,CUBE_R
48181,15184,CUBE_R,FUN_6
48186,16140,FUN_2,FUN_1
48187,15184,FUN_6,CUBE_R
48205,2528,RET,CUBE_R
48210,25184,FUN_2,FUN_3
48227,9611,FUN_5,FUN_4
48227,18307,RET,CUBE_R
48244,9353,FUN_3,FUN_2
48247,11386,FUN_3,FUN_4
48248,4408,FUN_2,FUN_3
48254,7620,FUN_2,FUN_3
48260,14253,FUN_1,CUBE_L
48279,20025,FUN_3,FUN_4
48298,7556,FUN_4,FUN_3
48337,15992,FUN_4,FUN_3
48362,10410,FUN_3,FUN_2
48364,18903,FUN_4,FUN_3
48375,6983,FUN_2,FUN_3
48388,18167,FUN_2,FUN_3
48394,23491,FUN_3,FUN_2
48410,8435,RET,CUBE_R
48423,6347,FUN_3,FUN_2
48435,11713,FUN_3,FUN_2
48442,1845,FUN_1,FUN_2
48479,789,CUBE_R,FUN_6
48497,7349,FUN_4,FUN_3
48510,16140,FUN_1,FUN_2
48535,10012,FUN_3,FUN_2
48541,25184,FUN_3,FUN_2
48544,28726,FUN_4,FUN_3
48545,28460,FUN_6,CUBE_R
48573,8791,RET,CUBE_R
48574,5841,FUN_1,FUN_2
48576,7565,FUN_3,FUN_2
48579,1507,FUN_1,FUN_2
48594,28091,FUN_4,FUN_3
48602,27062,CUBE_L,RET
48612,7565,FUN_2,FUN_3
48626,10282,FUN_3,FUN_2
48629,10221,CUBE_L,RET
48663,27183,CUBE_L,RET
48676,22006,RET,CUBE_R
48700,15040,FUN_1,FUN_2
48733,3140,FUN_5,FUN_4
48745,2838,FUN_1,FUN_2
48751,1461,FUN_3,FUN_2
48769,11069,FUN_2,FUN_3
48774,9611,FUN_4,FUN_5
48774,10282,FUN_2,FUN_3
48838,13491,FUN_3,FUN_4
48868,29144,FUN_1,FUN_2
48893,15892,FUN_3,FUN_4
48897,3715,FUN_3,FUN_2
48899,7647,FUN_4,FUN_3
48911,11311,CUBE_L,RET
48958,15328,FUN_1,FUN_2
48959,24792,RET,CUBE_R
48975,28678,FUN_2,FUN_3
48981,7760,FUN_6,FUN_5
48983,12087,FUN_3,FUN_2
48991,29117,FUN_1,FUN_2
49014,2178,FUN_2,FUN_3
49023,382,CUBE_R,RET
49027,9062,FUN_3,FUN_4
49028,27459,FUN_1,FUN_2
49033,23704,FUN_6,FUN_5
49036,789,FUN_6,CUBE_R
49046,16417,RET,CUBE_L
49060,11184,FUN_6,CUBE_R
49070,10179,FUN_2,FUN_1
49088,5135,FUN_3,FUN_4
49101,23335,CUBE_R,RET
49114,27459,FUN_2,FUN_1
49135,1314,FUN_1,FUN_2
49143,7144,FUN_2,FUN_3
49158,9970,FUN_2,FUN_3
49161,5203,FUN_5,FUN_6
49170,9611,FUN_5,FUN_4
49176,16220,FUN_3,FUN_2
49179,16197,FUN_3,FUN_4
49180,20197,FUN_3,FUN_2
49228,24653,FUN_5,FUN_4
49259,7170,CUBE_L,FUN_1
49276,15892,FUN_4,FUN_3
49279,2695,FUN_3,FUN_4
49281,672,FUN_2,FUN_3
49291,7045,CUBE_R,RET
49298,27006,FUN_6,FUN_5
49314,1314,FUN_2,FUN_1
49321,25691,FUN_2,FUN_3
49365,14885,FUN_1,FUN_2
49371,18438,CUBE_L,FUN_1
49382,26492,CUBE_R,RET
49404,13218,FUN_3,FUN_2
49447,2899,RET,CUBE_R
49449,29672,FUN_2,FUN_3
49450,2924,FUN_2,FUN_3
49451,26492,RET,CUBE_R
49462,6169,FUN_2,FUN_3
49472,11282,FUN_2,FUN_1
49487,20228,FUN_2,FUN_1
49490,24436,FUN_6,FUN_5
49512,20598,FUN_3,FUN_2
49554,9970,FUN_3,FUN_2
49568,19388,FUN_1,CUBE_L
49571,18903,FUN_3,FUN_4
49605,19388,CUBE_L,FUN_1
49619,1521,CUBE_R,FUN_6
49619,29920,FUN_3,FUN_2
49638,28266,FUN_3,FUN_2
49643,1637,FUN_3,FUN_2
49652,23745,RET,CUBE_L
49690,24695,FUN_4,FUN_3
49695,14381,FUN_4,FUN_3
49759,22515,FUN_2,FUN_1
49764,29144,FUN_2,FUN_1
49766,12347,CUBE_L,RET
49778,16380,FUN_3,FUN_4
49806,18140,FUN_3,FUN_2
49809,6031,FUN_3,FUN_2
49828,18307,CUBE_R,RET
49828,21225,FUN_6,FUN_5
49840,22302,FUN_2,FUN_3
49841,9353,FUN_2,FUN_3
49851,10217,FUN_3,FUN_2
49854,5929,RET,CUBE_L
49874,10179,FUN_1,FUN_2
49875,16184,FUN_5,FUN_6
49890,9299,FUN_1,CUBE_L
49911,2528,CUBE_R,RET
49912,27062,RET,CUBE_L
49917,6071,FUN_1,FUN_2
49918,25157,FUN_6,FUN_5
49938,5135,FUN_4,FUN_3
49941,6242,FUN_1,CUBE_L
49952,5665,RET,CUBE_R
49955,5120,FUN_3,FUN_2
49956,23850,FUN_3,FUN_2
49967,8686,FUN_3,FUN_4
49969,21997,FUN_3,FUN_4
49977,15328,FUN_2,FUN_1
49996,7791,FUN_2,FUN_1
50019,14955,FUN_6,FUN_5
50019,26570,FUN_4,FUN_3
50027,1541,FUN_2,FUN_1
50027,23099,FUN_6,FUN_5
50032,5877,FUN_2,FUN_3
50053,919,FUN_3,FUN_2
50061,22865,FUN_3,FUN_2
50071,29028,FUN_2,FUN_3
50078,4059,FUN_4,FUN_5
50079,7790,FUN_2,FUN_3
50104,18752,FUN_1,FUN_2
50107,16732,CUBE_R,FUN_6
50115,21588,CUBE_R,FUN_6
50132,15184,CUBE_R,FUN_6
50158,22865,FUN_2,FUN_3
50161,3686,FUN_3,FUN_2
50161,26988,FUN_2,FUN_3
50177,21962,CUBE_L,RET
50194,3770,CUBE_R,FUN_6
50195,28680,FUN_1,FUN_2
50204,14683,FUN_3,FUN_4
50209,27316,FUN_3,FUN_2
50212,27474,FUN_2,FUN_3
50243,28091,FUN_3,FUN_4
50258,7708,CUBE_R,RET
50258,22077,CUBE_R,RET
50300,9834,FUN_3,FUN_4
50302,2439,FUN_3,FUN_4
50303,29269,FUN_2,FUN_3
50306,1314,FUN_1,FUN_2
50333,28266,FUN_2,FUN_3
50336,6071,FUN_2,FUN_1
50344,9247,CUBE_R,FUN_6
50348,28998,FUN_2,FUN_3
50403,9038,RET,CUBE_R
50423,29085,FUN_3,FUN_4
50434,16368,FUN_1,CUBE_L
50436,9874,FUN_2,FUN_1
50440,5818,CUBE_L,RET
50460,15040,FUN_2,FUN_1
50461,29259,RET,CUBE_L
50478,20537,FUN_2,FUN_3
50482,8594,FUN_2,FUN_3
50493,8435,CUBE_R,RET
50515,22302,FUN_3,FUN_2
50518,22865,FUN_3,FUN_2
50534,26260,FUN_3,FUN_2
50537,23099,FUN_5,FUN_6
50547,6071,FUN_1,FUN_2
50550,17739,RET,CUBE_R
50561,21588,FUN_6,CUBE_R
50588,11188,CUBE_R,RET
50597,10179,FUN_2,FUN_1
50617,1701,FUN_1,FUN_2
50627,11311,RET,CUBE_L
50632,9970,FUN_2,FUN_3
50635,6071,FUN_2,FUN_1
50639,18351,FUN_5,FUN_6
50640,22865,FUN_2,FUN_3
50642,15480,FUN_4,FUN_5
50666,13513,FUN_1,FUN_2
50678,16368,CUBE_L,FUN_1
50705,16732,FUN_6,CUBE_R
50718,8839,FUN_3,FUN_2
50726,13284,CUBE_L,RET
50772,11069,FUN_3,FUN_2
50800,17739,CUBE_R,RET
50803,11282,FUN_1,FUN_2
50805,27839,FUN_2,FUN_3
50815,28783,FUN_4,FUN_3
50822,16098,FUN_1,FUN_2
50828,3686,FUN_2,FUN_3
50833,19689,FUN_2,FUN_3
50883,9174,FUN_2,FUN_3
50889,73,FUN_2,FUN_3
50892,29701,RET,CUBE_R
50904,6810,FUN_2,FUN_3
50920,10179,FUN_1,FUN_2
50942,28368,CUBE_L,RET
50953,10282,FUN_3,FUN_2
50958,73,FUN_3,FUN_2
50967,9215,FUN_3,FUN_2
50972,27913,FUN_2,FUN_1
50975,4059,FUN_5,FUN_4
50986,26180,FUN_2,FUN_1
50989,23768,FUN_2,FUN_3
50990,3686,FUN_3,FUN_2
50990,25542,FUN_3,FUN_4
51035,21123,FUN_1,FUN_2
51063,18891,FUN_4,FUN_3
51076,5582,FUN_3,FUN_4
51080,73,FUN_2,FUN_3
51082,16368,FUN_1,CUBE_L
51100,26570,FUN_3,FUN_4
51102,23165,FUN_1,CUBE_L
51110,19172,FUN_2,FUN_3
51114,8933,FUN_1,FUN_2
51117,25157,FUN_5,FUN_6
51120,25325,FUN_2,FUN_1
51122,15328,FUN_1,FUN_2
51134,18351,FUN_6,FUN_5
51153,6131,FUN_2,FUN_1
51180,3770,FUN_6,CUBE_R
51206,73,FUN_3,FUN_2
51223,3364,FUN_2,FUN_3
51249,5841,FUN_2,FUN_1
51253,23631,FUN_3,FUN_2
51308,1898,FUN_2,FUN_3
51310,20784,FUN_4,FUN_3
51336,7349,FUN_3,FUN_4
51365,5841,FUN_1,FUN_2
51378,27474,FUN_3,FUN_2
51384,15892,FUN_3,FUN_4
51467,5861,FUN_2,FUN_1
51485,20119,FUN_1,FUN_2
51507,14259,FUN_3,FUN_2
51529,15892,FUN_4,FUN_3
51531,20361,FUN_3,FUN_2
51532,14683,FUN_4,FUN_3
51535,11144,FUN_2,FUN_3
51540,16892,FUN_3,FUN_4
51544,17386,FUN_5,FUN_4
51549,2005,FUN_2,FUN_3
51579,8579,CUBE_L,RET
51579,20228,FUN_1,FUN_2
51590,20140,FUN_2,FUN_3
51594,27919,FUN_2,FUN_1
51596,27459,FUN_1,FUN_2
51598,18438,FUN_1,CUBE_L
51602,28507,FUN_3,FUN_2
51643,13677,CUBE_L,FUN_1
51657,1360,FUN_1,FUN_2
51658,29858,FUN_4,FUN_3
51673,14872,FUN_3,FUN_4
51682,4817,RET,CUBE_R
51697,28091,FUN_4,FUN_3
51775,16197,FUN_4,FUN_3
51797,21881,FUN_2,FUN_3
51808,10748,FUN_3,FUN_4
51809,15892,FUN_3,FUN_4
51823,7349,FUN_4,FUN_3
51832,13213,FUN_6,CUBE_R
51843,11459,RET,CUBE_L
51861,11856,FUN_3,FUN_2
51869,4561,FUN_3,FUN_4
51876,29144,FUN_1,FUN_2
51878,19341,CUBE_R,FUN_6
51911,11069,FUN_2,FUN_3
51914,21962,RET,CUBE_L
51920,2398,FUN_3,FUN_2
51929,10282,FUN_2,FUN_3
51940,27572,FUN_2,FUN_1
51941,18929,FUN_2,FUN_3
51945,21985,FUN_2,FUN_3
51977,14807,CUBE_R,FUN_6
51982,8214,FUN_2,FUN_3
51996,24676,FUN_3,FUN_4
52008,28081,FUN_3,FUN_2
52012,20917,CUBE_L,FUN_1
52014,5123,FUN_1,FUN_2
52026,16075,FUN_2,FUN_3
52034,14532,FUN_2,FUN_3
52034,27407,RET,CUBE_L
52048,29920,FUN_2,FUN_3
52095,2398,FUN_2,FUN_3
52143,11438,FUN_6,CUBE_R
52158,27459,FUN_2,FUN_1
52166,4408,FUN_3,FUN_2
52168,11697,CUBE_L,RET
52182,23850,FUN_2,FUN_3
52204,2371,FUN_5,FUN_4
52213,24033,FUN_2,FUN_1
52218,14852,FUN_3,FUN_2
52221,13677,FUN_1,CUBE_L
52231,10221,RET,CUBE_L
52232,4156,FUN_3,FUN_4
52244,15672,FUN_3,FUN_2
52247,3363,CUBE_L,RET
52247,4281,RET,CUBE_L
52249,10282,FUN_3,FUN_2
52278,561,FUN_2,FUN_1
52288,12213,FUN_1,FUN_2
52299,9391,FUN_1,FUN_2
52312,3906,FUN_4,FUN_3
52330,17386,FUN_4,FUN_5
52333,967,FUN_2,FUN_3
52364,29920,FUN_3,FUN_2
52384,24033,FUN_1,FUN_2
52425,25471,FUN_3,FUN_4
52428,10525,FUN_3,FUN_2
52434,19649,FUN_1,CUBE_L
52444,27129,FUN_3,FUN_4
52457,14955,FUN_5,FUN_6
52473,13677,CUBE_L,FUN_1
52476,18832,FUN_4,FUN_3
52476,19341,FUN_6,CUBE_R
52485,9215,FUN_2,FUN_3
52488,29085,FUN_4,FUN_3
52512,18072,CUBE_L,RET
52521,16220,FUN_2,FUN_3
52533,28657,RET,CUBE_L
52559,160,FUN_6,CUBE_R
52569,15992,FUN_3,FUN_4
52578,18302,FUN_3,FUN_4
52579,15536,FUN_3,FUN_2
52580,9119,CUBE_L,FUN_1
52591,4314,FUN_1,FUN_2
52600,17818,CUBE_L,FUN_1
52616,23197,FUN_3,FUN_4
52629,14862,FUN_4,FUN_5
52633,1808,FUN_4,FUN_3
52653,328,FUN_3,FUN_2
52659,4059,FUN_4,FUN_5
52660,14872,FUN_4,FUN_3
52665,2533,CUBE_R,FUN_6
52666,28091,FUN_3,FUN_4
52673,22618,FUN_2,FUN_3
52699,14807,FUN_6,CUBE_R
52710,13109,FUN_3,FUN_4
52713,2782,FUN_1,FUN_2
52719,4314,FUN_2,FUN_1
52727,4639,CUBE_R,RET
52736,14291,CUBE_R,RET
52742,4362,RET,CUBE_R
52750,18832,FUN_3,FUN_4
52756,8839,FUN_2,FUN_3
52766,16165,FUN_3,FUN_2
52775,23335,RET,CUBE_R
52792,19383,FUN_1,FUN_2
52796,21962,CUBE_L,RET
52823,1202,FUN_1,FUN_2
52831,7708,RET,CUBE_R
52844,4314,FUN_1,FUN_2
52854,2201,FUN_1,FUN_2
52858,21123,FUN_2,FUN_1
52866,14532,FUN_3,FUN_2
52881,4314,FUN_2,FUN_1
52903,2812,FUN_2,FUN_1
52909,26417,FUN_1,FUN_2
52912,28507,FUN_2,FUN_3
52935,21203,FUN_2,FUN_3
52979,2924,FUN_3,FUN_2
52983,393,FUN_3,FUN_2
52986,11979,CUBE_L,RET
52995,18351,FUN_5,FUN_6
52999,2623,FUN_3,FUN_4
53006,14259,FUN_2,FUN_3
53023,7647,FUN_3,FUN_4
53093,29920,FUN_2,FUN_3
53101,18752,FUN_2,FUN_1
53108,2751,FUN_1,FUN_2
53113,29477,FUN_1,FUN_2
53146,73,FUN_2,FUN_3
53165,21120,FUN_2,FUN_1
53176,27919,FUN_1,FUN_2
53191,29920,FUN_3,FUN_2
53199,19286,CUBE_L,FUN_1
53201,19286,FUN_1,CUBE_L
53229,8685,FUN_2,FUN_3
53232,21913,FUN_2,FUN_1
53252,26761,RET,CUBE_L
53266,4299,FUN_3,FUN_2
53284,13513,FUN_2,FUN_1
53289,23954,FUN_5,FUN_4
53291,13284,RET,CUBE_L
53299,20252,RET,CUBE_R
53300,7058,CUBE_R,FUN_6
53304,22346,CUBE_R,RET
53316,10673,FUN_1,FUN_2
53338,16368,CUBE_L,FUN_1
53348,13677,FUN_1,CUBE_L
53355,22197,FUN_2,FUN_3
53357,27006,FUN_5,FUN_6
53377,19631,FUN_4,FUN_5
53383,20078,FUN_3,FUN_4
53398,19341,CUBE_R,FUN_6
53409,10811,FUN_2,FUN_3
53411,4314,FUN_1,FUN_2
53420,25325,FUN_1,FUN_2
53424,3415,FUN_5,FUN_4
53428,10557,FUN_3,FUN_2
53448,24582,CUBE_L,RET
53477,6478,FUN_3,FUN_2
53488,18167,FUN_3,FUN_2
53493,2828,FUN_2,FUN_1
53511,25184,FUN_2,FUN_3
53526,3170,FUN_3,FUN_2
53531,18307,RET,CUBE_R
53547,14389,FUN_3,FUN_2
53567,1898,FUN_3,FUN_2
53584,2398,FUN_3,FUN_2
53591,27474,FUN_2,FUN_3
53608,15328,FUN_2,FUN_1
53612,848,FUN_3,FUN_4
53616,8302,CUBE_R,FUN_6
53619,13511,FUN_3,FUN_2
53625,24955,FUN_3,FUN_2
53626,6478,FUN_2,FUN_3
53639,2812,FUN_1,FUN_2
53681,13690,RET,CUBE_L
53690,12341,FUN_2,FUN_3
53707,4059,FUN_5,FUN_4
53709,22800,FUN_1,FUN_2
53710,8089,CUBE_R,FUN_6
53723,13677,CUBE_L,FUN_1
53725,27006,FUN_6,FUN_5
53741,22325,FUN_4,FUN_3
53748,25071,CUBE_L,FUN_1
53757,11894,FUN_2,FUN_1
53774,21527,CUBE_R,FUN_6
53778,15254,FUN_3,FUN_4
53787,11447,CUBE_L,RET
53790,19009,CUBE_R,RET
53840,8839,FUN_3,FUN_2
53856,2533,FUN_6,CUBE_R
53862,6478,FUN_3,FUN_2
53877,4059,FUN_4,FUN_5
53921,9304,CUBE_R,FUN_6
53921,27343,FUN_2,FUN_1
53944,3906,FUN_3,FUN_4
53944,13782,FUN_2,FUN_1
53949,11184,CUBE_R,FUN_6
53959,2533,CUBE_R,FUN_6
53986,22197,FUN_3,FUN_2
53989,29144,FUN_2,FUN_1
53996,27459,FUN_1,FUN_2
54028,16894,FUN_2,FUN_3
54038,23335,CUBE_R,RET
54039,23633,FUN_2,FUN_1
54064,10557,FUN_2,FUN_3
54067,1637,FUN_2,FUN_3
54070,2398,FUN_2,FUN_3
54078,24922,FUN_3,FUN_2
54081,8363,FUN_1,FUN_2
54087,24054,FUN_4,FUN_5
54091,11083,CUBE_R,FUN_6
54103,8089,FUN_6,CUBE_R
54110,27062,CUBE_L,RET
54117,22197,FUN_2,FUN_3
54123,19050,CUBE_L,FUN_1
54153,25891,FUN_5,FUN_4
54156,1314,FUN_2,FUN_1
54170,16804,FUN_3,FUN_4
54173,22438,FUN_3,FUN_4
54181,20040,FUN_1,FUN_2
54187,848,FUN_4,FUN_3
54202,21110,FUN_1,FUN_2
54211,21460,FUN_3,FUN_4
54224,28716,FUN_3,FUN_2
54226,2371,FUN_4,FUN_5
54229,16164,RET,CUBE_R
54237,26105,FUN_6,FUN_5
54244,10282,FUN_2,FUN_3
54247,4059,FUN_5,FUN_4
54257,22197,FUN_3,FUN_2
54274,8542,FUN_4,FUN_5
54295,10410,FUN_2,FUN_3
54301,29904,FUN_3,FUN_2
54315,23491,FUN_2,FUN_3
54343,26761,CUBE_L,RET
54347,27971,FUN_3,FUN_2
54352,11188,RET,CUBE_R
54355,11386,FUN_4,FUN_3
54374,9898,CUBE_R,RET
54382,142,FUN_3,FUN_4
54384,19050,FUN_1,CUBE_L
54394,25650,FUN_2,FUN_1
54405,24955,FUN_2,FUN_3
54406,28266,FUN_3,FUN_2
54432,23945,FUN_5,FUN_4
54434,27052,FUN_2,FUN_1
54445,5582,FUN_4,FUN_3
54448,21132,FUN_3,FUN_2
54453,18415,FUN_3,FUN_2
54467,6347,FUN_2,FUN_3
54480,21211,FUN_2,FUN_1
54496,8839,FUN_2,FUN_3
54555,27179,FUN_3,FUN_2
54557,10179,FUN_2,FUN_1
54561,3906,FUN_4,FUN_3
54563,18403,CUBE_L,FUN_1
54622,2371,FUN_5,FUN_4
54628,29591,FUN_6,FUN_5
54638,12125,FUN_4,FUN_5
54652,5395,RET,CUBE_L
54656,27572,FUN_1,FUN_2
54695,29259,CUBE_L,RET
54727,8525,FUN_3,FUN_2
54729,7791,FUN_1,FUN_2
54735,7655,FUN_1,FUN_2
54738,22508,FUN_2,FUN_1
54743,4817,CUBE_R,RET
54744,24352,FUN_3,FUN_4
54749,2812,FUN_2,FUN_1
54764,10234,FUN_2,FUN_3
54764,28657,CUBE_L,RET
54772,2178,FUN_3,FUN_2
54782,13946,FUN_2,FUN_1
54786,11856,FUN_2,FUN_3
54795,22995,RET,CUBE_L
54804,888,RET,CUBE_L
54811,18351,FUN_6,FUN_5
54824,20917,FUN_1,CUBE_L
54855,20340,FUN_2,FUN_1
54860,2398,FUN_3,FUN_2
54866,29811,FUN_1,CUBE_L
54874,22267,FUN_5,FUN_4
54892,5851,CUBE_R,RET
54896,3118,FUN_2,FUN_3
54925,25398,FUN_6,FUN_5
54936,15328,FUN_1,FUN_2
54950,10931,FUN_2,FUN_3
54954,14667,FUN_2,FUN_3
55012,95,FUN_4,FUN_3
55012,25691,FUN_3,FUN_2
55027,28657,RET,CUBE_L
55040,21123,FUN_1,FUN_2
55048,5062,CUBE_R,FUN_6
55060,15849,FUN_3,FUN_4
55063,28281,FUN_3,FUN_2
55080,22697,RET,CUBE_L
55080,23347,CUBE_R,RET
55083,23633,FUN_1,FUN_2
55087,2606,RET,CUBE_R
55087,3770,CUBE_R,FUN_6
55103,26761,RET,CUBE_L
55113,21913,FUN_1,FUN_2
55118,6335,CUBE_R,FUN_6
55125,22027,FUN_4,FUN_3
55137,29867,FUN_4,FUN_3
55139,5203,FUN_6,FUN_5
55156,19802,FUN_1,FUN_2
55168,14807,CUBE_R,FUN_6
55225,13690,CUBE_L,RET
55229,2686,FUN_5,FUN_6
55232,28657,CUBE_L,RET
55238,2396,FUN_3,FUN_4
55256,19629,FUN_3,FUN_2
55272,28636,FUN_2,FUN_1
55285,5235,FUN_3,FUN_2
55302,5395,CUBE_L,RET
55304,2398,FUN_2,FUN_3
55305,14291,RET,CUBE_R
55328,3495,FUN_3,FUN_2
55329,9304,FUN_6,CUBE_R
55332,9430,FUN_1,FUN_2
55333,21460,FUN_4,FUN_3
55341,9478,FUN_3,FUN_2
55371,27407,CUBE_L,RET
55382,13423,RET,CUBE_R
55399,10882,FUN_3,FUN_2
55421,27971,FUN_2,FUN_3
55447,8363,FUN_2,FUN_1
55447,14897,RET,CUBE_L
55454,8798,FUN_1,FUN_2
55475,14089,FUN_4,FUN_5
55476,9287,FUN_3,FUN_2
55478,16098,FUN_2,FUN_1
55478,21817,FUN_2,FUN_3
55496,17818,FUN_1,CUBE_L
55512,25398,FUN_5,FUN_6
55535,19388,FUN_1,CUBE_L
55535,24581,FUN_3,FUN_2
55567,10488,FUN_3,FUN_2
55582,19521,CUBE_L,RET
55590,7101,FUN_3,FUN_2
55599,10488,FUN_2,FUN_3
55606,7687,CUBE_L,RET
55615,28636,FUN_1,FUN_2
55620,24581,FUN_2,FUN_3
55626,21130,FUN_1,FUN_2
55630,10811,FUN_3,FUN_2
55641,5311,FUN_1,CUBE_L
55645,24564,FUN_6,FUN_5
55657,5566,FUN_3,FUN_4
55660,14872,FUN_3,FUN_4
55666,6889,FUN_4,FUN_3
55671,14004,FUN_6,CUBE_R
55674,25071,FUN_1,CUBE_L
55682,5310,FUN_2,FUN_1
55694,8089,CUBE_R,FUN_6
55704,10282,FUN_3,FUN_2
55727,14667,FUN_3,FUN_2
55744,7045,RET,CUBE_R
55747,20575,FUN_2,FUN_3
55752,17975,FUN_5,FUN_6
55777,28741,FUN_3,FUN_2
55793,848,FUN_3,FUN_4
55797,28636,FUN_2,FUN_1
55817,8918,FUN_1,FUN_2
55837,23954,FUN_4,FUN_5
55866,19521,RET,CUBE_L
55911,5395,RET,CUBE_L
55914,21548,RET,CUBE_L
55949,14667,FUN_2,FUN_3
55949,19009,RET,CUBE_R
55953,24955,FUN_3,FUN_2
55960,5203,FUN_5,FUN_6
56008,10497,RET,CUBE_R
56009,23633,FUN_2,FUN_1
56024,5395,CUBE_L,RET
56046,10234,FUN_3,FUN_2
56068,12087,FUN_2,FUN_3
56070,4146,FUN_4,FUN_3
56078,2533,FUN_6,CUBE_R
56090,14667,FUN_3,FUN_2
56093,10530,FUN_3,FUN_2
56109,24065,FUN_4,FUN_5
56118,25184,FUN_3,FUN_2
56127,19388,CUBE_L,FUN_1
56134,16075,FUN_3,FUN_2
56142,7687,RET,CUBE_L
56153,11784,FUN_3,FUN_2
56156,23861,FUN_4,FUN_3
56173,29269,FUN_3,FUN_2
56181,15580,FUN_5,FUN_4
56185,25071,CUBE_L,FUN_1
56234,2812,FUN_1,FUN_2
56263,643,FUN_5,FUN_4
56269,5566,FUN_4,FUN_3
56280,4287,FUN_1,FUN_2
56304,19646,FUN_5,FUN_6
56307,2788,FUN_4,FUN_3
56308,29269,FUN_2,FUN_3
56311,21298,FUN_3,FUN_2
56315,6764,FUN_5,FUN_6
56326,14920,FUN_2,FUN_3
56328,25325,FUN_2,FUN_1
56337,14291,CUBE_R,RET
56345,22404,FUN_1,FUN_2
56346,27032,CUBE_R,RET
56350,26179,FUN_3,FUN_2
56366,13423,CUBE_R,RET
56366,24054,FUN_5,FUN_4
56389,4447,FUN_3,FUN_2
56393,16063,CUBE_L,FUN_1
56395,24521,FUN_3,FUN_4
56424,19629,FUN_2,FUN_3
56437,14920,FUN_3,FUN_2
56439,12636,FUN_5,FUN_4
56469,12910,CUBE_R,RET
56474,27156,FUN_2,FUN_1
56476,7708,CUBE_R,RET
56476,21604,FUN_3,FUN_4
56525,8839,FUN_3,FUN_2
56556,2812,FUN_2,FUN_1
56584,9430,FUN_2,FUN_1
56594,5841,FUN_2,FUN_1
56604,23335,RET,CUBE_R
56607,22352,FUN_3,FUN_2
56649,1346,FUN_2,FUN_3
56671,15889,RET,CUBE_L
56714,14004,CUBE_R,FUN_6
56732,3523,CUBE_R,FUN_6
56733,14562,FUN_2,FUN_3
56763,3821,FUN_3,FUN_4
56779,2004,FUN_2,FUN_3
56784,13536,FUN_3,FUN_4
56815,15861,CUBE_L,RET
56828,22508,FUN_1,FUN_2
56832,9430,FUN_1,FUN_2
56836,10410,FUN_3,FUN_2
56843,10929,FUN_3,FUN_2
56863,5123,FUN_2,FUN_1
56877,879,FUN_5,FUN_6
56884,13170,FUN_1,CUBE_L
56903,7637,FUN_1,FUN_2
56907,6478,FUN_2,FUN_3
56918,4314,FUN_2,FUN_1
56924,28167,CUBE_L,RET
56951,4146,FUN_3,FUN_4
56958,5358,RET,CUBE_R
56961,3210,FUN_5,FUN_4
56961,28636,FUN_1,FUN_2
56977,21482,FUN_3,FUN_2
56981,10962,FUN_1,FUN_2
56988,26495,RET,CUBE_R
56999,8686,FUN_4,FUN_3
57003,5782,CUBE_L,RET
57043,9430,FUN_2,FUN_1
57053,9430,FUN_1,FUN_2
57057,5923,FUN_4,FUN_3
57097,18544,CUBE_L,RET
57098,8178,FUN_5,FUN_6
57099,1964,FUN_2,FUN_1
57127,12636,FUN_4,FUN_5
57152,4922,RET,CUBE_R
57163,25152,FUN_2,FUN_1
57177,28636,FUN_2,FUN_1
57177,21604,FUN_4,FUN_3
57182,21604,FUN_3,FUN_4
57184,7637,FUN_2,FUN_1
57184,18992,FUN_1,CUBE_L
57188,8363,FUN_1,FUN_2
57190,9174,FUN_3,FUN_2
57201,10410,FUN_2,FUN_3
57204,21604,FUN_4,FUN_3
57209,21604,FUN_3,FUN_4
57215,3583,FUN_2,FUN_1
57217,16380,FUN_4,FUN_3
57219,22916,CUBE_R,RET
57226,561,FUN_1,FUN_2
57237,28984,FUN_2,FUN_3
57242,25650,FUN_1,FUN_2
57258,28290,CUBE_R,FUN_6
57315,10488,FUN_3,FUN_2
57319,27928,FUN_5,FUN_4
57339,29144,FUN_1,FUN_2
57345,1701,FUN_2,FUN_1
57358,2528,RET,CUBE_R
57364,25187,FUN_3,FUN_4
57367,6889,FUN_3,FUN_4
57396,8815,FUN_2,FUN_1
57398,10673,FUN_2,FUN_1
57416,13380,RET,CUBE_L
57420,19466,FUN_2,FUN_3
57420,28368,RET,CUBE_L
57424,28412,FUN_4,FUN_3
57426,17137,FUN_3,FUN_2
57434,28081,FUN_2,FUN_3
57436,26782,FUN_3,FUN_4
57450,21482,FUN_2,FUN_3
57461,22193,RET,CUBE_R
57517,20078,FUN_4,FUN_3
57526,4281,CUBE_L,RET
57540,6314,FUN_3,FUN_4
57547,25152,FUN_1,FUN_2
57550,26311,CUBE_L,FUN_1
57563,15194,CUBE_L,RET
57571,23333,CUBE_L,RET
57574,2533,CUBE_R,FUN_6
57598,13511,FUN_2,FUN_3
57619,2967,CUBE_R,RET
57619,10410,FUN_3,FUN_2
57641,26495,CUBE_R,RET
57666,27088,FUN_2,FUN_3
57669,29904,FUN_2,FUN_3
57685,14920,FUN_2,FUN_3
57687,19953,FUN_2,FUN_1
57733,12608,FUN_3,FUN_2
57734,17435,FUN_5,FUN_6
57735,9247,FUN_6,CUBE_R
57760,20470,FUN_2,FUN_3
57762,8815,FUN_1,FUN_2
57765,6404,CUBE_L,RET
57783,8131,FUN_2,FUN_1
57794,19580,FUN_3,FUN_2
57819,27156,FUN_1,FUN_2
57821,1964,FUN_1,FUN_2
57834,10012,FUN_2,FUN_3
57840,5448,FUN_2,FUN_3
57848,8870,CUBE_R,RET
57853,4447,FUN_2,FUN_3
57854,2157,FUN_6,CUBE_R
57861,29904,FUN_3,FUN_2
57902,10409,FUN_5,FUN_4
57935,29269,FUN_3,FUN_2
57938,24436,FUN_5,FUN_6
57944,1701,FUN_1,FUN_2
57957,23292,CUBE_L,FUN_1
57973,18140,FUN_2,FUN_3
57984,27572,FUN_2,FUN_1
57988,20796,FUN_1,FUN_2
57995,13980,FUN_5,FUN_6
57996,13464,FUN_4,FUN_5
58007,879,FUN_6,FUN_5
58007,25398,FUN_6,FUN_5
58015,738,CUBE_L,FUN_1
58025,17609,FUN_3,FUN_2
58027,25152,FUN_2,FUN_1
58032,18992,CUBE_L,FUN_1
58032,26495,RET,CUBE_R
58049,4146,FUN_4,FUN_3
58058,1701,FUN_2,FUN_1
58065,6335,FUN_6,CUBE_R
58071,1845,FUN_2,FUN_1
58072,21132,FUN_2,FUN_3
58073,17818,CUBE_L,FUN_1
58091,27572,FUN_1,FUN_2
58119,18351,FUN_5,FUN_6
58119,9787,CUBE_L,FUN_1
58123,10391,FUN_4,FUN_3
58137,8938,FUN_4,FUN_3
58139,25134,FUN_2,FUN_3
58157,29904,FUN_2,FUN_3
58170,25323,CUBE_L,RET
58182,11856,FUN_3,FUN_2
58182,18351,FUN_6,FUN_5
58192,9868,CUBE_L,RET
58193,10891,CUBE_L,RET
58202,6347,FUN_3,FUN_2
58202,18766,FUN_3,FUN_2
58206,26981,FUN_1,FUN_2
58214,29904,FUN_3,FUN_2
58215,29904,FUN_2,FUN_3
58222,25476,FUN_2,FUN_1
58225,14259,FUN_3,FUN_2
58249,5395,RET,CUBE_L
58256,23768,FUN_3,FUN_2
58269,14,FUN_4,FUN_3
58296,14,FUN_3,FUN_4
58301,14667,FUN_2,FUN_3
58305,24615,FUN_3,FUN_2
58312,10875,FUN_1,FUN_2
58319,6071,FUN_1,FUN_2
58325,17386,FUN_5,FUN_4
58328,15032,FUN_3,FUN_2
58330,1077,CUBE_L,FUN_1
58368,19903,FUN_1,FUN_2
58383,23777,FUN_2,FUN_3
58388,6760,FUN_3,FUN_2
58394,2465,FUN_4,FUN_3
58403,27459,FUN_2,FUN_1
58405,23646,FUN_3,FUN_2
58410,26495,CUBE_R,RET
58411,27052,FUN_1,FUN_2
58437,5220,CUBE_R,FUN_6
58456,18891,FUN_3,FUN_4
58465,10375,FUN_3,FUN_2
58466,20148,FUN_1,FUN_2
58478,5877,FUN_3,FUN_2
58512,22193,CUBE_R,RET
58531,9299,CUBE_L,FUN_1
58534,26306,RET,CUBE_L
58545,11188,CUBE_R,RET
58548,8353,FUN_4,FUN_3
58548,17137,FUN_2,FUN_3
58562,21211,FUN_1,FUN_2
58601,29757,FUN_1,FUN_2
58612,23919,CUBE_L,FUN_1
58615,29144,FUN_2,FUN_1
58637,14,FUN_4,FUN_3
58653,26930,FUN_3,FUN_2
58654,21913,FUN_2,FUN_1
58661,2812,FUN_1,FUN_2
58664,2686,FUN_6,FUN_5
58668,29144,FUN_1,FUN_2
58673,2348,FUN_3,FUN_4
58673,10217,FUN_2,FUN_3
58690,22267,FUN_4,FUN_5
58693,3950,FUN_1,FUN_2
58694,4292,FUN_2,FUN_1
58695,9299,FUN_1,CUBE_L
58710,21225,FUN_5,FUN_6
58732,13513,FUN_1,FUN_2
58760,24284,FUN_3,FUN_4
58762,14897,CUBE_L,RET
58787,11894,FUN_1,FUN_2
58810,545,FUN_3,FUN_2
58827,4937,FUN_2,FUN_3
58829,92,FUN_5,FUN_4
58837,9919,FUN_2,FUN_1
58844,10678,FUN_1,FUN_2
58845,13819,FUN_1,FUN_2
58847,8541,CUBE_R,RET
58854,9611,FUN_4,FUN_5
58875,18766,FUN_2,FUN_3
58884,8505,FUN_6,CUBE_R
58891,4905,CUBE_L,RET
58891,13909,FUN_3,FUN_2
58893,19466,FUN_3,FUN_2
58899,17975,FUN_6,FUN_5
58903,20252,CUBE_R,RET
58909,29269,FUN_2,FUN_3
58919,2828,FUN_1,FUN_2
58926,8160,FUN_4,FUN_3
58926,19466,FUN_2,FUN_3
58945,19580,FUN_2,FUN_3
58954,3583,FUN_1,FUN_2
58970,10882,FUN_2,FUN_3
58978,888,CUBE_L,RET
58981,23197,FUN_4,FUN_3
59002,95,FUN_3,FUN_4
59013,14004,FUN_6,CUBE_R
59053,29524,FUN_3,FUN_2
59082,2348,FUN_4,FUN_3
59105,18929,FUN_3,FUN_2
59106,28091,FUN_4,FUN_3
59113,20022,RET,CUBE_R
59124,14626,FUN_1,FUN_2
59133,26495,RET,CUBE_R
59138,18979,FUN_3,FUN_2
59146,13023,FUN_2,FUN_3
59148,2348,FUN_3,FUN_4
59216,4117,FUN_3,FUN_4
59230,22995,CUBE_L,RET
59243,11169,CUBE_L,RET
59259,17727,FUN_4,FUN_3
59263,13464,FUN_5,FUN_4
59275,19629,FUN_3,FUN_2
59278,19365,FUN_5,FUN_6
59278,28081,FUN_3,FUN_2
59283,2812,FUN_2,FUN_1
59290,25200,FUN_4,FUN_3
59293,27343,FUN_1,FUN_2
59293,15344,FUN_4,FUN_5
59298,2348,FUN_4,FUN_3
59301,2812,FUN_1,FUN_2
59309,13511,FUN_3,FUN_2
59321,18766,FUN_3,FUN_2
59324,8436,CUBE_R,RET
59338,4059,FUN_4,FUN_5
59345,24558,CUBE_R,RET
59354,92,FUN_4,FUN_5
59359,561,FUN_2,FUN_1
59377,22197,FUN_2,FUN_3
59392,15344,FUN_5,FUN_4
59425,14920,FUN_3,FUN_2
59426,1964,FUN_2,FUN_1
59453,92,FUN_5,FUN_4
59453,28091,FUN_3,FUN_4
59461,1077,FUN_1,CUBE_L
59464,29731,FUN_2,FUN_3
59476,24558,RET,CUBE_R
59481,29744,FUN_3,FUN_4
59484,393,FUN_2,FUN_3
59488,2685,CUBE_R,FUN_6
59511,2348,FUN_3,FUN_4
59535,6071,FUN_2,FUN_1
59542,10012,FUN_3,FUN_2
59559,10811,FUN_2,FUN_3
59651,14004,CUBE_R,FUN_6
59666,27751,FUN_4,FUN_3
59673,2348,FUN_4,FUN_3
59690,13464,FUN_4,FUN_5
59700,21913,FUN_1,FUN_2
59719,13536,FUN_4,FUN_3
59720,13909,FUN_2,FUN_3
59722,8178,FUN_6,FUN_5
59731,15194,RET,CUBE_L
59769,18544,RET,CUBE_L
59771,29115,FUN_6,CUBE_R
59785,20552,FUN_3,FUN_4
59800,22865,FUN_3,FUN_2
59830,10488,FUN_2,FUN_3
59836,160,CUBE_R,FUN_6
59895,12370,FUN_3,FUN_2
59900,25338,FUN_2,FUN_3
59954,7687,CUBE_L,RET
60040,6071,FUN_1,FUN_2
60066,9353,FUN_3,FUN_2
60083,28669,FUN_3,FUN_2
60085,15032,FUN_2,FUN_3
60097,19646,FUN_6,FUN_5
60105,23491,FUN_3,FUN_2
60171,9287,FUN_2,FUN_3
60193,5862,FUN_3,FUN_2
60204,18167,FUN_2,FUN_3
60222,27079,RET,CUBE_L
60246,20252,RET,CUBE_R
60257,2157,CUBE_R,FUN_6
60260,23992,FUN_6,CUBE_R
60260,25557,FUN_4,FUN_3
60277,10310,FUN_2,FUN_1
60284,5220,FUN_6,CUBE_R
60287,15726,FUN_2,FUN_1
60332,3523,FUN_6,CUBE_R
60352,3686,FUN_2,FUN_3
60377,8839,FUN_2,FUN_3
60397,18059,FUN_3,FUN_2
60416,6264,FUN_4,FUN_3
60433,19784,FUN_2,FUN_3
60441,27812,FUN_3,FUN_4
60445,5690,FUN_2,FUN_3
60448,27410,CUBE_L,RET
60451,12235,FUN_2,FUN_3
60467,5851,RET,CUBE_R
60477,14920,FUN_2,FUN_3
60496,5861,FUN_1,FUN_2
60506,19161,CUBE_L,RET
60512,4117,FUN_4,FUN_3
60525,5235,FUN_2,FUN_3
60530,18542,FUN_4,FUN_5
60536,12351,FUN_2,FUN_1
60540,15032,FUN_3,FUN_2
60545,26495,CUBE_R,RET
60550,393,FUN_3,FUN_2
60558,9970,FUN_3,FUN_2
60586,3210,FUN_4,FUN_5
60595,29920,FUN_2,FUN_3
60599,13782,FUN_1,FUN_2
60603,8938,FUN_3,FUN_4
60604,21913,FUN_2,FUN_1
60612,18992,FUN_1,CUBE_L
60613,14291,RET,CUBE_R
60632,11281,FUN_3,FUN_2
60634,95,FUN_4,FUN_3
60643,8089,FUN_6,CUBE_R
60646,10419,FUN_2,FUN_1
60649,12569,FUN_6,FUN_5
60655,19629,FUN_2,FUN_3
60701,8839,FUN_3,FUN_2
60719,11311,CUBE_L,RET
60724,27955,CUBE_R,FUN_6
60775,11566,FUN_1,FUN_2
60783,20252,CUBE_R,RET
60796,14740,FUN_4,FUN_3
60805,21460,FUN_3,FUN_4
60816,10375,FUN_2,FUN_3
60817,160,FUN_6,CUBE_R
60818,26944,RET,CUBE_L
60818,28081,FUN_2,FUN_3
60826,28669,FUN_2,FUN_3
60856,12045,FUN_3,FUN_2
60859,28266,FUN_2,FUN_3
60879,29154,FUN_4,FUN_3
60891,2201,FUN_2,FUN_1
60891,27837,RET,CUBE_R
60899,8839,FUN_2,FUN_3
60918,24003,FUN_3,FUN_2
60935,15170,FUN_1,CUBE_L
60936,2004,FUN_3,FUN_2
60936,9874,FUN_1,FUN_2
60942,4059,FUN_5,FUN_4
60957,26495,RET,CUBE_R
60970,12341,FUN_3,FUN_2
60981,13888,CUBE_R,FUN_6
60982,425,FUN_4,FUN_5
60994,23838,FUN_3,FUN_2
61013,19084,FUN_1,FUN_2
61016,3821,FUN_4,FUN_3
61054,28766,FUN_5,FUN_4
61068,28462,FUN_4,FUN_5
61072,10179,FUN_1,FUN_2
61081,19161,RET,CUBE_L
61105,12341,FUN_2,FUN_3
61106,1251,RET,CUBE_L
61110,5923,FUN_3,FUN_4
61116,6314,FUN_4,FUN_3
61122,21962,RET,CUBE_L
61137,11311,RET,CUBE_L
61145,26495,CUBE_R,RET
61147,16469,RET,CUBE_R
61205,5924,FUN_2,FUN_1
61209,24168,CUBE_R,FUN_6
61211,8685,FUN_3,FUN_2
61237,3479,FUN_4,FUN_5
61249,23335,CUBE_R,RET
61265,13380,CUBE_L,RET
61267,12341,FUN_3,FUN_2
61272,12045,FUN_2,FUN_3
61273,18322,FUN_4,FUN_5
61281,18296,FUN_3,FUN_4
61281,19161,CUBE_L,RET
61285,13909,FUN_3,FUN_2
61299,27913,FUN_1,FUN_2
61312,28462,FUN_5,FUN_4
61338,5342,RET,CUBE_R
61342,393,FUN_2,FUN_3
61363,19161,RET,CUBE_L
61366,10477,FUN_6,FUN_5
61380,25058,CUBE_R,RET
61390,20340,FUN_1,FUN_2
61424,5851,CUBE_R,RET
61434,12910,RET,CUBE_R
61458,28266,FUN_3,FUN_2
61472,1637,FUN_3,FUN_2
61486,22325,FUN_3,FUN_4
61496,5831,RET,CUBE_L
61508,2812,FUN_2,FUN_1
61509,2924,FUN_2,FUN_3
61529,2398,FUN_3,FUN_2
61555,18102,FUN_6,FUN_5
61558,13909,FUN_2,FUN_3
61561,18296,FUN_4,FUN_3
61565,27231,FUN_1,FUN_2
61583,6093,FUN_3,FUN_2
61585,11401,FUN_4,FUN_3
61647,5395,CUBE_L,RET
61666,14291,CUBE_R,RET
61666,15032,FUN_2,FUN_3
61669,24293,CUBE_L,FUN_1
61677,19629,FUN_3,FUN_2
61700,28657,RET,CUBE_L
61709,13536,FUN_3,FUN_4
61710,1637,FUN_2,FUN_3
61740,1637,FUN_3,FUN_2
61751,8548,FUN_2,FUN_3
61768,24251,FUN_5,FUN_4
61781,8602,CUBE_R,RET
61783,1637,FUN_2,FUN_3
61795,28496,FUN_2,FUN_1
61802,3583,FUN_2,FUN_1
61809,19161,CUBE_L,RET
61836,20340,FUN_2,FUN_1
61867,8548,FUN_3,FUN_2
61867,18544,CUBE_L,RET
61888,24955,FUN_2,FUN_3
61911,29104,FUN_2,FUN_3
61943,11463,FUN_1,CUBE_L
61964,18322,FUN_5,FUN_4
62018,2211,FUN_2,FUN_1
62057,14745,FUN_3,FUN_4
62077,13690,RET,CUBE_L
62098,19689,FUN_3,FUN_2
62108,10282,FUN_2,FUN_3
62168,26930,FUN_2,FUN_3
62199,4287,FUN_2,FUN_1
62220,2398,FUN_2,FUN_3
62229,18296,FUN_3,FUN_4
62242,10012,FUN_2,FUN_3
62248,28951,FUN_6,FUN_5
62257,14897,RET,CUBE_L
62298,5690,FUN_3,FUN_2
62305,4299,FUN_2,FUN_3
62308,16469,CUBE_R,RET
62316,23992,CUBE_R,FUN_6
62367,5690,FUN_2,FUN_3
62372,29757,FUN_2,FUN_1
62379,26460,FUN_2,FUN_3
62391,1637,FUN_3,FUN_2
62393,21123,FUN_2,FUN_1
62417,2398,FUN_3,FUN_2
62439,8248,FUN_2,FUN_1
62455,11894,FUN_2,FUN_1
62474,8685,FUN_2,FUN_3
62491,20552,FUN_4,FUN_3
62543,29154,FUN_3,FUN_4
62575,2211,FUN_1,FUN_2
62576,485,FUN_4,FUN_5
62580,23643,FUN_1,FUN_2
62610,24121,CUBE_R,RET
62619,15032,FUN_3,FUN_2
62624,7788,FUN_3,FUN_2
62655,29191,FUN_2,FUN_1
62664,14253,CUBE_L,FUN_1
62684,13380,RET,CUBE_L
62697,8870,RET,CUBE_R
62721,13585,CUBE_L,RET
62727,12783,CUBE_R,FUN_6
62730,931,FUN_1,FUN_2
62752,12792,CUBE_R,RET
62756,20419,CUBE_L,FUN_1
62775,5358,CUBE_R,RET
62775,10310,FUN_1,FUN_2
62794,3583,FUN_1,FUN_2
62800,26218,FUN_4,FUN_3
62805,24189,FUN_1,CUBE_L
62812,9597,FUN_3,FUN_2
62826,15184,FUN_6,CUBE_R
62826,20346,CUBE_R,RET
62850,19521,CUBE_L,RET
62879,561,FUN_1,FUN_2
62886,789,CUBE_R,FUN_6
62895,28386,FUN_5,FUN_4
62906,15032,FUN_2,FUN_3
62919,2623,FUN_4,FUN_3
62960,8602,RET,CUBE_R
62968,2788,FUN_3,FUN_4
62977,11459,CUBE_L,RET
63026,26036,CUBE_R,FUN_6
63029,13380,CUBE_L,RET
63043,5836,FUN_1,CUBE_L
63058,14920,FUN_3,FUN_2
63075,12569,FUN_5,FUN_6
63087,7791,FUN_2,FUN_3
63091,5690,FUN_3,FUN_2
63094,20419,FUN_1,CUBE_L
63100,9320,FUN_6,CUBE_R
63104,27572,FUN_2,FUN_1
63124,13023,FUN_3,FUN_2
63174,27912,FUN_3,FUN_4
63178,919,FUN_2,FUN_3
63186,7101,FUN_2,FUN_3
63192,13536,FUN_4,FUN_3
63197,8131,FUN_1,FUN_2
63215,5062,FUN_6,CUBE_R
63251,14667,FUN_3,FUN_2
63256,10217,FUN_3,FUN_2
63309,7240,FUN_3,FUN_4
63309,8870,CUBE_R,RET
63310,22557,FUN_1,FUN_2
63315,11784,FUN_2,FUN_3
63339,4408,FUN_2,FUN_3
63347,16469,RET,CUBE_R
63350,28266,FUN_2,FUN_3
63354,27079,CUBE_L,RET
63371,2229,FUN_3,FUN_2
63371,28281,FUN_2,FUN_3
63384,20807,FUN_2,FUN_3
63390,13023,FUN_2,FUN_3
63395,7277,FUN_3,FUN_4
63400,21142,FUN_2,FUN_3
63402,13112,FUN_2,FUN_1
63407,13675,FUN_5,FUN_4
63435,12045,FUN_3,FUN_2
63493,21311,CUBE_R,RET
63504,2528,CUBE_R,RET
63533,17334,CUBE_L,RET
63537,24615,FUN_2,FUN_3
63577,1541,FUN_1,FUN_2
63592,485,FUN_5,FUN_4
63623,22352,FUN_2,FUN_3
63628,5690,FUN_2,FUN_3
63638,23335,RET,CUBE_R
63642,24615,FUN_3,FUN_2
63656,22587,FUN_4,FUN_3
63666,701,CUBE_L,FUN_1
63681,1541,FUN_2,FUN_1
63683,22618,FUN_3,FUN_2
63683,29878,FUN_4,FUN_3
63693,8548,FUN_2,FUN_3
63701,19629,FUN_2,FUN_3
63701,26495,RET,CUBE_R
63704,6365,RET,CUBE_R
63704,9541,FUN_2,FUN_3
63717,393,FUN_3,FUN_2
63721,13690,CUBE_L,RET
63740,5062,CUBE_R,FUN_6
63763,27410,RET,CUBE_L
63765,5782,RET,CUBE_L
63783,16892,FUN_4,FUN_3
63787,23474,CUBE_R,RET
63791,13380,RET,CUBE_L
63821,29872,FUN_1,CUBE_L
63824,27751,FUN_3,FUN_4
63843,2348,FUN_3,FUN_4
63852,13511,FUN_2,FUN_3
63857,9089,FUN_2,FUN_3
63881,21548,CUBE_L,RET
63896,5358,RET,CUBE_R
63910,27557,FUN_1,FUN_2
63915,29191,FUN_1,FUN_2
63953,11281,FUN_2,FUN_3
63976,701,FUN_1,CUBE_L
63981,6365,CUBE_R,RET
63986,24806,FUN_2,FUN_1
63997,18296,FUN_4,FUN_3
64001,7845,FUN_4,FUN_5
64001,29524,FUN_2,FUN_3
64010,14860,CUBE_R,FUN_6
64018,8479,FUN_2,FUN_3
64033,28266,FUN_3,FUN_2
64069,10282,FUN_3,FUN_2
64143,19009,CUBE_R,RET
64178,4796,FUN_2,FUN_3
64193,25279,FUN_3,FUN_2
64193,15720,FUN_3,FUN_2
64200,22362,FUN_3,FUN_2
64236,28174,FUN_2,FUN_1
64242,10477,FUN_5,FUN_6
64268,22028,CUBE_L,RET
64273,4292,FUN_1,FUN_2
64284,12211,FUN_5,FUN_6
64288,5062,FUN_6,CUBE_R
64311,22587,FUN_3,FUN_4
64317,17208,FUN_2,FUN_3
64363,8568,RET,CUBE_R
64378,8395,FUN_3,FUN_2
64388,21482,FUN_3,FUN_2
64396,6431,RET,CUBE_L
64415,19689,FUN_2,FUN_3
64419,5862,FUN_2,FUN_3
64438,8699,FUN_2,FUN_1
64445,26449,FUN_3,FUN_2
64456,21123,FUN_1,FUN_2
64472,13690,RET,CUBE_L
64489,9834,FUN_4,FUN_3
64490,25071,FUN_1,CUBE_L
64522,25605,CUBE_R,RET
64539,13023,FUN_3,FUN_2
64540,24945,FUN_2,FUN_1
64541,2854,CUBE_R,FUN_6
64550,26351,FUN_3,FUN_2
64568,13980,FUN_6,FUN_5
64572,13066,FUN_4,FUN_5
64574,9337,FUN_2,FUN_1
64599,6264,FUN_3,FUN_4
64599,27088,FUN_3,FUN_2
64603,22352,FUN_3,FUN_2
64607,21225,FUN_6,FUN_5
64630,24521,FUN_4,FUN_3
64653,9328,FUN_5,FUN_6
64655,21662,FUN_3,FUN_2
64657,28386,FUN_4,FUN_5
64675,9328,FUN_6,FUN_5
64675,24168,FUN_6,CUBE_R
64702,2433,FUN_2,FUN_3
64707,25476,FUN_1,FUN_2
64724,813,FUN_3,FUN_2
64733,7362,CUBE_L,FUN_1
64738,9178,FUN_3,FUN_4
64747,5818,RET,CUBE_L
64776,21123,FUN_2,FUN_1
64778,2623,FUN_3,FUN_4
64782,9178,FUN_4,FUN_3
64792,14872,FUN_4,FUN_3
64833,13023,FUN_2,FUN_3
64853,13941,FUN_3,FUN_2
64860,24582,RET,CUBE_L
64873,9748,FUN_2,FUN_1
64873,28606,FUN_2,FUN_3
64878,28496,FUN_1,FUN_2
64896,13617,CUBE_L,RET
64922,21880,RET,CUBE_L
64923,13244,FUN_5,FUN_6
64927,14291,RET,CUBE_R
64934,11563,FUN_2,FUN_3
64954,4673,FUN_2,FUN_1
64959,13821,RET,CUBE_L
64970,25476,FUN_2,FUN_1
64976,4156,FUN_4,FUN_3
64993,24615,FUN_2,FUN_3
64998,18686,FUN_1,FUN_2
65005,13822,FUN_2,FUN_3
65021,1162,FUN_1,FUN_2
65037,2623,FUN_4,FUN_3
65037,20148,FUN_2,FUN_1
65061,12281,FUN_4,FUN_3
65112,15431,FUN_2,FUN_1
65129,9919,FUN_1,FUN_2
65138,26495,CUBE_R,RET
65155,20807,FUN_3,FUN_2
65155,21709,FUN_3,FUN_2
65161,27020,FUN_2,FUN_1
65162,3363,RET,CUBE_L
65165,21880,CUBE_L,RET
65167,25200,FUN_3,FUN_4
65167,25476,FUN_1,FUN_2
65169,25476,FUN_2,FUN_1
65170,25476,FUN_1,FUN_2
65180,5062,CUBE_R,FUN_6
65191,29443,FUN_2,FUN_1
65230,7395,FUN_3,FUN_4
65231,15720,FUN_2,FUN_3
65233,24521,FUN_3,FUN_4
65244,19957,FUN_1,FUN_2
65261,2433,FUN_3,FUN_2
65262,13822,FUN_3,FUN_2
65267,29500,FUN_4,FUN_3
65268,2291,FUN_4,FUN_5
65271,7725,FUN_2,FUN_1
65282,25567,FUN_2,FUN_3
65285,22028,RET,CUBE_L
65298,9178,FUN_3,FUN_4
65298,19784,FUN_3,FUN_2
65300,8089,CUBE_R,FUN_6
65302,21880,RET,CUBE_L
65309,12792,RET,CUBE_R
65325,2849,CUBE_R,FUN_6
65363,26449,FUN_2,FUN_3
65371,7831,FUN_3,FUN_2
65393,14004,FUN_6,CUBE_R
65404,10806,FUN_2,FUN_1
65404,21880,CUBE_L,RET
65426,15804,CUBE_R,FUN_6
65447,15184,CUBE_R,FUN_6
65451,5062,FUN_6,CUBE_R
65485,19689,FUN_3,FUN_2
65493,5831,CUBE_L,RET
65494,21709,FUN_2,FUN_3
65494,29524,FUN_3,FUN_2
65496,11894,FUN_1,FUN_2
65501,23197,FUN_3,FUN_4
65509,11563,FUN_3,FUN_2
65509,22865,FUN_2,FUN_3
65515,12341,FUN_2,FUN_3
65547,19521,RET,CUBE_L
65554,6168,FUN_5,FUN_6
65564,23474,RET,CUBE_R
65592,10725,FUN_2,FUN_3
65592,29102,FUN_3,FUN_4
65606,29004,FUN_1,FUN_2
65628,8248,FUN_1,FUN_2
65644,24806,FUN_1,FUN_2
65653,23777,FUN_3,FUN_2
65705,23474,CUBE_R,RET
65706,9541,FUN_3,FUN_2
65717,16850,FUN_4,FUN_3
65722,11426,CUBE_R,FUN_6
65726,10179,FUN_2,FUN_1
65744,4817,RET,CUBE_R
65751,13959,FUN_1,CUBE_L
65759,21461,FUN_5,FUN_4
65788,11281,FUN_3,FUN_2
65791,22587,FUN_4,FUN_3
65802,24784,FUN_3,FUN_2
65812,15344,FUN_4,FUN_5
65822,19969,FUN_5,FUN_4
65833,22134,FUN_3,FUN_2
65834,12281,FUN_3,FUN_4
65848,9007,RET,CUBE_R
65865,6264,FUN_4,FUN_3
65873,13423,RET,CUBE_R
65890,29117,FUN_2,FUN_1
65912,21933,FUN_6,FUN_5
65914,3367,FUN_2,FUN_3
65927,28496,FUN_2,FUN_1
65948,22928,FUN_3,FUN_4
65951,29028,FUN_3,FUN_2
65954,7831,FUN_2,FUN_3
66006,29102,FUN_4,FUN_3
66026,6085,FUN_2,FUN_1
66036,9007,CUBE_R,RET
66051,27557,FUN_2,FUN_1
66052,29144,FUN_2,FUN_1
66077,3053,FUN_3,FUN_4
66081,16437,FUN_3,FUN_2
66089,23292,FUN_1,CUBE_L
66107,10985,CUBE_L,RET
66119,21123,FUN_1,FUN_2
66120,11894,FUN_2,FUN_1
66121,13443,CUBE_R,FUN_6
66122,29144,FUN_1,FUN_2
66153,23777,FUN_2,FUN_3
66156,9611,FUN_5,FUN_4
66167,11503,FUN_1,FUN_2
66172,29144,FUN_2,FUN_1
66196,20333,FUN_1,FUN_2
66220,18891,FUN_4,FUN_3
66240,14860,FUN_6,CUBE_R
66241,18686,FUN_2,FUN_1
66241,28606,FUN_3,FUN_2
66251,3644,FUN_3,FUN_2
66261,2812,FUN_1,FUN_2
66263,28496,FUN_1,FUN_2
66334,13380,CUBE_L,RET
66347,29144,FUN_1,FUN_2
66348,2765,FUN_4,FUN_3
66402,28368,CUBE_L,RET
66406,15184,FUN_6,CUBE_R
66410,21311,RET,CUBE_R
66417,1788,RET,CUBE_L
66421,23768,FUN_2,FUN_3
66424,2533,FUN_6,CUBE_R
66428,27752,FUN_2,FUN_1
66432,15298,FUN_3,FUN_2
66434,13380,RET,CUBE_L
66469,27719,FUN_3,FUN_4
66486,485,FUN_4,FUN_5
66492,20208,CUBE_L,FUN_1
66552,22673,CUBE_R,RET
66554,11909,FUN_1,FUN_2
66565,15027,FUN_1,FUN_2
66566,2788,FUN_4,FUN_3
66573,21582,FUN_2,FUN_3
66586,11958,FUN_4,FUN_5
66593,29912,FUN_2,FUN_3
66599,10223,FUN_2,FUN_3
66601,11958,FUN_5,FUN_4
66603,13946,FUN_1,FUN_2
66643,13023,FUN_3,FUN_2
66662,20504,FUN_2,FUN_3
66694,20361,FUN_2,FUN_3
66695,21709,FUN_3,FUN_2
66711,5062,CUBE_R,FUN_6
66719,9288,CUBE_L,RET
66720,19784,FUN_2,FUN_3
66733,10291,FUN_2,FUN_3
66745,9892,FUN_3,FUN_2
66750,15892,FUN_4,FUN_3
66755,12281,FUN_4,FUN_3
66784,11757,CUBE_L,RET
66788,2899,CUBE_R,RET
66821,10582,FUN_2,FUN_1
66826,15720,FUN_3,FUN_2
66826,20208,FUN_1,CUBE_L
66849,9208,FUN_3,FUN_2
66866,18415,FUN_2,FUN_3
66875,6290,RET,CUBE_R
66898,19561,FUN_3,FUN_4
66904,15726,FUN_1,FUN_2
66904,23945,FUN_4,FUN_5
66911,25200,FUN_4,FUN_3
66921,13380,CUBE_L,RET
66930,5502,CUBE_L,RET
66936,28638,RET,CUBE_R
66940,19957,FUN_2,FUN_1
66947,3053,FUN_4,FUN_3
66948,29117,FUN_1,FUN_2
66956,23382,FUN_5,FUN_4
67007,21482,FUN_2,FUN_3
67034,27088,FUN_2,FUN_3
67039,22325,FUN_4,FUN_3
67050,18351,FUN_5,FUN_6
67052,16204,FUN_2,FUN_1
67053,29847,FUN_4,FUN_3
67062,13941,FUN_2,FUN_3
67071,238,FUN_3,FUN_2
67073,15809,CUBE_L,RET
67078,11784,FUN_3,FUN_2
67087,24945,FUN_1,FUN_2
67092,1541,FUN_1,FUN_2
67104,19109,FUN_3,FUN_2
67135,18686,FUN_1,FUN_2
67144,5831,RET,CUBE_L
67145,8505,CUBE_R,FUN_6
67159,18296,FUN_3,FUN_4
67165,9748,FUN_1,FUN_2
67169,20552,FUN_3,FUN_4
67180,16934,CUBE_R,FUN_6
67191,15464,FUN_2,FUN_1
67196,23292,CUBE_L,FUN_1
67199,21709,FUN_2,FUN_3
67219,8505,FUN_6,CUBE_R
67225,21776,FUN_3,FUN_4
67232,1314,FUN_1,FUN_2
67235,22325,FUN_3,FUN_4
67260,485,FUN_5,FUN_4
67283,15357,FUN_4,FUN_3
67287,27048,FUN_2,FUN_1
67305,21897,FUN_2,FUN_1
67316,5214,FUN_3,FUN_4
67324,27048,FUN_1,FUN_2
67327,23491,FUN_2,FUN_3
67353,23795,FUN_3,FUN_2
67370,20197,FUN_2,FUN_3
67375,9834,FUN_3,FUN_4
67376,12211,FUN_6,FUN_5
67386,11958,FUN_4,FUN_5
67397,27963,FUN_3,FUN_2
67417,10419,FUN_1,FUN_2
67422,10012,FUN_3,FUN_2
67424,2321,FUN_4,FUN_3
67424,23292,FUN_1,CUBE_L
67430,21461,FUN_4,FUN_5
67431,14667,FUN_2,FUN_3
67433,884,FUN_2,FUN_1
67438,15861,RET,CUBE_L
67493,1940,FUN_5,FUN_6
67521,7101,FUN_3,FUN_2
67522,13109,FUN_4,FUN_3
67540,8131,FUN_2,FUN_1
67549,24940,CUBE_L,RET
67554,24290,FUN_1,FUN_2
67556,3367,FUN_3,FUN_2
67556,27572,FUN_1,FUN_2
67568,9208,FUN_2,FUN_3
67580,738,FUN_1,CUBE_L
67588,4817,CUBE_R,RET
67638,3210,FUN_5,FUN_4
67640,21788,FUN_6,FUN_5
67644,15720,FUN_2,FUN_3
67722,13946,FUN_2,FUN_1
67725,8699,FUN_1,FUN_2
67739,17486,FUN_3,FUN_4
67769,5659,FUN_1,FUN_2
67796,8685,FUN_3,FUN_2
67797,29928,FUN_4,FUN_3
67826,23945,FUN_5,FUN_4
67827,14872,FUN_3,FUN_4
67837,24940,RET,CUBE_L
67839,29500,FUN_3,FUN_4
67841,3210,FUN_4,FUN_5
67893,8685,FUN_2,FUN_3
67898,22325,FUN_4,FUN_3
67910,5786,FUN_3,FUN_4
67916,8471,FUN_4,FUN_3
67923,13946,FUN_1,FUN_2
67926,25134,FUN_3,FUN_2
67934,29872,CUBE_L,FUN_1
67951,6703,FUN_1,CUBE_L
67961,18438,CUBE_L,FUN_1
67980,9320,CUBE_R,FUN_6
68010,27912,FUN_4,FUN_3
68011,7788,FUN_2,FUN_3
68022,7084,FUN_2,FUN_3
68035,5596,CUBE_L,FUN_1
68049,26944,CUBE_L,RET
68053,16437,FUN_2,FUN_3
68062,5592,RET,CUBE_R
68070,1940,FUN_6,FUN_5
68070,10985,RET,CUBE_L
68080,25872,FUN_2,FUN_3
68092,9809,FUN_4,FUN_5
68128,7687,RET,CUBE_L
68150,11581,FUN_1,CUBE_L
68158,11248,CUBE_L,RET
68162,29928,FUN_3,FUN_4
68168,238,FUN_2,FUN_3
68172,18891,FUN_3,FUN_4
68177,11242,FUN_2,FUN_3
68178,813,FUN_2,FUN_3
68180,21815,FUN_2,FUN_1
68231,9215,FUN_3,FUN_2
68250,10282,FUN_2,FUN_3
68268,24054,FUN_4,FUN_5
68271,10282,FUN_3,FUN_2
68309,24521,FUN_4,FUN_3
68339,12956,FUN_2,FUN_1
68353,5877,FUN_2,FUN_3
68361,12103,CUBE_L,RET
68374,10394,FUN_5,FUN_6
68389,1701,FUN_1,FUN_2
68392,485,FUN_4,FUN_5
68392,14807,FUN_6,CUBE_R
68418,5570,FUN_6,CUBE_R
68432,238,FUN_3,FUN_2
68432,29144,FUN_2,FUN_1
68435,15720,FUN_3,FUN_2
68498,24940,CUBE_L,RET
68514,12134,FUN_2,FUN_3
68520,20346,RET,CUBE_R
68522,24784,FUN_2,FUN_3
68526,10282,FUN_2,FUN_3
68539,12359,FUN_6,FUN_5
68541,987,FUN_2,FUN_3
68542,27837,CUBE_R,RET
68548,17609,FUN_2,FUN_3
68548,29718,FUN_2,FUN_3
68575,28081,FUN_3,FUN_2
68594,28476,FUN_5,FUN_4
68603,29524,FUN_2,FUN_3
68626,10375,FUN_3,FUN_2
68632,28412,FUN_3,FUN_4
68641,8685,FUN_3,FUN_2
68654,29115,CUBE_R,FUN_6
68685,13731,FUN_1,CUBE_L
68696,1226,FUN_3,FUN_4
68708,17167,FUN_2,FUN_3
68722,10410,FUN_2,FUN_3
68737,29718,FUN_3,FUN_2
68744,9892,FUN_2,FUN_3
68749,10904,CUBE_L,FUN_1
68776,19395,FUN_3,FUN_2
68782,25325,FUN_1,FUN_2
68785,10282,FUN_3,FUN_2
68802,3118,FUN_3,FUN_2
68802,10772,FUN_5,FUN_6
68807,24940,RET,CUBE_L
68817,12387,CUBE_L,RET
68821,2788,FUN_3,FUN_4
68821,10282,FUN_2,FUN_3
68823,13822,FUN_2,FUN_3
68835,21815,FUN_1,FUN_2
68850,7617,FUN_2,FUN_3
68856,5570,CUBE_R,FUN_6
68871,24427,RET,CUBE_R
68874,10282,FUN_3,FUN_2
68906,12252,FUN_4,FUN_5
68911,5782,CUBE_L,RET
68919,425,FUN_5,FUN_4
68919,9337,FUN_1,FUN_2
68924,21933,FUN_5,FUN_6
68925,2812,FUN_2,FUN_1
68937,19709,FUN_4,FUN_5
68938,19957,FUN_1,FUN_2
68940,27048,FUN_2,FUN_1
68957,23292,CUBE_L,FUN_1
68963,10217,FUN_2,FUN_3
68967,21933,FUN_6,FUN_5
68976,2854,FUN_6,CUBE_R
68977,18072,RET,CUBE_L
68977,27557,FUN_1,FUN_2
68982,15861,CUBE_L,RET
68983,4817,RET,CUBE_R
69009,21788,FUN_5,FUN_6
69012,15381,CUBE_L,RET
69014,238,FUN_2,FUN_3
69022,22325,FUN_3,FUN_4
69026,16526,FUN_3,FUN_2
69061,25184,FUN_2,FUN_3
69063,19512,FUN_2,FUN_1
69065,9898,RET,CUBE_R
69071,8548,FUN_3,FUN_2
69102,11185,CUBE_L,RET
69133,9611,FUN_4,FUN_5
69135,29602,FUN_6,FUN_5
69138,23020,CUBE_R,RET
69141,25291,FUN_3,FUN_2
69156,14363,FUN_3,FUN_4
69174,19365,FUN_6,FUN_5
69175,2433,FUN_2,FUN_3
69195,29718,FUN_2,FUN_3
69219,20252,RET,CUBE_R
69220,12792,CUBE_R,RET
69227,8525,FUN_2,FUN_3
69231,18296,FUN_4,FUN_3
69261,28638,CUBE_R,RET
69276,11566,FUN_2,FUN_1
69280,23643,FUN_2,FUN_1
69287,21110,FUN_2,FUN_1
69303,12474,FUN_4,FUN_5
69325,14807,CUBE_R,FUN_6
69330,21815,FUN_2,FUN_1
69366,5955,CUBE_R,FUN_6
69373,4817,CUBE_R,RET
69386,19374,FUN_3,FUN_2
69393,19561,FUN_4,FUN_3
69396,3415,FUN_4,FUN_5
69436,19395,FUN_2,FUN_3
69445,3367,FUN_2,FUN_3
69451,7942,RET,CUBE_L
69459,485,FUN_5,FUN_4
69460,238,FUN_3,FUN_2
69460,6621,FUN_2,FUN_3
69460,23491,FUN_3,FUN_2
69460,23128,FUN_3,FUN_4
69490,14329,FUN_2,FUN_1
69498,4505,FUN_4,FUN_5
69511,27572,FUN_2,FUN_1
69524,15184,CUBE_R,FUN_6
69527,3821,FUN_3,FUN_4
69531,7617,FUN_3,FUN_2
69531,29912,FUN_3,FUN_2
69547,24290,FUN_2,FUN_1
69549,11581,CUBE_L,FUN_1
69551,15989,FUN_2,FUN_3
69570,23020,RET,CUBE_R
69584,3118,FUN_2,FUN_3
69588,10582,FUN_1,FUN_2
69597,22408,FUN_2,FUN_3
69608,24940,CUBE_L,RET
69612,23292,FUN_1,CUBE_L
69620,16218,FUN_2,FUN_3
69636,27721,FUN_3,FUN_2
69645,20047,FUN_4,FUN_5
69650,4288,FUN_3,FUN_4
69674,27912,FUN_3,FUN_4
69699,10497,CUBE_R,RET
69699,18628,CUBE_R,FUN_6
69723,21130,FUN_2,FUN_1
69726,6264,FUN_3,FUN_4
69726,16585,FUN_2,FUN_3
69729,27660,FUN_3,FUN_2
69744,10904,FUN_1,CUBE_L
69744,23694,FUN_2,FUN_1
69749,23491,FUN_2,FUN_3
69751,28154,FUN_3,FUN_4
69784,987,FUN_3,FUN_2
69787,14562,FUN_3,FUN_2
69804,22775,FUN_2,FUN_3
69824,23347,RET,CUBE_R
69826,25872,FUN_3,FUN_2
69846,19689,FUN_2,FUN_3
69849,987,FUN_2,FUN_3
69853,73,FUN_3,FUN_2
69855,10012,FUN_2,FUN_3
69868,884,FUN_1,FUN_2
69876,10410,FUN_3,FUN_2
69879,28951,FUN_5,FUN_6
69894,27721,FUN_2,FUN_3
69904,17117,CUBE_R,RET
69935,16892,FUN_3,FUN_4
69938,7687,CUBE_L,RET
69940,18526,FUN_4,FUN_5
69944,17931,FUN_4,FUN_5
69948,5719,FUN_3,FUN_4
69951,27089,FUN_2,FUN_1
69953,5214,FUN_4,FUN_3
69961,12607,CUBE_L,RET
69970,10772,FUN_6,FUN_5
69988,24008,FUN_4,FUN_5
70010,20361,FUN_3,FUN_2
70029,23795,FUN_2,FUN_3
70039,23768,FUN_3,FUN_2
70049,6547,FUN_3,FUN_4
70051,16469,CUBE_R,RET
70055,8521,FUN_3,FUN_2
70064,2201,FUN_1,FUN_2
70069,6805,FUN_6,CUBE_R
70075,29443,FUN_1,FUN_2
70086,12956,FUN_1,FUN_2
70094,2433,FUN_3,FUN_2
70106,18716,FUN_3,FUN_2
70120,5929,CUBE_L,RET
70147,6636,RET,CUBE_R
70148,26492,CUBE_R,RET
70163,8216,CUBE_R,RET
70171,10497,RET,CUBE_R
70181,17208,FUN_3,FUN_2
70194,5203,FUN_6,FUN_5
70205,3415,FUN_5,FUN_4
70206,17117,RET,CUBE_R
70225,23777,FUN_3,FUN_2
70293,10410,FUN_2,FUN_3
70309,28105,CUBE_R,RET
70311,5214,FUN_3,FUN_4
70336,29028,FUN_2,FUN_3
70340,11401,FUN_3,FUN_4
70343,25291,FUN_2,FUN_3
70353,5245,CUBE_L,RET
70354,17988,CUBE_R,RET
70377,9320,FUN_6,CUBE_R
70380,24582,CUBE_L,RET
70389,11958,FUN_5,FUN_4
70393,4509,FUN_5,FUN_6
70418,12868,FUN_5,FUN_4
70426,11512,FUN_2,FUN_3
70440,29182,FUN_1,FUN_2
70478,627,FUN_5,FUN_6
70483,28391,FUN_3,FUN_4
70487,13822,FUN_3,FUN_2
70503,4292,FUN_2,FUN_1
70518,10310,FUN_2,FUN_1
70525,29443,FUN_2,FUN_1
70530,24806,FUN_2,FUN_1
70538,2597,FUN_2,FUN_1
70544,27089,FUN_1,FUN_2
70566,9541,FUN_2,FUN_3
70577,2899,RET,CUBE_R
70581,27955,FUN_6,CUBE_R
70589,4505,FUN_5,FUN_4
70604,15526,FUN_2,FUN_3
70613,238,FUN_2,FUN_3
70628,21132,FUN_3,FUN_2
70628,8179,FUN_3,FUN_2
70642,18716,FUN_2,FUN_3
70648,20340,FUN_1,FUN_2
70652,9320,CUBE_R,FUN_6
70653,9215,FUN_2,FUN_3
70669,627,FUN_6,FUN_5
70680,19886,FUN_2,FUN_3
70688,14876,FUN_2,FUN_1
70714,23768,FUN_2,FUN_3
70718,28509,RET,CUBE_L
70728,15357,FUN_3,FUN_4
70753,7687,RET,CUBE_L
70760,6621,FUN_3,FUN_2
70764,7235,FUN_3,FUN_4
70789,5924,FUN_1,FUN_2
70791,27048,FUN_1,FUN_2
70807,26795,FUN_3,FUN_2
70808,238,FUN_3,FUN_2
70814,15344,FUN_5,FUN_4
70822,16585,FUN_3,FUN_2
70826,10424,FUN_2,FUN_1
70833,14807,FUN_6,CUBE_R
70836,24564,FUN_5,FUN_6
70841,9178,FUN_4,FUN_3
70864,15601,FUN_4,FUN_3
70870,6621,FUN_2,FUN_3
70882,6602,FUN_4,FUN_3
70898,10409,FUN_4,FUN_5
70899,13732,FUN_3,FUN_2
70907,26111,FUN_2,FUN_3
70928,6602,FUN_3,FUN_4
71059,19969,FUN_4,FUN_5
71063,9597,FUN_2,FUN_3
71070,3415,FUN_4,FUN_5
71076,15381,RET,CUBE_L
71086,6602,FUN_4,FUN_3
71089,17931,FUN_5,FUN_4
71131,6180,FUN_2,FUN_3
71140,19631,FUN_5,FUN_4
71166,8548,FUN_2,FUN_3
71192,10849,FUN_5,FUN_4
71203,21791,CUBE_L,RET
71205,19689,FUN_3,FUN_2
71212,15601,FUN_3,FUN_4
71223,28391,FUN_4,FUN_3
71225,6085,FUN_1,FUN_2
71239,12932,FUN_3,FUN_2
71240,6602,FUN_3,FUN_4
71247,8525,FUN_3,FUN_2
71272,29115,FUN_6,CUBE_R
71280,19290,FUN_2,FUN_1
71281,23945,FUN_4,FUN_5
71289,15381,CUBE_L,RET
71334,5220,CUBE_R,FUN_6
71371,25291,FUN_3,FUN_2
71386,25325,FUN_2,FUN_1
71390,12044,FUN_2,FUN_1
71420,15357,FUN_4,FUN_3
71430,15381,RET,CUBE_L
71444,7463,FUN_3,FUN_2
71460,24345,FUN_2,FUN_1
71462,17988,RET,CUBE_R
71468,9337,FUN_2,FUN_1
71470,2321,FUN_3,FUN_4
71490,20047,FUN_5,FUN_4
71495,25441,FUN_3,FUN_2
71496,14294,FUN_3,FUN_4
71497,7831,FUN_3,FUN_2
71499,19521,CUBE_L,RET
71501,24600,CUBE_L,RET
71506,8471,FUN_3,FUN_4
71516,2008,FUN_2,FUN_3
71562,4292,FUN_1,FUN_2
71581,25325,FUN_1,FUN_2
71608,19820,CUBE_R,RET
71622,10282,FUN_2,FUN_3
71625,18628,FUN_6,CUBE_R
71634,5220,FUN_6,CUBE_R
71634,8685,FUN_2,FUN_3
71649,3893,FUN_3,FUN_2
71674,21130,FUN_1,FUN_2
71728,14811,FUN_2,FUN_3
71733,18965,FUN_3,FUN_2
71753,8216,RET,CUBE_R
71761,15381,CUBE_L,RET
71761,9178,FUN_3,FUN_4
71778,17931,FUN_4,FUN_5
71779,6872,CUBE_R,FUN_6
71784,5120,FUN_2,FUN_3
71790,7524,CUBE_R,FUN_6
71791,15381,RET,CUBE_L
71801,20078,FUN_3,FUN_4
71806,27913,FUN_2,FUN_1
71816,15381,CUBE_L,RET
71842,19953,FUN_1,FUN_2
71850,14082,FUN_5,FUN_4
71863,920,FUN_3,FUN_2
71868,2812,FUN_1,FUN_2
71868,23643,FUN_1,FUN_2
71871,3625,FUN_3,FUN_2
71889,23785,CUBE_L,RET
71891,238,FUN_2,FUN_3
71927,21933,FUN_5,FUN_6
71939,15892,FUN_3,FUN_4
71939,21815,FUN_1,FUN_2
71952,13834,FUN_2,FUN_1
71975,1314,FUN_2,FUN_1
71981,8435,RET,CUBE_R
71988,5570,FUN_6,CUBE_R
71991,9215,FUN_3,FUN_2
72013,7508,FUN_6,FUN_5
72060,29744,FUN_4,FUN_3
72063,16934,FUN_6,CUBE_R
72097,18542,FUN_5,FUN_4
72104,15989,FUN_3,FUN_2
72133,9874,FUN_2,FUN_1
72149,4288,FUN_4,FUN_3
72165,13284,CUBE_L,RET
72170,3645,CUBE_R,FUN_6
72170,16204,FUN_1,FUN_2
72193,23491,FUN_3,FUN_2
72195,26260,FUN_2,FUN_3
72202,5929,RET,CUBE_L
72203,29912,FUN_2,FUN_3
72216,25509,CUBE_R,RET
72220,24791,FUN_1,CUBE_L
72229,8521,FUN_2,FUN_3
72235,15773,FUN_2,FUN_3
72243,26218,FUN_3,FUN_4
72254,425,FUN_4,FUN_5
72264,7589,FUN_2,FUN_1
72270,9892,FUN_3,FUN_2
72308,9288,RET,CUBE_L
72333,12351,FUN_1,FUN_2
72338,27156,FUN_2,FUN_1
72355,20509,CUBE_L,RET
72371,10901,FUN_5,FUN_4
72378,8435,CUBE_R,RET
72386,20470,FUN_3,FUN_2
72403,6602,FUN_4,FUN_3
72427,2406,FUN_4,FUN_3
72449,27020,FUN_1,FUN_2
72451,17704,FUN_5,FUN_4
72452,20807,FUN_2,FUN_3
72461,16218,FUN_3,FUN_2
72491,8435,RET,CUBE_R
72525,12312,FUN_5,FUN_4
72525,22557,FUN_2,FUN_1
72529,14805,FUN_4,FUN_5
72552,16526,FUN_2,FUN_3
72554,10310,FUN_1,FUN_2
72557,21788,FUN_6,FUN_5
72570,28606,FUN_2,FUN_3
72595,15726,FUN_2,FUN_1
72615,9089,FUN_3,FUN_2
72623,23128,FUN_4,FUN_3
72650,25207,FUN_1,FUN_2
72653,28391,FUN_3,FUN_4
72657,27963,FUN_2,FUN_3
72659,17343,FUN_3,FUN_4
72663,27089,FUN_2,FUN_1
72685,13949,FUN_2,FUN_3
72695,26270,FUN_2,FUN_1
72700,27660,FUN_2,FUN_3
72705,16993,CUBE_R,RET
72741,19969,FUN_5,FUN_4
72748,25441,FUN_2,FUN_3
72765,3715,FUN_2,FUN_3
72799,20509,RET,CUBE_L
72811,9834,FUN_4,FUN_3
72818,16599,FUN_1,CUBE_L
72822,17223,FUN_3,FUN_2
72826,28357,FUN_2,FUN_1
72831,8435,CUBE_R,RET
72837,26449,FUN_3,FUN_2
72841,17974,FUN_6,CUBE_R
72846,22677,CUBE_R,RET
72866,7617,FUN_2,FUN_3
72898,7589,FUN_1,FUN_2
72902,3495,FUN_2,FUN_3
72908,17727,FUN_3,FUN_4
72911,21123,FUN_2,FUN_1
72925,27719,FUN_4,FUN_3
72928,2067,FUN_2,FUN_3
72963,13759,FUN_4,FUN_5
72965,26795,FUN_2,FUN_3
72974,24521,FUN_3,FUN_4
72976,8839,FUN_3,FUN_2
72987,10497,CUBE_R,RET
72987,15989,FUN_2,FUN_3
73018,14667,FUN_3,FUN_2
73027,19689,FUN_2,FUN_3
73058,9178,FUN_4,FUN_3
73062,8798,FUN_2,FUN_3
73093,987,FUN_3,FUN_2
73096,26260,FUN_3,FUN_2
73101,21406,FUN_2,FUN_1
73119,8775,FUN_4,FUN_3
73122,6264,FUN_4,FUN_3
73160,24426,FUN_6,FUN_5
73162,13759,FUN_5,FUN_4
73178,1588,FUN_3,FUN_2
73194,21897,FUN_1,FUN_2
73196,25666,FUN_3,FUN_2
73200,20340,FUN_2,FUN_1
73207,28266,FUN_2,FUN_3
73235,18928,FUN_2,FUN_3
73236,5456,FUN_3,FUN_2
73241,26460,FUN_3,FUN_2
73243,24940,RET,CUBE_L
73325,20078,FUN_4,FUN_3
73339,29928,FUN_4,FUN_3
73353,11696,FUN_3,FUN_4
73366,13112,FUN_1,FUN_2
73371,27963,FUN_3,FUN_2
73379,10497,RET,CUBE_R
73382,26218,FUN_4,FUN_3
73391,17465,FUN_4,FUN_3
73396,10772,FUN_5,FUN_6
73406,13257,CUBE_R,RET
73418,13949,FUN_3,FUN_2
73463,10234,FUN_2,FUN_3
73472,23691,FUN_3,FUN_2
73491,2291,FUN_5,FUN_4
73500,17124,FUN_6,CUBE_R
73502,25509,RET,CUBE_R
73510,10985,CUBE_L,RET
73525,16709,FUN_5,FUN_6
73538,2342,RET,CUBE_R
73548,15381,RET,CUBE_L
73557,6547,FUN_4,FUN_3
73558,28966,FUN_3,FUN_4
73565,73,FUN_2,FUN_3
73567,1701,FUN_2,FUN_1
73585,14745,FUN_4,FUN_3
73585,19553,FUN_3,FUN_4
73631,5596,FUN_1,CUBE_L
73655,20333,FUN_2,FUN_1
73658,19658,CUBE_R,FUN_6
73659,26218,FUN_3,FUN_4
73666,17240,FUN_3,FUN_4
73695,21913,FUN_1,FUN_2
73708,24909,FUN_3,FUN_4
73719,28412,FUN_4,FUN_3
73723,9089,FUN_2,FUN_3
73725,20078,FUN_3,FUN_4
73735,29544,CUBE_L,FUN_1
73740,21123,FUN_1,FUN_2
73744,27052,FUN_2,FUN_1
73760,27660,FUN_3,FUN_2
73782,6290,CUBE_R,RET
73790,15381,CUBE_L,RET
73805,7826,FUN_1,FUN_2
73830,28266,FUN_3,FUN_2
73848,9174,FUN_2,FUN_1
73848,15381,RET,CUBE_L
73851,24909,FUN_4,FUN_3
73862,7965,FUN_5,FUN_6
73879,15720,FUN_2,FUN_3
73884,22951,RET,CUBE_L
73889,26133,FUN_4,FUN_3
73902,21406,FUN_1,FUN_2
73903,23691,FUN_2,FUN_3
73904,21815,FUN_2,FUN_1
73918,24251,FUN_4,FUN_5
73920,738,CUBE_L,FUN_1
73927,16934,CUBE_R,FUN_6
73933,8646,FUN_2,FUN_1
73941,16218,FUN_2,FUN_3
73946,738,FUN_1,CUBE_L
73948,2067,FUN_3,FUN_2
73951,7060,FUN_6,CUBE_R
73951,14667,FUN_2,FUN_3
73951,18965,FUN_2,FUN_3
73978,25441,FUN_3,FUN_2
73982,334,FUN_4,FUN_5
73999,20078,FUN_4,FUN_3
74015,4129,FUN_3,FUN_2
74026,13542,RET,CUBE_L
74027,15357,FUN_3,FUN_4
74043,12792,RET,CUBE_R
74071,23292,CUBE_L,FUN_1
74085,26417,FUN_2,FUN_1
74103,27537,FUN_3,FUN_2
74113,20413,FUN_2,FUN_3
74116,15292,FUN_3,FUN_2
74126,14082,FUN_4,FUN_5
74149,14068,FUN_4,FUN_5
74176,17988,CUBE_R,RET
74186,3415,FUN_5,FUN_4
74212,10291,FUN_3,FUN_2
74237,10849,FUN_4,FUN_5
74246,16331,FUN_4,FUN_5
74259,7589,FUN_2,FUN_1
74263,21301,FUN_6,FUN_5
74269,8131,FUN_1,FUN_2
74279,14872,FUN_4,FUN_3
74285,29117,FUN_2,FUN_1
74304,9892,FUN_2,FUN_3
74327,15626,RET,CUBE_R
74332,4206,RET,CUBE_R
74333,10291,FUN_2,FUN_3
74333,15057,FUN_2,FUN_3
74335,14643,FUN_4,FUN_5
74339,21460,FUN_4,FUN_3
74352,17843,CUBE_R,RET
74392,26270,FUN_1,FUN_2
74414,10291,FUN_3,FUN_2
74429,16218,FUN_3,FUN_2
74429,25938,FUN_4,FUN_5
74434,12181,CUBE_L,RET
74441,14098,FUN_3,FUN_2
74449,23643,FUN_2,FUN_1
74473,24345,FUN_1,FUN_2
74493,28266,FUN_2,FUN_3
74523,16585,FUN_2,FUN_3
74542,19860,FUN_1,FUN_2
74542,4796,FUN_3,FUN_2
74549,20078,FUN_3,FUN_4
74570,6993,FUN_2,FUN_3
74579,812,CUBE_R,RET
74589,10291,FUN_2,FUN_3
74606,738,CUBE_L,FUN_1
74632,24427,CUBE_R,RET
74636,6290,RET,CUBE_R
74639,21815,FUN_1,FUN_2
74674,28357,FUN_1,FUN_2
74682,9892,FUN_3,FUN_2
74685,9089,FUN_3,FUN_2
74691,28541,FUN_3,FUN_2
74725,15254,FUN_4,FUN_3
74740,18438,FUN_1,CUBE_L
74742,8839,FUN_2,FUN_3
74747,15381,CUBE_L,RET
74750,27719,FUN_3,FUN_4
74781,8178,FUN_5,FUN_6
74782,2636,FUN_6,CUBE_R
74807,24600,RET,CUBE_L
74813,29102,FUN_3,FUN_4
74835,23633,FUN_1,FUN_2
74843,19860,FUN_2,FUN_1
74854,19820,RET,CUBE_R
74855,5502,RET,CUBE_L
74874,22352,FUN_2,FUN_3
74876,22677,RET,CUBE_R
74916,10849,FUN_5,FUN_4
74917,23314,CUBE_R,RET
74923,8839,FUN_3,FUN_2
74945,19658,FUN_6,CUBE_R
74961,9152,CUBE_L,RET
74971,26431,FUN_4,FUN_3
74973,11856,FUN_2,FUN_3
74976,201,FUN_3,FUN_4
74980,16218,FUN_2,FUN_3
75005,28496,FUN_2,FUN_3
75019,21120,FUN_1,FUN_2
75022,14872,FUN_3,FUN_4
75023,17727,FUN_4,FUN_3
75029,20333,FUN_1,FUN_2
75031,4010,FUN_6,CUBE_R
75049,17298,CUBE_R,FUN_6
75061,20470,FUN_2,FUN_3
75087,9517,FUN_3,FUN_2
75106,3367,FUN_3,FUN_2
75117,15464,FUN_1,FUN_2
75134,12054,FUN_4,FUN_3
75182,27837,RET,CUBE_R
75189,14872,FUN_4,FUN_3
75200,12807,CUBE_L,RET
75208,888,RET,CUBE_L
75215,14082,FUN_5,FUN_4
75236,627,FUN_5,FUN_6
75270,6604,CUBE_L,FUN_1
75300,4376,RET,CUBE_L
75311,1940,FUN_5,FUN_6
75322,27356,FUN_1,CUBE_L
75329,5955,FUN_6,CUBE_R
75338,26239,FUN_6,CUBE_R
75343,17340,FUN_2,FUN_1
75372,20346,CUBE_R,RET
75377,29500,FUN_4,FUN_3
75396,27719,FUN_4,FUN_3
75398,7247,FUN_2,FUN_1
75433,17340,FUN_1,FUN_2
75446,15381,RET,CUBE_L
75449,16331,FUN_5,FUN_4
75463,20040,FUN_2,FUN_1
75480,8775,FUN_3,FUN_4
75501,26031,RET,CUBE_L
75514,28541,FUN_2,FUN_3
75529,2178,FUN_2,FUN_3
75539,21815,FUN_2,FUN_1
75542,11695,FUN_3,FUN_4
75552,13112,FUN_2,FUN_1
75582,23745,CUBE_L,RET
75618,21933,FUN_6,FUN_5
75621,7647,FUN_4,FUN_3
75634,9430,FUN_2,FUN_1
75657,4010,CUBE_R,FUN_6
75667,22352,FUN_3,FUN_2
75672,15431,FUN_1,FUN_2
75678,13112,FUN_1,FUN_2
75698,29912,FUN_3,FUN_2
75703,3495,FUN_3,FUN_2
75709,8775,FUN_4,FUN_3
75716,24942,RET,CUBE_R
75719,14294,FUN_4,FUN_3
75722,22408,FUN_3,FUN_2
75733,20333,FUN_2,FUN_1
75756,2788,FUN_4,FUN_3
75788,29602,FUN_5,FUN_6
75841,8699,FUN_2,FUN_1
75856,12181,RET,CUBE_L
75858,13542,CUBE_L,RET
75861,17722,FUN_4,FUN_5
75878,19388,FUN_1,CUBE_L
75878,334,FUN_5,FUN_4
75879,23727,FUN_4,FUN_5
75912,24600,CUBE_L,RET
75912,987,FUN_2,FUN_3
75920,8839,FUN_2,FUN_3
75922,25542,FUN_4,FUN_3
75939,2321,FUN_4,FUN_3
75954,27215,FUN_2,FUN_1
75967,21913,FUN_2,FUN_1
75980,29115,CUBE_R,FUN_6
75984,15720,FUN_3,FUN_2
75992,13127,FUN_3,FUN_2
76009,27052,FUN_1,FUN_2
76020,21913,FUN_1,FUN_2
76041,884,FUN_2,FUN_1
76044,26218,FUN_4,FUN_3
76051,3814,FUN_6,CUBE_R
76057,15989,FUN_3,FUN_2
76059,8395,FUN_2,FUN_3
76074,9868,RET,CUBE_L
76077,10217,FUN_3,FUN_2
76113,8178,FUN_6,FUN_5
76118,25820,CUBE_L,RET
76143,4206,CUBE_R,RET
76166,13112,FUN_2,FUN_1
76171,2342,CUBE_R,RET
76206,4817,RET,CUBE_R
76210,24015,CUBE_R,FUN_6
76213,21460,FUN_3,FUN_4
76231,21788,FUN_5,FUN_6
76232,10217,FUN_2,FUN_3
76248,11551,FUN_2,FUN_1
76290,10033,CUBE_R,RET
76301,23777,FUN_2,FUN_3
76323,10849,FUN_4,FUN_5
76375,20346,RET,CUBE_R
76389,23485,FUN_2,FUN_3
76396,23683,FUN_4,FUN_3
76404,10772,FUN_6,FUN_5
76414,3285,FUN_2,FUN_3
76417,29524,FUN_3,FUN_2
76442,23292,FUN_1,CUBE_L
76449,24427,RET,CUBE_R
76469,22134,FUN_2,FUN_3
76495,26371,CUBE_L,FUN_1
76502,8178,FUN_5,FUN_6
76507,28266,FUN_3,FUN_2
76527,16218,FUN_3,FUN_2
76531,4129,FUN_2,FUN_3
76532,18813,FUN_1,FUN_2
76534,19631,FUN_4,FUN_5
76542,9089,FUN_2,FUN_3
76553,14223,CUBE_R,RET
76559,20470,FUN_3,FUN_2
76563,24964,RET,CUBE_L
76576,8685,FUN_3,FUN_2
76586,28167,RET,CUBE_L
76590,920,FUN_2,FUN_3
76595,9430,FUN_1,FUN_2
76619,11551,FUN_1,FUN_2
76650,27963,FUN_2,FUN_3
76679,25441,FUN_2,FUN_3
76684,9868,CUBE_L,RET
76742,26449,FUN_2,FUN_3
76749,21203,FUN_3,FUN_2
76756,28716,FUN_2,FUN_3
76774,27020,FUN_2,FUN_1
76776,8699,FUN_1,FUN_2
76782,1251,CUBE_L,RET
76794,11856,FUN_3,FUN_2
76798,28375,FUN_3,FUN_4
76808,13165,FUN_2,FUN_3
76811,918,FUN_3,FUN_2
76823,3367,FUN_2,FUN_3
76844,29115,FUN_6,CUBE_R
76853,11551,FUN_2,FUN_1
76872,5720,CUBE_L,RET
76884,9516,FUN_2,FUN_1
76889,13547,FUN_4,FUN_5
76916,26180,FUN_1,FUN_2
76941,9611,FUN_5,FUN_4
76945,15726,FUN_1,FUN_2
76965,28564,FUN_1,FUN_2
76967,2166,CUBE_R,RET
76967,15989,FUN_2,FUN_3
77014,19109,FUN_2,FUN_3
77016,5923,FUN_4,FUN_3
77060,17340,FUN_2,FUN_1
77081,21040,FUN_3,FUN_2
77103,27215,FUN_1,FUN_2
77116,2146,CUBE_L,RET
77121,25349,CUBE_L,FUN_1
77140,1964,FUN_1,FUN_2
77147,920,FUN_3,FUN_2
77158,27343,FUN_2,FUN_1
77167,11747,RET,CUBE_L
77205,23694,FUN_1,FUN_2
77258,26417,FUN_1,FUN_2
77296,2371,FUN_4,FUN_5
77302,11551,FUN_1,FUN_2
77302,16063,FUN_1,CUBE_L
77316,9288,CUBE_L,RET
77319,20197,FUN_3,FUN_2
77321,10849,FUN_5,FUN_4
77325,21871,FUN_2,FUN_3
77333,17843,RET,CUBE_R
77375,1588,FUN_2,FUN_3
77386,24015,FUN_6,CUBE_R
77392,12956,FUN_2,FUN_1
77397,8353,FUN_3,FUN_4
77400,2875,RET,CUBE_R
77405,2578,FUN_2,FUN_1
77407,10985,RET,CUBE_L
77439,22134,FUN_3,FUN_2
77464,4509,FUN_6,FUN_5
77470,8435,RET,CUBE_R
77497,24806,FUN_1,FUN_2
77505,4129,FUN_3,FUN_2
77515,10424,FUN_1,FUN_2
77517,18050,FUN_2,FUN_1
77530,11551,FUN_2,FUN_1
77539,23394,FUN_3,FUN_4
77545,29102,FUN_4,FUN_3
77550,13455,FUN_2,FUN_3
77569,4129,FUN_2,FUN_3
77571,12932,FUN_2,FUN_3
77576,24008,FUN_5,FUN_4
77585,5720,RET,CUBE_L
77588,14469,FUN_2,FUN_3
77588,24806,FUN_2,FUN_1
77614,8699,FUN_2,FUN_1
77615,29117,FUN_1,FUN_2
77624,3644,FUN_2,FUN_3
77647,18435,RET,CUBE_L
77650,16331,FUN_4,FUN_5
77675,29928,FUN_3,FUN_4
77694,16119,FUN_3,FUN_4
77749,7235,FUN_4,FUN_3
77755,18059,FUN_2,FUN_3
77759,23155,FUN_3,FUN_2
77790,7235,FUN_3,FUN_4
77817,27048,FUN_2,FUN_1
77821,8435,CUBE_R,RET
77832,19631,FUN_5,FUN_4
77834,10772,FUN_5,FUN_6
77837,12755,CUBE_R,RET
77863,25567,FUN_3,FUN_2
77866,27459,FUN_1,FUN_2
77868,23246,CUBE_R,RET
77877,12044,FUN_1,FUN_2
77879,18214,FUN_3,FUN_2
77880,15437,FUN_1,CUBE_L
77884,12946,CUBE_R,RET
77894,8435,RET,CUBE_R
77896,14750,FUN_2,FUN_3
77901,9919,FUN_2,FUN_1
77911,26118,FUN_4,FUN_5
77912,6872,FUN_6,CUBE_R
77927,21123,FUN_2,FUN_1
77934,28643,CUBE_L,FUN_1
77941,23292,CUBE_L,FUN_1
77949,9288,RET,CUBE_L
77952,14876,FUN_1,FUN_2
77954,9874,FUN_1,FUN_2
77968,15381,CUBE_L,RET
77979,25441,FUN_3,FUN_2
77995,7235,FUN_4,FUN_3
78000,27524,FUN_6,FUN_5
78007,10424,FUN_2,FUN_1
78010,2875,CUBE_R,RET
78014,17340,FUN_1,FUN_2
78026,22916,RET,CUBE_R
78031,19561,FUN_3,FUN_4
78071,2636,CUBE_R,FUN_6
78071,8699,FUN_1,FUN_2
78082,29744,FUN_3,FUN_4
78096,27089,FUN_1,FUN_2
78127,3367,FUN_3,FUN_2
78134,8435,CUBE_R,RET
78137,29443,FUN_1,FUN_2
78220,9676,FUN_4,FUN_5
78235,21460,FUN_4,FUN_3
78269,11768,FUN_3,FUN_2
78272,9174,FUN_1,FUN_2
78272,23271,CUBE_R,RET
78279,10424,FUN_1,FUN_2
78282,19658,CUBE_R,FUN_6
78289,9809,FUN_5,FUN_4
78336,17517,FUN_3,FUN_4
78355,26118,FUN_5,FUN_4
78363,21913,FUN_2,FUN_1
78374,11281,FUN_2,FUN_3
78376,19512,FUN_1,FUN_2
78400,6168,FUN_6,FUN_5
78410,20652,FUN_6,FUN_5
78432,27052,FUN_2,FUN_1
78446,987,FUN_3,FUN_2
78448,22916,CUBE_R,RET
78475,9909,FUN_2,FUN_1
78495,17240,FUN_4,FUN_3
78511,9919,FUN_1,FUN_2
78513,11964,CUBE_L,FUN_1
78542,26748,FUN_2,FUN_3
78588,21203,FUN_2,FUN_3
78589,25666,FUN_2,FUN_3
78597,22028,CUBE_L,RET
78609,17343,FUN_4,FUN_3
78613,15720,FUN_2,FUN_3
78624,26974,CUBE_R,FUN_6
78629,21171,FUN_3,FUN_2
78634,24517,FUN_3,FUN_2
78646,13408,CUBE_R,RET
78667,25349,FUN_1,CUBE_L
78683,9989,CUBE_R,RET
78683,19109,FUN_3,FUN_2
78686,625,FUN_3,FUN_4
78703,21123,FUN_1,FUN_2
78706,7589,FUN_1,FUN_2
78709,15726,FUN_2,FUN_1
78714,18050,FUN_1,FUN_2
78715,17208,FUN_2,FUN_3
78717,7891,FUN_3,FUN_2
78730,19561,FUN_4,FUN_3
78769,4206,RET,CUBE_R
78803,2854,CUBE_R,FUN_6
78803,16176,CUBE_R,RET
78815,23197,FUN_4,FUN_3
78816,22673,RET,CUBE_R
78823,22557,FUN_1,FUN_2
78863,28186,RET,CUBE_L
78871,8775,FUN_3,FUN_4
78928,11958,FUN_4,FUN_5
78957,15431,FUN_2,FUN_1
78964,13244,FUN_6,FUN_5
78984,25349,CUBE_L,FUN_1
78985,3415,FUN_4,FUN_5
78998,3495,FUN_2,FUN_3
79000,27089,FUN_2,FUN_1
79007,18972,FUN_5,FUN_4
79011,9741,CUBE_L,FUN_1
79014,24008,FUN_4,FUN_5
79030,2467,FUN_5,FUN_4
79031,534,FUN_2,FUN_3
79033,7463,FUN_2,FUN_3
79047,23125,CUBE_L,FUN_1
79053,5420,FUN_2,FUN_3
79055,22134,FUN_2,FUN_3
79066,7725,FUN_1,FUN_2
79069,5420,FUN_3,FUN_2
79077,13127,FUN_2,FUN_3
79110,21123,FUN_2,FUN_1
79119,16331,FUN_5,FUN_4
79128,22134,FUN_3,FUN_2
79132,18891,FUN_4,FUN_3
79143,10497,CUBE_R,RET
79168,3495,FUN_3,FUN_2
79190,8699,FUN_2,FUN_1
79206,15720,FUN_3,FUN_2
79208,27721,FUN_3,FUN_2
79231,26795,FUN_3,FUN_2
79241,364,FUN_2,FUN_3
79242,6224,CUBE_L,RET
79264,10291,FUN_3,FUN_2
79267,25557,FUN_3,FUN_4
79276,20346,CUBE_R,RET
79281,13066,FUN_5,FUN_4
79288,1314,FUN_1,FUN_2
79290,6131,FUN_1,FUN_2
79316,25349,FUN_1,CUBE_L
79345,23125,FUN_1,CUBE_L
79377,22077,RET,CUBE_R
79378,6774,FUN_2,FUN_3
79405,10748,FUN_4,FUN_3
79421,2371,FUN_5,FUN_4
79422,3644,FUN_3,FUN_2
79428,7247,FUN_1,FUN_2
79445,24959,CUBE_R,RET
79448,24799,FUN_5,FUN_4
79456,5683,FUN_3,FUN_2
79473,11141,CUBE_R,RET
79477,22377,FUN_3,FUN_2
79479,4292,FUN_2,FUN_1
79510,2578,FUN_1,FUN_2
79519,20509,CUBE_L,RET
79520,24806,FUN_1,FUN_2
79523,4050,CUBE_R,FUN_6
79526,26944,RET,CUBE_L
79548,10530,FUN_2,FUN_3
79575,15254,FUN_3,FUN_4
79576,25682,FUN_4,FUN_3
79590,21548,RET,CUBE_L
79592,2067,FUN_2,FUN_3
79610,28541,FUN_3,FUN_2
79612,545,FUN_2,FUN_3
79614,22238,RET,CUBE_L
79618,5139,FUN_6,FUN_5
79629,23394,FUN_4,FUN_3
79634,8699,FUN_1,FUN_2
79637,15245,RET,CUBE_R
79645,17227,FUN_4,FUN_3
79659,29500,FUN_3,FUN_4
79675,22916,RET,CUBE_R
79682,22377,FUN_2,FUN_3
79682,26489,FUN_4,FUN_5
79689,27183,RET,CUBE_L
79690,14562,FUN_2,FUN_3
79708,8048,FUN_6,FUN_5
79716,22377,FUN_3,FUN_2
79720,19561,FUN_3,FUN_4
79721,7347,RET,CUBE_L
79745,28496,FUN_3,FUN_2
79787,3367,FUN_2,FUN_3
79801,627,FUN_6,FUN_5
79809,27496,FUN_2,FUN_1
79826,12792,CUBE_R,RET
79844,15726,FUN_1,FUN_2
79860,19561,FUN_4,FUN_3
79882,364,FUN_3,FUN_2
79889,12045,FUN_2,FUN_3
79891,4018,CUBE_L,RET
79895,13265,CUBE_R,FUN_6
79904,9748,FUN_2,FUN_1
79906,22677,CUBE_R,RET
79938,6168,FUN_5,FUN_6
79946,8699,FUN_2,FUN_1
79973,22352,FUN_2,FUN_3
80004,24262,FUN_3,FUN_2
80022,9868,RET,CUBE_L
80044,11784,FUN_2,FUN_1
80055,4288,FUN_3,FUN_4
80075,26807,RET,CUBE_R
80088,10488,FUN_3,FUN_2
80091,15536,FUN_2,FUN_3
80145,17843,CUBE_R,RET
80151,4624,FUN_6,CUBE_R
80151,5923,FUN_3,FUN_4
80153,1940,FUN_6,FUN_5
80210,17258,FUN_2,FUN_1
80231,6131,FUN_2,FUN_1
80245,20807,FUN_3,FUN_2
80245,27721,FUN_2,FUN_3
80246,8962,FUN_4,FUN_3
80258,18813,FUN_2,FUN_1
80258,29920,FUN_3,FUN_2
80265,9751,FUN_2,FUN_3
80266,2178,FUN_3,FUN_2
80272,20040,FUN_1,FUN_2
80281,2004,FUN_2,FUN_3
80289,796,FUN_2,FUN_1
80303,27032,RET,CUBE_R
80305,9748,FUN_1,FUN_2
80316,7508,FUN_5,FUN_6
80333,11784,FUN_1,FUN_2
80357,23992,FUN_6,CUBE_R
80367,5457,FUN_2,FUN_1
80368,9174,FUN_2,FUN_1
80368,18716,FUN_3,FUN_2
80388,28541,FUN_2,FUN_3
80392,7326,FUN_2,FUN_1
80413,11898,FUN_3,FUN_2
80432,22928,FUN_4,FUN_3
80442,13822,FUN_2,FUN_3
80470,364,FUN_2,FUN_3
80473,7138,FUN_4,FUN_3
80476,11747,CUBE_L,RET
80477,9892,FUN_2,FUN_3
80494,12807,RET,CUBE_L
80506,14688,FUN_2,FUN_1
80538,1045,RET,CUBE_L
80562,16075,FUN_2,FUN_3
80566,23036,FUN_4,FUN_5
80579,2004,FUN_3,FUN_2
80615,28825,FUN_2,FUN_1
80623,1092,FUN_2,FUN_3
80656,1366,FUN_3,FUN_2
80675,3767,FUN_2,FUN_1
80675,17240,FUN_3,FUN_4
80679,28825,FUN_1,FUN_2
80690,18716,FUN_2,FUN_3
80702,19820,CUBE_R,RET
80732,13080,CUBE_R,RET
80737,467,FUN_5,FUN_4
80737,4583,FUN_2,FUN_1
80758,9748,FUN_2,FUN_1
80771,11425,FUN_4,FUN_5
80773,17227,FUN_3,FUN_4
80796,26795,FUN_2,FUN_3
80800,16091,FUN_2,FUN_1
80827,12932,FUN_3,FUN_2
80844,22712,FUN_2,FUN_1
80845,15892,FUN_4,FUN_3
80867,24600,RET,CUBE_L
80868,3767,FUN_1,FUN_2
80870,16367,FUN_3,FUN_4
80899,888,CUBE_L,RET
80927,2067,FUN_3,FUN_2
80941,22768,CUBE_R,FUN_6
80944,13536,FUN_3,FUN_4
80947,23314,RET,CUBE_R
80950,19561,FUN_3,FUN_4
80973,11453,FUN_3,FUN_2
80979,5841,FUN_1,FUN_2
80981,2578,FUN_2,FUN_1
81010,5434,FUN_2,FUN_1
81012,26807,CUBE_R,RET
81034,25820,RET,CUBE_L
81042,1116,RET,CUBE_L
81053,29538,CUBE_L,FUN_1
81082,19820,RET,CUBE_R
81101,27356,CUBE_L,FUN_1
81129,10223,FUN_3,FUN_2
81141,25441,FUN_2,FUN_3
81151,11856,FUN_2,FUN_3
81163,16119,FUN_4,FUN_3
81239,9178,FUN_3,FUN_4
81242,7982,FUN_2,FUN_1
81243,625,FUN_4,FUN_3
81257,13834,FUN_1,FUN_2
81270,6172,FUN_6,FUN_5
81296,24219,CUBE_R,FUN_6
81335,16075,FUN_3,FUN_2
81348,7463,FUN_3,FUN_2
81353,10530,FUN_3,FUN_2
81370,29191,FUN_2,FUN_1
81373,343,CUBE_R,RET
81381,25441,FUN_3,FUN_2
81384,27903,FUN_4,FUN_3
81391,1940,FUN_5,FUN_6
81397,6980,CUBE_R,RET
81403,27052,FUN_1,FUN_2
81403,28825,FUN_2,FUN_1
81427,15948,FUN_6,CUBE_R
81432,8699,FUN_1,FUN_2
81448,9517,FUN_2,FUN_3
81451,9751,FUN_3,FUN_2
81474,12956,FUN_1,FUN_2
81479,19392,FUN_4,FUN_5
81489,16894,FUN_3,FUN_2
81490,21110,FUN_1,FUN_2
81499,5841,FUN_2,FUN_1
81504,22797,FUN_2,FUN_3
81511,12387,RET,CUBE_L
81534,23868,FUN_2,FUN_3
81540,23474,RET,CUBE_R
81543,24262,FUN_2,FUN_3
81550,2067,FUN_2,FUN_3
81586,73,FUN_3,FUN_2
81613,5434,FUN_1,FUN_2
81624,11582,FUN_2,FUN_1
81624,22768,FUN_6,CUBE_R
81629,10530,FUN_2,FUN_3
81633,24517,FUN_2,FUN_3
81634,29672,FUN_3,FUN_2
81656,11453,FUN_2,FUN_3
81657,10409,FUN_5,FUN_4
81685,14667,FUN_3,FUN_2
81699,5782,RET,CUBE_L
81700,26031,CUBE_L,RET
81763,28721,FUN_3,FUN_2
81772,19095,FUN_3,FUN_2
81782,27048,FUN_1,FUN_2
81789,3170,FUN_2,FUN_1
81791,25820,CUBE_L,RET
81826,27876,CUBE_L,RET
81830,2765,FUN_3,FUN_4
81831,21123,FUN_1,FUN_2
81835,25486,FUN_3,FUN_4
81847,4292,FUN_1,FUN_2
81849,18928,FUN_3,FUN_2
81922,15344,FUN_4,FUN_5
81929,10901,FUN_4,FUN_5
81932,21130,FUN_2,FUN_1
81953,23868,FUN_3,FUN_2
81965,4292,FUN_2,FUN_1
81972,13327,CUBE_L,RET
82003,18584,CUBE_L,FUN_1
82063,11582,FUN_1,FUN_2
82070,22905,FUN_3,FUN_2
82121,25605,RET,CUBE_R
82148,13536,FUN_4,FUN_3
82148,17240,FUN_4,FUN_3
82155,24806,FUN_2,FUN_1
82177,5841,FUN_1,FUN_2
82201,8775,FUN_4,FUN_3
82211,11282,FUN_2,FUN_1
82228,9174,FUN_1,FUN_2
82267,23125,CUBE_L,FUN_1
82274,27020,FUN_1,FUN_2
82283,467,FUN_4,FUN_5
82296,9909,FUN_1,FUN_2
82300,21130,FUN_1,FUN_2
82320,364,FUN_3,FUN_2
82347,8870,RET,CUBE_R
82354,21662,FUN_2,FUN_3
82364,26782,FUN_4,FUN_3
82371,18435,CUBE_L,RET
82382,6168,FUN_6,FUN_5
82410,11784,FUN_2,FUN_1
82422,1845,FUN_1,FUN_2
82428,13946,FUN_2,FUN_1
82441,15536,FUN_3,FUN_2
82445,7463,FUN_2,FUN_3
82453,13269,FUN_1,FUN_2
82480,5576,FUN_4,FUN_3
82506,21123,FUN_2,FUN_1
82512,13949,FUN_2,FUN_3
82531,4018,RET,CUBE_L
82578,15437,CUBE_L,FUN_1
82593,15205,CUBE_L,RET
82597,25509,CUBE_R,RET
82601,5139,FUN_5,FUN_6
82603,19109,FUN_2,FUN_3
82603,22134,FUN_2,FUN_3
82607,20040,FUN_2,FUN_1
82627,16699,FUN_3,FUN_4
82641,1025,CUBE_R,RET
82645,17974,CUBE_R,FUN_6
82658,12138,FUN_3,FUN_4
82661,16176,RET,CUBE_R
82664,8910,FUN_5,FUN_6
82671,18140,FUN_3,FUN_2
82695,8435,RET,CUBE_R
82705,4292,FUN_1,FUN_2
82706,9676,FUN_5,FUN_4
82719,22677,RET,CUBE_R
82769,28247,FUN_2,FUN_3
82777,7267,FUN_1,FUN_2
82780,23155,FUN_2,FUN_3
82790,25820,RET,CUBE_L
82795,13269,FUN_2,FUN_1
82818,29627,FUN_2,FUN_1
82822,25567,FUN_2,FUN_3
82837,15486,FUN_4,FUN_5
82879,28024,FUN_6,CUBE_R
82895,2636,FUN_6,CUBE_R
82901,26795,FUN_3,FUN_2
82907,18891,FUN_3,FUN_4
82909,29878,FUN_3,FUN_4
82910,20470,FUN_2,FUN_3
82913,23596,FUN_2,FUN_1
82930,12792,RET,CUBE_R
82946,18526,FUN_5,FUN_4
82951,24219,FUN_6,CUBE_R
82985,5139,FUN_6,FUN_5
82999,18526,FUN_4,FUN_5
83020,13834,FUN_2,FUN_1
83022,5003,CUBE_L,RET
83027,21662,FUN_3,FUN_2
83054,13536,FUN_3,FUN_4
83054,25567,FUN_3,FUN_2
83064,4817,CUBE_R,RET
83078,21315,FUN_4,FUN_5
83134,1964,FUN_2,FUN_1
83144,29920,FUN_2,FUN_3
83146,24293,FUN_1,CUBE_L
83165,19820,CUBE_R,RET
83187,29144,FUN_1,FUN_2
83223,5576,FUN_3,FUN_4
83228,19933,FUN_3,FUN_2
83264,1025,RET,CUBE_R
83265,28357,FUN_2,FUN_1
83273,7647,FUN_3,FUN_4
83275,14469,FUN_3,FUN_2
83278,5139,FUN_5,FUN_6
83282,15626,CUBE_R,RET
83302,3658,FUN_6,CUBE_R
83313,23768,FUN_3,FUN_2
83319,28825,FUN_1,FUN_2
83323,13690,CUBE_L,RET
83329,24219,CUBE_R,FUN_6
83332,11447,RET,CUBE_L
83370,13827,FUN_3,FUN_4
83374,29475,FUN_3,FUN_2
83375,26807,RET,CUBE_R
83378,6980,RET,CUBE_R
83414,24668,RET,CUBE_L
83420,15536,FUN_2,FUN_3
83450,2875,RET,CUBE_R
83481,2636,CUBE_R,FUN_6
83503,17510,FUN_2,FUN_1
83514,20040,FUN_1,FUN_2
83558,5929,CUBE_L,RET
83558,13085,FUN_3,FUN_2
83575,12932,FUN_2,FUN_3
83601,27009,CUBE_L,FUN_1
83613,7982,FUN_1,FUN_2
83613,14291,CUBE_R,RET
83665,7690,FUN_5,FUN_6
83666,18526,FUN_5,FUN_4
83668,2636,FUN_6,CUBE_R
83681,12138,FUN_4,FUN_3
83688,12932,FUN_3,FUN_2
83726,13536,FUN_4,FUN_3
83728,24521,FUN_4,FUN_3
83735,1025,CUBE_R,RET
83740,9284,FUN_2,FUN_1
83765,13244,FUN_5,FUN_6
83770,13269,FUN_1,FUN_2
83811,16497,FUN_3,FUN_2
83850,2444,RET,CUBE_R
83855,21897,FUN_2,FUN_1
83874,14626,FUN_2,FUN_1
83877,21132,FUN_2,FUN_3
83882,10849,FUN_4,FUN_5
83888,13165,FUN_3,FUN_2
83898,2636,CUBE_R,FUN_6
83914,15437,FUN_1,CUBE_L
83915,23271,RET,CUBE_R
83920,11184,FUN_6,CUBE_R
83929,5576,FUN_4,FUN_3
83980,13112,FUN_1,FUN_2
84006,467,FUN_5,FUN_4
84007,21123,FUN_1,FUN_2
84013,14469,FUN_2,FUN_3
84015,7565,FUN_3,FUN_2
84015,10179,FUN_1,FUN_2
84016,14291,RET,CUBE_R
84020,11282,FUN_1,FUN_2
84031,27316,FUN_2,FUN_1
84036,12807,CUBE_L,RET
84045,15720,FUN_2,FUN_3
84049,24293,CUBE_L,FUN_1
84058,7101,FUN_2,FUN_3
84067,13542,RET,CUBE_L
84077,20731,CUBE_R,RET
84103,13085,FUN_2,FUN_3
84150,5420,FUN_2,FUN_3
84158,21662,FUN_2,FUN_3
84174,19095,FUN_2,FUN_3
84191,8775,FUN_3,FUN_4
84198,16497,FUN_2,FUN_3
84206,18214,FUN_2,FUN_3
84217,19290,FUN_1,FUN_2
84261,12518,CUBE_L,RET
84273,15437,CUBE_L,FUN_1
84278,3367,FUN_3,FUN_2
84302,17208,FUN_3,FUN_2
84303,7647,FUN_4,FUN_3
84312,21203,FUN_3,FUN_2
84325,8435,CUBE_R,RET
84329,2924,FUN_3,FUN_2
84366,18628,CUBE_R,FUN_6
84390,26805,CUBE_L,RET
84410,22129,FUN_4,FUN_3
84411,18928,FUN_2,FUN_3
84413,24219,FUN_6,CUBE_R
84421,12895,FUN_1,FUN_2
84425,14068,FUN_5,FUN_4
84435,28320,FUN_6,CUBE_R
84436,19689,FUN_3,FUN_2
84453,4067,FUN_3,FUN_2
84467,19365,FUN_5,FUN_6
84475,23155,FUN_3,FUN_2
84514,4886,RET,CUBE_L
84544,9909,FUN_2,FUN_1
84546,16231,FUN_2,FUN_1
84557,22404,FUN_2,FUN_3
84558,15437,FUN_1,CUBE_L
84565,11282,FUN_2,FUN_1
84598,25441,FUN_2,FUN_3
84613,23125,FUN_1,CUBE_L
84617,21913,FUN_1,FUN_2
84632,2924,FUN_2,FUN_3
84632,12895,FUN_2,FUN_1
84639,7687,CUBE_L,RET
84642,6532,FUN_3,FUN_4
84663,18716,FUN_3,FUN_2
84665,11447,CUBE_L,RET
84723,6290,CUBE_R,RET
84727,6555,FUN_4,FUN_3
84729,987,FUN_2,FUN_3
84729,8859,CUBE_L,RET
84738,29191,FUN_1,FUN_2
84744,27675,FUN_3,FUN_4
84748,23341,FUN_3,FUN_4
84765,11964,FUN_1,CUBE_L
84766,11184,CUBE_R,FUN_6
84785,4817,RET,CUBE_R
84785,17258,FUN_1,FUN_2
84786,26897,FUN_3,FUN_2
84790,10822,FUN_5,FUN_6
84806,2597,FUN_1,FUN_2
84808,73,FUN_2,FUN_3
84831,15298,FUN_2,FUN_3
84857,12326,FUN_4,FUN_3
84868,20030,FUN_4,FUN_5
84874,2578,FUN_1,FUN_2
84890,29514,CUBE_L,RET
84926,7647,FUN_3,FUN_4
84943,17517,FUN_4,FUN_3
84954,5457,FUN_1,FUN_2
84967,27392,FUN_4,FUN_3
84988,9517,FUN_3,FUN_2
85002,7524,FUN_6,CUBE_R
85019,19561,FUN_4,FUN_3
85043,9517,FUN_2,FUN_3
85070,26952,RET,CUBE_R
85074,4067,FUN_2,FUN_3
85075,15298,FUN_3,FUN_2
85084,20901,FUN_3,FUN_2
85126,2178,FUN_2,FUN_3
85126,20470,FUN_3,FUN_2
85129,22677,CUBE_R,RET
85135,24345,FUN_2,FUN_1
85142,17510,FUN_1,FUN_2
85166,20118,FUN_3,FUN_2
85227,28154,FUN_4,FUN_3
85234,2249,FUN_3,FUN_2
85249,15705,FUN_3,FUN_2
85266,9152,RET,CUBE_L
85278,9751,FUN_2,FUN_3
85299,17510,FUN_2,FUN_1
85304,13269,FUN_2,FUN_1
85344,8816,FUN_3,FUN_4
85355,14626,FUN_1,FUN_2
85360,28541,FUN_3,FUN_2
85373,4886,CUBE_L,RET
85382,10217,FUN_3,FUN_2
85394,25441,FUN_3,FUN_2
85397,20525,FUN_3,FUN_4
85436,2765,FUN_4,FUN_3
85441,17240,FUN_3,FUN_4
85445,7831,FUN_2,FUN_3
85449,24003,FUN_2,FUN_3
85456,6872,CUBE_R,FUN_6
85463,11242,FUN_3,FUN_2
85471,28507,FUN_3,FUN_2
85478,17258,FUN_2,FUN_1
85528,1964,FUN_1,FUN_2
85533,12895,FUN_1,FUN_2
85536,7655,FUN_2,FUN_1
85540,24668,CUBE_L,RET
85553,28606,FUN_3,FUN_2
85560,7647,FUN_4,FUN_3
85587,29878,FUN_4,FUN_3
85588,28313,FUN_3,FUN_2
85614,13154,CUBE_R,FUN_6
85634,9054,FUN_6,FUN_5
85634,18140,FUN_2,FUN_3
85646,20776,FUN_2,FUN_3
85649,10811,FUN_3,FUN_2
85653,23643,FUN_1,FUN_2
85681,24290,FUN_1,FUN_2
85681,26118,FUN_4,FUN_5
85683,27392,FUN_3,FUN_4
85695,26805,RET,CUBE_L
85702,27719,FUN_3,FUN_4
85708,3658,CUBE_R,FUN_6
85709,10822,FUN_6,FUN_5
85755,1251,RET,CUBE_L
85765,13690,RET,CUBE_L
85796,27719,FUN_4,FUN_3
85804,27913,FUN_1,FUN_2
85816,7831,FUN_3,FUN_2
85818,25291,FUN_2,FUN_3
85825,1940,FUN_6,FUN_5
85836,663,CUBE_R,RET
85856,18403,FUN_1,CUBE_L
85891,21460,FUN_3,FUN_4
85892,2166,RET,CUBE_R
85929,17931,FUN_5,FUN_4
85947,29878,FUN_3,FUN_4
85949,29514,RET,CUBE_L
85952,14885,FUN_2,FUN_3
85957,11056,FUN_4,FUN_3
85958,18928,FUN_3,FUN_2
85981,29443,FUN_2,FUN_1
85989,7074,FUN_2,FUN_3
85991,27,CUBE_L,RET
86002,14026,FUN_2,FUN_1
86009,21123,FUN_2,FUN_1
86016,27719,FUN_3,FUN_4
86024,26944,CUBE_L,RET
86030,23631,FUN_2,FUN_3
86040,27032,CUBE_R,RET
86041,26211,FUN_3,FUN_2
86046,3170,FUN_1,FUN_2
86057,22404,FUN_3,FUN_2
86062,15437,CUBE_L,FUN_1
86084,2371,FUN_4,FUN_5
86115,29878,FUN_4,FUN_3
86117,21504,FUN_4,FUN_5
86136,27079,RET,CUBE_L
86149,21154,FUN_5,FUN_4
86156,14253,FUN_1,CUBE_L
86160,20118,FUN_2,FUN_3
86169,15992,FUN_4,FUN_3
86171,4796,FUN_2,FUN_3
86180,2008,FUN_3,FUN_2
86203,13109,FUN_3,FUN_4
86214,14469,FUN_3,FUN_2
86229,22377,FUN_2,FUN_3
86242,10748,FUN_3,FUN_4
86244,18296,FUN_3,FUN_4
86256,26036,FUN_6,CUBE_R
86260,2507,CUBE_L,FUN_1
86261,24521,FUN_3,FUN_4
86269,17517,FUN_3,FUN_4
86293,4067,FUN_3,FUN_2
86316,26782,FUN_3,FUN_4
86318,15292,FUN_2,FUN_3
86335,9751,FUN_3,FUN_2
86350,16894,FUN_2,FUN_3
86359,14688,FUN_1,FUN_2
86375,2444,CUBE_R,RET
86390,26031,RET,CUBE_L
86452,12895,FUN_2,FUN_1
86467,3545,FUN_3,FUN_2
86467,10822,FUN_5,FUN_6
86472,27457,CUBE_L,RET
86483,22775,FUN_3,FUN_2
86490,19933,FUN_2,FUN_3
86500,5929,RET,CUBE_L
86505,16262,CUBE_L,FUN_1
86514,16092,CUBE_L,FUN_1
86515,27156,FUN_1,FUN_2
86516,8870,CUBE_R,RET
86533,19631,FUN_4,FUN_5
86629,6636,CUBE_R,RET
86631,1226,FUN_4,FUN_3
86634,6690,FUN_2,FUN_1
86638,27392,FUN_4,FUN_3
86643,22352,FUN_3,FUN_2
86648,29475,FUN_2,FUN_3
86649,9756,FUN_5,FUN_4
86655,29806,FUN_1,CUBE_L
86658,3644,FUN_2,FUN_3
86687,918,FUN_2,FUN_3
86698,10488,FUN_2,FUN_3
86712,21732,CUBE_L,FUN_1
86733,12895,FUN_1,FUN_2
86760,25441,FUN_2,FUN_3
86800,27772,FUN_4,FUN_5
86816,12044,FUN_2,FUN_1
86830,8910,FUN_6,FUN_5
86844,24008,FUN_5,FUN_4
86887,18140,FUN_3,FUN_2
86889,5062,FUN_6,CUBE_R
86900,17517,FUN_4,FUN_3
86917,23643,FUN_2,FUN_1
86928,8859,RET,CUBE_L
86928,27392,FUN_3,FUN_4
86971,12044,FUN_1,FUN_2
86972,26930,FUN_3,FUN_2
86988,12783,FUN_6,CUBE_R
86993,8436,RET,CUBE_R
87008,24859,CUBE_R,RET
87013,28507,FUN_2,FUN_3
87031,21110,FUN_2,FUN_1
87039,21662,FUN_3,FUN_2
87041,10686,FUN_3,FUN_2
87044,663,RET,CUBE_R
87053,21132,FUN_3,FUN_2
87088,11459,RET,CUBE_L
87091,28680,FUN_2,FUN_1
87098,8131,FUN_2,FUN_1
87098,21315,FUN_5,FUN_4
87129,7831,FUN_2,FUN_3
87165,2178,FUN_3,FUN_2
87194,25484,CUBE_L,RET
87208,5877,FUN_3,FUN_2
87210,21109,CUBE_L,FUN_1
87229,11894,FUN_1,FUN_2
87244,22712,FUN_1,FUN_2
87245,7982,FUN_2,FUN_1
87249,7831,FUN_3,FUN_2
87263,15496,FUN_4,FUN_3
87274,7524,CUBE_R,FUN_6
87284,8568,CUBE_R,RET
87309,21123,FUN_1,FUN_2
87309,27578,RET,CUBE_R
87321,28313,FUN_2,FUN_3
87337,20225,FUN_3,FUN_4
87340,18584,FUN_1,CUBE_L
87367,15950,CUBE_L,FUN_1
87372,22479,CUBE_R,RET
87379,2178,FUN_2,FUN_3
87383,20914,CUBE_R,RET
87392,23155,FUN_2,FUN_3
87408,28503,CUBE_L,RET
87421,11453,FUN_3,FUN_2
87421,20658,FUN_4,FUN_3
87466,7647,FUN_3,FUN_4
87478,17500,FUN_3,FUN_2
87491,27457,RET,CUBE_L
87499,3035,FUN_3,FUN_2
87505,24427,CUBE_R,RET
87508,15298,FUN_2,FUN_3
87510,13946,FUN_1,FUN_2
87515,92,FUN_4,FUN_5
87531,15437,FUN_1,CUBE_L
87558,13112,FUN_2,FUN_1
87560,5719,FUN_4,FUN_3
87561,4037,CUBE_R,FUN_6
87569,20652,FUN_5,FUN_6
87573,28741,FUN_2,FUN_3
87575,22768,CUBE_R,FUN_6
87581,14469,FUN_2,FUN_3
87598,28503,RET,CUBE_L
87600,8216,CUBE_R,RET
87617,2371,FUN_5,FUN_4
87620,7831,FUN_2,FUN_3
87628,20652,FUN_6,FUN_5
87676,11894,FUN_2,FUN_1
87697,21203,FUN_2,FUN_3
87706,13690,CUBE_L,RET
87717,2211,FUN_2,FUN_3
87729,23643,FUN_1,FUN_2
87733,22597,FUN_4,FUN_5
87740,11459,CUBE_L,RET
87768,12138,FUN_3,FUN_4
87768,13146,FUN_3,FUN_2
87776,1845,FUN_2,FUN_1
87792,3495,FUN_2,FUN_3
87809,2765,FUN_3,FUN_4
87871,21315,FUN_4,FUN_5
87877,14899,FUN_3,FUN_2
87881,22859,CUBE_R,FUN_6
87893,6172,FUN_5,FUN_6
87950,5929,CUBE_L,RET
87971,28541,FUN_2,FUN_3
87983,24806,FUN_1,FUN_2
88004,7167,FUN_5,FUN_4
88005,21171,FUN_2,FUN_3
88021,13269,FUN_1,FUN_2
88053,18716,FUN_2,FUN_3
88055,8131,FUN_1,FUN_2
88068,16231,FUN_1,FUN_2
88072,26371,FUN_1,CUBE_L
88091,11056,FUN_3,FUN_4
88095,21171,FUN_3,FUN_2
88096,27457,CUBE_L,RET
88111,2178,FUN_3,FUN_2
88118,7831,FUN_3,FUN_2
88119,21171,FUN_2,FUN_3
88147,21548,CUBE_L,RET
88167,1226,FUN_3,FUN_4
88195,29462,CUBE_L,RET
88197,16218,FUN_2,FUN_1
88224,16526,FUN_3,FUN_2
88232,2875,CUBE_R,RET
88251,23705,FUN_3,FUN_4
88255,24668,RET,CUBE_L
88266,27396,FUN_4,FUN_5
88269,15170,CUBE_L,FUN_1
88281,11894,FUN_1,FUN_2
88293,29942,CUBE_L,RET
88298,9054,FUN_5,FUN_6
88306,13154,FUN_6,CUBE_R
88322,21171,FUN_3,FUN_2
88326,3367,FUN_2,FUN_3
88338,27537,FUN_2,FUN_3
88354,25207,FUN_2,FUN_1
88365,14098,FUN_2,FUN_3
88383,24636,FUN_1,CUBE_L
88417,796,FUN_1,FUN_2
88451,14688,FUN_2,FUN_1
88451,21171,FUN_2,FUN_3
88455,6626,FUN_2,FUN_3
88465,21109,FUN_1,CUBE_L
88480,22557,FUN_2,FUN_3
88492,27719,FUN_4,FUN_3
88494,24447,FUN_2,FUN_1
88499,5767,FUN_1,FUN_2
88506,281,FUN_3,FUN_2
88532,16218,FUN_1,FUN_2
88534,6806,FUN_3,FUN_2
88589,8859,CUBE_L,RET
88595,2008,FUN_2,FUN_3
88596,18187,FUN_6,FUN_5
88606,28636,FUN_1,FUN_2
88615,26109,FUN_3,FUN_2
88622,26118,FUN_5,FUN_4
88638,6621,FUN_3,FUN_2
88642,20230,FUN_4,FUN_3
88648,13165,FUN_2,FUN_3
88663,24668,CUBE_L,RET
88703,273,FUN_5,FUN_6
88703,2008,FUN_3,FUN_2
88719,20658,FUN_3,FUN_4
88725,16218,FUN_2,FUN_1
88730,13109,FUN_4,FUN_3
88790,24615,FUN_3,FUN_2
88820,16218,FUN_1,FUN_2
88827,15057,FUN_3,FUN_2
88843,2008,FUN_2,FUN_3
88843,28741,FUN_3,FUN_2
88843,179,CUBE_L,RET
88852,28507,FUN_3,FUN_2
88859,7897,RET,CUBE_R
88867,12138,FUN_4,FUN_3
88871,12692,CUBE_R,RET
88928,26930,FUN_2,FUN_3
88931,18752,FUN_1,FUN_2
88962,13269,FUN_2,FUN_1
88970,15536,FUN_3,FUN_2
88970,20030,FUN_5,FUN_4
89000,21171,FUN_3,FUN_2
89058,10234,FUN_3,FUN_2
89067,24668,RET,CUBE_L
89073,2004,FUN_2,FUN_3
89074,12370,FUN_2,FUN_1
89078,19193,CUBE_L,RET
89110,16231,FUN_2,FUN_1
89112,18628,FUN_6,CUBE_R
89125,6532,FUN_4,FUN_3
89139,9736,FUN_2,FUN_1
89151,9736,FUN_1,FUN_2
89152,9736,FUN_2,FUN_1
89163,25279,FUN_2,FUN_3
89188,16526,FUN_2,FUN_3
89199,22905,FUN_2,FUN_3
89214,28680,FUN_1,FUN_2
89217,28154,FUN_3,FUN_4
89223,16906,FUN_3,FUN_2
89226,25279,FUN_3,FUN_2
89279,20413,FUN_3,FUN_2
89354,21110,FUN_1,FUN_2
89362,364,FUN_2,FUN_3
89362,21171,FUN_2,FUN_3
89363,17500,FUN_2,FUN_3
89421,13146,FUN_2,FUN_3
89452,5929,RET,CUBE_L
89458,20413,FUN_2,FUN_3
89465,15057,FUN_2,FUN_3
89480,16204,FUN_2,FUN_1
89506,3495,FUN_3,FUN_2
89509,20776,FUN_3,FUN_2
89535,26180,FUN_2,FUN_1
89549,11894,FUN_2,FUN_1
89554,19689,FUN_2,FUN_3
89566,15431,FUN_1,FUN_2
89569,19933,FUN_3,FUN_2
89573,25279,FUN_2,FUN_3
89577,8859,RET,CUBE_L
89579,7101,FUN_3,FUN_2
89582,5877,FUN_2,FUN_3
89582,21662,FUN_2,FUN_3
89608,9128,CUBE_R,FUN_6
89616,22768,FUN_6,CUBE_R
89636,29037,FUN_4,FUN_5
89645,4287,FUN_1,FUN_2
89683,24521,FUN_4,FUN_3
89684,11894,FUN_1,FUN_2
89687,14586,FUN_6,FUN_5
89700,20413,FUN_3,FUN_2
89704,18495,FUN_3,FUN_2
89706,27932,FUN_6,CUBE_R
89711,73,FUN_3,FUN_2
89724,19661,FUN_2,FUN_3
89733,26371,CUBE_L,FUN_1
89746,27156,FUN_2,FUN_1
89760,10929,FUN_2,FUN_1
89778,8279,CUBE_R,RET
89800,23155,FUN_3,FUN_2
89803,9054,FUN_6,FUN_5
89813,888,RET,CUBE_L
89825,10929,FUN_1,FUN_2
89830,23755,FUN_4,FUN_3
89834,4498,FUN_3,FUN_4
89865,25279,FUN_3,FUN_2
89869,10196,CUBE_L,FUN_1
89870,18296,FUN_4,FUN_3
89881,343,RET,CUBE_R
89898,2812,FUN_2,FUN_1
89926,9078,FUN_3,FUN_2
89926,18526,FUN_4,FUN_5
89937,11894,FUN_2,FUN_1
89943,7556,FUN_3,FUN_4
89950,16218,FUN_2,FUN_1
89960,20340,FUN_1,FUN_2
89971,7017,FUN_4,FUN_3
89980,7565,FUN_2,FUN_3
89998,10477,FUN_6,FUN_5
90017,7565,FUN_3,FUN_2
90018,2846,FUN_3,FUN_2
90018,19144,FUN_3,FUN_4
90038,12895,FUN_2,FUN_1
90057,11582,FUN_2,FUN_1
90061,24352,FUN_4,FUN_3
90062,28138,CUBE_R,FUN_6
90067,9054,FUN_5,FUN_6
90072,24283,FUN_3,FUN_2
90073,13109,FUN_3,FUN_4
90079,13690,RET,CUBE_L
90111,20251,CUBE_R,FUN_6
90115,1796,FUN_4,FUN_3
90131,5929,CUBE_L,RET
90142,1017,FUN_2,FUN_1
90146,5249,FUN_5,FUN_6
90170,796,FUN_2,FUN_1
90173,1845,FUN_1,FUN_2
90181,2846,FUN_2,FUN_3
90188,18193,FUN_3,FUN_2
90201,28980,FUN_2,FUN_3
90219,21123,FUN_2,FUN_1
90220,17671,FUN_2,FUN_1
90220,24695,FUN_3,FUN_4
90221,28494,FUN_3,FUN_2
90228,28494,FUN_2,FUN_3
90229,24447,FUN_1,FUN_2
90238,342,FUN_3,FUN_4
90246,10530,FUN_3,FUN_2
90254,19446,FUN_6,FUN_5
90285,7060,CUBE_R,FUN_6
90285,25291,FUN_3,FUN_2
90288,5003,RET,CUBE_L
90290,19794,FUN_3,FUN_4
90304,4018,CUBE_L,RET
90316,7565,FUN_2,FUN_3
90351,13109,FUN_4,FUN_3
90373,28120,FUN_3,FUN_2
90406,28541,FUN_3,FUN_2
90413,14471,FUN_5,FUN_6
90419,29555,FUN_3,FUN_4
90422,1940,FUN_5,FUN_6
90437,7565,FUN_3,FUN_2
90439,15705,FUN_2,FUN_3
90470,24262,FUN_3,FUN_2
90505,7060,FUN_6,CUBE_R
90507,29928,FUN_4,FUN_3
90533,26058,FUN_2,FUN_3
90544,7017,FUN_3,FUN_4
90552,25605,CUBE_R,RET
90568,13146,FUN_3,FUN_2
90580,6621,FUN_2,FUN_3
90598,15292,FUN_3,FUN_2
90606,28541,FUN_2,FUN_3
90639,19446,FUN_5,FUN_6
90639,20197,FUN_2,FUN_3
90641,18193,FUN_2,FUN_3
90648,19468,FUN_2,FUN_3
90650,29154,FUN_4,FUN_3
90651,28741,FUN_2,FUN_3
90679,706,CUBE_L,RET
90682,13732,FUN_2,FUN_3
90686,16218,FUN_1,FUN_2
90687,21420,FUN_3,FUN_2
90711,20575,FUN_3,FUN_2
90757,10597,FUN_5,FUN_6
90804,26371,FUN_1,CUBE_L
90825,26128,CUBE_R,RET
90851,23705,FUN_4,FUN_3
90883,4759,RET,CUBE_L
90909,3398,FUN_2,FUN_1
90910,987,FUN_3,FUN_2
90928,1796,FUN_3,FUN_4
90931,28741,FUN_3,FUN_2
90983,25567,FUN_2,FUN_3
90989,7389,RET,CUBE_R
91003,13150,FUN_4,FUN_3
91007,12474,FUN_5,FUN_4
91057,10350,FUN_2,FUN_3
91060,1845,FUN_2,FUN_1
91068,28541,FUN_3,FUN_2
91110,27903,FUN_3,FUN_4
91123,27,RET,CUBE_L
91131,14872,FUN_3,FUN_4
91150,7178,FUN_4,FUN_5
91180,1202,FUN_2,FUN_1
91206,2465,FUN_3,FUN_4
91206,28460,CUBE_R,FUN_6
91218,7831,FUN_2,FUN_3
91219,9736,FUN_1,FUN_2
91245,10223,FUN_2,FUN_3
91282,8659,RET,CUBE_L
91305,21123,FUN_1,FUN_2
91319,12289,FUN_5,FUN_6
91320,16906,FUN_2,FUN_3
91322,13165,FUN_3,FUN_2
91340,9517,FUN_3,FUN_2
91359,29627,FUN_1,FUN_2
91361,8870,RET,CUBE_R
91362,22077,CUBE_R,RET
91367,16906,FUN_3,FUN_2
91375,9128,FUN_6,CUBE_R
91382,18495,FUN_2,FUN_3
91387,6690,FUN_1,FUN_2
91415,1588,FUN_3,FUN_2
91420,28138,FUN_6,CUBE_R
91444,28507,FUN_2,FUN_3
91445,18522,FUN_5,FUN_4
91446,29443,FUN_1,FUN_2
91460,2257,CUBE_L,RET
91469,13547,FUN_5,FUN_4
91478,10929,FUN_2,FUN_1
91486,15817,FUN_2,FUN_3
91491,13109,FUN_3,FUN_4
91516,4292,FUN_2,FUN_1
91517,7433,CUBE_L,FUN_1
91538,10958,CUBE_R,RET
91545,8870,CUBE_R,RET
91606,28980,FUN_3,FUN_2
91678,4018,RET,CUBE_L
91695,28503,CUBE_L,RET
91701,9736,FUN_2,FUN_1
91714,23755,FUN_3,FUN_4
91720,9284,FUN_1,FUN_2
91753,8937,CUBE_R,RET
91756,3415,FUN_5,FUN_4
91780,15194,CUBE_L,RET
91807,9012,CUBE_R,RET
91807,29524,FUN_2,FUN_3
91830,20382,FUN_4,FUN_5
91832,9012,RET,CUBE_R
91840,15298,FUN_3,FUN_2
91854,14102,FUN_3,FUN_2
91904,19049,FUN_5,FUN_4
91904,22905,FUN_3,FUN_2
91916,9215,FUN_2,FUN_1
91936,17040,FUN_2,FUN_1
91943,27156,FUN_1,FUN_2
91944,21123,FUN_2,FUN_1
91976,2178,FUN_2,FUN_3
91985,25605,RET,CUBE_R
91989,14026,FUN_1,FUN_2
92030,1940,FUN_6,FUN_5
92059,9453,FUN_3,FUN_2
92061,23745,RET,CUBE_L
92081,5065,FUN_2,FUN_3
92098,8548,FUN_3,FUN_2
92113,7138,FUN_3,FUN_4
92118,9196,FUN_3,FUN_2
92126,26180,FUN_1,FUN_2
92157,2178,FUN_3,FUN_2
92167,23631,FUN_3,FUN_2
92173,20144,FUN_2,FUN_1
92175,13125,CUBE_R,FUN_6
92184,16367,FUN_4,FUN_3
92188,8775,FUN_4,FUN_3
92193,884,FUN_1,FUN_2
92194,16906,FUN_2,FUN_3
92197,5249,FUN_6,FUN_5
92227,14688,FUN_1,FUN_2
92227,29555,FUN_4,FUN_3
92228,12782,CUBE_R,FUN_6
92230,281,FUN_2,FUN_3
92238,9453,FUN_2,FUN_3
92239,18495,FUN_3,FUN_2
92240,22597,FUN_5,FUN_4
92261,6347,FUN_2,FUN_3
92282,24283,FUN_2,FUN_3
92289,13547,FUN_4,FUN_5
92333,28460,FUN_6,CUBE_R
92338,21604,FUN_4,FUN_3
92347,25279,FUN_2,FUN_3
92350,4830,FUN_6,CUBE_R
92372,9453,FUN_3,FUN_2
92387,6478,FUN_3,FUN_2
92388,9736,FUN_1,FUN_2
92396,18752,FUN_2,FUN_1
92402,7690,FUN_6,FUN_5
92408,19631,FUN_5,FUN_4
92426,7389,CUBE_R,RET
92430,9208,FUN_3,FUN_2
92434,24008,FUN_4,FUN_5
92449,13679,FUN_3,FUN_2
92472,10530,FUN_2,FUN_3
92488,18193,FUN_3,FUN_2
92524,11550,FUN_2,FUN_1
92537,23382,FUN_4,FUN_5
92541,14329,FUN_1,FUN_2
92553,18518,FUN_3,FUN_2
92555,6636,RET,CUBE_R
92558,2064,FUN_3,FUN_2
92584,6478,FUN_2,FUN_3
92584,19334,FUN_3,FUN_2
92592,4037,FUN_6,CUBE_R
92595,23705,FUN_3,FUN_4
92597,160,CUBE_R,FUN_6
92628,15861,RET,CUBE_L
92629,22077,RET,CUBE_R
92642,13547,FUN_5,FUN_4
92647,11248,RET,CUBE_L
92650,8659,CUBE_L,RET
92664,19661,FUN_3,FUN_2
92667,24179,FUN_5,FUN_6
92678,13150,FUN_3,FUN_4
92679,3332,FUN_3,FUN_2
92681,3701,RET,CUBE_R
92685,15536,FUN_2,FUN_3
92692,12895,FUN_1,FUN_2
92716,3625,FUN_2,FUN_3
92727,13165,FUN_2,FUN_3
92731,14872,FUN_4,FUN_3
92745,18928,FUN_2,FUN_1
92745,21123,FUN_1,FUN_2
92745,27457,RET,CUBE_L
92764,16231,FUN_1,FUN_2
92768,6290,RET,CUBE_R
92778,13165,FUN_3,FUN_2
92808,27919,FUN_2,FUN_1
92825,9284,FUN_2,FUN_1
92841,25605,CUBE_R,RET
92846,5003,CUBE_L,RET
92874,14811,FUN_3,FUN_2
92876,6478,FUN_3,FUN_2
92880,9453,FUN_2,FUN_3
92891,8555,FUN_5,FUN_4
92940,8834,FUN_3,FUN_2
92942,28541,FUN_2,FUN_3
92945,25230,CUBE_R,FUN_6
92953,27215,FUN_2,FUN_1
92954,14102,FUN_2,FUN_3
92978,22438,FUN_4,FUN_3
92979,23785,RET,CUBE_L
92982,763,FUN_3,FUN_2
92998,27752,FUN_1,FUN_2
93007,9284,FUN_1,FUN_2
93014,13146,FUN_2,FUN_3
93029,27919,FUN_1,FUN_2
93040,24447,FUN_2,FUN_1
93043,3625,FUN_3,FUN_2
93045,25207,FUN_1,FUN_2
93047,4037,CUBE_R,FUN_6
93057,5576,FUN_3,FUN_4
93066,24636,CUBE_L,FUN_1
93070,13732,FUN_3,FUN_2
93093,7178,FUN_5,FUN_4
93145,17500,FUN_3,FUN_2
93152,25279,FUN_3,FUN_2
93170,8859,CUBE_L,RET
93171,26807,CUBE_R,RET
93200,3332,FUN_2,FUN_3
93234,5249,FUN_5,FUN_6
93273,13150,FUN_4,FUN_3
93293,26302,FUN_6,CUBE_R
93307,16092,FUN_1,CUBE_L
93357,8859,RET,CUBE_L
93369,27356,FUN_1,CUBE_L
93370,14329,FUN_2,FUN_1
93372,2812,FUN_1,FUN_2
93378,28368,RET,CUBE_L
93412,9128,CUBE_R,FUN_6
93412,9453,FUN_3,FUN_2
93413,8838,FUN_1,CUBE_L
93416,23838,FUN_2,FUN_1
93431,20587,FUN_3,FUN_2
93432,20413,FUN_2,FUN_3
93442,8521,FUN_3,FUN_2
93459,8037,FUN_2,FUN_1
93482,8675,FUN_1,CUBE_L
93488,9517,FUN_2,FUN_3
93495,8859,CUBE_L,RET
93528,4037,FUN_6,CUBE_R
93545,16231,FUN_2,FUN_1
93562,23838,FUN_1,FUN_2
93573,6690,FUN_2,FUN_1
93577,17500,FUN_2,FUN_3
93587,5249,FUN_6,FUN_5
93596,10748,FUN_4,FUN_3
93603,14688,FUN_2,FUN_1
93609,8521,FUN_2,FUN_3
93639,21040,FUN_2,FUN_3
93643,12895,FUN_2,FUN_1
93643,24293,FUN_1,CUBE_L
93656,663,CUBE_R,RET
93660,3495,FUN_2,FUN_3
93661,15401,RET,CUBE_R
93678,18584,CUBE_L,FUN_1
93684,15729,FUN_1,FUN_2
93693,4292,FUN_1,FUN_2
93709,12259,FUN_2,FUN_1
93742,9215,FUN_1,FUN_2
93750,3398,FUN_1,FUN_2
93779,19661,FUN_2,FUN_3
93781,19868,CUBE_L,RET
93789,9208,FUN_2,FUN_3
93789,27537,FUN_3,FUN_2
93857,17227,FUN_4,FUN_3
93882,1588,FUN_2,FUN_3
93886,22871,FUN_4,FUN_3
93901,9741,FUN_1,CUBE_L
93906,11453,FUN_2,FUN_3
93908,6290,CUBE_R,RET
93921,23246,RET,CUBE_R
93925,7589,FUN_2,FUN_1
93925,22458,FUN_2,FUN_1
93931,15285,FUN_2,FUN_1
93938,2482,CUBE_R,RET
93966,7057,FUN_2,FUN_1
93983,26981,FUN_2,FUN_1
93992,8859,RET,CUBE_L
94000,4583,FUN_1,FUN_2
94018,6314,FUN_3,FUN_4
94031,16380,FUN_3,FUN_4
94038,6478,FUN_2,FUN_3
94057,25157,FUN_6,FUN_5
94066,14,FUN_3,FUN_4
94069,16232,FUN_2,FUN_3
94072,6314,FUN_4,FUN_3
94075,23838,FUN_2,FUN_1
94078,28541,FUN_3,FUN_2
94083,16906,FUN_3,FUN_2
94091,17510,FUN_1,FUN_2
94094,5576,FUN_4,FUN_3
94123,20144,FUN_1,FUN_2
94150,27537,FUN_2,FUN_3
94193,12776,CUBE_L,FUN_1
94199,10901,FUN_5,FUN_4
94217,7788,FUN_3,FUN_2
94217,25118,FUN_3,FUN_2
94223,21215,FUN_2,FUN_1
94240,29494,FUN_5,FUN_6
94259,4336,RET,CUBE_R
94264,9215,FUN_2,FUN_1
94266,1845,FUN_1,FUN_2
94270,1796,FUN_4,FUN_3
94277,987,FUN_2,FUN_3
94286,15715,FUN_5,FUN_4
94291,92,FUN_5,FUN_4
94305,28503,RET,CUBE_L
94318,10712,FUN_3,FUN_2
94329,2211,FUN_3,FUN_2
94348,2444,RET,CUBE_R
94355,12312,FUN_4,FUN_5
94393,16231,FUN_1,FUN_2
94404,3701,CUBE_R,RET
94414,18989,CUBE_L,RET
94415,6314,FUN_3,FUN_4
94417,24955,FUN_3,FUN_2
94423,14823,FUN_4,FUN_3
94424,11453,FUN_3,FUN_2
94428,18193,FUN_2,FUN_3
94428,16092,CUBE_L,FUN_1
94438,8555,FUN_4,FUN_5
94440,813,FUN_3,FUN_2
94460,13732,FUN_2,FUN_3
94487,23838,FUN_1,FUN_2
94499,12505,FUN_3,FUN_2
94521,24179,FUN_6,FUN_5
94528,4583,FUN_2,FUN_1
94530,6478,FUN_3,FUN_2
94536,10958,RET,CUBE_R
94539,14026,FUN_2,FUN_1
94557,7573,FUN_2,FUN_1
94560,12895,FUN_1,FUN_2
94563,2371,FUN_4,FUN_5
94572,4292,FUN_2,FUN_1
94599,10811,FUN_2,FUN_3
94603,16470,FUN_6,FUN_5
94609,28500,FUN_3,FUN_2
94632,28541,FUN_2,FUN_3
94637,9284,FUN_2,FUN_1
94645,1588,FUN_3,FUN_2
94658,24426,FUN_5,FUN_6
94686,16092,FUN_1,CUBE_L
94688,16906,FUN_2,FUN_3
94701,9939,RET,CUBE_L
94714,3035,FUN_2,FUN_3
94753,25416,FUN_2,FUN_1
94758,19281,CUBE_R,RET
94778,11453,FUN_2,FUN_3
94782,23241,FUN_4,FUN_3
94787,21132,FUN_2,FUN_3
94811,23513,FUN_3,FUN_2
94813,14667,FUN_2,FUN_3
94814,9453,FUN_2,FUN_3
94826,23124,CUBE_L,FUN_1
94837,28640,FUN_3,FUN_4
94894,15437,CUBE_L,FUN_1
94895,16470,FUN_5,FUN_6
94895,25754,FUN_3,FUN_2
94908,5457,FUN_2,FUN_1
94914,18193,FUN_3,FUN_2
94915,4197,FUN_5,FUN_6
94941,24179,FUN_5,FUN_6
94981,20051,CUBE_R,FUN_6
95019,22404,FUN_2,FUN_3
95035,9078,FUN_2,FUN_3
95071,8775,FUN_3,FUN_4
95074,6314,FUN_4,FUN_3
95105,6314,FUN_3,FUN_4
95109,5457,FUN_1,FUN_2
95111,9215,FUN_1,FUN_2
95115,23631,FUN_2,FUN_3
95122,11695,FUN_4,FUN_3
95140,29555,FUN_3,FUN_4
95176,2004,FUN_3,FUN_2
95183,1796,FUN_3,FUN_4
95215,6290,RET,CUBE_R
95218,18193,FUN_2,FUN_3
95233,11319,FUN_3,FUN_4
95271,9007,RET,CUBE_R
95287,14450,CUBE_R,RET
95287,21815,FUN_1,FUN_2
95288,22441,CUBE_R,FUN_6
95298,28951,FUN_6,FUN_5
95309,73,FUN_2,FUN_3
95309,20810,FUN_6,FUN_5
95321,7788,FUN_2,FUN_3
95342,19820,RET,CUBE_R
95364,15285,FUN_1,FUN_2
95447,8555,FUN_5,FUN_4
95479,7589,FUN_1,FUN_2
95484,13797,FUN_3,FUN_2
95505,25291,FUN_2,FUN_3
95522,9736,FUN_2,FUN_1
95526,73,FUN_3,FUN_2
95535,1246,FUN_2,FUN_1
95580,6169,FUN_3,FUN_2
95582,7524,FUN_6,CUBE_R
95593,3332,FUN_3,FUN_2
95595,11282,FUN_1,FUN_2
95611,18435,RET,CUBE_L
95621,25291,FUN_3,FUN_2
95630,10223,FUN_3,FUN_2
95630,12871,FUN_2,FUN_3
95642,6806,FUN_2,FUN_3
95651,28357,FUN_1,FUN_2
95681,5659,FUN_2,FUN_3
95696,13547,FUN_4,FUN_5
95697,25291,FUN_2,FUN_3
95701,19200,FUN_2,FUN_3
95705,8131,FUN_2,FUN_1
95727,20504,FUN_3,FUN_2
95751,24387,CUBE_L,FUN_1
95762,15699,FUN_3,FUN_2
95770,26782,FUN_4,FUN_3
95782,5456,FUN_2,FUN_3
95784,25542,FUN_3,FUN_4
95790,1588,FUN_2,FUN_3
95802,15715,FUN_4,FUN_5
95820,12505,FUN_2,FUN_3
95833,5456,FUN_3,FUN_2
95844,7101,FUN_2,FUN_3
95865,29104,FUN_3,FUN_2
95867,73,FUN_2,FUN_3
95870,15632,FUN_6,CUBE_R
95871,12776,FUN_1,CUBE_L
95876,73,FUN_3,FUN_2
95885,73,FUN_2,FUN_3
95886,9511,CUBE_L,RET
95897,24504,CUBE_R,RET
95899,21963,RET,CUBE_R
95921,578,CUBE_R,FUN_6
95922,5456,FUN_2,FUN_3
95924,15401,CUBE_R,RET
95940,7508,FUN_6,FUN_5
95951,3420,CUBE_R,FUN_6
95954,27919,FUN_2,FUN_1
95956,6806,FUN_3,FUN_2
95983,21040,FUN_3,FUN_2
95987,6347,FUN_3,FUN_2
95987,15424,FUN_5,FUN_6
96005,25060,CUBE_R,FUN_6
96014,14471,FUN_6,FUN_5
96016,23123,FUN_3,FUN_4
96032,6993,FUN_3,FUN_2
96050,18508,FUN_4,FUN_3
96055,28266,FUN_2,FUN_3
96065,12776,CUBE_L,FUN_1
96151,1588,FUN_3,FUN_2
96156,6169,FUN_2,FUN_3
96165,2533,CUBE_R,FUN_6
96165,8131,FUN_1,FUN_2
96182,19561,FUN_3,FUN_4
96195,23124,FUN_1,CUBE_L
96198,1845,FUN_2,FUN_1
96238,13679,FUN_2,FUN_3
96241,26128,RET,CUBE_R
96244,9053,FUN_1,CUBE_L
96247,3844,FUN_2,FUN_3
96263,21123,FUN_2,FUN_1
96265,987,FUN_3,FUN_2
96267,13547,FUN_5,FUN_4
96271,18193,FUN_3,FUN_2
96272,5456,FUN_3,FUN_2
96304,5659,FUN_3,FUN_2
96309,28722,FUN_3,FUN_2
96310,22438,FUN_3,FUN_4
96310,28741,FUN_2,FUN_3
96333,18351,FUN_6,FUN_5
96341,14329,FUN_1,FUN_2
96355,9128,FUN_6,CUBE_R
96357,22077,CUBE_R,RET
96359,6314,FUN_4,FUN_3
96428,5769,FUN_6,FUN_5
96455,13131,CUBE_R,RET
96466,21749,FUN_3,FUN_2
96475,15726,FUN_2,FUN_1
96485,1588,FUN_2,FUN_3
96497,17500,FUN_3,FUN_2
96503,21218,RET,CUBE_L
96512,1541,FUN_2,FUN_1
96512,1227,RET,CUBE_R
96513,21123,FUN_1,FUN_2
96520,21829,FUN_3,FUN_2
96543,15729,FUN_2,FUN_1
96559,13834,FUN_1,FUN_2
96570,17360,RET,CUBE_R
96574,26118,FUN_4,FUN_5
96581,8048,FUN_5,FUN_6
96595,21040,FUN_2,FUN_3
96601,17343,FUN_3,FUN_4
96603,19802,FUN_2,FUN_3
96631,11898,FUN_2,FUN_3
96650,25430,CUBE_R,FUN_6
96656,22792,CUBE_L,RET
96676,9284,FUN_1,FUN_2
96677,21963,CUBE_R,RET
96685,13062,FUN_3,FUN_4
96685,14471,FUN_5,FUN_6
96703,18140,FUN_2,FUN_3
96710,8131,FUN_2,FUN_1
96712,1701,FUN_1,FUN_2
96718,20051,FUN_6,CUBE_R
96737,1940,FUN_5,FUN_6
96764,1226,FUN_4,FUN_3
96787,24959,RET,CUBE_R
96791,14872,FUN_3,FUN_4
96795,29115,CUBE_R,FUN_6
96796,2283,FUN_2,FUN_1
96799,26371,CUBE_L,FUN_1
96805,16231,FUN_2,FUN_1
96831,7017,FUN_4,FUN_3
96864,19810,FUN_3,FUN_2
96870,21749,FUN_2,FUN_3
96894,14471,FUN_6,FUN_5
96913,2283,FUN_1,FUN_2
96920,27919,FUN_1,FUN_2
96947,21177,RET,CUBE_R
96948,15431,FUN_2,FUN_1
96955,19392,FUN_5,FUN_4
96979,15726,FUN_1,FUN_2
96986,27249,CUBE_R,FUN_6
97005,11248,CUBE_L,RET
97012,14862,FUN_5,FUN_4
97045,6071,FUN_2,FUN_1
97049,26605,FUN_4,FUN_3
97085,24615,FUN_2,FUN_3
97095,14872,FUN_4,FUN_3
97102,9686,FUN_4,FUN_3
97112,29494,FUN_6,FUN_5
97120,15272,FUN_5,FUN_4
97160,10530,FUN_3,FUN_2
97160,25430,FUN_6,CUBE_R
97185,22481,FUN_5,FUN_6
97216,1360,FUN_2,FUN_3
97231,15729,FUN_1,FUN_2
97240,3613,CUBE_L,FUN_1
97252,25430,CUBE_R,FUN_6
97274,28460,CUBE_R,FUN_6
97284,14700,CUBE_L,RET
97302,18050,FUN_2,FUN_1
97305,21963,RET,CUBE_R
97308,2178,FUN_2,FUN_3
97312,3332,FUN_2,FUN_3
97338,25643,RET,CUBE_R
97341,9391,FUN_2,FUN_3
97351,13390,FUN_3,FUN_4
97353,2178,FUN_3,FUN_2
97356,6806,FUN_2,FUN_3
97379,14735,CUBE_L,FUN_1
97390,19933,FUN_2,FUN_3
97399,12312,FUN_5,FUN_4
97400,24615,FUN_3,FUN_2
97423,14688,FUN_1,FUN_2
97431,3327,CUBE_R,RET
97431,26987,FUN_5,FUN_4
97447,26492,RET,CUBE_R
97451,2178,FUN_2,FUN_3
97455,7389,RET,CUBE_R
97478,20149,CUBE_R,RET
97490,23256,FUN_2,FUN_1
97498,11894,FUN_1,FUN_2
97499,57,FUN_3,FUN_4
97503,425,FUN_5,FUN_4
97512,1940,FUN_6,FUN_5
97516,92,FUN_4,FUN_5
97526,19860,FUN_1,FUN_2
97545,13390,FUN_4,FUN_3
97561,5659,FUN_2,FUN_3
97564,9308,FUN_4,FUN_5
97572,21829,FUN_2,FUN_3
97579,5929,RET,CUBE_L
97579,20041,FUN_2,FUN_1
97588,1455,FUN_3,FUN_2
97588,28951,FUN_5,FUN_6
97594,2178,FUN_3,FUN_2
97603,884,FUN_2,FUN_1
97617,28138,CUBE_R,FUN_6
97650,26058,FUN_3,FUN_2
97668,1588,FUN_3,FUN_2
97693,10409,FUN_4,FUN_5
97694,73,FUN_3,FUN_2
97694,9391,FUN_3,FUN_2
97722,7642,FUN_3,FUN_2
97731,13547,FUN_4,FUN_5
97754,3495,FUN_3,FUN_2
97766,14862,FUN_4,FUN_5
97783,1898,FUN_2,FUN_3
97786,20901,FUN_2,FUN_3
97808,27660,FUN_2,FUN_1
97831,25060,FUN_6,CUBE_R
97833,28266,FUN_3,FUN_2
97849,19671,FUN_3,FUN_2
97850,13732,FUN_3,FUN_2
97855,21215,FUN_1,FUN_2
97860,24902,FUN_3,FUN_2
97864,21177,CUBE_R,RET
97875,14735,FUN_1,CUBE_L
97899,1845,FUN_1,FUN_2
97901,28529,RET,CUBE_R
97908,11456,FUN_3,FUN_2
97923,2178,FUN_2,FUN_3
97929,12044,FUN_2,FUN_1
97952,15245,CUBE_R,RET
97954,8110,CUBE_L,RET
97978,23937,FUN_2,FUN_1
97996,17368,FUN_3,FUN_4
98012,9249,FUN_4,FUN_5
98029,9741,CUBE_L,FUN_1
98031,20148,FUN_1,FUN_2
98055,23513,FUN_2,FUN_3
98065,1346,FUN_3,FUN_2
98074,22362,FUN_2,FUN_3
98079,15729,FUN_2,FUN_1
98088,22441,FUN_6,CUBE_R
98095,8110,RET,CUBE_L
98110,4018,CUBE_L,RET
98115,29672,FUN_2,FUN_3
98118,13390,FUN_3,FUN_4
98119,5576,FUN_3,FUN_4
98127,18050,FUN_1,FUN_2
98144,18928,FUN_1,FUN_2
98147,6993,FUN_2,FUN_3
98148,9750,FUN_2,FUN_1
98185,20149,RET,CUBE_R
98192,16231,FUN_1,FUN_2
98201,27660,FUN_1,FUN_2
98205,2398,FUN_2,FUN_1
98206,29672,FUN_3,FUN_2
98231,14876,FUN_2,FUN_1
98238,1945,FUN_4,FUN_3
98261,16331,FUN_4,FUN_5
98277,24582,RET,CUBE_L
98294,10036,CUBE_L,RET
98297,8859,CUBE_L,RET
98301,27660,FUN_2,FUN_1
98305,14852,FUN_2,FUN_3
98312,7371,FUN_2,FUN_1
98312,29672,FUN_2,FUN_3
98318,1796,FUN_4,FUN_3
98342,25342,FUN_3,FUN_2
98352,7017,FUN_3,FUN_4
98363,1226,FUN_3,FUN_4
98363,28320,CUBE_R,FUN_6
98373,8131,FUN_1,FUN_2
98391,11898,FUN_3,FUN_2
98418,20197,FUN_3,FUN_2
98430,7389,CUBE_R,RET
98443,18752,FUN_1,FUN_2
98449,12505,FUN_3,FUN_2
98461,7017,FUN_4,FUN_3
98462,23899,FUN_1,CUBE_L
98466,20413,FUN_3,FUN_2
98468,19631,FUN_4,FUN_5
98484,7642,FUN_2,FUN_3
98498,29672,FUN_3,FUN_2
98509,20149,CUBE_R,RET
98514,26058,FUN_2,FUN_3
98515,21963,CUBE_R,RET
98536,6797,CUBE_L,RET
98562,18526,FUN_5,FUN_4
98568,29672,FUN_2,FUN_3
98575,19810,FUN_2,FUN_3
98583,24447,FUN_1,FUN_2
98584,12776,FUN_1,CUBE_L
98597,19200,FUN_3,FUN_2
98598,5767,FUN_2,FUN_1
98620,28247,FUN_3,FUN_2
98645,24792,CUBE_R,RET
98646,21963,RET,CUBE_R
98647,21177,RET,CUBE_R
98655,6071,FUN_1,FUN_2
98672,20149,RET,CUBE_R
98675,27459,FUN_2,FUN_3
98695,25342,FUN_2,FUN_3
98700,6222,FUN_1,FUN_2
98706,6347,FUN_2,FUN_3
98710,28180,FUN_3,FUN_2
98732,8179,FUN_2,FUN_3
98760,8775,FUN_4,FUN_3
98792,21963,CUBE_R,RET
98834,17208,FUN_2,FUN_3
98839,24959,CUBE_R,RET
98847,14872,FUN_3,FUN_4
98860,18214,FUN_3,FUN_2
98866,6478,FUN_2,FUN_3
98876,25416,FUN_1,FUN_2
98879,2447,CUBE_R,RET
98889,22515,FUN_1,FUN_2
98908,4281,RET,CUBE_L
98911,20598,FUN_2,FUN_3
98927,21897,FUN_1,FUN_2
98930,25342,FUN_3,FUN_2
98957,13508,FUN_5,FUN_6
98962,13125,FUN_6,CUBE_R
98971,23347,CUBE_R,RET
98972,19144,FUN_4,FUN_3
98977,23643,FUN_2,FUN_1
98998,28496,FUN_2,FUN_3
99007,7463,FUN_3,FUN_2
99015,12312,FUN_4,FUN_5
99023,2004,FUN_2,FUN_3
99027,825,FUN_3,FUN_2
99027,6993,FUN_3,FUN_2
99038,28320,FUN_6,CUBE_R
99057,21202,FUN_5,FUN_6
99070,12505,FUN_2,FUN_3
99101,18351,FUN_5,FUN_6
99104,92,FUN_5,FUN_4
99113,2371,FUN_5,FUN_4
99122,12312,FUN_5,FUN_4
99131,6224,RET,CUBE_L
99132,9284,FUN_2,FUN_1
99136,7463,FUN_2,FUN_3
99152,28721,FUN_2,FUN_1
99172,12932,FUN_2,FUN_3
99197,1986,FUN_3,FUN_2
99216,3844,FUN_3,FUN_2
99218,27179,FUN_2,FUN_3
99219,9763,CUBE_L,RET
99222,3893,FUN_2,FUN_3
99228,18187,FUN_5,FUN_6
99260,1588,FUN_2,FUN_3
99271,13390,FUN_4,FUN_3
99289,9308,FUN_5,FUN_4
99312,28138,FUN_6,CUBE_R
99317,18752,FUN_2,FUN_1
99319,26128,CUBE_R,RET
99333,73,FUN_2,FUN_3
99351,7969,CUBE_L,RET
99396,3327,RET,CUBE_R
99404,18928,FUN_2,FUN_1
99430,15298,FUN_2,FUN_3
99434,8775,FUN_3,FUN_4
99439,19281,RET,CUBE_R
99439,21235,FUN_6,FUN_5
99449,2004,FUN_3,FUN_2
99461,4018,RET,CUBE_L
99462,29208,CUBE_R,FUN_6
99464,26128,RET,CUBE_R
99476,2533,FUN_6,CUBE_R
99476,7642,FUN_3,FUN_2
99484,26072,FUN_3,FUN_4
99512,10179,FUN_2,FUN_1
99518,3893,FUN_3,FUN_2
99537,6416,FUN_5,FUN_4
99552,10740,FUN_2,FUN_1
99556,20288,CUBE_L,RET
99566,8775,FUN_4,FUN_3
99571,23957,FUN_4,FUN_5
99572,21123,FUN_2,FUN_1
99579,19857,FUN_3,FUN_2
99610,13390,FUN_3,FUN_4
99641,23937,FUN_1,FUN_2
99661,12125,FUN_5,FUN_4
99677,18989,RET,CUBE_L
99679,18059,FUN_3,FUN_2
99684,7788,FUN_3,FUN_2
99689,6085,FUN_2,FUN_1
99698,17146,RET,CUBE_R
99710,12505,FUN_3,FUN_2
99716,21390,FUN_4,FUN_3
99727,14700,RET,CUBE_L
99736,9807,CUBE_R,RET
99789,20914,RET,CUBE_R
99831,4067,FUN_2,FUN_3
99835,13721,FUN_3,FUN_2
99854,19009,RET,CUBE_R
99861,21540,CUBE_R,RET
99872,1202,FUN_1,FUN_2
99884,8110,CUBE_L,RET
99900,29097,FUN_2,FUN_1
99918,26042,FUN_2,FUN_1
99920,20197,FUN_2,FUN_3
99927,18193,FUN_2,FUN_3
99929,11504,CUBE_R,FUN_6
99929,2447,RET,CUBE_R
99936,27772,FUN_5,FUN_4
99943,13269,FUN_1,FUN_2
99952,24695,FUN_4,FUN_3
99973,21132,FUN_3,FUN_2
99985,25557,FUN_4,FUN_3
99986,7642,FUN_2,FUN_3
99989,27179,FUN_3,FUN_2
100017,638,CUBE_L,FUN_1
100050,18508,FUN_3,FUN_4
100054,987,FUN_2,FUN_3
100142,19938,FUN_3,FUN_4
100145,24121,RET,CUBE_R
100152,9941,FUN_5,FUN_6
100160,4018,CUBE_L,RET
100164,16763,FUN_2,FUN_3
100173,17722,FUN_5,FUN_4
100197,13536,FUN_3,FUN_4
100199,29150,FUN_3,FUN_2
100201,19938,FUN_4,FUN_3
100204,12608,FUN_2,FUN_3
100206,21132,FUN_2,FUN_3
100260,10367,CUBE_R,FUN_6
100270,5456,FUN_2,FUN_3
100311,12956,FUN_2,FUN_1
100316,14026,FUN_1,FUN_2
100317,25557,FUN_3,FUN_4
100324,13547,FUN_5,FUN_4
100348,8775,FUN_3,FUN_4
100360,14562,FUN_3,FUN_2
100363,19713,FUN_1,FUN_2
100377,17258,FUN_1,FUN_2
100382,252,CUBE_R,FUN_6
100401,18187,FUN_6,FUN_5
100405,11695,FUN_3,FUN_4
100429,26921,FUN_2,FUN_3
100433,25557,FUN_4,FUN_3
100448,19439,CUBE_R,RET
100449,17472,FUN_3,FUN_2
100459,27114,FUN_6,CUBE_R
100507,3495,FUN_2,FUN_3
100525,13721,FUN_2,FUN_3
100526,13732,FUN_2,FUN_3
100543,21123,FUN_1,FUN_2
100551,11894,FUN_2,FUN_1
100557,25557,FUN_3,FUN_4
100578,5831,CUBE_L,RET
100579,27020,FUN_2,FUN_3
100580,26417,FUN_2,FUN_3
100591,7795,FUN_3,FUN_4
100593,15849,FUN_4,FUN_3
100635,19938,FUN_3,FUN_4
100637,10282,FUN_3,FUN_2
100638,9208,FUN_3,FUN_2
100648,7326,FUN_1,FUN_2
100651,25557,FUN_4,FUN_3
100660,10,FUN_6,FUN_5
100663,2625,FUN_4,FUN_5
100663,4594,FUN_2,FUN_1
100666,19810,FUN_3,FUN_2
100687,17435,FUN_6,FUN_5
100693,25557,FUN_3,FUN_4
100702,18214,FUN_2,FUN_3
100709,18930,FUN_3,FUN_4
100713,19281,CUBE_R,RET
100718,14471,FUN_5,FUN_6
100744,1945,FUN_3,FUN_4
100744,24959,RET,CUBE_R
100761,23633,FUN_2,FUN_1
100771,21235,FUN_5,FUN_6
100774,11504,FUN_6,CUBE_R
100791,3844,FUN_2,FUN_3
100797,17146,CUBE_R,RET
100797,27632,FUN_5,FUN_6
100833,21123,FUN_2,FUN_1
100846,10367,FUN_6,CUBE_R
100856,12505,FUN_2,FUN_3
100863,23241,FUN_3,FUN_4
100876,29052,FUN_2,FUN_1
100883,17368,FUN_4,FUN_3
100886,7347,CUBE_L,RET
100890,14735,CUBE_L,FUN_1
100896,9053,CUBE_L,FUN_1
100903,10282,FUN_2,FUN_3
100909,25118,FUN_2,FUN_3
100918,9178,FUN_4,FUN_3
100922,6903,FUN_3,FUN_4
101007,21897,FUN_2,FUN_1
101018,18187,FUN_5,FUN_6
101038,4336,CUBE_R,RET
101040,29672,FUN_3,FUN_2
101080,1945,FUN_4,FUN_3
101086,17146,RET,CUBE_R
101112,29097,FUN_1,FUN_2
101121,25342,FUN_2,FUN_3
101165,1017,FUN_1,FUN_2
101166,21154,FUN_4,FUN_5
101177,10282,FUN_3,FUN_2
101211,27249,FUN_6,CUBE_R
101222,18526,FUN_4,FUN_5
101224,22377,FUN_3,FUN_2
101258,22312,FUN_3,FUN_2
101259,5420,FUN_3,FUN_2
101275,19857,FUN_2,FUN_3
101276,17360,CUBE_R,RET
101298,19439,RET,CUBE_R
101334,12871,FUN_3,FUN_2
101344,18140,FUN_3,FUN_2
101349,19005,RET,CUBE_R
101415,13443,FUN_6,CUBE_R
101450,10282,FUN_2,FUN_3
101472,4206,CUBE_R,RET
101503,17343,FUN_4,FUN_3
101515,1025,RET,CUBE_R
101528,16034,FUN_1,FUN_2
101580,7329,FUN_3,FUN_2
101580,24582,CUBE_L,RET
101599,18078,RET,CUBE_R
101616,12138,FUN_3,FUN_4
101617,29672,FUN_2,FUN_3
101636,19392,FUN_4,FUN_5
101659,24959,CUBE_R,RET
101671,7267,FUN_2,FUN_1
101758,7267,FUN_1,FUN_2
101771,28736,FUN_3,FUN_2
101786,19802,FUN_3,FUN_2
101796,2345,FUN_2,FUN_1
101806,24189,CUBE_L,FUN_1
101827,26460,FUN_2,FUN_3
101829,22312,FUN_2,FUN_3
101858,987,FUN_3,FUN_2
101868,25118,FUN_3,FUN_2
101886,17472,FUN_2,FUN_3
101916,24806,FUN_2,FUN_3
101949,13542,CUBE_L,RET
101974,27179,FUN_2,FUN_3
101979,2533,CUBE_R,FUN_6
102012,17343,FUN_3,FUN_4
102018,9941,FUN_6,FUN_5
102034,12223,FUN_5,FUN_6
102036,17350,FUN_5,FUN_4
102042,1347,CUBE_L,RET
102043,1162,FUN_2,FUN_1
102052,1986,FUN_2,FUN_3
102055,22377,FUN_2,FUN_3
102060,2447,CUBE_R,RET
102062,11237,FUN_4,FUN_5
102067,9941,FUN_5,FUN_6
102076,14,FUN_4,FUN_3
102078,1347,RET,CUBE_L
102081,29475,FUN_3,FUN_2
102089,6071,FUN_2,FUN_1
102093,18928,FUN_1,FUN_2
102114,18140,FUN_2,FUN_3
102115,19439,CUBE_R,RET
102115,19476,RET,CUBE_R
102127,24582,RET,CUBE_L
102163,7017,FUN_3,FUN_4
102164,7831,FUN_3,FUN_2
102173,2597,FUN_2,FUN_1
102188,23561,FUN_6,FUN_5
102205,19661,FUN_3,FUN_2
102210,23256,FUN_1,FUN_2
102211,9941,FUN_6,FUN_5
102215,26784,FUN_1,CUBE_L
102262,12608,FUN_3,FUN_2
102294,2064,FUN_2,FUN_3
102309,11319,FUN_4,FUN_3
102317,73,FUN_3,FUN_2
102320,1845,FUN_2,FUN_1
102325,3893,FUN_2,FUN_3
102382,19290,FUN_2,FUN_3
102391,5249,FUN_5,FUN_6
102396,485,FUN_4,FUN_5
102399,24582,CUBE_L,RET
102403,1025,CUBE_R,RET
102410,17258,FUN_2,FUN_1
102410,29672,FUN_3,FUN_2
102413,16594,FUN_2,FUN_3
102417,15729,FUN_1,FUN_2
102417,28507,FUN_3,FUN_2
102439,29867,FUN_3,FUN_4
102445,11504,CUBE_R,FUN_6
102447,485,FUN_5,FUN_4
102453,18352,RET,CUBE_L
102465,25118,FUN_2,FUN_3
102466,17334,RET,CUBE_L
102475,12259,FUN_1,FUN_2
102491,28357,FUN_2,FUN_1
102496,28204,FUN_3,FUN_2
102504,18351,FUN_6,FUN_5
102509,8110,RET,CUBE_L
102513,15054,FUN_4,FUN_5
102540,7871,CUBE_R,RET
102556,2533,FUN_6,CUBE_R
102564,638,FUN_1,CUBE_L
102565,13888,FUN_6,FUN_5
102581,485,FUN_4,FUN_5
102583,20148,FUN_2,FUN_1
102598,1657,FUN_4,FUN_3
102601,22768,CUBE_R,FUN_6
102624,15672,FUN_2,FUN_1
102626,12223,FUN_6,FUN_5
102651,7556,FUN_4,FUN_3
102653,15437,FUN_1,CUBE_L
102730,27496,FUN_1,FUN_2
102751,23919,FUN_1,CUBE_L
102752,21363,CUBE_L,RET
102756,14899,FUN_2,FUN_3
102762,12956,FUN_1,FUN_2
102783,19344,RET,CUBE_L
102804,9763,RET,CUBE_L
102813,8775,FUN_4,FUN_3
102826,22437,CUBE_R,RET
102829,28966,FUN_4,FUN_3
102853,23155,FUN_2,FUN_3
102867,427,FUN_3,FUN_2
102886,4713,FUN_4,FUN_3
102922,29097,FUN_2,FUN_1
102938,27632,FUN_6,FUN_5
102941,3327,CUBE_R,RET
102944,19365,FUN_6,FUN_5
103012,18187,FUN_6,FUN_5
103013,16470,FUN_6,FUN_5
103021,427,FUN_2,FUN_3
103025,21527,FUN_6,CUBE_R
103054,21363,RET,CUBE_L
103139,21527,CUBE_R,FUN_6
103141,10179,FUN_1,FUN_2
103142,16226,CUBE_L,RET
103143,11551,FUN_1,FUN_2
103161,11184,FUN_6,CUBE_R
103168,14980,FUN_3,FUN_4
103190,9686,FUN_3,FUN_4
103203,21363,CUBE_L,RET
103207,13518,RET,CUBE_L
103211,11582,FUN_1,FUN_2
103219,24436,FUN_6,FUN_5
103236,8675,CUBE_L,FUN_1
103237,28320,CUBE_R,FUN_6
103245,24436,FUN_5,FUN_6
103263,2557,CUBE_R,RET
103292,22768,FUN_6,CUBE_R
103325,29097,FUN_1,FUN_2
103327,6347,FUN_3,FUN_2
103338,18508,FUN_4,FUN_3
103339,20413,FUN_2,FUN_3
103355,8775,FUN_3,FUN_4
103358,4287,FUN_2,FUN_1
103381,13390,FUN_4,FUN_3
103412,15361,FUN_3,FUN_4
103426,21390,FUN_3,FUN_4
103438,11965,FUN_5,FUN_4
103451,13547,FUN_4,FUN_5
103477,20361,FUN_2,FUN_3
103479,10919,CUBE_R,FUN_6
103499,10385,FUN_3,FUN_2
103501,12895,FUN_2,FUN_1
103521,12259,FUN_2,FUN_1
103533,28320,FUN_6,CUBE_R
103545,3893,FUN_3,FUN_2
103546,2004,FUN_2,FUN_3
103548,26521,RET,CUBE_R
103550,24033,FUN_2,FUN_3
103571,21459,FUN_2,FUN_3
103574,18140,FUN_3,FUN_2
103579,28640,FUN_4,FUN_3
103585,18140,FUN_2,FUN_3
103590,6555,FUN_3,FUN_4
103593,10740,FUN_1,FUN_2
103652,16270,CUBE_L,RET
103657,7642,FUN_3,FUN_2
103667,19005,CUBE_R,RET
103694,27967,CUBE_R,RET
103711,24582,RET,CUBE_L
103752,11551,FUN_2,FUN_1
103762,19392,FUN_5,FUN_4
103763,29115,FUN_6,CUBE_R
103772,4292,FUN_1,FUN_2
103780,19713,FUN_2,FUN_1
103824,13657,FUN_5,FUN_6
103831,7655,FUN_1,FUN_2
103889,987,FUN_2,FUN_3
103891,4509,FUN_5,FUN_6
103898,8765,FUN_2,FUN_1
103923,19392,FUN_4,FUN_5
103959,5831,RET,CUBE_L
103991,21363,RET,CUBE_L
104001,11523,FUN_5,FUN_6
104003,20040,FUN_2,FUN_1
104025,12505,FUN_3,FUN_2
104029,7329,FUN_2,FUN_3
104029,21123,FUN_1,FUN_2
104032,2406,FUN_3,FUN_4
104061,19631,FUN_5,FUN_4
104078,23382,FUN_5,FUN_4
104087,24168,CUBE_R,FUN_6
104096,24447,FUN_2,FUN_1
104097,3625,FUN_2,FUN_3
104114,23155,FUN_3,FUN_2
104124,16613,FUN_6,FUN_5
104128,23957,FUN_5,FUN_4
104136,281,FUN_3,FUN_2
104137,29814,FUN_2,FUN_1
104160,25643,CUBE_R,RET
104161,5767,FUN_1,FUN_2
104185,23899,CUBE_L,FUN_1
104213,27231,FUN_2,FUN_3
104237,21477,CUBE_R,RET
104255,11551,FUN_1,FUN_2
104263,7101,FUN_3,FUN_2
104274,18686,FUN_2,FUN_1
104299,17486,FUN_4,FUN_3
104299,25666,FUN_3,FUN_2
104315,26782,FUN_3,FUN_4
104319,15245,RET,CUBE_R
104338,16331,FUN_5,FUN_4
104361,7371,FUN_1,FUN_2
104366,2730,FUN_5,FUN_4
104367,26260,FUN_2,FUN_3
104370,9941,FUN_5,FUN_6
104410,12608,FUN_2,FUN_3
104430,12138,FUN_4,FUN_3
104437,16218,FUN_2,FUN_1
104452,6617,RET,CUBE_R
104458,2924,FUN_3,FUN_2
104461,6034,FUN_3,FUN_2
104473,8131,FUN_2,FUN_1
104476,11438,CUBE_R,FUN_6
104494,29672,FUN_2,FUN_3
104520,18252,FUN_2,FUN_1
104530,18187,FUN_5,FUN_6
104564,4040,FUN_5,FUN_4
104573,26111,FUN_3,FUN_2
104577,8659,RET,CUBE_L
104601,26111,FUN_2,FUN_3
104607,27572,FUN_1,FUN_2
104614,21963,RET,CUBE_R
104623,10,FUN_5,FUN_6
104635,22238,CUBE_L,RET
104635,29182,FUN_2,FUN_1
104661,25244,CUBE_L,RET
104668,24427,RET,CUBE_R
104680,21527,FUN_6,CUBE_R
104695,19439,RET,CUBE_R
104761,29475,FUN_2,FUN_3
104781,8279,RET,CUBE_R
104783,28606,FUN_2,FUN_3
104800,15974,FUN_6,CUBE_R
104821,11248,RET,CUBE_L
104838,5777,CUBE_L,RET
104868,28951,FUN_6,FUN_5
104878,28266,FUN_2,FUN_3
104882,10,FUN_6,FUN_5
104914,13922,CUBE_L,RET
104929,14735,FUN_1,CUBE_L
104930,6611,FUN_5,FUN_6
104930,29814,FUN_1,FUN_2
104932,6222,FUN_2,FUN_1
104943,23256,FUN_2,FUN_1
104946,28357,FUN_1,FUN_2
104947,920,FUN_2,FUN_3
104947,6478,FUN_3,FUN_2
104948,13284,RET,CUBE_L
104950,11523,FUN_6,FUN_5
104951,25666,FUN_2,FUN_3
104956,21477,RET,CUBE_R
104968,23643,FUN_1,FUN_2
104987,21477,CUBE_R,RET
105005,26944,RET,CUBE_L
105012,1025,RET,CUBE_R
105014,10394,FUN_6,FUN_5
105031,3602,FUN_6,CUBE_R
105059,19820,CUBE_R,RET
105068,11551,FUN_2,FUN_1
105069,2257,RET,CUBE_L
105074,23394,FUN_3,FUN_4
105075,29814,FUN_2,FUN_1
105087,18752,FUN_1,FUN_2
105097,364,FUN_3,FUN_2
105098,12792,CUBE_R,RET
105105,14253,CUBE_L,FUN_1
105106,8658,FUN_6,FUN_5
105126,12792,RET,CUBE_R
105135,13518,CUBE_L,RET
105153,22377,FUN_3,FUN_2
105160,11856,FUN_3,FUN_2
105164,12259,FUN_1,FUN_2
105170,18930,FUN_4,FUN_3
105189,8765,FUN_1,FUN_2
105216,22515,FUN_2,FUN_1
105223,7138,FUN_4,FUN_3
105234,27249,CUBE_R,FUN_6
105256,8775,FUN_4,FUN_3
105276,1246,FUN_1,FUN_2
105296,2557,RET,CUBE_R
105308,19661,FUN_2,FUN_3
105310,17671,FUN_1,FUN_2
105315,14253,FUN_1,CUBE_L
105318,22458,FUN_1,FUN_2
105319,7831,FUN_2,FUN_3
105334,23643,FUN_2,FUN_1
105348,20040,FUN_1,FUN_2
105357,17146,CUBE_R,RET
105377,26944,CUBE_L,RET
105386,2724,FUN_2,FUN_3
105408,5596,CUBE_L,FUN_1
105449,14253,CUBE_L,FUN_1
105505,28247,FUN_2,FUN_3
105509,22352,FUN_2,FUN_1
105519,8436,CUBE_R,RET
105541,2924,FUN_2,FUN_3
105552,427,FUN_3,FUN_2
105554,28357,FUN_2,FUN_1
105598,9337,FUN_1,FUN_2
105618,3571,FUN_4,FUN_5
105619,22766,FUN_3,FUN_2
105621,12871,FUN_2,FUN_3
105626,22377,FUN_2,FUN_3
105637,17146,RET,CUBE_R
105641,28247,FUN_3,FUN_2
105667,27721,FUN_3,FUN_2
105689,19792,FUN_3,FUN_2
105720,7556,FUN_3,FUN_4
105720,24168,FUN_6,CUBE_R
105743,14735,CUBE_L,FUN_1
105762,22408,FUN_2,FUN_3
105774,22238,RET,CUBE_L
105782,7642,FUN_2,FUN_3
105791,20611,FUN_5,FUN_4
105796,25682,FUN_3,FUN_4
105798,23899,FUN_1,CUBE_L
105810,14980,FUN_4,FUN_3
105820,17240,FUN_4,FUN_3
105826,22458,FUN_2,FUN_1
105842,22437,RET,CUBE_R
105859,17303,CUBE_L,FUN_1
105867,14743,FUN_3,FUN_2
105894,17368,FUN_3,FUN_4
105903,2812,FUN_2,FUN_1
105913,19392,FUN_5,FUN_4
105918,29514,CUBE_L,RET
105919,16218,FUN_1,FUN_2
105922,29182,FUN_1,FUN_2
105931,10394,FUN_5,FUN_6
105972,2345,FUN_1,FUN_2
105980,3571,FUN_5,FUN_4
106013,4288,FUN_4,FUN_3
106013,11768,FUN_2,FUN_3
106045,3568,RET,CUBE_R
106055,57,FUN_4,FUN_3
106074,16165,FUN_2,FUN_3
106092,8436,RET,CUBE_R
106156,4814,CUBE_R,FUN_6
106166,23957,FUN_4,FUN_5
106194,22437,CUBE_R,RET
106205,9868,CUBE_L,RET
106216,2724,FUN_3,FUN_2
106233,22377,FUN_3,FUN_2
106246,25682,FUN_4,FUN_3
106247,22352,FUN_1,FUN_2
106285,25059,FUN_3,FUN_2
106291,6641,FUN_2,FUN_1
106299,503,FUN_3,FUN_2
106299,13518,RET,CUBE_L
106306,4292,FUN_2,FUN_1
106315,4040,FUN_4,FUN_5
106317,1541,FUN_1,FUN_2
106330,2598,FUN_4,FUN_3
106334,8110,CUBE_L,RET
106348,12259,FUN_2,FUN_1
106367,20731,RET,CUBE_R
106383,18546,CUBE_R,FUN_6
106387,12782,FUN_6,CUBE_R
106400,26128,CUBE_R,RET
106402,2875,RET,CUBE_R
106405,17459,FUN_3,FUN_4
106406,21477,RET,CUBE_R
106451,18526,FUN_5,FUN_4
106458,17258,FUN_1,FUN_2
106466,18187,FUN_6,FUN_5
106499,4040,FUN_5,FUN_4
106515,28266,FUN_3,FUN_2
106531,26974,FUN_6,CUBE_R
106546,6555,FUN_4,FUN_3
106549,9166,CUBE_R,FUN_6
106565,22737,CUBE_R,FUN_6
106574,6690,FUN_1,FUN_2
106574,15536,FUN_3,FUN_2
106593,19792,FUN_2,FUN_3
106593,28357,FUN_1,FUN_2
106637,372,FUN_5,FUN_4
106638,25059,FUN_2,FUN_3
106641,27121,RET,CUBE_R
106655,18752,FUN_2,FUN_1
106685,4759,CUBE_L,RET
106726,28254,CUBE_R,RET
106739,29052,FUN_1,FUN_2
106748,2345,FUN_2,FUN_1
106751,22826,FUN_4,FUN_3
106760,12956,FUN_2,FUN_1
106764,6903,FUN_4,FUN_3
106769,28496,FUN_3,FUN_2
106800,23899,CUBE_L,FUN_1
106810,17517,FUN_3,FUN_4
106816,13427,FUN_6,CUBE_R
106820,22515,FUN_1,FUN_2
106833,22714,CUBE_L,RET
106857,10394,FUN_6,FUN_5
106882,1025,CUBE_R,RET
106926,12259,FUN_1,FUN_2
106937,27121,CUBE_R,RET
106948,16470,FUN_5,FUN_6
106951,2166,CUBE_R,RET
106953,18187,FUN_5,FUN_6
106964,26118,FUN_5,FUN_4
106983,19024,FUN_3,FUN_2
106996,29052,FUN_2,FUN_1
107000,6633,CUBE_R,RET
107000,19955,CUBE_L,RET
107007,21897,FUN_1,FUN_2
107017,13959,CUBE_L,FUN_1
107019,10217,FUN_2,FUN_3
107022,21202,FUN_6,FUN_5
107025,17486,FUN_3,FUN_4
107028,29614,FUN_6,CUBE_R
107034,19955,RET,CUBE_L
107041,20611,FUN_4,FUN_5
107070,27121,RET,CUBE_R
107072,10958,CUBE_R,RET
107080,19792,FUN_3,FUN_2
107095,17472,FUN_3,FUN_2
107105,8248,FUN_2,FUN_1
107128,2557,CUBE_R,RET
107133,20148,FUN_1,FUN_2
107134,28909,CUBE_R,RET
107146,18757,CUBE_L,RET
107175,12259,FUN_2,FUN_1
107184,6071,FUN_1,FUN_2
107189,10385,FUN_2,FUN_3
107194,14291,CUBE_R,RET
107196,11833,FUN_1,FUN_2
107201,11965,FUN_4,FUN_5
107213,10806,FUN_1,FUN_2
107217,13112,FUN_1,FUN_2
107229,29519,FUN_1,CUBE_L
107248,10033,RET,CUBE_R
107303,17146,CUBE_R,RET
107305,11747,RET,CUBE_L
107308,27316,FUN_1,FUN_2
107319,26079,FUN_4,FUN_3
107363,11564,CUBE_L,FUN_1
107374,17459,FUN_4,FUN_3
107398,20731,CUBE_R,RET
107412,11563,FUN_2,FUN_1
107413,24042,FUN_3,FUN_2
107415,11248,CUBE_L,RET
107433,2467,FUN_4,FUN_5
107443,2724,FUN_2,FUN_3
107460,4292,FUN_1,FUN_2
107475,26807,RET,CUBE_R
107479,1366,FUN_2,FUN_3
107485,858,FUN_5,FUN_6
107487,10282,FUN_3,FUN_2
107506,19713,FUN_1,FUN_2
107513,6641,FUN_1,FUN_2
107518,25244,RET,CUBE_L
107523,29052,FUN_1,FUN_2
107548,12809,FUN_2,FUN_1
107550,6222,FUN_1,FUN_2
107552,7655,FUN_2,FUN_1
107587,28500,FUN_2,FUN_3
107597,11564,FUN_1,CUBE_L
107602,10217,FUN_3,FUN_2
107616,21449,FUN_4,FUN_3
107616,24152,FUN_5,FUN_4
107616,26981,FUN_1,FUN_2
107648,23957,FUN_5,FUN_4
107663,16173,FUN_2,FUN_1
107666,11456,FUN_2,FUN_3
107712,13427,CUBE_R,FUN_6
107727,29825,CUBE_L,RET
107758,15170,FUN_1,CUBE_L
107787,18686,FUN_1,FUN_2
107791,14283,FUN_4,FUN_5
107819,26178,FUN_3,FUN_2
107865,2854,FUN_6,CUBE_R
107899,26974,CUBE_R,FUN_6
107917,27755,FUN_2,FUN_1
107923,22368,FUN_2,FUN_3
107924,23155,FUN_2,FUN_3
107948,18119,FUN_5,FUN_4
107963,27721,FUN_2,FUN_3
107965,2444,CUBE_R,RET
107977,15260,FUN_3,FUN_2
107990,19792,FUN_2,FUN_3
107990,29514,RET,CUBE_L
108002,8436,CUBE_R,RET
108023,3937,FUN_2,FUN_1
108036,6641,FUN_2,FUN_1
108041,1657,FUN_3,FUN_4
108067,6903,FUN_3,FUN_4
108073,6553,FUN_1,FUN_2
108085,23347,RET,CUBE_R
108090,12361,FUN_4,FUN_5
108091,17486,FUN_4,FUN_3
108095,5434,FUN_2,FUN_1
108104,22515,FUN_2,FUN_1
108108,27121,CUBE_R,RET
108143,18766,FUN_2,FUN_1
108149,12956,FUN_1,FUN_2
108179,13547,FUN_5,FUN_4
108182,21132,FUN_3,FUN_2
108191,4059,FUN_4,FUN_5
108216,13427,FUN_6,CUBE_R
108252,19392,FUN_4,FUN_5
108287,796,FUN_1,FUN_2
108296,19290,FUN_3,FUN_2
108300,11757,RET,CUBE_L
108302,10822,FUN_6,FUN_5
108332,8110,RET,CUBE_L
108337,25913,FUN_3,FUN_2
108346,16586,FUN_2,FUN_1
108351,2444,RET,CUBE_R
108351,28368,CUBE_L,RET
108352,15170,CUBE_L,FUN_1
108356,6641,FUN_1,FUN_2
108358,4206,RET,CUBE_R
108373,4288,FUN_3,FUN_4
108378,1796,FUN_3,FUN_4
108379,10597,FUN_6,FUN_5
108382,19792,FUN_3,FUN_2
108382,22352,FUN_2,FUN_1
108385,20611,FUN_5,FUN_4
108405,4814,FUN_6,CUBE_R
108416,29052,FUN_2,FUN_1
108419,19792,FUN_2,FUN_3
108419,23394,FUN_4,FUN_3
108431,19476,CUBE_R,RET
108447,14477,RET,CUBE_L
108470,27660,FUN_1,FUN_2
108488,888,CUBE_L,RET
108508,11512,FUN_3,FUN_2
108537,12361,FUN_5,FUN_4
108550,21897,FUN_2,FUN_1
108567,17896,FUN_6,CUBE_R
108568,18752,FUN_1,FUN_2
108578,10217,FUN_2,FUN_3
108580,6222,FUN_2,FUN_1
108607,7642,FUN_3,FUN_2
108614,20382,FUN_5,FUN_4
108635,12956,FUN_2,FUN_1
108674,6553,FUN_2,FUN_1
108689,11894,FUN_1,FUN_2
108691,15536,FUN_2,FUN_3
108699,9565,CUBE_R,FUN_6
108724,5831,CUBE_L,RET
108724,6641,FUN_2,FUN_1
108767,20095,FUN_6,CUBE_R
108784,6477,FUN_6,CUBE_R
108800,27557,FUN_2,FUN_3
108830,1805,FUN_5,FUN_4
108832,14872,FUN_4,FUN_3
108835,1796,FUN_4,FUN_3
108849,7655,FUN_1,FUN_2
108850,9516,FUN_1,FUN_2
108879,22134,FUN_3,FUN_2
108890,2528,RET,CUBE_R
108896,12871,FUN_3,FUN_2
108902,4923,RET,CUBE_L
108911,20118,FUN_3,FUN_2
108921,22737,FUN_6,CUBE_R
108924,18252,FUN_1,FUN_2
108955,14920,FUN_2,FUN_3
108967,5831,RET,CUBE_L
108988,14743,FUN_2,FUN_3
109009,15989,FUN_3,FUN_2
109016,201,FUN_4,FUN_3
109023,13062,FUN_4,FUN_3
109039,20552,FUN_4,FUN_3
109050,545,FUN_3,FUN_2
109058,10725,FUN_3,FUN_2
109076,10270,RET,CUBE_L
109128,7570,CUBE_R,RET
109140,29614,CUBE_R,FUN_6
109145,201,FUN_3,FUN_4
109154,4923,CUBE_L,RET
109174,28368,RET,CUBE_L
109185,29672,FUN_3,FUN_2
109189,2008,FUN_3,FUN_2
109218,4279,FUN_2,FUN_1
109226,22238,CUBE_L,RET
109274,22437,RET,CUBE_R
109279,12792,CUBE_R,RET
109306,9686,FUN_4,FUN_3
109311,28909,RET,CUBE_R
109318,25754,FUN_2,FUN_3
109320,22768,CUBE_R,FUN_6
109322,13547,FUN_4,FUN_5
109337,10036,RET,CUBE_L
109351,12608,FUN_3,FUN_2
109357,5659,FUN_3,FUN_2
109376,12905,CUBE_R,RET
109377,28180,FUN_2,FUN_3
109394,19396,FUN_4,FUN_3
109400,2597,FUN_1,FUN_2
109409,22737,CUBE_R,FUN_6
109411,24168,CUBE_R,FUN_6
109459,9645,FUN_2,FUN_3
109488,14980,FUN_3,FUN_4
109489,22352,FUN_1,FUN_2
109490,18752,FUN_2,FUN_1
109497,92,FUN_4,FUN_5
109500,5585,FUN_3,FUN_2
109501,2257,CUBE_L,RET
109511,15170,FUN_1,CUBE_L
109538,21123,FUN_2,FUN_1
109538,21600,FUN_3,FUN_4
109539,11992,CUBE_L,RET
109554,22766,FUN_2,FUN_3
109631,23868,FUN_2,FUN_3
109634,27755,FUN_1,FUN_2
109642,5968,FUN_2,FUN_3
109643,13922,RET,CUBE_L
109645,14743,FUN_3,FUN_2
109646,22737,FUN_6,CUBE_R
109668,19955,CUBE_L,RET
109753,20575,FUN_2,FUN_3
109755,18225,FUN_4,FUN_5
109781,95,FUN_3,FUN_4
109784,27727,CUBE_L,RET
109789,4814,CUBE_R,FUN_6
109805,12755,RET,CUBE_R
109806,26420,RET,CUBE_L
109820,16173,FUN_1,FUN_2
109824,19631,FUN_4,FUN_5
109836,12871,FUN_2,FUN_3
109847,6641,FUN_1,FUN_2
109865,16586,FUN_1,FUN_2
109887,18383,FUN_3,FUN_2
109898,10712,FUN_2,FUN_3
109917,28247,FUN_2,FUN_3
109946,26105,FUN_5,FUN_6
109948,10582,FUN_2,FUN_1
109976,11463,CUBE_L,FUN_1
109979,13203,RET,CUBE_L
109988,23394,FUN_3,FUN_4
109999,10901,FUN_4,FUN_5
110004,95,FUN_4,FUN_3
110014,10179,FUN_2,FUN_1
110029,18766,FUN_1,FUN_2
110031,15289,CUBE_L,FUN_1
110037,4336,RET,CUBE_R
110049,28721,FUN_1,FUN_2
110054,15989,FUN_2,FUN_3
110057,22352,FUN_2,FUN_1
110073,29672,FUN_2,FUN_3
110077,22064,FUN_2,FUN_1
110094,28496,FUN_2,FUN_3
110099,10725,FUN_2,FUN_3
110139,25037,FUN_2,FUN_1
110152,16226,RET,CUBE_L
110166,12608,FUN_2,FUN_3
110211,28138,CUBE_R,FUN_6
110213,15536,FUN_3,FUN_2
110218,24959,RET,CUBE_R
110225,16218,FUN_2,FUN_1
110271,28640,FUN_3,FUN_4
110277,28549,RET,CUBE_L
110281,26349,FUN_2,FUN_1
110307,16173,FUN_2,FUN_1
110361,2967,RET,CUBE_R
110370,11425,FUN_5,FUN_4
110380,19476,RET,CUBE_R
110397,19860,FUN_2,FUN_1
110410,22766,FUN_3,FUN_2
110421,4814,FUN_6,CUBE_R
110459,12856,FUN_3,FUN_2
110480,4059,FUN_5,FUN_4
110514,12792,RET,CUBE_R
110525,6641,FUN_2,FUN_1
110529,16063,CUBE_L,FUN_1
110532,2160,FUN_2,FUN_1
110563,8131,FUN_1,FUN_2
110574,19820,RET,CUBE_R
110592,10725,FUN_3,FUN_2
110605,6633,RET,CUBE_R
110618,4923,RET,CUBE_L
110625,12608,FUN_3,FUN_2
110637,19015,CUBE_R,FUN_6
110651,18752,FUN_1,FUN_2
110658,19561,FUN_4,FUN_3
110660,2008,FUN_2,FUN_3
110690,14700,CUBE_L,RET
110711,3177,FUN_2,FUN_1
110717,13427,CUBE_R,FUN_6
110726,884,FUN_1,FUN_2
110726,18745,CUBE_R,FUN_6
110743,12608,FUN_2,FUN_3
110743,18223,RET,CUBE_R
110746,4124,FUN_3,FUN_2
110752,20333,FUN_1,FUN_2
110779,24042,FUN_2,FUN_3
110792,12608,FUN_3,FUN_2
110802,15039,FUN_3,FUN_4
110836,4723,FUN_1,FUN_2
110853,15170,CUBE_L,FUN_1
110859,14700,RET,CUBE_L
110866,8765,FUN_2,FUN_1
110869,813,FUN_2,FUN_3
110869,4274,FUN_5,FUN_6
110897,5841,FUN_2,FUN_1
110946,20413,FUN_3,FUN_2
110977,29672,FUN_3,FUN_2
111002,11563,FUN_1,FUN_2
111021,26079,FUN_3,FUN_4
111039,22766,FUN_2,FUN_3
111040,17486,FUN_3,FUN_4
111041,24798,RET,CUBE_R
111069,2598,FUN_3,FUN_4
111070,12710,CUBE_L,FUN_1
111091,8353,FUN_4,FUN_3
111098,4279,FUN_1,FUN_2
111098,8859,RET,CUBE_L
111099,20167,FUN_2,FUN_1
111109,13807,FUN_3,FUN_2
111142,12028,CUBE_L,RET
111144,2160,FUN_1,FUN_2
111149,12932,FUN_3,FUN_2
111154,8436,RET,CUBE_R
111157,26974,FUN_6,CUBE_R
111158,4124,FUN_2,FUN_3
111163,12608,FUN_2,FUN_3
111195,1699,FUN_2,FUN_1
111204,22174,FUN_5,FUN_4
111254,2597,FUN_2,FUN_1
111254,28549,CUBE_L,RET
111277,13657,FUN_6,FUN_5
111294,1347,CUBE_L,RET
111295,12856,FUN_2,FUN_3
111298,19392,FUN_5,FUN_4
111308,5425,FUN_4,FUN_5
111319,22766,FUN_3,FUN_2
111321,12871,FUN_3,FUN_2
111324,8937,RET,CUBE_R
111345,2557,RET,CUBE_R
111348,26042,FUN_1,FUN_2
111384,27755,FUN_2,FUN_1
111390,9511,RET,CUBE_L
111390,25398,FUN_5,FUN_6
111404,9751,FUN_2,FUN_3
111408,11564,CUBE_L,FUN_1
111413,17368,FUN_4,FUN_3
111455,95,FUN_3,FUN_4
111463,2444,CUBE_R,RET
111488,12807,RET,CUBE_L
111489,10698,CUBE_R,RET
111506,28951,FUN_5,FUN_6
111585,4288,FUN_4,FUN_3
111590,24168,FUN_6,CUBE_R
111600,27316,FUN_2,FUN_1
111605,6611,FUN_6,FUN_5
111617,11425,FUN_4,FUN_5
111637,23123,FUN_4,FUN_3
111638,12807,CUBE_L,RET
111669,3545,FUN_2,FUN_3
111681,4914,CUBE_R,FUN_6
111763,11512,FUN_2,FUN_3
111763,9874,FUN_2,FUN_1
111763,17298,FUN_6,CUBE_R
111810,28529,CUBE_R,RET
111843,24042,FUN_3,FUN_2
111863,4287,FUN_1,FUN_2
111900,16286,FUN_1,FUN_2
111903,13807,FUN_2,FUN_3
111914,24959,CUBE_R,RET
111915,12138,FUN_3,FUN_4
111922,29952,FUN_2,FUN_1
111939,6903,FUN_4,FUN_3
111958,26349,FUN_1,FUN_2
111960,21449,FUN_3,FUN_4
111970,17167,FUN_3,FUN_2
111976,4336,CUBE_R,RET
111988,5220,CUBE_R,FUN_6
112005,8037,FUN_1,FUN_2
112018,19631,FUN_5,FUN_4
112086,10179,FUN_1,FUN_2
112096,10217,FUN_3,FUN_2
112133,2347,FUN_2,FUN_1
112137,20541,FUN_3,FUN_4
112158,16173,FUN_1,FUN_2
112172,5140,FUN_2,FUN_3
112181,27751,FUN_4,FUN_3
112186,6797,RET,CUBE_L
112201,4059,FUN_4,FUN_5
112203,29126,CUBE_R,FUN_6
112207,26179,FUN_2,FUN_3
112231,26460,FUN_3,FUN_2
112232,27755,FUN_1,FUN_2
112244,884,FUN_2,FUN_1
112264,3420,FUN_6,CUBE_R
112264,23868,FUN_3,FUN_2
112267,21963,CUBE_R,RET
112278,26042,FUN_2,FUN_1
112279,24582,CUBE_L,RET
112295,28507,FUN_2,FUN_3
112297,14332,FUN_3,FUN_4
112302,29672,FUN_2,FUN_3
112331,27913,FUN_2,FUN_1
112355,4776,FUN_3,FUN_2
112373,20025,FUN_4,FUN_3
112396,7570,RET,CUBE_R
112396,12319,FUN_3,FUN_2
112413,25094,FUN_6,CUBE_R
112416,15536,FUN_2,FUN_3
112435,2923,CUBE_L,RET
112440,25230,FUN_6,CUBE_R
112445,10811,FUN_3,FUN_2
112445,14057,RET,CUBE_R
112479,26178,FUN_2,FUN_3
112484,27876,RET,CUBE_L
112502,29126,FUN_6,CUBE_R
112506,3480,FUN_2,FUN_1
112511,8353,FUN_3,FUN_4
112514,24251,FUN_5,FUN_4
112517,2812,FUN_1,FUN_2
112528,25279,FUN_2,FUN_1
112542,25643,RET,CUBE_R
112581,16470,FUN_6,FUN_5
112591,19015,FUN_6,CUBE_R
112592,12792,CUBE_R,RET
112599,24251,FUN_4,FUN_5
112608,4197,FUN_6,FUN_5
112640,427,FUN_2,FUN_3
112642,12871,FUN_2,FUN_3
112652,9874,FUN_1,FUN_2
112655,29052,FUN_1,FUN_2
112684,25542,FUN_4,FUN_3
112698,13894,FUN_2,FUN_1
112699,4386,FUN_2,FUN_3
112719,5420,FUN_2,FUN_3
112722,11696,FUN_4,FUN_3
112739,12809,FUN_1,FUN_2
112743,5659,FUN_2,FUN_3
112745,6095,CUBE_R,RET
112747,22064,FUN_1,FUN_2
112765,2812,FUN_2,FUN_1
112780,19955,RET,CUBE_L
112781,10033,CUBE_R,RET
112797,11357,RET,CUBE_L
112797,28529,RET,CUBE_R
112798,3420,CUBE_R,FUN_6
112830,6611,FUN_5,FUN_6
112850,2347,FUN_1,FUN_2
112852,7570,CUBE_R,RET
112866,29672,FUN_3,FUN_2
112867,15409,CUBE_R,RET
112883,10958,RET,CUBE_R
112935,27913,FUN_1,FUN_2
112946,15526,FUN_3,FUN_2
112976,22515,FUN_1,FUN_2
113010,7570,RET,CUBE_R
113035,2597,FUN_1,FUN_2
113046,8984,CUBE_L,FUN_1
113057,24770,FUN_3,FUN_2
113066,25913,FUN_2,FUN_3
113075,18296,FUN_3,FUN_4
113087,17258,FUN_2,FUN_1
113136,11056,FUN_4,FUN_3
113139,25037,FUN_1,FUN_2
113151,7570,CUBE_R,RET
113181,73,FUN_2,FUN_3
113182,24693,FUN_4,FUN_3
113186,10929,FUN_1,FUN_2
113186,12807,RET,CUBE_L
113214,29208,FUN_6,CUBE_R
113218,92,FUN_5,FUN_4
113233,11425,FUN_5,FUN_4
113252,10282,FUN_2,FUN_3
113257,2160,FUN_2,FUN_1
113271,12710,FUN_1,CUBE_L
113293,3602,CUBE_R,FUN_6
113301,2303,FUN_3,FUN_2
113374,7017,FUN_4,FUN_3
113407,17419,FUN_3,FUN_2
113408,22766,FUN_2,FUN_3
113412,27249,FUN_6,CUBE_R
113423,26128,RET,CUBE_R
113448,2347,FUN_2,FUN_1
113507,24645,CUBE_R,RET
113517,22797,FUN_3,FUN_2
113518,16173,FUN_2,FUN_1
113539,13427,FUN_6,CUBE_R
113588,27249,CUBE_R,FUN_6
113613,26910,FUN_5,FUN_6
113625,987,FUN_3,FUN_2
113626,17258,FUN_1,FUN_2
113638,18745,FUN_6,CUBE_R
113654,7655,FUN_2,FUN_1
113667,13807,FUN_3,FUN_2
113668,2598,FUN_4,FUN_3
113680,17040,FUN_1,FUN_2
113681,7463,FUN_3,FUN_2
113699,12608,FUN_3,FUN_2
113709,15715,FUN_5,FUN_4
113725,4124,FUN_3,FUN_2
113735,15292,FUN_2,FUN_3
113736,2250,CUBE_L,RET
113742,15526,FUN_2,FUN_3
113748,29475,FUN_3,FUN_2
113763,7570,RET,CUBE_R
113766,1347,RET,CUBE_L
113775,9661,FUN_5,FUN_6
113775,10725,FUN_2,FUN_3
113777,987,FUN_2,FUN_3
113799,2518,FUN_2,FUN_3
113805,6641,FUN_1,FUN_2
113824,21753,FUN_2,FUN_1
113830,19878,CUBE_R,RET
113848,22515,FUN_2,FUN_1
113884,8765,FUN_1,FUN_2
113890,22617,RET,CUBE_R
113912,24693,FUN_3,FUN_4
113929,884,FUN_1,FUN_2
113971,24798,CUBE_R,RET
113995,10179,FUN_2,FUN_1
114007,16470,FUN_5,FUN_6
114030,8765,FUN_2,FUN_1
114048,27019,CUBE_L,RET
114058,10086,FUN_5,FUN_4
114060,17448,CUBE_L,FUN_1
114079,16934,FUN_6,CUBE_R
114090,12608,FUN_2,FUN_3
114095,29814,FUN_1,FUN_2
114110,29825,RET,CUBE_L
114128,14283,FUN_5,FUN_4
114134,15672,FUN_1,FUN_2
114154,3363,CUBE_L,RET
114164,6944,FUN_2,FUN_3
114166,6555,FUN_3,FUN_4
114170,17167,FUN_2,FUN_3
114189,15409,RET,CUBE_R
114205,15289,FUN_1,CUBE_L
114208,20251,FUN_6,CUBE_R
114233,919,FUN_3,FUN_2
114236,884,FUN_2,FUN_1
114255,545,FUN_2,FUN_3
114258,7371,FUN_2,FUN_1
114262,25279,FUN_1,FUN_2
114278,19290,FUN_2,FUN_3
114316,1202,FUN_2,FUN_3
114319,9196,FUN_2,FUN_3
114340,27083,FUN_3,FUN_2
114342,6131,FUN_1,FUN_2
114343,24251,FUN_5,FUN_4
114345,884,FUN_1,FUN_2
114354,16218,FUN_1,FUN_2
114356,27090,CUBE_R,RET
114386,26042,FUN_1,FUN_2
114408,1657,FUN_4,FUN_3
114418,20118,FUN_2,FUN_3
114421,18352,CUBE_L,RET
114429,3495,FUN_3,FUN_2
114463,17258,FUN_2,FUN_1
114492,17517,FUN_4,FUN_3
114503,7101,FUN_2,FUN_3
114504,2597,FUN_2,FUN_1
114516,14862,FUN_5,FUN_4
114527,12138,FUN_4,FUN_3
114559,2967,CUBE_R,RET
114559,22515,FUN_1,FUN_2
114576,3005,FUN_4,FUN_5
114589,796,FUN_2,FUN_1
114592,13586,FUN_2,FUN_1
114604,92,FUN_4,FUN_5
114612,18059,FUN_2,FUN_3
114620,13807,FUN_2,FUN_3
114626,22775,FUN_2,FUN_3
114632,10375,FUN_2,FUN_3
114648,73,FUN_3,FUN_2
114652,27193,CUBE_L,RET
114690,13807,FUN_3,FUN_2
114691,28529,CUBE_R,RET
114691,28716,FUN_3,FUN_2
114695,15626,RET,CUBE_R
114698,9511,CUBE_L,RET
114719,17419,FUN_2,FUN_3
114779,8838,CUBE_L,FUN_1
114782,16763,FUN_3,FUN_2
114804,20227,FUN_3,FUN_4
114832,7395,FUN_4,FUN_3
114842,19955,CUBE_L,RET
114845,12319,FUN_2,FUN_3
114848,27,CUBE_L,RET
114875,28023,RET,CUBE_R
114878,1945,FUN_3,FUN_4
114899,9874,FUN_2,FUN_1
114906,919,FUN_2,FUN_3
114912,12138,FUN_3,FUN_4
114913,27719,FUN_3,FUN_4
114939,1347,CUBE_L,RET
114958,287,FUN_3,FUN_2
114985,372,FUN_4,FUN_5
115058,15453,CUBE_R,RET
115061,24582,RET,CUBE_L
115072,884,FUN_2,FUN_1
115073,3822,FUN_2,FUN_3
115086,16856,FUN_5,FUN_4
115088,884,FUN_1,FUN_2
115088,19161,RET,CUBE_L
115103,26543,FUN_2,FUN_3
115135,1796,FUN_3,FUN_4
115139,24615,FUN_2,FUN_3
115145,8380,FUN_2,FUN_1
115165,1657,FUN_3,FUN_4
115169,7463,FUN_2,FUN_3
115199,15381,RET,CUBE_L
115212,8353,FUN_4,FUN_3
115224,21897,FUN_1,FUN_2
115228,12260,RET,CUBE_R
115231,13025,FUN_4,FUN_3
115247,21215,FUN_2,FUN_1
115266,27407,RET,CUBE_L
115267,23123,FUN_3,FUN_4
115282,24641,RET,CUBE_R
115283,8179,FUN_3,FUN_2
115307,19992,RET,CUBE_L
115319,24693,FUN_4,FUN_3
115338,26417,FUN_3,FUN_2
115339,73,FUN_2,FUN_3
115341,2557,CUBE_R,RET
115366,15715,FUN_4,FUN_5
115373,22325,FUN_4,FUN_3
115378,287,FUN_2,FUN_3
115383,16763,FUN_2,FUN_3
115454,23256,FUN_1,FUN_2
115478,22458,FUN_1,FUN_2
115479,18930,FUN_3,FUN_4
115509,6222,FUN_1,FUN_2
115517,4287,FUN_2,FUN_1
115524,18627,CUBE_R,RET
115525,22377,FUN_2,FUN_3
115527,8765,FUN_1,FUN_2
115533,14745,FUN_3,FUN_4
115551,8353,FUN_3,FUN_4
115551,26460,FUN_2,FUN_3
115551,29848,FUN_4,FUN_5
115561,11856,FUN_2,FUN_3
115567,13894,FUN_1,FUN_2
115618,8353,FUN_4,FUN_3
115628,27919,FUN_2,FUN_1
115636,8353,FUN_3,FUN_4
115678,16894,FUN_3,FUN_2
115708,22064,FUN_2,FUN_1
115729,3545,FUN_3,FUN_2
115740,16218,FUN_2,FUN_1
115748,7795,FUN_4,FUN_3
115753,2967,RET,CUBE_R
115785,27193,RET,CUBE_L
115796,5767,FUN_2,FUN_1
115796,10725,FUN_3,FUN_2
115797,7101,FUN_3,FUN_2
115825,7795,FUN_3,FUN_4
115827,10033,RET,CUBE_R
115827,10179,FUN_1,FUN_2
115845,11311,CUBE_L,RET
115850,21664,FUN_6,CUBE_R
115853,8353,FUN_4,FUN_3
115877,15817,FUN_3,FUN_2
115878,17258,FUN_1,FUN_2
115881,9260,FUN_4,FUN_3
115889,26105,FUN_6,FUN_5
115912,28024,CUBE_R,FUN_6
115957,10036,CUBE_L,RET
115958,24042,FUN_2,FUN_3
115972,22312,FUN_3,FUN_2
115974,7795,FUN_4,FUN_3
116011,10179,FUN_2,FUN_1
116023,29115,CUBE_R,FUN_6
116024,7687,RET,CUBE_L
116051,22312,FUN_2,FUN_3
116089,18627,RET,CUBE_R
116093,12223,FUN_5,FUN_6
116142,28716,FUN_2,FUN_3
116167,848,FUN_4,FUN_3
116183,27009,FUN_1,CUBE_L
116185,12607,RET,CUBE_L
116202,26420,CUBE_L,RET
116207,7969,RET,CUBE_L
116245,27779,FUN_3,FUN_2
116257,10686,FUN_2,FUN_3
116267,27090,RET,CUBE_R
116275,5425,FUN_5,FUN_4
116284,6478,FUN_2,FUN_3
116304,24504,RET,CUBE_R
116320,27919,FUN_1,FUN_2
116347,3693,CUBE_R,RET
116349,5044,RET,CUBE_L
116351,281,FUN_2,FUN_3
116375,11856,FUN_3,FUN_2
116388,29115,FUN_6,CUBE_R
116395,19015,CUBE_R,FUN_6
116426,7101,FUN_2,FUN_3
116433,27396,FUN_5,FUN_4
116439,16173,FUN_1,FUN_2
116463,19039,FUN_4,FUN_5
116485,19759,FUN_3,FUN_2
116493,2315,FUN_5,FUN_4
116493,29884,FUN_4,FUN_5
116498,6347,FUN_2,FUN_3
116499,27215,FUN_1,FUN_2
116503,3693,RET,CUBE_R
116534,21123,FUN_1,FUN_2
116560,11311,RET,CUBE_L
116564,12505,FUN_2,FUN_3
116586,26782,FUN_4,FUN_3
116598,29381,CUBE_R,FUN_6
116612,2557,RET,CUBE_R
116661,13657,FUN_5,FUN_6
116681,6347,FUN_3,FUN_2
116706,2455,FUN_4,FUN_5
116732,28266,FUN_2,FUN_3
116743,4923,CUBE_L,RET
116751,10179,FUN_1,FUN_2
116785,22766,FUN_3,FUN_2
116786,7371,FUN_1,FUN_2
116786,16470,FUN_6,FUN_5
116799,9218,CUBE_R,RET
116805,16763,FUN_3,FUN_2
116815,6043,FUN_5,FUN_4
116820,23246,CUBE_R,RET
116821,8775,FUN_3,FUN_4
116828,15401,RET,CUBE_R
116867,4814,CUBE_R,FUN_6
116868,13922,CUBE_L,RET
116870,5659,FUN_3,FUN_2
116877,21132,FUN_2,FUN_3
116904,4314,FUN_1,FUN_2
116906,16763,FUN_2,FUN_3
116910,22312,FUN_3,FUN_2
116934,3602,FUN_6,CUBE_R
116948,29884,FUN_5,FUN_4
116964,19918,CUBE_L,RET
116968,2160,FUN_1,FUN_2
116987,4759,RET,CUBE_L
116988,22458,FUN_2,FUN_1
116994,4287,FUN_1,FUN_2
117015,27316,FUN_1,FUN_2
117020,14568,FUN_1,FUN_2
117034,27407,CUBE_L,RET
117069,8823,FUN_2,FUN_3
117078,848,FUN_3,FUN_4
117091,19161,CUBE_L,RET
117121,10929,FUN_2,FUN_1
117121,20251,CUBE_R,FUN_6
117154,15437,CUBE_L,FUN_1
117164,28549,RET,CUBE_L
117173,28266,FUN_3,FUN_2
117190,17510,FUN_2,FUN_3
117198,16587,FUN_2,FUN_1
117209,17146,RET,CUBE_R
117214,1025,RET,CUBE_R
117221,22617,CUBE_R,RET
117238,2455,FUN_5,FUN_4
117250,7573,FUN_1,FUN_2
117255,17862,FUN_3,FUN_2
117256,10179,FUN_2,FUN_1
117258,18924,CUBE_R,RET
117275,25059,FUN_3,FUN_2
117303,24436,FUN_6,FUN_5
117311,11311,CUBE_L,RET
117328,24504,CUBE_R,RET
117330,6477,CUBE_R,FUN_6
117358,12790,CUBE_R,RET
117392,21753,FUN_1,FUN_2
117411,17146,CUBE_R,RET
117413,10036,RET,CUBE_L
117413,23868,FUN_2,FUN_3
117418,24504,RET,CUBE_R
117432,8131,FUN_2,FUN_1
117449,11311,RET,CUBE_L
117469,3602,CUBE_R,FUN_6
117474,95,FUN_4,FUN_3
117475,23646,FUN_2,FUN_1
117498,21235,FUN_6,FUN_5
117542,17517,FUN_3,FUN_4
117547,2386,FUN_3,FUN_4
117562,3177,FUN_1,FUN_2
117566,5164,FUN_3,FUN_4
117567,8179,FUN_2,FUN_3
117569,252,FUN_6,CUBE_R
117575,5602,FUN_2,FUN_1
117587,10282,FUN_3,FUN_2
117610,24641,CUBE_R,RET
117638,15804,FUN_6,CUBE_R
117668,11295,CUBE_R,FUN_6
117690,22064,FUN_1,FUN_2
117691,11311,CUBE_L,RET
117698,2257,RET,CUBE_L
117715,13203,CUBE_L,RET
117759,19161,RET,CUBE_L
117765,13025,FUN_3,FUN_4
117767,1017,FUN_2,FUN_1
117791,27903,FUN_4,FUN_3
117813,21315,FUN_5,FUN_4
117814,858,FUN_6,FUN_5
117846,796,FUN_1,FUN_2
117849,4197,FUN_5,FUN_6
117853,6131,FUN_2,FUN_1
117855,24504,CUBE_R,RET
117876,29814,FUN_2,FUN_1
117884,14955,FUN_6,CUBE_R
117896,18546,FUN_6,CUBE_R
117903,13922,RET,CUBE_L
117917,24959,RET,CUBE_R
117933,92,FUN_5,FUN_4
117965,2455,FUN_4,FUN_5
117965,1347,RET,CUBE_L
117970,7687,CUBE_L,RET
117980,14893,FUN_4,FUN_3
117983,25398,FUN_6,FUN_5
117985,10686,FUN_3,FUN_2
117997,5264,CUBE_L,FUN_1
118055,15409,CUBE_R,RET
118065,6071,FUN_2,FUN_1
118091,13657,FUN_6,FUN_5
118115,29884,FUN_4,FUN_5
118123,18546,CUBE_R,FUN_6
118123,29367,CUBE_R,FUN_6
118130,3364,FUN_3,FUN_2
118142,2004,FUN_3,FUN_2
118160,1017,FUN_1,FUN_2
118162,5585,FUN_2,FUN_3
118172,3495,FUN_2,FUN_3
118178,26782,FUN_3,FUN_4
118207,16470,FUN_5,FUN_6
118211,13888,FUN_5,FUN_6
118217,29144,FUN_2,FUN_3
118217,10086,FUN_4,FUN_5
118262,1202,FUN_3,FUN_2
118270,10806,FUN_2,FUN_1
118276,3602,FUN_6,CUBE_R
118280,17258,FUN_2,FUN_1
118295,27009,CUBE_L,FUN_1
118331,8179,FUN_3,FUN_2
118334,12044,FUN_1,FUN_2
118350,5707,FUN_3,FUN_4
118363,28154,FUN_4,FUN_3
118364,73,FUN_3,FUN_2
118373,28266,FUN_2,FUN_3
118375,16218,FUN_1,FUN_2
118386,12223,FUN_6,FUN_5
118412,29052,FUN_2,FUN_1
118462,2455,FUN_5,FUN_4
118463,1025,CUBE_R,RET
118465,4164,FUN_3,FUN_2
118489,2283,FUN_2,FUN_1
118501,10806,FUN_1,FUN_2
118516,5249,FUN_6,FUN_5
118516,11401,FUN_4,FUN_3
118517,9511,RET,CUBE_L
118518,28254,RET,CUBE_R
118522,13432,FUN_3,FUN_4
118534,21540,RET,CUBE_R
118540,10919,FUN_6,CUBE_R
118550,1945,FUN_4,FUN_3
118608,29538,FUN_1,CUBE_L
118617,20969,CUBE_L,RET
118625,4495,CUBE_R,FUN_6
118647,17862,FUN_2,FUN_3
118654,16241,FUN_3,FUN_2
118679,7573,FUN_2,FUN_1
118695,4287,FUN_2,FUN_1
118712,19759,FUN_2,FUN_3
118728,28254,CUBE_R,RET
118769,29942,RET,CUBE_L
118774,10686,FUN_2,FUN_3
118788,9260,FUN_3,FUN_4
118791,14052,FUN_6,FUN_5
118796,2923,RET,CUBE_L
118821,23894,RET,CUBE_L
118834,9881,CUBE_R,FUN_6
118839,18171,CUBE_L,FUN_1
118844,9686,FUN_3,FUN_4
118850,12223,FUN_5,FUN_6
118857,21195,FUN_5,FUN_6
118876,4509,FUN_6,FUN_5
118883,3602,CUBE_R,FUN_6
118894,3495,FUN_3,FUN_2
118906,2455,FUN_4,FUN_5
118907,14271,CUBE_R,RET
118913,28254,RET,CUBE_R
118943,6477,FUN_6,CUBE_R
118945,10086,FUN_5,FUN_4
118953,22458,FUN_1,FUN_2
118963,22775,FUN_3,FUN_2
118972,11425,FUN_4,FUN_5
118975,9174,FUN_2,FUN_1
119008,22775,FUN_2,FUN_3
119021,13427,CUBE_R,FUN_6
119030,23292,FUN_1,CUBE_L
119036,3495,FUN_2,FUN_3
119043,10811,FUN_2,FUN_3
119047,7687,RET,CUBE_L
119051,28154,FUN_3,FUN_4
119069,27931,FUN_5,FUN_6
119070,16815,FUN_5,FUN_4
119077,29305,FUN_2,FUN_1
119081,5707,FUN_4,FUN_3
119085,19862,CUBE_L,FUN_1
119097,17472,FUN_2,FUN_3
119107,15859,FUN_5,FUN_6
119113,21600,FUN_4,FUN_3
119120,273,FUN_6,FUN_5
119125,22964,CUBE_R,FUN_6
119144,26349,FUN_2,FUN_1
119173,7687,CUBE_L,RET
119197,7433,FUN_1,CUBE_L
119218,640,FUN_5,FUN_6
119226,12223,FUN_6,FUN_5
119246,5659,FUN_2,FUN_3
119256,25754,FUN_3,FUN_2
119263,15626,CUBE_R,RET
119356,12607,CUBE_L,RET
119361,73,FUN_2,FUN_3
119368,12905,RET,CUBE_R
119391,10530,FUN_2,FUN_1
119391,23246,RET,CUBE_R
119431,11425,FUN_5,FUN_4
119456,4287,FUN_1,FUN_2
119476,16218,FUN_2,FUN_1
119486,2257,CUBE_L,RET
119534,6690,FUN_2,FUN_1
119545,18059,FUN_3,FUN_2
119558,26782,FUN_4,FUN_3
119582,18171,FUN_1,CUBE_L
119584,29514,CUBE_L,RET
119608,24504,RET,CUBE_R
119617,16383,FUN_3,FUN_2
119628,16497,FUN_3,FUN_2
119645,12803,FUN_3,FUN_2
119656,8380,FUN_1,FUN_2
119672,22775,FUN_3,FUN_2
119675,24262,FUN_2,FUN_3
119683,9686,FUN_4,FUN_3
119683,21962,CUBE_L,RET
119686,26910,FUN_6,FUN_5
119689,18171,CUBE_L,FUN_1
119694,5720,CUBE_L,RET
119698,17610,FUN_6,CUBE_R
119738,11512,FUN_3,FUN_2
119759,14026,FUN_2,FUN_1
119783,16241,FUN_2,FUN_3
119795,21540,CUBE_R,RET
119807,13203,RET,CUBE_L
119810,16934,CUBE_R,FUN_6
119853,22842,FUN_2,FUN_1
119861,10036,CUBE_L,RET
119868,22325,FUN_3,FUN_4
119879,28549,CUBE_L,RET
119898,20776,FUN_2,FUN_1
119922,20969,RET,CUBE_L
119940,18745,CUBE_R,FUN_6
119944,14389,FUN_2,FUN_3
119987,2440,RET,CUBE_L
119990,20095,CUBE_R,FUN_6
119992,7101,FUN_3,FUN_2
120011,22312,FUN_2,FUN_3
120016,640,FUN_6,FUN_5
120018,22437,CUBE_R,RET
120027,21215,FUN_1,FUN_2
120040,10217,FUN_2,FUN_3
120054,2303,FUN_2,FUN_3
120063,6553,FUN_1,FUN_2
120110,12956,FUN_1,FUN_2
120111,1202,FUN_2,FUN_3
120125,8775,FUN_4,FUN_3
120141,20525,FUN_4,FUN_3
120150,11311,RET,CUBE_L
120158,18059,FUN_2,FUN_3
120166,13807,FUN_2,FUN_3
120177,16497,FUN_2,FUN_3
120247,28526,FUN_3,FUN_4
120279,22805,CUBE_L,RET
120340,21627,FUN_2,FUN_1
120388,2059,FUN_4,FUN_5
120397,24964,CUBE_L,RET
120409,22197,FUN_3,FUN_4
120411,5098,CUBE_L,FUN_1
120418,7655,FUN_1,FUN_2
120423,27090,CUBE_R,RET
120438,22339,FUN_3,FUN_2
120441,20969,CUBE_L,RET
120443,22321,CUBE_L,RET
120451,10223,FUN_2,FUN_3
120467,18059,FUN_3,FUN_2
120472,273,FUN_5,FUN_6
120490,18086,FUN_4,FUN_5
120510,7059,FUN_3,FUN_2
120512,4495,FUN_6,CUBE_R
120561,5707,FUN_3,FUN_4
120567,17671,FUN_2,FUN_1
120569,28254,CUBE_R,RET
120570,9122,FUN_1,FUN_2
120598,92,FUN_4,FUN_5
120603,9282,CUBE_R,FUN_6
120616,12692,RET,CUBE_R
120625,19015,FUN_6,CUBE_R
120658,2455,FUN_5,FUN_4
120664,14700,CUBE_L,RET
120679,3490,FUN_4,FUN_5
120692,20269,CUBE_L,FUN_1
120718,14506,FUN_2,FUN_1
120727,5659,FUN_3,FUN_2
120729,9054,FUN_6,FUN_5
120754,10367,CUBE_R,FUN_6
120759,6690,FUN_1,FUN_2
120773,6264,FUN_3,FUN_4
120780,18813,FUN_1,FUN_2
120794,27903,FUN_3,FUN_4
120799,14857,FUN_2,FUN_1
120828,21171,FUN_3,FUN_2
120847,1945,FUN_3,FUN_4
120853,23974,FUN_3,FUN_2
120862,22775,FUN_2,FUN_3
120886,24504,CUBE_R,RET
120887,17472,FUN_3,FUN_2
120901,22321,RET,CUBE_L
120915,22766,FUN_2,FUN_3
120917,273,FUN_6,FUN_5
120917,19722,CUBE_L,RET
120919,16098,FUN_1,FUN_2
120926,22617,RET,CUBE_R
120933,23123,FUN_4,FUN_3
120939,26179,FUN_3,FUN_2
120972,5767,FUN_1,FUN_2
120978,21154,FUN_5,FUN_4
120983,24641,RET,CUBE_R
120987,20969,RET,CUBE_L
121021,13586,FUN_1,FUN_2
121022,7573,FUN_1,FUN_2
121040,15859,FUN_6,FUN_5
121087,6264,FUN_4,FUN_3
121105,29305,FUN_1,FUN_2
121136,10196,FUN_1,CUBE_L
121138,20969,CUBE_L,RET
121139,22339,FUN_2,FUN_3
121148,22437,RET,CUBE_R
121172,28496,FUN_3,FUN_2
121184,18377,CUBE_L,RET
121188,13723,FUN_3,FUN_2
121214,5707,FUN_4,FUN_3
121260,5707,FUN_3,FUN_4
121289,9215,FUN_2,FUN_1
121304,1945,FUN_4,FUN_3
121368,13679,FUN_3,FUN_2
121413,18686,FUN_2,FUN_1
121419,17671,FUN_1,FUN_2
121452,2467,FUN_5,FUN_4
121463,13023,FUN_2,FUN_3
121467,7655,FUN_2,FUN_1
121483,17040,FUN_2,FUN_1
121485,16218,FUN_1,FUN_2
121491,29052,FUN_1,FUN_2
121527,5707,FUN_4,FUN_3
121531,14947,FUN_4,FUN_5
121538,14920,FUN_3,FUN_2
121557,21753,FUN_2,FUN_1
121568,25316,RET,CUBE_R
121584,22040,FUN_1,FUN_2
121591,17472,FUN_2,FUN_3
121610,28266,FUN_3,FUN_2
121674,11425,FUN_4,FUN_5
121677,29672,FUN_2,FUN_3
121702,17419,FUN_3,FUN_2
121711,26417,FUN_2,FUN_3
121721,15409,RET,CUBE_R
121733,16205,FUN_3,FUN_4
121736,803,CUBE_L,RET
121736,27876,CUBE_L,RET
121778,19015,CUBE_R,FUN_6
121791,18375,FUN_6,CUBE_R
121809,29672,FUN_3,FUN_2
121810,25682,FUN_3,FUN_4
121815,19689,FUN_3,FUN_2
121826,16218,FUN_2,FUN_1
121845,24504,RET,CUBE_R
121885,10217,FUN_3,FUN_2
121892,8765,FUN_2,FUN_1
121903,5296,FUN_1,CUBE_L
121906,25557,FUN_4,FUN_3
121914,2455,FUN_4,FUN_5
121932,1202,FUN_3,FUN_2
121934,10086,FUN_4,FUN_5
121951,20776,FUN_1,FUN_2
121954,20269,FUN_1,CUBE_L
121963,16218,FUN_1,FUN_2
121973,20149,CUBE_R,RET
121976,20208,CUBE_L,FUN_1
121981,7655,FUN_1,FUN_2
121986,92,FUN_5,FUN_4
122025,27,RET,CUBE_L
122028,9874,FUN_1,FUN_2
122031,2806,CUBE_R,FUN_6
122052,8838,FUN_1,CUBE_L
122059,17167,FUN_3,FUN_2
122079,13491,FUN_4,FUN_3
122086,20333,FUN_2,FUN_1
122100,19918,RET,CUBE_L
122111,20603,FUN_4,FUN_5
122120,20470,FUN_2,FUN_3
122136,9892,FUN_3,FUN_2
122145,19161,CUBE_L,RET
122155,2806,FUN_6,CUBE_R
122155,26105,FUN_5,FUN_6
122178,3937,FUN_1,FUN_2
122191,10036,RET,CUBE_L
122206,5311,CUBE_L,FUN_1
122229,18686,FUN_1,FUN_2
122230,27019,RET,CUBE_L
122232,3490,FUN_5,FUN_4
122234,13926,FUN_3,FUN_4
122241,1294,FUN_3,FUN_2
122250,16894,FUN_2,FUN_3
122272,2347,FUN_1,FUN_2
122290,17472,FUN_3,FUN_2
122292,5425,FUN_4,FUN_5
122298,1064,FUN_3,FUN_2
122300,9736,FUN_1,FUN_2
122310,3420,FUN_6,CUBE_R
122320,22617,CUBE_R,RET
122329,20538,CUBE_L,RET
122331,1979,CUBE_R,RET
122339,27048,FUN_2,FUN_3
122345,14862,FUN_4,FUN_5
122371,9977,FUN_3,FUN_4
122377,25059,FUN_2,FUN_3
122400,17258,FUN_1,FUN_2
122402,24042,FUN_3,FUN_2
122407,5264,FUN_1,CUBE_L
122407,6553,FUN_2,FUN_1
122432,28549,RET,CUBE_L
122453,1346,FUN_2,FUN_3
122528,20479,FUN_3,FUN_4
122559,11564,FUN_1,CUBE_L
122565,22617,RET,CUBE_R
122569,25605,RET,CUBE_R
122674,5203,FUN_5,FUN_4
122676,14089,FUN_5,FUN_4
122685,13165,FUN_2,FUN_3
122743,10270,CUBE_L,RET
122758,10234,FUN_2,FUN_1
122777,24005,CUBE_L,FUN_1
122803,15095,FUN_3,FUN_2
122812,15817,FUN_2,FUN_3
122841,24262,FUN_3,FUN_2
122848,9215,FUN_1,FUN_2
122883,23894,CUBE_L,RET
122913,14283,FUN_4,FUN_5
122919,4496,FUN_3,FUN_2
122927,21420,FUN_2,FUN_3
122930,5249,FUN_5,FUN_6
122932,10725,FUN_2,FUN_3
122936,21215,FUN_2,FUN_1
122936,26480,CUBE_R,FUN_6
122960,8659,CUBE_L,RET
123014,17146,RET,CUBE_R
123014,17517,FUN_4,FUN_3
123027,11696,FUN_3,FUN_4
123031,28597,CUBE_R,RET
123086,7433,CUBE_L,FUN_1
123128,8838,CUBE_L,FUN_1
123140,10086,FUN_5,FUN_4
123154,13491,FUN_3,FUN_4
123212,2315,FUN_4,FUN_5
123212,13732,FUN_3,FUN_2
123214,24262,FUN_2,FUN_3
123226,7059,FUN_2,FUN_3
123265,6611,FUN_6,FUN_5
123295,22842,FUN_1,FUN_2
123297,23562,FUN_2,FUN_1
123313,13203,CUBE_L,RET
123318,10753,CUBE_R,FUN_6
123325,24226,FUN_3,FUN_2
123328,12778,FUN_4,FUN_3
123338,119,FUN_3,FUN_4
123349,16856,FUN_4,FUN_5
123376,10962,FUN_2,FUN_1
123392,19793,FUN_4,FUN_3
123428,27481,FUN_2,FUN_1
123429,18375,CUBE_R,FUN_6
123439,29757,FUN_1,FUN_2
123450,13257,RET,CUBE_R
123453,6034,FUN_2,FUN_3
123464,15601,FUN_4,FUN_3
123495,16098,FUN_2,FUN_1
123495,1202,FUN_2,FUN_3
123499,24693,FUN_3,FUN_4
123504,273,FUN_5,FUN_6
123512,9089,FUN_3,FUN_2
123515,26987,FUN_4,FUN_5
123533,13353,CUBE_R,FUN_6
123537,22826,FUN_3,FUN_4
123539,1017,FUN_2,FUN_1
123559,28496,FUN_2,FUN_3
123561,29367,FUN_6,CUBE_R
123562,24792,RET,CUBE_R
123577,17990,CUBE_R,FUN_6
123607,20063,FUN_2,FUN_3
123637,8823,FUN_3,FUN_2
123639,22404,FUN_3,FUN_2
123640,20118,FUN_3,FUN_2
123654,22302,FUN_2,FUN_3
123659,5743,FUN_4,FUN_3
123676,15464,FUN_2,FUN_1
123688,9215,FUN_2,FUN_1
123735,14506,FUN_1,FUN_2
123735,14857,FUN_1,FUN_2
123743,28680,FUN_2,FUN_1
123765,28741,FUN_3,FUN_2
123782,418,FUN_3,FUN_2
123790,8380,FUN_2,FUN_1
123814,5841,FUN_1,FUN_2
123815,2623,FUN_3,FUN_4
123815,18377,RET,CUBE_L
123818,25216,FUN_6,FUN_5
123830,21449,FUN_4,FUN_3
123856,13679,FUN_2,FUN_3
123872,15453,RET,CUBE_R
123881,9533,FUN_4,FUN_5
123898,21929,FUN_2,FUN_1
123907,28832,FUN_3,FUN_2
123920,15040,FUN_1,FUN_2
123932,19161,RET,CUBE_L
123942,10196,CUBE_L,FUN_1
123947,2064,FUN_3,FUN_2
123970,23562,FUN_1,FUN_2
123985,15526,FUN_3,FUN_2
123995,15437,FUN_1,CUBE_L
124023,20603,FUN_5,FUN_4
124035,21123,FUN_2,FUN_1
124054,7647,FUN_4,FUN_3
124065,450,CUBE_L,FUN_1
124073,12385,CUBE_R,FUN_6
124085,287,FUN_3,FUN_2
124104,17486,FUN_4,FUN_3
124117,17671,FUN_2,FUN_1
124161,17472,FUN_2,FUN_3
124166,16587,FUN_1,FUN_2
124170,16241,FUN_3,FUN_2
124185,18352,RET,CUBE_L
124185,11564,CUBE_L,FUN_1
124187,15202,RET,CUBE_L
124200,14259,FUN_2,FUN_1
124205,24645,RET,CUBE_R
124207,19549,FUN_4,FUN_5
124210,7463,FUN_3,FUN_2
124249,9892,FUN_2,FUN_3
124270,3693,CUBE_R,RET
124279,12138,FUN_4,FUN_3
124281,14862,FUN_5,FUN_4
124286,14947,FUN_5,FUN_4
124288,28526,FUN_4,FUN_3
124292,22040,FUN_2,FUN_1
124292,22325,FUN_4,FUN_3
124298,17146,CUBE_R,RET
124300,25557,FUN_3,FUN_4
124306,3285,FUN_3,FUN_2
124310,5767,FUN_2,FUN_1
124316,2557,CUBE_R,RET
124320,12803,FUN_2,FUN_3
124321,10597,FUN_5,FUN_6
124334,27876,RET,CUBE_L
124354,3602,FUN_6,CUBE_R
124361,3393,RET,CUBE_R
124399,12252,FUN_5,FUN_4
124417,22352,FUN_1,FUN_2
124425,9874,FUN_2,FUN_1
124433,22618,FUN_2,FUN_3
124441,19793,FUN_3,FUN_4
124455,14089,FUN_4,FUN_5
124457,29097,FUN_2,FUN_1
124470,1979,RET,CUBE_R
124470,13390,FUN_3,FUN_4
124475,14298,CUBE_L,FUN_1
124490,2806,CUBE_R,FUN_6
124495,2347,FUN_2,FUN_1
124510,20063,FUN_3,FUN_2
124511,4583,FUN_1,FUN_2
124523,7463,FUN_2,FUN_3
124532,29546,FUN_5,FUN_4
124538,10082,FUN_2,FUN_1
124553,18627,CUBE_R,RET
124556,16587,FUN_2,FUN_1
124571,21459,FUN_3,FUN_2
124605,21753,FUN_1,FUN_2
124607,22362,FUN_3,FUN_2
124608,26109,FUN_2,FUN_3
124616,14562,FUN_2,FUN_3
124631,22226,CUBE_R,RET
124662,6091,FUN_6,CUBE_R
124720,21627,FUN_1,FUN_2
124723,10740,FUN_2,FUN_1
124723,23562,FUN_2,FUN_1
124746,4542,FUN_2,FUN_1
124768,14562,FUN_3,FUN_2
124776,4206,CUBE_R,RET
124787,13657,FUN_5,FUN_6
124822,12964,FUN_3,FUN_4
124857,17990,FUN_6,CUBE_R
124865,2283,FUN_1,FUN_2
124892,22226,RET,CUBE_R
124894,20728,FUN_3,FUN_2
124903,10234,FUN_1,FUN_2
124905,13143,FUN_5,FUN_4
124916,4358,CUBE_L,FUN_1
124922,8834,FUN_2,FUN_3
124931,28375,FUN_4,FUN_3
124934,22404,FUN_2,FUN_3
124960,23907,RET,CUBE_R
124985,15328,FUN_2,FUN_1
125061,13491,FUN_4,FUN_3
125070,8834,FUN_3,FUN_2
125119,2923,CUBE_L,RET
125129,9282,FUN_6,CUBE_R
125140,12572,FUN_2,FUN_1
125146,22437,CUBE_R,RET
125157,21449,FUN_3,FUN_4
125223,22226,CUBE_R,RET
125254,29514,RET,CUBE_L
125257,15705,FUN_3,FUN_2
125270,14857,FUN_2,FUN_1
125281,16856,FUN_5,FUN_4
125283,17548,FUN_3,FUN_2
125311,27837,CUBE_R,RET
125318,8834,FUN_2,FUN_3
125350,15437,CUBE_L,FUN_1
125350,20410,FUN_1,FUN_2
125350,25745,FUN_6,FUN_5
125353,1196,FUN_3,FUN_2
125353,14506,FUN_2,FUN_1
125356,17517,FUN_3,FUN_4
125359,18225,FUN_5,FUN_4
125382,418,FUN_2,FUN_3
125397,19862,FUN_1,CUBE_L
125424,27593,FUN_4,FUN_5
125425,13164,FUN_3,FUN_4
125431,27660,FUN_2,FUN_1
125452,23435,CUBE_R,RET
125463,8834,FUN_3,FUN_2
125493,21215,FUN_1,FUN_2
125496,17517,FUN_4,FUN_3
125519,28526,FUN_3,FUN_4
125521,20504,FUN_2,FUN_3
125529,2812,FUN_1,FUN_2
125531,17368,FUN_3,FUN_4
125537,27931,FUN_6,FUN_5
125538,14700,RET,CUBE_L
125547,29150,FUN_2,FUN_3
125565,27837,RET,CUBE_R
125582,9892,FUN_3,FUN_2
125583,29825,CUBE_L,RET
125597,23868,FUN_3,FUN_2
125604,2925,FUN_2,FUN_1
125606,20078,FUN_4,FUN_3
125615,8178,FUN_6,FUN_5
125652,19689,FUN_2,FUN_3
125654,10217,FUN_2,FUN_3
125674,1020,FUN_2,FUN_3
125680,4496,FUN_2,FUN_3
125682,6131,FUN_1,FUN_2
125683,20728,FUN_2,FUN_3
125688,18686,FUN_2,FUN_1
125743,4542,FUN_1,FUN_2
125751,57,FUN_3,FUN_4
125760,10740,FUN_1,FUN_2
125761,14026,FUN_1,FUN_2
125778,19281,RET,CUBE_R
125781,14506,FUN_1,FUN_2
125814,8834,FUN_2,FUN_3
125838,15804,CUBE_R,FUN_6
125853,20417,CUBE_R,RET
125854,7736,CUBE_R,FUN_6
125855,11993,FUN_3,FUN_2
125864,8646,FUN_1,FUN_2
125873,3495,FUN_3,FUN_2
125879,467,FUN_4,FUN_5
125885,12385,FUN_6,CUBE_R
125934,119,FUN_4,FUN_3
125952,3285,FUN_2,FUN_3
125969,4197,FUN_6,FUN_5
125973,14857,FUN_1,FUN_2
125974,17040,FUN_1,FUN_2
125989,26109,FUN_3,FUN_2
125993,23858,FUN_4,FUN_3
125993,27651,FUN_2,FUN_3
126015,11768,FUN_3,FUN_2
126025,28741,FUN_2,FUN_3
126055,24216,CUBE_R,RET
126071,14947,FUN_4,FUN_5
126122,10582,FUN_1,FUN_2
126131,15328,FUN_1,FUN_2
126134,3367,FUN_3,FUN_2
126141,22775,FUN_3,FUN_2
126146,1764,CUBE_R,RET
126153,12803,FUN_3,FUN_2
126153,20118,FUN_2,FUN_3
126157,17472,FUN_3,FUN_2
126171,2440,CUBE_L,RET
126213,19344,CUBE_L,RET
126228,15437,FUN_1,CUBE_L
126230,3393,CUBE_R,RET
126254,858,FUN_5,FUN_6
126255,24477,FUN_3,FUN_4
126258,15859,FUN_5,FUN_6
126267,27876,CUBE_L,RET
126269,8918,FUN_2,FUN_1
126270,13986,FUN_1,FUN_2
126300,9265,FUN_2,FUN_1
126311,24946,FUN_6,CUBE_R
126337,17459,FUN_3,FUN_4
126337,29153,CUBE_L,FUN_1
126343,3602,CUBE_R,FUN_6
126374,23561,FUN_5,FUN_6
126374,28375,FUN_3,FUN_4
126384,3367,FUN_2,FUN_3
126402,20541,FUN_4,FUN_3
126412,22617,CUBE_R,RET
126448,843,RET,CUBE_R
126455,1622,FUN_4,FUN_3
126497,19834,CUBE_R,RET
126501,27779,FUN_2,FUN_3
126542,20504,FUN_3,FUN_2
126557,3649,FUN_5,FUN_6
126583,18757,RET,CUBE_L
126604,18695,FUN_4,FUN_3
126608,15328,FUN_2,FUN_1
126644,7497,FUN_3,FUN_2
126649,13390,FUN_4,FUN_3
126664,14745,FUN_4,FUN_3
126688,20728,FUN_3,FUN_2
126698,20731,RET,CUBE_R
126703,20410,FUN_2,FUN_1
126711,2923,RET,CUBE_L
126752,16856,FUN_4,FUN_5
126757,25230,CUBE_R,FUN_6
126769,11993,FUN_2,FUN_3
126779,12710,CUBE_L,FUN_1
126816,8834,FUN_3,FUN_2
126816,11563,FUN_2,FUN_1
126823,7791,FUN_3,FUN_4
126827,9089,FUN_2,FUN_3
126849,20603,FUN_4,FUN_5
126862,28832,FUN_2,FUN_3
126865,1725,FUN_2,FUN_1
126867,2806,FUN_6,CUBE_R
126875,13164,FUN_4,FUN_3
126886,23435,RET,CUBE_R
126901,12710,FUN_1,CUBE_L
126911,28716,FUN_3,FUN_2
126939,20776,FUN_2,FUN_1
126949,16856,FUN_5,FUN_4
126969,23561,FUN_6,FUN_5
127008,20504,FUN_2,FUN_3
127025,9686,FUN_3,FUN_4
127025,29942,CUBE_L,RET
127028,6555,FUN_4,FUN_3
127033,5720,RET,CUBE_L
127033,6091,CUBE_R,FUN_6
127077,2557,RET,CUBE_R
127078,28606,FUN_3,FUN_2
127087,12252,FUN_4,FUN_5
127095,9874,FUN_1,FUN_2
127111,14259,FUN_1,FUN_2
127111,21962,RET,CUBE_L
127125,6555,FUN_3,FUN_4
127141,11696,FUN_4,FUN_3
127142,12569,FUN_6,FUN_5
127143,1226,FUN_4,FUN_3
127166,16204,FUN_1,FUN_2
127174,28998,FUN_3,FUN_2
127178,18695,FUN_3,FUN_4
127191,5767,FUN_1,FUN_2
127206,5767,FUN_2,FUN_1
127214,3937,FUN_2,FUN_1
127221,24792,CUBE_R,RET
127223,16856,FUN_4,FUN_5
127242,25094,CUBE_R,FUN_6
127253,12953,FUN_6,CUBE_R
127263,18059,FUN_2,FUN_3
127282,15705,FUN_2,FUN_3
127306,13143,FUN_4,FUN_5
127307,18546,FUN_6,CUBE_R
127319,13432,FUN_4,FUN_3
127326,29052,FUN_2,FUN_1
127410,26349,FUN_1,FUN_2
127433,9874,FUN_2,FUN_1
127441,14259,FUN_2,FUN_1
127459,28530,CUBE_L,FUN_1
127473,29305,FUN_2,FUN_1
127480,19015,FUN_6,CUBE_R
127481,20470,FUN_3,FUN_2
127496,24216,RET,CUBE_R
127511,14920,FUN_2,FUN_3
127521,8918,FUN_1,FUN_2
127522,22404,FUN_3,FUN_2
127536,28832,FUN_3,FUN_2
127569,9881,FUN_6,CUBE_R
127579,1764,RET,CUBE_R
127610,5767,FUN_1,FUN_2
127615,28375,FUN_4,FUN_3
127630,20504,FUN_3,FUN_2
127633,22826,FUN_4,FUN_3
127644,12259,FUN_1,FUN_2
127650,15715,FUN_5,FUN_4
127667,3929,FUN_6,FUN_5
127686,5585,FUN_3,FUN_2
127693,29757,FUN_2,FUN_1
127698,28245,FUN_2,FUN_3
127722,17258,FUN_2,FUN_1
127732,19344,RET,CUBE_L
127739,18855,FUN_5,FUN_4
127767,2623,FUN_4,FUN_3
127769,24396,CUBE_L,RET
127781,27620,CUBE_L,RET
127791,26349,FUN_2,FUN_1
127798,19024,FUN_2,FUN_3
127801,11958,FUN_5,FUN_4
127847,14743,FUN_2,FUN_3
127892,12778,FUN_3,FUN_4
127894,28375,FUN_3,FUN_4
127915,16583,FUN_3,FUN_2
127942,10597,FUN_6,FUN_5
127952,7662,FUN_2,FUN_1
127959,8646,FUN_2,FUN_1
127960,2812,FUN_2,FUN_1
127960,24946,CUBE_R,FUN_6
127970,14259,FUN_1,FUN_2
127981,18495,FUN_2,FUN_3
127984,8022,FUN_2,FUN_1
127997,14351,FUN_4,FUN_5
128010,18686,FUN_1,FUN_2
128060,15705,FUN_3,FUN_2
128064,15431,FUN_1,FUN_2
128110,14722,FUN_3,FUN_4
128119,8107,FUN_3,FUN_4
128120,29757,FUN_1,FUN_2
128130,20969,RET,CUBE_L
128140,21315,FUN_4,FUN_5
128156,21235,FUN_5,FUN_6
128160,16587,FUN_1,FUN_2
128175,7497,FUN_2,FUN_3
128182,813,FUN_3,FUN_2
128222,4358,FUN_1,CUBE_L
128233,27837,CUBE_R,RET
128236,24042,FUN_2,FUN_3
128247,18757,CUBE_L,RET
128259,2303,FUN_3,FUN_2
128277,19453,CUBE_R,FUN_6
128280,1226,FUN_3,FUN_4
128283,24396,RET,CUBE_L
128302,4594,FUN_1,FUN_2
128317,24477,FUN_4,FUN_3
128334,28832,FUN_2,FUN_3
128363,1725,FUN_1,FUN_2
128378,8658,FUN_5,FUN_6
128388,7891,FUN_2,FUN_3
128398,17201,RET,CUBE_L
128413,2250,RET,CUBE_L
128427,6626,FUN_3,FUN_2
128461,1725,FUN_2,FUN_1
128475,21390,FUN_4,FUN_3
128475,22238,RET,CUBE_L
128550,4124,FUN_2,FUN_3
128558,15328,FUN_1,FUN_2
128560,22362,FUN_2,FUN_3
128562,3863,FUN_2,FUN_1
128575,12792,RET,CUBE_R
128593,18059,FUN_3,FUN_2
128620,12908,FUN_2,FUN_1
128712,6626,FUN_2,FUN_3
128768,11768,FUN_2,FUN_3
128787,28660,FUN_4,FUN_3
128789,22404,FUN_2,FUN_3
128799,3705,FUN_2,FUN_1
128823,5968,FUN_3,FUN_2
128866,28638,RET,CUBE_R
128867,9875,FUN_3,FUN_4
128869,8248,FUN_1,FUN_2
128899,7662,FUN_1,FUN_2
128909,6626,FUN_3,FUN_2
128923,9282,CUBE_R,FUN_6
128924,8646,FUN_1,FUN_2
128942,17714,FUN_3,FUN_4
128963,5420,FUN_3,FUN_2
128990,4583,FUN_2,FUN_1
129003,5722,FUN_2,FUN_1
129013,10597,FUN_5,FUN_6
129028,29052,FUN_1,FUN_2
129033,4067,FUN_3,FUN_2
129033,15062,FUN_3,FUN_4
129043,19689,FUN_3,FUN_2
129046,28375,FUN_4,FUN_3
129050,2211,FUN_2,FUN_1
129061,22437,RET,CUBE_R
129062,29538,CUBE_L,FUN_1
129086,28496,FUN_3,FUN_2
129087,22826,FUN_3,FUN_4
129089,25094,FUN_6,CUBE_R
129097,7497,FUN_3,FUN_2
129107,6034,FUN_3,FUN_2
129140,22592,FUN_6,CUBE_R
129157,2178,FUN_3,FUN_2
129161,2303,FUN_2,FUN_3
129164,24963,FUN_6,CUBE_R
129165,4432,CUBE_R,FUN_6
129189,23719,FUN_2,FUN_1
129215,26349,FUN_1,FUN_2
129230,11563,FUN_1,FUN_2
129278,18757,RET,CUBE_L
129294,17368,FUN_4,FUN_3
129300,20413,FUN_2,FUN_1
129306,6626,FUN_2,FUN_3
129318,17671,FUN_1,FUN_2
129318,19344,CUBE_L,RET
129328,12569,FUN_5,FUN_6
129331,2636,FUN_6,CUBE_R
129331,22797,FUN_2,FUN_3
129334,9438,FUN_3,FUN_2
129339,19860,FUN_1,FUN_2
129339,28266,FUN_2,FUN_3
129362,23633,FUN_1,FUN_2
129389,26085,FUN_2,FUN_3
129404,13623,FUN_5,FUN_4
129477,23347,CUBE_R,RET
129483,22239,CUBE_R,RET
129498,2331,FUN_4,FUN_3
129501,19847,FUN_3,FUN_4
129521,24504,CUBE_R,RET
129557,21171,FUN_2,FUN_3
129586,3495,FUN_2,FUN_3
129595,24504,RET,CUBE_R
129610,5767,FUN_2,FUN_1
129626,8248,FUN_2,FUN_1
129629,17472,FUN_2,FUN_3
129653,8646,FUN_2,FUN_1
129653,17711,FUN_2,FUN_3
129673,119,FUN_3,FUN_4
129681,2623,FUN_3,FUN_4
129735,19281,CUBE_R,RET
129742,28496,FUN_2,FUN_3
129743,27931,FUN_5,FUN_6
129764,1725,FUN_1,FUN_2
129789,10811,FUN_3,FUN_2
129801,17146,RET,CUBE_R
129816,1645,CUBE_R,FUN_6
129844,24,FUN_3,FUN_4
129847,22508,FUN_2,FUN_1
129862,2347,FUN_1,FUN_2
129864,24504,CUBE_R,RET
129871,22797,FUN_3,FUN_2
129900,1845,FUN_1,FUN_2
129904,160,FUN_6,CUBE_R
129906,12645,CUBE_L,FUN_1
129920,11401,FUN_3,FUN_4
129936,16583,FUN_2,FUN_3
129956,1764,CUBE_R,RET
129957,23928,FUN_3,FUN_2
129959,24396,CUBE_L,RET
129984,7497,FUN_2,FUN_3
130003,14283,FUN_5,FUN_4
130017,24645,CUBE_R,RET
130043,4528,FUN_2,FUN_1
130072,2967,CUBE_R,RET
130073,3367,FUN_3,FUN_2
130083,28024,FUN_6,CUBE_R
130101,19922,FUN_3,FUN_4
130102,3495,FUN_3,FUN_2
130151,15431,FUN_2,FUN_1
130197,10597,FUN_6,FUN_5
130206,22134,FUN_2,FUN_3
130208,28722,FUN_2,FUN_3
130224,342,FUN_4,FUN_3
130275,21857,FUN_3,FUN_2
130280,2178,FUN_2,FUN_3
130299,9661,FUN_6,FUN_5
130301,6671,FUN_3,FUN_2
130342,8248,FUN_1,FUN_2
130344,23123,FUN_3,FUN_4
130373,14283,FUN_4,FUN_5
130377,22377,FUN_3,FUN_2
130380,18059,FUN_2,FUN_3
130401,5420,FUN_2,FUN_3
130422,11551,FUN_1,FUN_2
130436,19820,CUBE_R,RET
130448,11453,FUN_3,FUN_2
130452,12908,FUN_1,FUN_2
130464,6993,FUN_2,FUN_3
130469,17146,CUBE_R,RET
130477,16128,FUN_6,FUN_5
130485,20969,CUBE_L,RET
130520,15817,FUN_3,FUN_2
130527,8512,CUBE_L,RET
130527,14389,FUN_3,FUN_2
130533,17146,RET,CUBE_R
130534,24504,RET,CUBE_R
130538,2211,FUN_1,FUN_2
130563,2345,FUN_1,FUN_2
130572,21967,FUN_6,FUN_5
130588,9128,CUBE_R,FUN_6
130589,813,FUN_2,FUN_3
130603,14562,FUN_2,FUN_3
130609,5319,CUBE_R,FUN_6
130661,29104,FUN_2,FUN_3
130666,2347,FUN_2,FUN_1
130674,27496,FUN_2,FUN_1
130679,15626,RET,CUBE_R
130682,12790,RET,CUBE_R
130683,8444,FUN_3,FUN_2
130692,13257,CUBE_R,RET
130699,16583,FUN_3,FUN_2
130703,23928,FUN_2,FUN_3
130719,6175,FUN_3,FUN_2
130725,3929,FUN_5,FUN_6
130756,1171,FUN_5,FUN_6
130785,15437,CUBE_L,FUN_1
130791,11313,FUN_3,FUN_2
130812,2625,FUN_5,FUN_4
130863,11056,FUN_3,FUN_4
130869,27496,FUN_1,FUN_2
130874,1823,FUN_3,FUN_2
130877,2967,RET,CUBE_R
130886,12908,FUN_2,FUN_1
130898,11147,CUBE_R,RET
130917,12792,CUBE_R,RET
130930,2004,FUN_2,FUN_3
130957,19689,FUN_2,FUN_3
130991,20361,FUN_3,FUN_2
131007,20603,FUN_5,FUN_4
131014,13127,FUN_3,FUN_4
131020,23123,FUN_4,FUN_3
131037,20361,FUN_2,FUN_3
131065,1764,RET,CUBE_R
131089,8839,FUN_3,FUN_2
131095,9909,FUN_1,FUN_2
131106,11551,FUN_2,FUN_1
131115,15626,CUBE_R,RET
131130,16586,FUN_2,FUN_1
131132,110,FUN_2,FUN_1
131138,57,FUN_4,FUN_3
131207,24946,FUN_6,CUBE_R
131212,24902,FUN_2,FUN_3
131216,29305,FUN_1,FUN_2
131225,15626,RET,CUBE_R
131271,25034,FUN_3,FUN_4
131306,20969,RET,CUBE_L
131309,8270,FUN_3,FUN_2
131313,24081,FUN_5,FUN_6
131319,19689,FUN_3,FUN_2
131326,5287,FUN_3,FUN_2
131330,23123,FUN_3,FUN_4
131336,14004,CUBE_R,FUN_6
131337,26910,FUN_5,FUN_6
131341,19804,RET,CUBE_L
131350,14643,FUN_5,FUN_4
131358,21315,FUN_5,FUN_4
131364,2967,CUBE_R,RET
131387,18752,FUN_2,FUN_3
131399,18338,FUN_1,CUBE_L
131401,28680,FUN_1,FUN_2
131418,11183,CUBE_L,FUN_1
131420,13089,CUBE_L,RET
131423,23347,RET,CUBE_R
131447,2331,FUN_3,FUN_4
131454,17602,CUBE_L,FUN_1
131503,5287,FUN_2,FUN_3
131509,20361,FUN_3,FUN_2
131512,20603,FUN_4,FUN_5
131535,20361,FUN_2,FUN_3
131542,7144,FUN_3,FUN_2
131562,7570,CUBE_R,RET
131597,25152,FUN_1,FUN_2
131599,29037,FUN_5,FUN_4
131606,26072,FUN_4,FUN_3
131666,16165,FUN_3,FUN_2
131674,6169,FUN_3,FUN_2
131690,18495,FUN_3,FUN_2
131707,1725,FUN_2,FUN_1
131718,3643,CUBE_R,RET
131718,29672,FUN_2,FUN_3
131739,6604,FUN_1,CUBE_L
131741,16561,RET,CUBE_R
131755,7891,FUN_3,FUN_2
131761,1294,FUN_2,FUN_3
131761,19247,CUBE_R,RET
131761,20361,FUN_3,FUN_2
131815,21929,FUN_1,FUN_2
131823,7791,FUN_4,FUN_3
131834,15275,CUBE_L,FUN_1
131836,15202,CUBE_L,RET
131840,7215,FUN_3,FUN_2
131859,20284,FUN_2,FUN_1
131867,2697,FUN_5,FUN_6
131873,21110,FUN_2,FUN_3
131880,621,FUN_3,FUN_2
131883,19024,FUN_3,FUN_2
131885,3480,FUN_1,FUN_2
131894,1725,FUN_1,FUN_2
131895,1764,CUBE_R,RET
131955,2201,FUN_2,FUN_3
131968,20417,RET,CUBE_R
131973,9128,FUN_6,CUBE_R
131994,21962,CUBE_L,RET
131999,19344,RET,CUBE_L
132002,21857,FUN_2,FUN_3
132007,4965,CUBE_R,RET
132019,25160,FUN_6,CUBE_R
132026,12415,FUN_6,FUN_5
132032,19095,FUN_3,FUN_2
132060,19722,RET,CUBE_L
132071,3705,FUN_1,FUN_2
132076,1003,CUBE_L,FUN_1
132081,11281,FUN_3,FUN_2
132082,14351,FUN_5,FUN_4
132095,13327,RET,CUBE_L
132096,28832,FUN_3,FUN_2
132120,17472,FUN_3,FUN_2
132125,12569,FUN_6,FUN_5
132138,3937,FUN_1,FUN_2
132141,9053,FUN_1,CUBE_L
132156,24946,CUBE_R,FUN_6
132166,12905,CUBE_R,RET
132232,9215,FUN_1,FUN_2
132237,22324,FUN_3,FUN_4
132244,11784,FUN_1,FUN_2
132267,1017,FUN_1,FUN_2
132281,7008,FUN_1,FUN_2
132292,12645,FUN_1,CUBE_L
132297,11504,FUN_6,CUBE_R
132308,12415,FUN_5,FUN_6
132312,13941,FUN_3,FUN_2
132315,27407,RET,CUBE_L
132346,28529,RET,CUBE_R
132347,19769,FUN_5,FUN_6
132359,12505,FUN_3,FUN_2
132370,11696,FUN_3,FUN_4
132388,28597,RET,CUBE_R
132422,20284,FUN_1,FUN_2
132429,24472,FUN_3,FUN_2
132463,3490,FUN_4,FUN_5
132473,10461,FUN_2,FUN_1
132507,22352,FUN_2,FUN_1
132533,26112,FUN_5,FUN_6
132536,1764,RET,CUBE_R
132546,15091,FUN_3,FUN_4
132561,6671,FUN_2,FUN_3
132567,14743,FUN_3,FUN_2
132579,1725,FUN_2,FUN_1
132579,2925,FUN_1,FUN_2
132608,26805,CUBE_L,RET
132610,21406,FUN_2,FUN_1
132616,14351,FUN_4,FUN_5
132635,26178,FUN_3,FUN_2
132647,17714,FUN_4,FUN_3
132649,18766,FUN_2,FUN_1
132667,21962,RET,CUBE_L
132703,8110,CUBE_L,RET
132707,20233,FUN_3,FUN_4
132725,13926,FUN_4,FUN_3
132731,11856,FUN_2,FUN_3
132736,2697,FUN_6,FUN_5
132805,29555,FUN_4,FUN_3
132806,20284,FUN_2,FUN_1
132853,17990,CUBE_R,FUN_6
132859,28980,FUN_2,FUN_3
132870,5715,FUN_2,FUN_3
132892,19439,CUBE_R,RET
132932,26921,FUN_3,FUN_2
132967,5876,CUBE_R,RET
132967,6217,CUBE_R,RET
132970,8395,FUN_3,FUN_2
132981,19183,FUN_2,FUN_3
132984,12259,FUN_2,FUN_1
132995,12908,FUN_1,FUN_2
133001,20284,FUN_1,FUN_2
133005,21459,FUN_2,FUN_1
133013,18695,FUN_4,FUN_3
133024,20603,FUN_5,FUN_4
133037,20284,FUN_2,FUN_1
133039,1455,FUN_2,FUN_1
133053,2178,FUN_3,FUN_2
133066,19334,FUN_2,FUN_3
133076,9909,FUN_2,FUN_1
133161,4124,FUN_3,FUN_2
133161,15202,RET,CUBE_L
133162,13127,FUN_4,FUN_3
133181,26921,FUN_2,FUN_3
133190,21962,CUBE_L,RET
133194,12211,FUN_5,FUN_6
133197,1171,FUN_6,FUN_5
133197,20413,FUN_1,FUN_2
133211,12505,FUN_2,FUN_3
133216,15684,FUN_3,FUN_4
133223,3292,FUN_4,FUN_3
133288,1725,FUN_1,FUN_2
133300,7982,FUN_1,FUN_2
133321,10882,FUN_3,FUN_4
133326,29251,FUN_2,FUN_1
133336,20584,CUBE_L,RET
133363,22797,FUN_2,FUN_3
133375,15715,FUN_4,FUN_5
133385,9128,CUBE_R,FUN_6
133395,22797,FUN_3,FUN_2
133410,15377,FUN_3,FUN_2
133413,25398,FUN_5,FUN_6
133415,6034,FUN_2,FUN_3
133422,16165,FUN_2,FUN_3
133424,24396,RET,CUBE_L
133449,10367,FUN_6,CUBE_R
133463,14016,CUBE_R,FUN_6
133468,2906,CUBE_R,RET
133494,26522,FUN_3,FUN_2
133511,13827,FUN_4,FUN_3
133525,1025,RET,CUBE_R
133533,8395,FUN_2,FUN_3
133540,13056,FUN_3,FUN_2
133555,1764,CUBE_R,RET
133560,7891,FUN_2,FUN_3
133580,25514,RET,CUBE_L
133583,29251,FUN_1,FUN_2
133642,18752,FUN_3,FUN_2
133684,18066,FUN_3,FUN_2
133698,4886,RET,CUBE_L
133703,12809,FUN_2,FUN_1
133727,11281,FUN_2,FUN_3
133729,16098,FUN_1,FUN_2
133736,9951,FUN_3,FUN_2
133743,21540,RET,CUBE_R
133768,2623,FUN_4,FUN_3
133769,24,FUN_4,FUN_3
133779,4965,RET,CUBE_R
133782,22797,FUN_2,FUN_3
133805,843,CUBE_R,RET
133814,25230,FUN_6,CUBE_R
133841,1823,FUN_2,FUN_3
133864,29251,FUN_2,FUN_1
133865,16549,FUN_5,FUN_6
133879,9196,FUN_3,FUN_2
133882,24902,FUN_3,FUN_2
133912,22267,FUN_5,FUN_4
133915,28180,FUN_3,FUN_2
133930,18171,FUN_1,CUBE_L
133961,5743,FUN_3,FUN_4
133977,13196,FUN_4,FUN_5
133983,6217,RET,CUBE_R
133992,20584,RET,CUBE_L
133993,4544,CUBE_R,RET
134014,18066,FUN_2,FUN_3
134026,18928,FUN_2,FUN_3
134047,29475,FUN_2,FUN_1
134052,26981,FUN_2,FUN_1
134103,7267,FUN_2,FUN_1
134126,12224,FUN_3,FUN_2
134136,23404,CUBE_L,RET
134140,21202,FUN_5,FUN_6
134146,26981,FUN_1,FUN_2
134176,5319,FUN_6,CUBE_R
134203,27833,FUN_5,FUN_6
134209,3629,FUN_2,FUN_3
134228,6944,FUN_3,FUN_2
134229,20575,FUN_3,FUN_2
134247,28634,FUN_6,CUBE_R
134261,16583,FUN_2,FUN_3
134267,28597,CUBE_R,RET
134278,2178,FUN_2,FUN_3
134292,18976,FUN_4,FUN_3
134297,17990,FUN_6,CUBE_R
134299,28180,FUN_2,FUN_3
134314,15170,FUN_1,CUBE_L
134320,20584,CUBE_L,RET
134335,4010,FUN_6,CUBE_R
134366,6553,FUN_1,FUN_2
134368,15730,FUN_3,FUN_4
134380,450,FUN_1,CUBE_L
134440,8216,RET,CUBE_R
134448,5899,FUN_3,FUN_2
134451,4067,FUN_2,FUN_3
134488,6478,FUN_3,FUN_2
134494,11158,RET,CUBE_L
134499,19024,FUN_2,FUN_3
134508,9128,FUN_6,CUBE_R
134513,2496,FUN_3,FUN_4
134540,22768,FUN_6,CUBE_R
134542,19095,FUN_2,FUN_3
134566,3705,FUN_2,FUN_1
134571,15202,CUBE_L,RET
134575,19810,FUN_2,FUN_3
134577,22912,FUN_2,FUN_1
134581,7362,FUN_1,CUBE_L
134600,22797,FUN_3,FUN_2
134612,2925,FUN_2,FUN_1
134614,4583,FUN_1,FUN_2
134628,15062,FUN_4,FUN_3
134663,22197,FUN_4,FUN_3
134675,26921,FUN_3,FUN_2
134685,12549,RET,CUBE_R
134692,27048,FUN_3,FUN_2
134697,19015,CUBE_R,FUN_6
134726,17500,FUN_2,FUN_1
134739,13508,FUN_6,FUN_5
134749,5883,CUBE_L,RET
134752,22768,CUBE_R,FUN_6
134771,22979,CUBE_R,FUN_6
134776,24216,CUBE_R,RET
134777,7267,FUN_1,FUN_2
134790,22508,FUN_1,FUN_2
134796,7791,FUN_3,FUN_4
134815,12252,FUN_5,FUN_4
134822,2906,RET,CUBE_R
134835,18924,RET,CUBE_R
134863,29037,FUN_4,FUN_5
134868,7937,CUBE_R,RET
134868,26085,FUN_3,FUN_2
134877,8363,FUN_2,FUN_1
134914,26460,FUN_3,FUN_2
134930,9430,FUN_2,FUN_1
134939,6633,CUBE_R,RET
134948,8910,FUN_5,FUN_6
134951,3705,FUN_1,FUN_2
134966,21857,FUN_3,FUN_2
134969,22797,FUN_2,FUN_3
134996,27860,RET,CUBE_L
135021,10854,FUN_5,FUN_4
135047,12549,CUBE_R,RET
135052,21929,FUN_2,FUN_1
135053,4124,FUN_2,FUN_3
135054,2331,FUN_4,FUN_3
135057,18495,FUN_2,FUN_3
135117,627,FUN_5,FUN_6
135155,14795,FUN_3,FUN_2
135159,18928,FUN_3,FUN_2
135163,13080,RET,CUBE_R
135197,24216,RET,CUBE_R
135201,15730,FUN_4,FUN_3
135207,621,FUN_2,FUN_3
135219,28530,FUN_1,CUBE_L
135223,2095,FUN_3,FUN_4
135233,7499,FUN_2,FUN_1
135250,10919,CUBE_R,FUN_6
135262,17261,FUN_1,FUN_2
135276,25134,FUN_2,FUN_3
135279,17610,CUBE_R,FUN_6
135281,24191,CUBE_L,FUN_1
135282,22592,CUBE_R,FUN_6
135294,17146,CUBE_R,RET
135309,15170,CUBE_L,FUN_1
135337,285,RET,CUBE_R
135338,11158,CUBE_L,RET
135371,3053,FUN_3,FUN_2
135385,16220,FUN_3,FUN_4
135409,18928,FUN_2,FUN_3
135410,10367,CUBE_R,FUN_6
135418,16648,FUN_6,CUBE_R
135427,13941,FUN_2,FUN_3
135429,7267,FUN_2,FUN_1
135432,19722,CUBE_L,RET
135452,1162,FUN_1,FUN_2
135459,5797,FUN_5,FUN_6
135482,19507,FUN_4,FUN_3
135485,11695,FUN_4,FUN_3
135506,884,FUN_2,FUN_1
135509,29381,FUN_6,CUBE_R
135526,3929,FUN_6,FUN_5
135535,5883,RET,CUBE_L
135558,29369,CUBE_R,RET
135562,3665,FUN_4,FUN_3
135608,5899,FUN_2,FUN_3
135609,17261,FUN_2,FUN_1
135617,29704,CUBE_L,RET
135634,9615,CUBE_L,FUN_1
135638,22656,FUN_3,FUN_2
135662,8178,FUN_5,FUN_6
135667,15959,CUBE_R,RET
135671,17261,FUN_1,FUN_2
135685,8363,FUN_1,FUN_2
135724,25134,FUN_3,FUN_2
135727,29037,FUN_5,FUN_4
135749,15170,FUN_1,CUBE_L
135760,22797,FUN_3,FUN_2
135786,7497,FUN_3,FUN_2
135796,19281,RET,CUBE_R
135805,25899,FUN_2,FUN_3
135814,6621,FUN_3,FUN_2
135852,29187,FUN_3,FUN_2
135867,27620,RET,CUBE_L
135887,12224,FUN_2,FUN_3
135892,27107,CUBE_L,RET
135901,14004,FUN_6,CUBE_R
135906,1171,FUN_5,FUN_6
135909,26910,FUN_6,FUN_5
135917,29466,FUN_2,FUN_1
135919,15526,FUN_2,FUN_3
135941,15170,CUBE_L,FUN_1
135967,18928,FUN_3,FUN_2
135975,9265,FUN_1,FUN_2
135992,8107,FUN_4,FUN_3
136006,17261,FUN_2,FUN_1
136023,22976,FUN_5,FUN_4
136058,27496,FUN_2,FUN_1
136068,21459,FUN_1,FUN_2
136079,1171,FUN_6,FUN_5
136108,8512,RET,CUBE_L
136112,17798,FUN_3,FUN_4
136144,8823,FUN_2,FUN_3
136165,11158,RET,CUBE_L
136167,7267,FUN_1,FUN_2
136198,21235,FUN_6,FUN_5
136231,273,FUN_6,FUN_5
136234,7433,FUN_1,CUBE_L
136274,18171,CUBE_L,FUN_1
136277,21215,FUN_2,FUN_1
136289,19015,FUN_6,CUBE_R
136305,18928,FUN_2,FUN_3
136311,2623,FUN_3,FUN_4
136347,29104,FUN_3,FUN_2
136352,28530,CUBE_L,FUN_1
136356,6562,RET,CUBE_R
136362,11251,FUN_3,FUN_4
136372,19820,RET,CUBE_R
136382,28951,FUN_6,FUN_5
136393,20041,FUN_1,FUN_2
136393,20361,FUN_2,FUN_3
136403,22592,FUN_6,CUBE_R
136461,8363,FUN_2,FUN_1
136472,29704,RET,CUBE_L
136489,22557,FUN_3,FUN_2
136503,8107,FUN_3,FUN_4
136527,13089,RET,CUBE_L
136535,16098,FUN_2,FUN_1
136562,6553,FUN_2,FUN_1
136568,447,CUBE_L,RET
136578,26921,FUN_2,FUN_3
136586,15526,FUN_3,FUN_2
136596,14897,CUBE_L,RET
136603,6034,FUN_3,FUN_2
136630,10811,FUN_2,FUN_3
136656,8816,FUN_4,FUN_3
136659,12572,FUN_1,FUN_2
136661,5767,FUN_1,FUN_2
136662,11357,CUBE_L,RET
136686,20584,RET,CUBE_L
136696,621,FUN_3,FUN_2
136711,13080,CUBE_R,RET
136720,19146,CUBE_L,FUN_1
136741,29825,RET,CUBE_L
136772,24422,CUBE_L,RET
136775,11425,FUN_5,FUN_4
136777,26499,FUN_3,FUN_2
136779,6621,FUN_2,FUN_3
136784,24946,FUN_6,CUBE_R
136787,19530,RET,CUBE_L
136806,20776,FUN_1,FUN_2
136831,16244,FUN_3,FUN_2
136831,29475,FUN_1,FUN_2
136856,9686,FUN_4,FUN_3
136874,28530,FUN_1,CUBE_L
136887,17862,FUN_3,FUN_2
136910,24902,FUN_2,FUN_3
136916,26239,CUBE_R,FUN_6
136923,29251,FUN_1,FUN_2
136947,17798,FUN_4,FUN_3
136962,3490,FUN_5,FUN_4
136973,11147,RET,CUBE_R
136989,4010,CUBE_R,FUN_6
137020,7573,FUN_2,FUN_1
137021,6621,FUN_3,FUN_2
137027,12710,CUBE_L,FUN_1
137030,26112,FUN_6,FUN_5
137034,22656,FUN_2,FUN_3
137040,29825,CUBE_L,RET
137046,10929,FUN_1,FUN_2
137080,9265,FUN_2,FUN_1
137116,17862,FUN_2,FUN_3
137167,24946,CUBE_R,FUN_6
137170,19365,FUN_5,FUN_6
137176,21459,FUN_2,FUN_1
137179,12252,FUN_4,FUN_5
137185,8714,CUBE_R,FUN_6
137202,7267,FUN_2,FUN_1
137209,29825,RET,CUBE_L
137222,8037,FUN_2,FUN_1
137222,13257,RET,CUBE_R
137242,21406,FUN_1,FUN_2
137257,1017,FUN_2,FUN_1
137285,11774,FUN_4,FUN_3
137310,22976,FUN_4,FUN_5
137322,22061,FUN_2,FUN_1
137335,843,RET,CUBE_R
137342,14291,RET,CUBE_R
137363,23868,FUN_2,FUN_3
137364,26897,FUN_2,FUN_3
137365,6557,FUN_5,FUN_4
137366,1702,RET,CUBE_L
137369,512,FUN_3,FUN_2
137374,28096,FUN_2,FUN_3
137404,11425,FUN_4,FUN_5
137408,709,FUN_4,FUN_3
137417,2925,FUN_1,FUN_2
137419,20063,FUN_2,FUN_3
137420,9736,FUN_2,FUN_1
137429,21202,FUN_6,FUN_5
137436,29466,FUN_1,FUN_2
137446,11147,CUBE_R,RET
137447,24902,FUN_3,FUN_2
137448,18928,FUN_3,FUN_2
137467,21817,FUN_3,FUN_2
137486,18891,FUN_4,FUN_3
137504,29825,CUBE_L,RET
137538,7008,FUN_2,FUN_1
137551,17610,FUN_6,CUBE_R
137554,15095,FUN_2,FUN_3
137569,26460,FUN_2,FUN_3
137575,11251,FUN_4,FUN_3
137592,13542,RET,CUBE_L
137592,18695,FUN_3,FUN_4
137598,11281,FUN_3,FUN_2
137600,5899,FUN_3,FUN_2
137623,10597,FUN_5,FUN_6
137627,20413,FUN_2,FUN_1
137676,19820,CUBE_R,RET
137709,21315,FUN_4,FUN_5
137710,11425,FUN_5,FUN_4
137720,5785,CUBE_R,RET
137729,21202,FUN_5,FUN_6
137739,11067,CUBE_R,FUN_6
137741,17004,FUN_5,FUN_4
137760,29037,FUN_4,FUN_5
137774,28530,CUBE_L,FUN_1
137779,12946,RET,CUBE_R
137832,2625,FUN_4,FUN_5
137870,29555,FUN_3,FUN_4
137896,11006,CUBE_R,RET
137935,5677,FUN_4,FUN_5
137946,12710,FUN_1,CUBE_L
137946,17671,FUN_2,FUN_1
137951,5899,FUN_2,FUN_3
137963,7215,FUN_2,FUN_3
138017,21315,FUN_5,FUN_4
138027,26178,FUN_2,FUN_3
138040,18078,CUBE_R,RET
138082,11210,FUN_4,FUN_3
138115,22377,FUN_2,FUN_3
138137,16860,CUBE_R,RET
138140,13894,FUN_2,FUN_3
138142,13986,FUN_2,FUN_1
138164,13257,CUBE_R,RET
138179,803,RET,CUBE_L
138181,6038,FUN_2,FUN_1
138195,19015,CUBE_R,FUN_6
138196,29443,FUN_2,FUN_1
138228,9922,FUN_6,FUN_5
138244,5319,CUBE_R,FUN_6
138305,20284,FUN_1,FUN_2
138308,2331,FUN_3,FUN_4
138321,1657,FUN_4,FUN_3
138344,18766,FUN_1,FUN_2
138380,7573,FUN_1,FUN_2
138381,13056,FUN_2,FUN_3
138382,27719,FUN_4,FUN_3
138390,2321,FUN_3,FUN_2
138392,3035,FUN_3,FUN_2
138398,11256,RET,CUBE_R
138428,16383,FUN_2,FUN_3
138436,7573,FUN_2,FUN_1
138437,19549,FUN_5,FUN_4
138440,14743,FUN_2,FUN_3
138449,967,FUN_3,FUN_2
138490,7573,FUN_1,FUN_2
138520,6562,CUBE_R,RET
138523,17711,FUN_3,FUN_2
138525,17472,FUN_2,FUN_3
138547,14200,FUN_3,FUN_4
138564,27833,FUN_6,FUN_5
138593,967,FUN_2,FUN_3
138609,1202,FUN_3,FUN_2
138612,27481,FUN_1,FUN_2
138655,29555,FUN_4,FUN_3
138661,512,FUN_2,FUN_3
138663,5290,FUN_2,FUN_1
138671,1702,CUBE_L,RET
138681,29369,RET,CUBE_R
138702,29187,FUN_2,FUN_3
138718,4542,FUN_2,FUN_3
138743,13025,FUN_4,FUN_3
138765,20969,CUBE_L,RET
138780,18584,FUN_1,CUBE_L
138785,22377,FUN_3,FUN_2
138796,18928,FUN_2,FUN_3
138807,29104,FUN_2,FUN_3
138821,16561,CUBE_R,RET
138828,26239,FUN_6,CUBE_R
138848,11210,FUN_3,FUN_4
138889,20361,FUN_3,FUN_2
138896,23030,FUN_3,FUN_2
138897,17146,RET,CUBE_R
138899,23030,FUN_2,FUN_3
138910,19784,FUN_3,FUN_2
138920,28247,FUN_3,FUN_2
138922,27126,FUN_3,FUN_2
138932,13131,RET,CUBE_R
138954,19804,CUBE_L,RET
138958,12028,RET,CUBE_L
139006,6031,FUN_2,FUN_1
139008,25059,FUN_3,FUN_2
139016,6224,CUBE_L,RET
139019,18766,FUN_2,FUN_1
139054,15699,FUN_2,FUN_3
139056,22915,FUN_2,FUN_1
139058,13257,RET,CUBE_R
139072,7032,FUN_2,FUN_3
139072,27481,FUN_2,FUN_1
139074,20584,CUBE_L,RET
139078,19878,RET,CUBE_R
139086,16761,FUN_1,FUN_2
139101,2045,FUN_3,FUN_2
139107,7573,FUN_2,FUN_1
139118,20346,RET,CUBE_R
139118,28096,FUN_3,FUN_2
139134,19024,FUN_3,FUN_2
139138,11695,FUN_3,FUN_4
139174,22692,CUBE_L,RET
139182,26897,FUN_3,FUN_2
139183,10270,RET,CUBE_L
139202,19392,FUN_4,FUN_5
139213,18214,FUN_3,FUN_2
139245,12259,FUN_1,FUN_2
139246,29443,FUN_1,FUN_2
139263,18296,FUN_4,FUN_3
139268,21315,FUN_4,FUN_5
139273,21763,FUN_4,FUN_5
139298,15401,CUBE_R,RET
139313,10919,FUN_6,CUBE_R
139315,21497,CUBE_L,RET
139317,6621,FUN_2,FUN_3
139317,19290,FUN_3,FUN_2
139334,24441,FUN_3,FUN_2
139370,813,FUN_3,FUN_2
139371,19193,RET,CUBE_L
139385,9517,FUN_3,FUN_2
139397,26302,CUBE_R,FUN_6
139411,4069,CUBE_R,FUN_6
139444,10179,FUN_1,FUN_2
139444,16586,FUN_1,FUN_2
139468,21241,RET,CUBE_L
139471,14857,FUN_2,FUN_1
139478,8048,FUN_6,FUN_5
139489,9112,FUN_4,FUN_3
139493,621,FUN_2,FUN_3
139510,17146,CUBE_R,RET
139530,7662,FUN_2,FUN_1
139540,26239,CUBE_R,FUN_6
139551,18930,FUN_4,FUN_3
139551,22377,FUN_2,FUN_3
139558,14622,FUN_1,CUBE_L
139594,13657,FUN_6,FUN_5
139597,26110,FUN_3,FUN_2
139598,14955,CUBE_R,FUN_6
139604,20041,FUN_2,FUN_1
139611,4162,FUN_4,FUN_3
139623,23155,FUN_3,FUN_2
139626,18119,FUN_4,FUN_5
139640,17671,FUN_1,FUN_2
139645,13888,FUN_6,FUN_5
139651,621,FUN_3,FUN_2
139660,27295,FUN_3,FUN_2
139661,21241,CUBE_L,RET
139688,21241,RET,CUBE_L
139692,1025,CUBE_R,RET
139719,28316,FUN_3,FUN_2
139725,26239,FUN_6,CUBE_R
139732,24441,FUN_2,FUN_3
139738,8313,FUN_5,FUN_4
139746,2906,CUBE_R,RET
139767,20575,FUN_2,FUN_3
139774,4759,CUBE_L,RET
139777,7573,FUN_1,FUN_2
139827,13888,FUN_5,FUN_6
139858,12595,FUN_6,FUN_5
139869,20284,FUN_2,FUN_1
139888,19247,RET,CUBE_R
139894,22377,FUN_3,FUN_2
139897,447,RET,CUBE_L
139897,1645,FUN_6,CUBE_R
139900,21123,FUN_1,FUN_2
139900,28507,FUN_3,FUN_2
139914,21215,FUN_1,FUN_2
139919,621,FUN_2,FUN_3
139920,19549,FUN_4,FUN_5
139937,17533,FUN_3,FUN_2
139943,7806,FUN_2,FUN_3
139979,27193,CUBE_L,RET
139990,742,FUN_1,FUN_2
140019,24216,CUBE_R,RET
140023,7806,FUN_3,FUN_2
140036,19769,FUN_6,FUN_5
140046,26897,FUN_2,FUN_3
140049,3545,FUN_2,FUN_3
140053,17671,FUN_2,FUN_1
140073,7662,FUN_1,FUN_2
140095,10367,FUN_6,CUBE_R
140147,22134,FUN_3,FUN_2
140175,24946,FUN_6,CUBE_R
140180,2347,FUN_1,FUN_2
140188,27660,FUN_1,FUN_2
140208,364,FUN_2,FUN_1
140252,7806,FUN_2,FUN_3
140265,26897,FUN_3,FUN_2
140272,19910,FUN_3,FUN_2
140279,3929,FUN_5,FUN_6
140283,3364,FUN_2,FUN_3
140294,26179,FUN_2,FUN_1
140295,22557,FUN_2,FUN_3
140296,12386,FUN_3,FUN_2
140310,22557,FUN_3,FUN_2
140334,11504,CUBE_R,FUN_6
140340,14622,CUBE_L,FUN_1
140343,17298,CUBE_R,FUN_6
140351,26371,FUN_1,CUBE_L
140361,14622,FUN_1,CUBE_L
140366,14622,CUBE_L,FUN_1
140387,22557,FUN_2,FUN_3
140407,12549,RET,CUBE_R
140425,7662,FUN_2,FUN_1
140437,26112,FUN_5,FUN_6
140450,12348,FUN_3,FUN_2
140481,10086,FUN_4,FUN_5
140481,23481,FUN_4,FUN_5
140482,18695,FUN_4,FUN_3
140487,15744,FUN_3,FUN_2
140496,16241,FUN_2,FUN_3
140496,25279,FUN_2,FUN_1
140499,17798,FUN_3,FUN_4
140501,20321,FUN_3,FUN_4
140521,15156,FUN_5,FUN_6
140525,26351,FUN_2,FUN_3
140530,8685,FUN_2,FUN_3
140532,10179,FUN_2,FUN_1
140549,11313,FUN_2,FUN_3
140552,24441,FUN_3,FUN_2
140559,15170,FUN_1,CUBE_L
140564,13203,RET,CUBE_L
140572,17942,RET,CUBE_L
140575,11281,FUN_2,FUN_3
140588,17201,CUBE_L,RET
140605,4505,FUN_4,FUN_5
140633,6555,FUN_4,FUN_3
140645,3545,FUN_3,FUN_2
140653,12595,FUN_5,FUN_6
140659,21880,RET,CUBE_L
140668,15437,FUN_1,CUBE_L
140675,6031,FUN_1,FUN_2
140693,8313,FUN_4,FUN_5
140698,450,CUBE_L,FUN_1
140712,12803,FUN_2,FUN_3
140719,24347,FUN_3,FUN_2
140748,14622,FUN_1,CUBE_L
140751,16241,FUN_3,FUN_2
140752,447,CUBE_L,RET
140755,15431,FUN_1,FUN_2
140802,14200,FUN_4,FUN_3
140803,27980,FUN_2,FUN_1
140808,1455,FUN_1,FUN_2
140833,1645,CUBE_R,FUN_6
140838,2978,FUN_2,FUN_1
140843,12307,RET,CUBE_R
140870,20041,FUN_1,FUN_2
140875,20413,FUN_1,FUN_2
140895,775,FUN_2,FUN_3
140898,26974,CUBE_R,FUN_6
140900,2694,RET,CUBE_R
140902,17942,CUBE_L,RET
140907,2160,FUN_2,FUN_1
140939,25650,FUN_2,FUN_1
140941,19374,FUN_2,FUN_3
140949,17862,FUN_3,FUN_2
140963,19193,CUBE_L,RET
140969,22557,FUN_3,FUN_2
140987,5743,FUN_4,FUN_3
141017,6602,FUN_3,FUN_4
141017,11551,FUN_1,FUN_2
141018,7570,RET,CUBE_R
141021,18433,FUN_3,FUN_2
141029,20504,FUN_2,FUN_3
141038,15744,FUN_2,FUN_3
141041,27844,FUN_3,FUN_2
141050,15526,FUN_2,FUN_3
141057,14795,FUN_2,FUN_3
141059,2398,FUN_1,FUN_2
141062,17942,RET,CUBE_L
141064,18282,FUN_3,FUN_4
141101,6562,RET,CUBE_R
141121,17862,FUN_2,FUN_3
141142,5164,FUN_4,FUN_3
141142,24700,CUBE_L,RET
141166,26371,CUBE_L,FUN_1
141182,27179,FUN_3,FUN_2
141183,10899,FUN_3,FUN_4
141195,20284,FUN_1,FUN_2
141196,7499,FUN_1,FUN_2
141202,17990,CUBE_R,FUN_6
141203,18072,CUBE_L,RET
141207,1845,FUN_2,FUN_3
141209,14710,CUBE_L,RET
141234,29676,CUBE_L,RET
141261,26112,FUN_6,FUN_5
141270,6038,FUN_1,FUN_2
141285,14883,FUN_2,FUN_1
141308,1461,FUN_2,FUN_1
141331,24441,FUN_2,FUN_3
141372,13569,CUBE_R,RET
141377,23907,CUBE_R,RET
141390,20413,FUN_2,FUN_1
141392,24005,FUN_1,CUBE_L
141422,24,FUN_3,FUN_4
141423,15437,CUBE_L,FUN_1
141436,21215,FUN_2,FUN_1
141437,13986,FUN_1,FUN_2
141444,7570,CUBE_R,RET
141451,12370,FUN_1,FUN_2
141460,26371,FUN_1,CUBE_L
141462,8521,FUN_3,FUN_2
141497,27295,FUN_2,FUN_3
141499,18078,RET,CUBE_R
141502,9159,FUN_4,FUN_3
141507,19878,CUBE_R,RET
141512,26179,FUN_1,FUN_2
141525,5841,FUN_2,FUN_1
141535,24351,FUN_3,FUN_4
141542,18433,FUN_2,FUN_3
141561,450,FUN_1,CUBE_L
141605,19689,FUN_2,FUN_3
141620,6373,FUN_3,FUN_2
141631,17942,CUBE_L,RET
141633,22592,CUBE_R,FUN_6
141652,28660,FUN_3,FUN_4
141661,9792,FUN_3,FUN_4
141674,29369,CUBE_R,RET
141699,11713,FUN_2,FUN_3
141717,1764,RET,CUBE_R
141718,9736,FUN_1,FUN_2
141720,28019,CUBE_L,RET
141740,26521,CUBE_R,RET
141746,11210,FUN_4,FUN_3
141752,1202,FUN_2,FUN_3
141757,1003,FUN_1,CUBE_L
141775,3177,FUN_2,FUN_1
141779,23719,FUN_1,FUN_2
141802,12595,FUN_6,FUN_5
141827,29052,FUN_2,FUN_1
141830,884,FUN_1,FUN_2
141834,3643,RET,CUBE_R
141840,7403,RET,CUBE_L
141854,18214,FUN_2,FUN_3
141873,15040,FUN_2,FUN_1
141875,24592,FUN_3,FUN_4
141877,12370,FUN_2,FUN_1
141912,29052,FUN_1,FUN_2
141917,23155,FUN_2,FUN_3
141932,18050,FUN_2,FUN_1
141946,7433,CUBE_L,FUN_1
141954,25398,FUN_6,FUN_5
141963,29848,FUN_5,FUN_4
141964,18766,FUN_1,FUN_2
141974,29943,FUN_2,FUN_1
141978,8037,FUN_1,FUN_2
141997,3971,FUN_2,FUN_1
142008,8270,FUN_2,FUN_3
142037,2995,CUBE_R,FUN_6
142046,9736,FUN_2,FUN_1
142099,14897,RET,CUBE_L
142112,1461,FUN_1,FUN_2
142113,1064,FUN_2,FUN_3
142116,1064,FUN_3,FUN_2
142141,18225,FUN_4,FUN_5
142147,18580,CUBE_R,FUN_6
142151,18695,FUN_3,FUN_4
142189,2396,FUN_4,FUN_3
142193,6602,FUN_4,FUN_3
142198,7267,FUN_1,FUN_2
142204,26110,FUN_2,FUN_3
142205,11716,FUN_5,FUN_4
142220,25398,FUN_5,FUN_6
142225,7592,RET,CUBE_L
142229,9977,FUN_4,FUN_3
142238,8646,FUN_1,FUN_2
142238,16220,FUN_4,FUN_3
142249,2978,FUN_1,FUN_2
142249,28951,FUN_5,FUN_6
142285,25134,FUN_2,FUN_3
142291,13560,FUN_4,FUN_3
142296,25398,FUN_6,FUN_5
142302,25094,CUBE_R,FUN_6
142305,22692,RET,CUBE_L
142322,11195,FUN_3,FUN_2
142327,2923,CUBE_L,RET
142346,15705,FUN_2,FUN_3
142355,5819,FUN_2,FUN_1
142362,15175,CUBE_L,RET
142374,28507,FUN_2,FUN_3
142390,7499,FUN_2,FUN_1
142421,27408,FUN_2,FUN_1
142457,825,FUN_2,FUN_1
142458,10179,FUN_1,FUN_2
142474,9602,FUN_4,FUN_5
142480,7570,RET,CUBE_R
142495,1347,CUBE_L,RET
142504,18225,FUN_5,FUN_4
142505,8363,FUN_1,FUN_2
142546,3863,FUN_1,FUN_2
142565,17671,FUN_1,FUN_2
142592,21497,RET,CUBE_L
142634,2978,FUN_2,FUN_1
142635,6621,FUN_3,FUN_2
142639,26349,FUN_2,FUN_1
142660,3177,FUN_1,FUN_2
142662,29825,RET,CUBE_L
142672,12895,FUN_1,FUN_2
142673,13513,FUN_2,FUN_1
142674,20479,FUN_4,FUN_3
142700,4257,FUN_2,FUN_1
142706,2398,FUN_2,FUN_1
142713,20314,CUBE_L,FUN_1
142724,27619,FUN_5,FUN_6
142746,2694,CUBE_R,RET
142751,9736,FUN_1,FUN_2
142763,14955,FUN_6,CUBE_R
142765,15526,FUN_3,FUN_2
142767,18686,FUN_2,FUN_3
142779,25398,FUN_5,FUN_6
142800,14795,FUN_3,FUN_2
142801,1064,FUN_2,FUN_3
142805,22040,FUN_1,FUN_2
142817,21315,FUN_5,FUN_4
142832,10469,CUBE_L,RET
142849,18518,FUN_2,FUN_3
142869,12860,FUN_3,FUN_4
142885,1461,FUN_2,FUN_1
142903,20346,CUBE_R,RET
142906,8558,FUN_3,FUN_4
142936,13813,CUBE_L,RET
142946,12895,FUN_2,FUN_1
142954,23404,RET,CUBE_L
142970,2691,RET,CUBE_R
142974,19860,FUN_2,FUN_1
142974,20413,FUN_1,FUN_2
143004,7362,CUBE_L,FUN_1
143011,4759,RET,CUBE_L
143015,26755,CUBE_R,FUN_6
143028,7433,FUN_1,CUBE_L
143033,803,CUBE_L,RET
143055,57,FUN_3,FUN_4
143066,6347,FUN_2,FUN_3
143074,29884,FUN_5,FUN_4
143077,18296,FUN_3,FUN_4
143102,285,CUBE_R,RET
143104,5841,FUN_1,FUN_2
143109,15849,FUN_3,FUN_4
143111,27796,FUN_6,FUN_5
143133,5841,FUN_2,FUN_1
143166,2160,FUN_1,FUN_2
143166,8839,FUN_2,FUN_3
143193,7499,FUN_1,FUN_2
143200,2496,FUN_4,FUN_3
143205,22768,FUN_6,CUBE_R
143226,23907,RET,CUBE_R
143235,9265,FUN_1,FUN_2
143239,11195,FUN_2,FUN_3
143240,5883,CUBE_L,RET
143256,5456,FUN_3,FUN_2
143256,29111,FUN_3,FUN_4
143257,9909,FUN_1,FUN_2
143266,4162,FUN_3,FUN_4
143273,1461,FUN_1,FUN_2
143299,8777,CUBE_L,RET
143299,18225,FUN_4,FUN_5
143307,26112,FUN_5,FUN_6
143310,10367,CUBE_R,FUN_6
143315,2211,FUN_2,FUN_1
143339,1845,FUN_3,FUN_2
143352,8395,FUN_3,FUN_2
143397,12895,FUN_1,FUN_2
143450,29104,FUN_3,FUN_2
143479,29566,CUBE_R,FUN_6
143481,8363,FUN_2,FUN_1
143497,29943,FUN_1,FUN_2
143503,25323,RET,CUBE_L
143510,14883,FUN_1,FUN_2
143511,19860,FUN_1,FUN_2
143525,4292,FUN_2,FUN_1
143571,7267,FUN_2,FUN_1
143606,15401,RET,CUBE_R
143606,29729,RET,CUBE_R
143622,5883,RET,CUBE_L
143625,1206,CUBE_L,RET
143639,1898,FUN_3,FUN_2
143652,10931,FUN_3,FUN_2
143659,6373,FUN_2,FUN_3
143661,20346,RET,CUBE_R
143675,24347,FUN_2,FUN_3
143688,13813,RET,CUBE_L
143695,17146,RET,CUBE_R
143721,9602,FUN_5,FUN_4
143734,27796,FUN_5,FUN_6
143739,4069,FUN_6,CUBE_R
143745,17990,FUN_6,CUBE_R
143757,4162,FUN_4,FUN_3
143757,15744,FUN_3,FUN_2
143761,7389,RET,CUBE_R
143768,2331,FUN_4,FUN_3
143769,1226,FUN_4,FUN_3
143771,19399,FUN_4,FUN_3
143771,29540,CUBE_L,FUN_1
143821,18072,RET,CUBE_L
143821,19689,FUN_3,FUN_2
143831,26110,FUN_3,FUN_2
143849,8521,FUN_2,FUN_3
143853,5841,FUN_1,FUN_2
143857,20886,FUN_3,FUN_2
143869,5785,RET,CUBE_R
143887,28801,FUN_6,CUBE_R
143913,8910,FUN_6,FUN_5
143917,2331,FUN_3,FUN_4
143917,29540,FUN_1,CUBE_L
143967,26110,FUN_2,FUN_3
143970,6224,RET,CUBE_L
143970,29037,FUN_5,FUN_4
143972,364,FUN_1,FUN_2
143974,5883,CUBE_L,RET
143985,21497,CUBE_L,RET
143988,17368,FUN_3,FUN_4
143990,27048,FUN_2,FUN_3
143991,26910,FUN_5,FUN_6
144018,4019,FUN_3,FUN_4
144021,21449,FUN_4,FUN_3
144028,14872,FUN_3,FUN_2
144044,5456,FUN_2,FUN_3
144076,7433,CUBE_L,FUN_1
144080,18225,FUN_5,FUN_4
144098,24387,FUN_1,CUBE_L
144104,884,FUN_2,FUN_1
144106,19024,FUN_2,FUN_3
144142,10077,FUN_5,FUN_4
144157,1000,FUN_3,FUN_4
144171,13569,RET,CUBE_R
144203,1025,RET,CUBE_R
144217,26211,FUN_2,FUN_3
144221,3457,FUN_2,FUN_3
144233,8313,FUN_5,FUN_4
144234,6429,FUN_2,FUN_3
144256,967,FUN_3,FUN_2
144260,29943,FUN_2,FUN_1
144270,19374,FUN_3,FUN_2
144290,20645,FUN_2,FUN_1
144298,27408,FUN_1,FUN_2
144302,9874,FUN_1,FUN_2
144302,10686,FUN_3,FUN_2
144333,29097,FUN_1,FUN_2
144351,27919,FUN_2,FUN_3
144368,6550,FUN_4,FUN_3
144382,29540,CUBE_L,FUN_1
144393,13203,CUBE_L,RET
144399,2331,FUN_4,FUN_3
144400,2978,FUN_1,FUN_2
144423,640,FUN_5,FUN_6
144426,29369,RET,CUBE_R
144432,22377,FUN_2,FUN_3
144434,21120,FUN_2,FUN_1
144438,5012,FUN_3,FUN_2
144464,16241,FUN_2,FUN_3
144479,26755,FUN_6,CUBE_R
144526,1702,RET,CUBE_L
144541,14989,RET,CUBE_R
144545,13848,FUN_6,CUBE_R
144547,27179,FUN_2,FUN_3
144549,2211,FUN_1,FUN_2
144553,12595,FUN_5,FUN_6
144577,24472,FUN_2,FUN_3
144623,19512,FUN_2,FUN_1
144632,19860,FUN_2,FUN_1
144680,15437,FUN_1,CUBE_L
144685,18296,FUN_4,FUN_3
144707,967,FUN_2,FUN_3
144720,24387,CUBE_L,FUN_1
144731,2331,FUN_3,FUN_4
144750,5883,RET,CUBE_L
144775,17004,FUN_4,FUN_5
144782,534,FUN_3,FUN_2
144869,13761,FUN_4,FUN_5
144876,25542,FUN_3,FUN_4
144878,4292,FUN_1,FUN_2
144880,25754,FUN_2,FUN_3
144900,12244,FUN_3,FUN_4
144940,19769,FUN_5,FUN_6
144988,26755,CUBE_R,FUN_6
145002,16244,FUN_2,FUN_3
145027,5722,FUN_1,FUN_2
145033,1171,FUN_5,FUN_6
145082,28766,FUN_4,FUN_5
145102,13560,FUN_3,FUN_4
145111,29367,CUBE_R,FUN_6
145119,7570,CUBE_R,RET
145120,24179,FUN_6,FUN_5
145127,7937,RET,CUBE_R
145143,7499,FUN_2,FUN_1
145157,22800,FUN_2,FUN_1
145168,7620,FUN_3,FUN_2
145177,13560,FUN_4,FUN_3
145179,9792,FUN_4,FUN_3
145183,14303,CUBE_R,RET
145207,23457,FUN_6,FUN_5
145239,12595,FUN_6,FUN_5
145239,18050,FUN_1,FUN_2
145249,6553,FUN_1,FUN_2
145257,4010,FUN_6,CUBE_R
145267,7791,FUN_4,FUN_3
145274,12348,FUN_2,FUN_3
145283,22134,FUN_2,FUN_3
145286,18102,FUN_5,FUN_6
145293,12895,FUN_2,FUN_1
145328,8512,CUBE_L,RET
145338,13056,FUN_3,FUN_2
145340,13560,FUN_3,FUN_4
145363,884,FUN_1,FUN_2
145363,5819,FUN_1,FUN_2
145387,1003,CUBE_L,FUN_1
145407,11256,CUBE_R,RET
145428,13723,FUN_2,FUN_3
145434,2925,FUN_2,FUN_1
145457,19810,FUN_3,FUN_2
145473,9112,FUN_3,FUN_4
145475,11256,RET,CUBE_R
145479,18580,FUN_6,CUBE_R
145480,14016,FUN_6,CUBE_R
145481,28951,FUN_6,FUN_5
145490,7499,FUN_1,FUN_2
145496,14200,FUN_3,FUN_4
145497,10077,FUN_4,FUN_5
145524,9275,RET,CUBE_L
145535,27907,CUBE_R,FUN_6
145550,29004,FUN_2,FUN_1
145560,18398,FUN_4,FUN_5
145563,11183,FUN_1,CUBE_L
145565,7499,FUN_2,FUN_1
145572,15601,FUN_3,FUN_4
145573,29557,FUN_3,FUN_2
145591,803,RET,CUBE_L
145600,10077,FUN_5,FUN_4
145642,19161,CUBE_L,RET
145656,11251,FUN_3,FUN_4
145657,7791,FUN_3,FUN_4
145658,14811,FUN_2,FUN_1
145659,24942,CUBE_R,RET
145670,9874,FUN_2,FUN_1
145727,29942,RET,CUBE_L
145737,6429,FUN_3,FUN_2
145739,29943,FUN_1,FUN_2
145745,3177,FUN_2,FUN_1
145747,24452,FUN_4,FUN_3
145754,22352,FUN_1,FUN_2
145770,26695,CUBE_L,RET
145782,7267,FUN_1,FUN_2
145790,20991,FUN_3,FUN_2
145794,6677,FUN_3,FUN_4
145797,24942,RET,CUBE_R
145800,1702,CUBE_L,RET
145851,18296,FUN_3,FUN_4
145887,15744,FUN_2,FUN_3
145897,2331,FUN_4,FUN_3
145897,15526,FUN_2,FUN_3
145898,18695,FUN_4,FUN_3
145919,29540,FUN_1,CUBE_L
145921,26460,FUN_3,FUN_2
145935,10077,FUN_4,FUN_5
145937,9208,FUN_2,FUN_3
145943,9874,FUN_1,FUN_2
145956,15170,CUBE_L,FUN_1
145961,1702,RET,CUBE_L
145991,1025,CUBE_R,RET
145998,803,CUBE_L,RET
146004,1702,CUBE_L,RET
146008,23246,CUBE_R,RET
146009,20755,FUN_4,FUN_5
146011,7267,FUN_2,FUN_1
146025,17942,RET,CUBE_L
146031,8834,FUN_2,FUN_3
146032,28597,RET,CUBE_R
146041,11357,RET,CUBE_L
146071,12211,FUN_6,FUN_5
146076,9951,FUN_2,FUN_3
146089,13089,CUBE_L,RET
146096,6091,FUN_6,CUBE_R
146097,6677,FUN_4,FUN_3
146113,6633,RET,CUBE_R
146113,17044,CUBE_R,RET
146116,13723,FUN_3,FUN_2
146122,8395,FUN_2,FUN_3
146123,16232,FUN_3,FUN_2
146136,21953,FUN_3,FUN_2
146163,23974,FUN_2,FUN_3
146180,17974,FUN_6,CUBE_R
146183,7362,FUN_1,CUBE_L
146187,13427,FUN_6,CUBE_R
146202,28832,FUN_2,FUN_3
146218,20479,FUN_3,FUN_4
146224,28105,RET,CUBE_R
146225,18580,CUBE_R,FUN_6
146231,24452,FUN_3,FUN_4
146244,4298,CUBE_R,FUN_6
146265,26910,FUN_6,FUN_5
146274,22781,CUBE_R,RET
146274,27048,FUN_3,FUN_2
146279,2828,FUN_2,FUN_3
146297,18050,FUN_2,FUN_1
146298,5797,FUN_6,FUN_5
146317,6677,FUN_3,FUN_4
146332,18593,CUBE_L,FUN_1
146335,15357,FUN_4,FUN_3
146348,18433,FUN_3,FUN_2
146350,14291,CUBE_R,RET
146350,29369,CUBE_R,RET
146358,14883,FUN_2,FUN_1
146363,12705,FUN_2,FUN_1
146388,27193,RET,CUBE_L
146410,12348,FUN_3,FUN_2
146411,17533,FUN_2,FUN_3
146418,15601,FUN_4,FUN_3
146423,8512,RET,CUBE_L
146435,15601,FUN_3,FUN_4
146442,18225,FUN_4,FUN_5
146443,26420,RET,CUBE_L
146447,7499,FUN_1,FUN_2
146466,5425,FUN_5,FUN_4
146475,6677,FUN_4,FUN_3
146511,8834,FUN_3,FUN_2
146521,19860,FUN_1,FUN_2
146546,29845,FUN_5,FUN_6
146549,18500,FUN_6,FUN_5
146574,20916,RET,CUBE_R
146576,22800,FUN_1,FUN_2
146587,12348,FUN_2,FUN_3
146592,29729,CUBE_R,RET
146602,12307,CUBE_R,RET
146603,8834,FUN_2,FUN_3
146615,6429,FUN_2,FUN_3
146636,25754,FUN_3,FUN_2
146638,15357,FUN_3,FUN_4
146645,15357,FUN_4,FUN_3
146659,29097,FUN_2,FUN_1
146664,26420,CUBE_L,RET
146679,26420,RET,CUBE_L
146681,5819,FUN_2,FUN_1
146684,20321,FUN_4,FUN_3
146707,14683,FUN_3,FUN_4
146717,12259,FUN_2,FUN_1
146735,20208,FUN_1,CUBE_L
146743,14872,FUN_2,FUN_3
146749,8659,RET,CUBE_L
146756,18072,CUBE_L,RET
146820,29117,FUN_2,FUN_1
146827,22377,FUN_3,FUN_2
146830,25323,CUBE_L,RET
146847,12348,FUN_3,FUN_2
146855,57,FUN_4,FUN_3
146863,5883,CUBE_L,RET
146869,20479,FUN_4,FUN_3
146869,8834,FUN_3,FUN_2
146884,12105,FUN_3,FUN_2
146888,19810,FUN_2,FUN_3
146888,26420,CUBE_L,RET
146891,10033,CUBE_R,RET
146928,23481,FUN_5,FUN_4
146979,20156,FUN_4,FUN_3
147010,21852,FUN_5,FUN_6
147014,14200,FUN_4,FUN_3
147028,8834,FUN_2,FUN_3
147029,22134,FUN_3,FUN_2
147033,1986,FUN_3,FUN_2
147041,3971,FUN_1,FUN_2
147065,4010,CUBE_R,FUN_6
147086,8918,FUN_2,FUN_1
147099,9615,FUN_1,CUBE_L
147101,9208,FUN_3,FUN_2
147102,13508,FUN_5,FUN_6
147143,29845,FUN_6,FUN_5
147150,13056,FUN_2,FUN_3
147154,1226,FUN_3,FUN_4
147161,19395,FUN_3,FUN_2
147164,12260,CUBE_R,RET
147195,13327,CUBE_L,RET
147212,22768,CUBE_R,FUN_6
147219,29540,CUBE_L,FUN_1
147223,29942,CUBE_L,RET
147228,18352,CUBE_L,RET
147230,10689,FUN_1,CUBE_L
147233,8512,CUBE_L,RET
147253,12880,FUN_3,FUN_2
147267,23095,CUBE_R,RET
147308,18752,FUN_2,FUN_3
147313,450,CUBE_L,FUN_1
147337,18695,FUN_3,FUN_4
147338,24033,FUN_3,FUN_2
147348,13305,FUN_3,FUN_2
147356,13025,FUN_3,FUN_4
147364,7389,CUBE_R,RET
147373,29111,FUN_4,FUN_3
147385,2315,FUN_5,FUN_4
147410,26595,FUN_2,FUN_1
147431,20645,FUN_1,FUN_2
147441,16232,FUN_2,FUN_3
147494,20208,CUBE_L,FUN_1
147499,16241,FUN_3,FUN_2
147509,6245,CUBE_R,RET
147529,11958,FUN_4,FUN_5
147547,16732,CUBE_R,FUN_6
147603,825,FUN_1,FUN_2
147659,6641,FUN_2,FUN_3
147677,18500,FUN_5,FUN_6
147694,9611,FUN_4,FUN_3
147696,4292,FUN_2,FUN_1
147705,18050,FUN_1,FUN_2
147716,26897,FUN_2,FUN_3
147716,8512,RET,CUBE_L
147742,24216,RET,CUBE_R
147752,8395,FUN_3,FUN_2
147787,3170,FUN_2,FUN_3
147813,57,FUN_3,FUN_4
147859,8765,FUN_1,FUN_2
147873,17990,CUBE_R,FUN_6
147880,28716,FUN_2,FUN_1
147883,13732,FUN_2,FUN_3
147885,2925,FUN_1,FUN_2
147890,11451,RET,CUBE_L
147895,20752,CUBE_R,RET
147920,13244,FUN_6,FUN_5
147967,23667,FUN_2,FUN_1
147973,6300,FUN_1,CUBE_L
148001,10920,FUN_1,FUN_2
148034,3177,FUN_1,FUN_2
148047,22677,RET,CUBE_R
148057,18695,FUN_4,FUN_3
148066,16732,FUN_6,CUBE_R
148079,7662,FUN_1,FUN_2
148236,235,FUN_3,FUN_4
148238,26695,RET,CUBE_L
148267,28951,FUN_5,FUN_6
148283,4010,FUN_6,CUBE_R
148293,19784,FUN_2,FUN_3
148296,2433,FUN_2,FUN_3
148303,24988,FUN_4,FUN_5
148333,5883,RET,CUBE_L
148369,25134,FUN_3,FUN_2
148370,19473,FUN_4,FUN_3
148392,15202,RET,CUBE_L
148395,1986,FUN_2,FUN_3
148406,27813,FUN_3,FUN_2
148436,26379,CUBE_L,RET
148439,13723,FUN_2,FUN_3
148453,1725,FUN_2,FUN_1
148461,16993,RET,CUBE_R
148473,14883,FUN_1,FUN_2
148474,7178,FUN_4,FUN_5
148475,4614,FUN_2,FUN_1
148478,4010,CUBE_R,FUN_6
148536,13732,FUN_3,FUN_2
148540,4257,FUN_1,FUN_2
148544,3367,FUN_2,FUN_3
148547,25754,FUN_2,FUN_3
148570,29540,FUN_1,CUBE_L
148577,18593,FUN_1,CUBE_L
148605,26268,FUN_2,FUN_1
148606,9163,FUN_3,FUN_4
148639,29912,FUN_2,FUN_1
148658,8380,FUN_1,FUN_2
148676,13841,FUN_3,FUN_4
148682,11366,FUN_2,FUN_3
148683,2694,RET,CUBE_R
148684,28204,FUN_2,FUN_3
148686,4668,RET,CUBE_L
148738,29731,FUN_3,FUN_2
148784,17258,FUN_1,FUN_2
148833,9875,FUN_4,FUN_3
148834,7433,FUN_1,CUBE_L
148835,1821,FUN_3,FUN_4
148850,8110,RET,CUBE_L
148866,27931,FUN_6,FUN_5
148870,9792,FUN_3,FUN_4
148889,11695,FUN_4,FUN_3
148890,21120,FUN_1,FUN_2
148904,4059,FUN_5,FUN_4
148905,29004,FUN_1,FUN_2
148916,22781,RET,CUBE_R
148934,57,FUN_4,FUN_3
149029,22324,FUN_4,FUN_3
149040,10077,FUN_5,FUN_4
149048,3363,RET,CUBE_L
149090,663,RET,CUBE_R
149124,7433,CUBE_L,FUN_1
149150,28238,FUN_3,FUN_4
149162,19810,FUN_3,FUN_2
149165,28096,FUN_2,FUN_3
149176,28266,FUN_3,FUN_2
149210,20288,RET,CUBE_L
149213,2694,CUBE_R,RET
149216,26897,FUN_3,FUN_2
149218,2923,RET,CUBE_L
149241,18159,RET,CUBE_R
149333,13089,RET,CUBE_L
149340,20525,FUN_3,FUN_4
149345,25279,FUN_1,FUN_2
149356,14200,FUN_3,FUN_4
149357,29731,FUN_2,FUN_3
149363,20470,FUN_2,FUN_1
149385,7057,FUN_1,FUN_2
149396,25643,CUBE_R,RET
149412,1618,CUBE_L,FUN_1
149427,11006,RET,CUBE_R
149437,11895,FUN_3,FUN_4
149446,7267,FUN_1,FUN_2
149453,12880,FUN_2,FUN_3
149468,20321,FUN_3,FUN_4
149478,28266,FUN_2,FUN_3
149504,10324,RET,CUBE_R
149509,25398,FUN_6,FUN_5
149515,23665,CUBE_L,RET
149519,7070,CUBE_R,RET
149552,28721,FUN_2,FUN_1
149570,8512,CUBE_L,RET
149575,19015,FUN_6,CUBE_R
149577,13569,CUBE_R,RET
149579,13508,FUN_6,FUN_5
149582,28951,FUN_6,FUN_5
149585,21123,FUN_2,FUN_1
149591,26304,FUN_4,FUN_5
149594,20448,CUBE_R,RET
149599,4010,FUN_6,CUBE_R
149609,13508,FUN_5,FUN_6
149614,21459,FUN_1,FUN_2
149619,13841,FUN_4,FUN_3
149624,24902,FUN_2,FUN_3
149640,19024,FUN_3,FUN_2
149641,22197,FUN_3,FUN_4
149671,23963,FUN_2,FUN_3
149676,6677,FUN_3,FUN_4
149694,9438,FUN_2,FUN_3
149697,17549,CUBE_R,RET
149728,21123,FUN_1,FUN_2
149733,16220,FUN_3,FUN_4
149745,26371,CUBE_L,FUN_1
149756,7390,FUN_2,FUN_1
149757,8302,FUN_6,FUN_5
149774,19804,RET,CUBE_L
149798,4274,FUN_6,FUN_5
149817,13894,FUN_3,FUN_2
149828,6553,FUN_2,FUN_1
149830,12684,CUBE_R,FUN_6
149833,4292,FUN_1,FUN_2
149850,22692,CUBE_L,RET
149859,20361,FUN_2,FUN_3
149861,8512,RET,CUBE_L
149871,18976,FUN_3,FUN_4
149872,12645,CUBE_L,FUN_1
149875,29731,FUN_3,FUN_2
149899,12684,FUN_6,CUBE_R
149901,1986,FUN_3,FUN_2
149912,13732,FUN_2,FUN_3
149937,17472,FUN_3,FUN_2
149951,29052,FUN_2,FUN_1
149968,6175,FUN_2,FUN_3
149987,12684,CUBE_R,FUN_6
149993,14872,FUN_3,FUN_2
149998,21953,FUN_2,FUN_3
150012,12880,FUN_3,FUN_2
150030,6217,CUBE_R,RET
150033,3364,FUN_3,FUN_2
150037,6039,FUN_2,FUN_3
150079,20346,CUBE_R,RET
150106,22583,FUN_4,FUN_3
150126,1327,FUN_4,FUN_3
150129,26371,FUN_1,CUBE_L
150136,18352,RET,CUBE_L
150140,6621,FUN_2,FUN_3
150140,7057,FUN_2,FUN_1
150195,638,CUBE_L,FUN_1
150223,23665,RET,CUBE_L
150225,1455,FUN_2,FUN_1
150246,28509,CUBE_L,RET
150253,27126,FUN_2,FUN_1
150257,7362,CUBE_L,FUN_1
150262,19802,FUN_2,FUN_1
150285,28660,FUN_4,FUN_3
150298,27903,FUN_4,FUN_3
150303,5012,FUN_2,FUN_3
150315,27593,FUN_5,FUN_4
150322,16732,CUBE_R,FUN_6
150330,26320,FUN_3,FUN_4
150336,25398,FUN_5,FUN_6
150346,29104,FUN_2,FUN_3
150362,16220,FUN_4,FUN_3
150374,7475,FUN_6,CUBE_R
150397,29104,FUN_3,FUN_2
150405,1821,FUN_4,FUN_3
150422,8510,RET,CUBE_L
150428,7955,FUN_2,FUN_1
150433,27963,FUN_3,FUN_4
150456,4067,FUN_3,FUN_2
150462,13246,CUBE_R,RET
150467,24347,FUN_3,FUN_2
150468,14795,FUN_2,FUN_3
150469,26548,FUN_2,FUN_3
150515,22768,FUN_6,CUBE_R
150528,20274,RET,CUBE_L
150529,15715,FUN_5,FUN_4
150535,16205,FUN_4,FUN_3
150563,29251,FUN_2,FUN_1
150564,11251,FUN_4,FUN_3
150566,12895,FUN_1,FUN_2
150572,26211,FUN_3,FUN_2
150574,1702,RET,CUBE_L
150574,11895,FUN_4,FUN_3
150574,17942,CUBE_L,RET
150629,19146,FUN_1,CUBE_L
150635,7620,FUN_2,FUN_3
150658,19109,FUN_3,FUN_2
150672,11366,FUN_3,FUN_2
150677,28716,FUN_1,FUN_2
150681,23665,CUBE_L,RET
150701,17845,CUBE_L,FUN_1
150732,25643,RET,CUBE_R
150771,27048,FUN_2,FUN_3
150807,13304,CUBE_R,FUN_6
150813,19512,FUN_1,FUN_2
150825,1702,CUBE_L,RET
150828,3363,CUBE_L,RET
150829,15286,FUN_3,FUN_2
150876,21852,FUN_6,FUN_5
150883,27813,FUN_2,FUN_3
150902,24179,FUN_5,FUN_6
150905,986,FUN_3,FUN_4
150907,7662,FUN_2,FUN_1
150920,29004,FUN_2,FUN_1
150920,29443,FUN_2,FUN_3
150922,27048,FUN_3,FUN_2
150923,15202,CUBE_L,RET
150929,17798,FUN_4,FUN_3
150952,3367,FUN_3,FUN_2
150963,1958,FUN_3,FUN_4
150965,15202,RET,CUBE_L
150980,20333,FUN_1,FUN_2
150987,15357,FUN_3,FUN_4
150992,213,FUN_6,CUBE_R
151003,19810,FUN_2,FUN_3
151004,1199,FUN_4,FUN_3
151011,23907,CUBE_R,RET
151027,6824,FUN_2,FUN_1
151039,16617,CUBE_R,FUN_6
151074,1845,FUN_2,FUN_3
151078,29557,FUN_2,FUN_3
151137,25279,FUN_2,FUN_1
151153,5767,FUN_2,FUN_1
151164,19820,RET,CUBE_R
151179,20509,RET,CUBE_L
151235,6039,FUN_3,FUN_2
151252,1958,FUN_4,FUN_3
151252,19820,CUBE_R,RET
151275,4495,CUBE_R,FUN_6
151279,5767,FUN_1,FUN_2
151284,24504,CUBE_R,RET
151342,19344,CUBE_L,RET
151350,7620,FUN_3,FUN_2
151356,25754,FUN_3,FUN_2
151381,13196,FUN_5,FUN_4
151385,27844,FUN_2,FUN_3
151394,5425,FUN_4,FUN_5
151446,23827,CUBE_L,FUN_1
151448,11695,FUN_3,FUN_4
151453,213,CUBE_R,FUN_6
151455,22404,FUN_3,FUN_2
151461,1725,FUN_1,FUN_2
151465,20348,FUN_2,FUN_3
151470,18928,FUN_3,FUN_2
151475,18475,CUBE_L,FUN_1
151486,1702,RET,CUBE_L
151487,763,FUN_2,FUN_3
151495,22324,FUN_3,FUN_4
151496,18066,FUN_3,FUN_2
151499,9112,FUN_4,FUN_3
151500,14291,RET,CUBE_R
151522,29903,RET,CUBE_L
151525,12778,FUN_4,FUN_3
151551,20227,FUN_4,FUN_3
151583,26320,FUN_4,FUN_3
151592,5819,FUN_1,FUN_2
151596,11164,FUN_2,FUN_3
151604,28238,FUN_4,FUN_3
151611,28736,FUN_2,FUN_3
151612,11958,FUN_5,FUN_4
151614,19802,FUN_1,FUN_2
151614,24452,FUN_4,FUN_3
151635,8505,CUBE_R,FUN_6
151635,28096,FUN_3,FUN_2
151663,11993,FUN_3,FUN_2
151667,1025,RET,CUBE_R
151694,4882,CUBE_R,RET
151696,14998,FUN_6,FUN_5
151698,20361,FUN_3,FUN_2
151710,2694,RET,CUBE_R
151719,13304,FUN_6,CUBE_R
151732,14253,FUN_1,CUBE_L
151736,1898,FUN_2,FUN_3
151743,7620,FUN_2,FUN_3
151772,11366,FUN_2,FUN_3
151793,28660,FUN_3,FUN_4
151821,16943,FUN_3,FUN_4
151835,26730,FUN_4,FUN_3
151864,12252,FUN_5,FUN_4
151867,11757,CUBE_L,RET
151884,12880,FUN_2,FUN_3
151887,1702,CUBE_L,RET
151887,15040,FUN_1,FUN_2
151889,6933,FUN_5,FUN_6
151890,13165,FUN_3,FUN_2
151907,25037,FUN_2,FUN_3
151916,12549,CUBE_R,RET
151926,21481,FUN_3,FUN_4
151933,19039,FUN_5,FUN_4
151937,20525,FUN_4,FUN_3
151941,2398,FUN_1,FUN_2
151952,21929,FUN_1,FUN_2
151954,141,FUN_3,FUN_4
151954,22881,CUBE_R,FUN_6
151955,27980,FUN_1,FUN_2
151959,7647,FUN_3,FUN_4
151987,3364,FUN_2,FUN_3
151990,13807,FUN_3,FUN_2
151992,9874,FUN_2,FUN_1
152016,1958,FUN_3,FUN_4
152028,13894,FUN_2,FUN_3
152037,15175,RET,CUBE_L
152122,12547,RET,CUBE_L
152138,27844,FUN_3,FUN_2
152152,12684,FUN_6,CUBE_R
152161,4067,FUN_2,FUN_3
152167,29196,RET,CUBE_L
152189,28766,FUN_5,FUN_4
152243,12549,RET,CUBE_R
152255,3111,CUBE_R,RET
152268,6560,FUN_6,CUBE_R
152273,3054,FUN_3,FUN_2
152292,19024,FUN_2,FUN_3
152300,11895,FUN_3,FUN_4
152325,4495,FUN_6,CUBE_R
152340,11757,RET,CUBE_L
152362,22714,RET,CUBE_L
152374,20525,FUN_3,FUN_4
152374,28238,FUN_3,FUN_4
152377,26970,FUN_2,FUN_1
152378,22592,FUN_6,CUBE_R
152395,14857,FUN_1,FUN_2
152401,23347,CUBE_R,RET
152406,27919,FUN_3,FUN_2
152430,2694,CUBE_R,RET
152430,14857,FUN_2,FUN_1
152447,22979,FUN_6,CUBE_R
152477,22557,FUN_2,FUN_3
152481,13165,FUN_2,FUN_3
152507,9615,CUBE_L,FUN_1
152517,7620,FUN_3,FUN_2
152518,441,CUBE_R,RET
152524,9874,FUN_1,FUN_2
152525,2694,RET,CUBE_R
152531,4505,FUN_5,FUN_4
152541,25858,RET,CUBE_R
152542,15409,CUBE_R,RET
152547,24269,FUN_2,FUN_3
152555,285,RET,CUBE_R
152557,5203,FUN_4,FUN_5
152560,22377,FUN_2,FUN_3
152562,1347,RET,CUBE_L
152574,4668,CUBE_L,RET
152599,27408,FUN_2,FUN_1
152612,8110,CUBE_L,RET
152622,24345,FUN_1,FUN_2
152623,29117,FUN_1,FUN_2
152686,16241,FUN_2,FUN_3
152687,20156,FUN_3,FUN_4
152689,5286,CUBE_L,FUN_1
152702,1958,FUN_4,FUN_3
152707,9438,FUN_3,FUN_2
152709,2099,RET,CUBE_L
152714,29514,CUBE_L,RET
152730,1898,FUN_3,FUN_2
152761,13560,FUN_4,FUN_3
152762,29912,FUN_1,FUN_2
152784,29004,FUN_1,FUN_2
152787,8227,CUBE_L,RET
152791,29104,FUN_2,FUN_3
152800,29514,RET,CUBE_L
152802,4257,FUN_2,FUN_1
152811,19146,CUBE_L,FUN_1
152821,11366,FUN_3,FUN_2
152838,16205,FUN_3,FUN_4
152851,20208,FUN_1,CUBE_L
152869,20916,CUBE_R,RET
152870,25627,FUN_3,FUN_2
152877,22826,FUN_4,FUN_3
152921,3518,CUBE_R,FUN_6
152932,28721,FUN_1,FUN_2
152935,22979,CUBE_R,FUN_6
152942,13408,RET,CUBE_R
152944,10461,FUN_1,FUN_2
152947,19146,FUN_1,CUBE_L
152969,7619,FUN_2,FUN_1
152972,5565,FUN_2,FUN_1
152977,29729,RET,CUBE_R
152986,8110,RET,CUBE_L
152994,13807,FUN_2,FUN_3
153003,29668,CUBE_R,FUN_6
153007,4010,CUBE_R,FUN_6
153017,13723,FUN_3,FUN_2
153027,8227,RET,CUBE_L
153030,9874,FUN_2,FUN_1
153033,20141,RET,CUBE_R
153059,3629,FUN_3,FUN_2
153061,10461,FUN_2,FUN_1
153073,16241,FUN_3,FUN_2
153097,24792,RET,CUBE_R
153143,14499,CUBE_L,RET
153147,23795,FUN_3,FUN_2
153149,27408,FUN_1,FUN_2
153186,4776,FUN_2,FUN_3
153211,27408,FUN_2,FUN_1
153250,5123,FUN_1,FUN_2
153252,1898,FUN_2,FUN_3
153270,15156,FUN_6,FUN_5
153274,2312,CUBE_R,RET
153300,8057,CUBE_R,RET
153315,3054,FUN_2,FUN_3
153319,1845,FUN_3,FUN_2
153328,29111,FUN_3,FUN_4
153408,18282,FUN_4,FUN_3
153435,11993,FUN_2,FUN_3
153453,6690,FUN_2,FUN_3
153454,22677,CUBE_R,RET
153457,6553,FUN_1,FUN_2
153479,235,FUN_4,FUN_3
153480,15342,CUBE_R,RET
153496,19922,FUN_4,FUN_3
153501,27408,FUN_1,FUN_2
153507,858,FUN_6,FUN_5
153534,9517,FUN_2,FUN_3
153537,18475,FUN_1,CUBE_L
153550,11566,FUN_1,FUN_2
153551,8227,CUBE_L,RET
153566,22617,RET,CUBE_R
153579,3053,FUN_2,FUN_3
153587,4067,FUN_3,FUN_2
153589,17500,FUN_1,FUN_2
153596,1845,FUN_2,FUN_3
153605,23457,FUN_5,FUN_6
153656,22800,FUN_2,FUN_1
153674,15156,FUN_5,FUN_6
153706,26897,FUN_2,FUN_3
153715,7057,FUN_1,FUN_2
153743,26595,FUN_1,FUN_2
153758,3285,FUN_3,FUN_2
153766,13165,FUN_3,FUN_2
153780,25858,CUBE_R,RET
153783,10772,FUN_6,FUN_5
153784,29514,CUBE_L,RET
153795,20141,CUBE_R,RET
153803,21896,FUN_2,FUN_1
153810,4882,RET,CUBE_R
153835,8227,RET,CUBE_L
153847,6677,FUN_4,FUN_3
153875,12867,RET,CUBE_R
153878,10066,FUN_3,FUN_2
153883,13807,FUN_3,FUN_2
153889,20321,FUN_4,FUN_3
153923,9112,FUN_3,FUN_4
153946,23596,FUN_1,FUN_2
153995,23457,FUN_6,FUN_5
154017,28462,FUN_4,FUN_5
154022,13542,CUBE_L,RET
154025,5007,FUN_2,FUN_1
154034,10033,RET,CUBE_R
154057,5602,FUN_1,FUN_2
154075,4314,FUN_2,FUN_1
154144,858,FUN_5,FUN_6
154164,1098,FUN_2,FUN_1
154169,22324,FUN_4,FUN_3
154205,29226,FUN_3,FUN_2
154231,17252,CUBE_R,RET
154251,21880,CUBE_L,RET
154255,19247,CUBE_R,RET
154281,22077,RET,CUBE_R
154343,12027,FUN_2,FUN_1
154349,23974,FUN_3,FUN_2
154379,1701,FUN_2,FUN_3
154407,3367,FUN_2,FUN_3
154421,213,FUN_6,CUBE_R
154432,5883,CUBE_L,RET
154436,27919,FUN_2,FUN_3
154440,28254,RET,CUBE_R
154441,28266,FUN_3,FUN_2
154480,12549,CUBE_R,RET
154480,17252,RET,CUBE_R
154484,4274,FUN_5,FUN_6
154494,18406,FUN_3,FUN_4
154527,1796,FUN_4,FUN_3
154534,29305,FUN_2,FUN_1
154545,13005,FUN_5,FUN_6
154562,1366,FUN_3,FUN_2
154563,4257,FUN_1,FUN_2
154586,14089,FUN_5,FUN_4
154603,11768,FUN_3,FUN_2
154614,15095,FUN_3,FUN_2
154618,13218,FUN_2,FUN_1
154628,12645,FUN_1,CUBE_L
154686,5883,RET,CUBE_L
154689,10223,FUN_3,FUN_2
154695,26375,FUN_6,FUN_5
154709,23197,FUN_3,FUN_4
154731,15095,FUN_2,FUN_3
154738,29097,FUN_1,FUN_2
154759,27126,FUN_1,FUN_2
154780,5883,CUBE_L,RET
154780,8353,FUN_3,FUN_4
154784,5841,FUN_2,FUN_1
154788,29305,FUN_1,FUN_2
154820,24216,CUBE_R,RET
154822,738,FUN_1,CUBE_L
154831,29179,FUN_3,FUN_4
154863,6621,FUN_3,FUN_2
154868,23868,FUN_3,FUN_2
154873,26218,FUN_3,FUN_4
154900,22800,FUN_1,FUN_2
154915,29097,FUN_2,FUN_1
154925,20525,FUN_4,FUN_3
154965,10772,FUN_5,FUN_6
154986,235,FUN_3,FUN_4
154990,22826,FUN_3,FUN_4
155001,23457,FUN_5,FUN_6
155005,18695,FUN_3,FUN_4
155007,18352,CUBE_L,RET
155013,638,FUN_1,CUBE_L
155013,6764,FUN_6,FUN_5
155025,4668,RET,CUBE_L
155039,9060,FUN_5,FUN_6
155048,26905,FUN_4,FUN_5
155061,15286,FUN_2,FUN_3
155065,23793,RET,CUBE_R
155093,16648,CUBE_R,FUN_6
155105,22979,FUN_6,CUBE_R
155118,763,FUN_3,FUN_2
155157,15286,FUN_3,FUN_2
155187,10753,FUN_6,CUBE_R
155190,28266,FUN_2,FUN_3
155206,1898,FUN_3,FUN_2
155207,22677,RET,CUBE_R
155211,11993,FUN_3,FUN_2
155234,13408,CUBE_R,RET
155250,5007,FUN_1,FUN_2
155268,1455,FUN_1,FUN_2
155275,19820,RET,CUBE_R
155279,18433,FUN_2,FUN_3
155292,18929,FUN_2,FUN_3
155318,12645,CUBE_L,FUN_1
155319,20348,FUN_3,FUN_2
155345,14865,FUN_2,FUN_1
155347,27907,FUN_6,CUBE_R
155358,7662,FUN_1,FUN_2
155364,14812,FUN_3,FUN_2
155381,3005,FUN_5,FUN_4
155389,27496,FUN_1,FUN_2
155394,15286,FUN_2,FUN_3
155453,17008,FUN_2,FUN_3
155481,15286,FUN_3,FUN_2
155484,15601,FUN_4,FUN_3
155489,18580,FUN_6,CUBE_R
155531,19769,FUN_6,FUN_5
155533,9792,FUN_4,FUN_3
155557,20348,FUN_2,FUN_3
155562,13218,FUN_1,FUN_2
155566,26974,FUN_6,CUBE_R
155591,12705,FUN_1,FUN_2
155593,6621,FUN_2,FUN_3
155601,18841,CUBE_L,RET
155628,27126,FUN_2,FUN_1
155635,15095,FUN_3,FUN_2
155640,11251,FUN_3,FUN_4
155640,25627,FUN_2,FUN_3
155663,4067,FUN_2,FUN_3
155664,21627,FUN_2,FUN_3
155673,28462,FUN_5,FUN_4
155682,29126,CUBE_R,FUN_6
155695,20321,FUN_3,FUN_4
155696,11993,FUN_2,FUN_3
155701,19804,CUBE_L,RET
155704,20348,FUN_3,FUN_2
155710,6300,CUBE_L,FUN_1
155758,29369,RET,CUBE_R
155780,27193,CUBE_L,RET
155804,6300,FUN_1,CUBE_L
155806,22826,FUN_4,FUN_3
155811,15223,FUN_3,FUN_4
155816,13305,FUN_2,FUN_3
155822,28138,FUN_6,CUBE_R
155835,441,RET,CUBE_R
155849,3088,FUN_6,CUBE_R
155862,29097,FUN_1,FUN_2
155864,28716,FUN_2,FUN_1
155870,8227,CUBE_L,RET
155924,5220,FUN_6,CUBE_R
155942,16648,FUN_6,CUBE_R
155951,29305,FUN_2,FUN_1
155959,15032,FUN_3,FUN_4
155991,16648,CUBE_R,FUN_6
156005,16648,FUN_6,CUBE_R
156026,16648,CUBE_R,FUN_6
156039,19820,CUBE_R,RET
156046,15095,FUN_2,FUN_3
156084,20321,FUN_4,FUN_3
156087,28238,FUN_4,FUN_3
156111,23777,FUN_3,FUN_2
156135,6300,CUBE_L,FUN_1
156146,15156,FUN_6,FUN_5
156157,11453,FUN_2,FUN_1
156170,4257,FUN_2,FUN_1
156210,3367,FUN_3,FUN_2
156242,26258,FUN_3,FUN_4
156249,14683,FUN_4,FUN_3
156275,29443,FUN_3,FUN_2
156287,15032,FUN_4,FUN_3
156313,18352,RET,CUBE_L
156322,22915,FUN_1,FUN_2
156355,23347,RET,CUBE_R
156365,8037,FUN_2,FUN_1
156365,20541,FUN_3,FUN_4
156392,27844,FUN_2,FUN_3
156403,10689,CUBE_L,FUN_1
156419,12307,RET,CUBE_R
156424,1696,CUBE_R,FUN_6
156441,5007,FUN_2,FUN_1
156457,22677,CUBE_R,RET
156458,15095,FUN_3,FUN_2
156481,7647,FUN_4,FUN_3
156483,28154,FUN_4,FUN_5
156511,1000,FUN_4,FUN_3
156512,17727,FUN_3,FUN_4
156513,18214,FUN_3,FUN_2
156530,26302,FUN_6,CUBE_R
156547,28509,RET,CUBE_L
156558,3583,FUN_2,FUN_1
156594,7620,FUN_2,FUN_3
156594,21215,FUN_1,FUN_2
156627,28238,FUN_3,FUN_4
156636,5425,FUN_5,FUN_4
156670,5767,FUN_2,FUN_1
156690,17098,CUBE_L,RET
156708,18930,FUN_3,FUN_4
156731,3893,FUN_2,FUN_3
156757,638,CUBE_L,FUN_1
156763,28856,FUN_4,FUN_3
156778,17533,FUN_3,FUN_2
156782,10753,CUBE_R,FUN_6
156823,14812,FUN_2,FUN_3
156852,6300,FUN_1,CUBE_L
156865,3811,FUN_3,FUN_2
156898,20141,RET,CUBE_R
156917,12836,FUN_3,FUN_2
156937,388,FUN_3,FUN_2
156940,17533,FUN_2,FUN_3
156993,22768,CUBE_R,FUN_6
157032,17252,CUBE_R,RET
157034,6764,FUN_5,FUN_6
157051,29196,CUBE_L,RET
157096,24345,FUN_2,FUN_1
157109,15342,RET,CUBE_R
157120,14622,CUBE_L,FUN_1
157136,20094,CUBE_L,RET
157138,17990,FUN_6,CUBE_R
157140,11564,FUN_1,CUBE_L
157179,15672,FUN_2,FUN_3
157199,28721,FUN_2,FUN_1
157233,11696,FUN_4,FUN_3
157236,11313,FUN_3,FUN_2
157242,9874,FUN_1,FUN_2
157244,12809,FUN_1,FUN_2
157251,28462,FUN_4,FUN_5
157256,13025,FUN_4,FUN_3
157289,15744,FUN_3,FUN_2
157293,3363,RET,CUBE_L
157293,27108,FUN_6,CUBE_R
157307,15342,CUBE_R,RET
157318,27796,FUN_6,FUN_5
157332,29179,FUN_4,FUN_3
157333,28096,FUN_2,FUN_3
157364,3285,FUN_2,FUN_3
157373,18352,CUBE_L,RET
157389,25639,FUN_5,FUN_4
157391,20284,FUN_2,FUN_1
157404,7475,CUBE_R,FUN_6
157437,14795,FUN_3,FUN_2
157438,26105,FUN_6,FUN_5
157446,23596,FUN_2,FUN_1
157447,5769,FUN_5,FUN_6
157465,23347,CUBE_R,RET
157467,28138,CUBE_R,FUN_6
157477,8552,CUBE_L,RET
157481,22789,FUN_2,FUN_1
157496,12027,FUN_1,FUN_2
157499,8363,FUN_1,FUN_2
157503,3088,CUBE_R,FUN_6
157514,9750,FUN_1,FUN_2
157530,9060,FUN_6,FUN_5
157537,388,FUN_2,FUN_3
157573,25754,FUN_2,FUN_3
157595,23793,CUBE_R,RET
157607,287,FUN_2,FUN_3
157607,3363,CUBE_L,RET
157614,10179,FUN_2,FUN_1
157616,1898,FUN_2,FUN_3
157640,28238,FUN_4,FUN_3
157661,12778,FUN_3,FUN_4
157684,6039,FUN_2,FUN_3
157689,28266,FUN_3,FUN_2
157691,8395,FUN_2,FUN_3
157693,25639,FUN_4,FUN_5
157719,12087,FUN_3,FUN_2
157731,21627,FUN_3,FUN_2
157733,2269,FUN_3,FUN_2
157738,14795,FUN_2,FUN_3
157739,15202,CUBE_L,RET
157761,20658,FUN_4,FUN_3
157790,24216,RET,CUBE_R
157830,17167,FUN_2,FUN_1
157839,2045,FUN_2,FUN_3
157851,28716,FUN_1,FUN_2
157853,28238,FUN_3,FUN_4
157855,10282,FUN_2,FUN_1
157889,4298,FUN_6,CUBE_R
157897,15672,FUN_3,FUN_2
157897,20321,FUN_3,FUN_4
157922,17252,RET,CUBE_R
157932,29097,FUN_2,FUN_1
158014,20886,FUN_2,FUN_3
158018,13056,FUN_3,FUN_2
158021,11657,FUN_3,FUN_4
158032,14857,FUN_1,FUN_2
158085,372,FUN_5,FUN_4
158125,11898,FUN_2,FUN_3
158133,13127,FUN_3,FUN_4
158141,28556,RET,CUBE_R
158164,17167,FUN_1,FUN_2
158166,23974,FUN_2,FUN_3
158167,22842,FUN_2,FUN_3
158183,23793,RET,CUBE_R
158204,24345,FUN_1,FUN_2
158211,1346,FUN_3,FUN_2
158214,16648,FUN_6,CUBE_R
158263,9565,FUN_6,CUBE_R
158277,11401,FUN_4,FUN_3
158304,8625,CUBE_L,FUN_1
158317,26974,CUBE_R,FUN_6
158363,10772,FUN_6,FUN_5
158366,8444,FUN_2,FUN_3
158371,29179,FUN_3,FUN_4
158385,24504,RET,CUBE_R
158398,21880,RET,CUBE_L
158412,24226,FUN_2,FUN_3
158415,4279,FUN_2,FUN_3
158457,2312,RET,CUBE_R
158458,24452,FUN_3,FUN_4
158478,29117,FUN_2,FUN_1
158506,2923,CUBE_L,RET
158549,5425,FUN_4,FUN_5
158551,3210,FUN_5,FUN_4
158555,1327,FUN_3,FUN_4
158573,20141,CUBE_R,RET
158596,2923,RET,CUBE_L
158629,2923,CUBE_L,RET
158646,10394,FUN_5,FUN_6
158696,15856,FUN_3,FUN_4
158719,10530,FUN_1,FUN_2
158740,12326,FUN_3,FUN_2
158742,14812,FUN_3,FUN_2
158803,20346,RET,CUBE_R
158811,3170,FUN_3,FUN_2
158822,5739,CUBE_L,RET
158846,12027,FUN_2,FUN_1
158847,9112,FUN_4,FUN_3
158856,24452,FUN_4,FUN_3
158863,28019,RET,CUBE_L
158868,15672,FUN_2,FUN_3
158914,18159,CUBE_R,RET
158919,29097,FUN_1,FUN_2
158925,3592,FUN_5,FUN_6
158940,15816,FUN_3,FUN_2
158954,24452,FUN_3,FUN_4
158962,15672,FUN_3,FUN_2
158965,19247,RET,CUBE_R
158981,2677,RET,CUBE_R
158983,1125,FUN_3,FUN_4
158993,24351,FUN_4,FUN_3
159002,1845,FUN_3,FUN_2
159006,13218,FUN_2,FUN_1
159013,1125,FUN_4,FUN_3
159014,235,FUN_4,FUN_3
159026,11784,FUN_2,FUN_1
159031,15672,FUN_2,FUN_3
159046,3951,FUN_5,FUN_4
159046,27108,CUBE_R,FUN_6
159050,21962,RET,CUBE_L
159062,10066,FUN_2,FUN_3
159089,6217,RET,CUBE_R
159099,29462,RET,CUBE_L
159100,1347,CUBE_L,RET
159119,1327,FUN_4,FUN_3
159127,14998,FUN_5,FUN_6
159141,8444,FUN_3,FUN_2
159198,19041,FUN_2,FUN_3
159212,28266,FUN_2,FUN_3
159227,24269,FUN_3,FUN_2
159238,24477,FUN_3,FUN_4
159267,26420,RET,CUBE_L
159275,2082,CUBE_R,FUN_6
159281,8444,FUN_2,FUN_3
159282,6626,FUN_3,FUN_2
159284,11251,FUN_4,FUN_3
159300,8363,FUN_2,FUN_1
159366,7608,CUBE_L,RET
159400,15849,FUN_4,FUN_3
159412,10282,FUN_1,FUN_2
159449,29514,RET,CUBE_L
159460,29179,FUN_4,FUN_3
159463,27919,FUN_3,FUN_2
159464,14291,CUBE_R,RET
159473,15091,FUN_4,FUN_3
159473,28138,FUN_6,CUBE_R
159487,5565,FUN_1,FUN_2
159497,9391,FUN_2,FUN_3
159510,5769,FUN_6,FUN_5
159515,3951,FUN_4,FUN_5
159535,22760,CUBE_R,RET
159589,16437,FUN_3,FUN_2
159593,28856,FUN_3,FUN_4
159619,14298,FUN_1,CUBE_L
159623,15744,FUN_2,FUN_3
159651,19580,FUN_3,FUN_2
159665,1226,FUN_4,FUN_3
159674,27237,FUN_3,FUN_2
159680,1327,FUN_3,FUN_4
159681,4732,FUN_2,FUN_1
159685,26105,FUN_5,FUN_6
159693,2217,FUN_3,FUN_2
159714,3363,RET,CUBE_L
159718,3643,CUBE_R,RET
159724,8839,FUN_3,FUN_2
159733,18159,RET,CUBE_R
159741,4882,CUBE_R,RET
159755,27411,CUBE_L,RET
159757,27155,CUBE_L,FUN_1
159759,13056,FUN_2,FUN_3
159781,4882,RET,CUBE_R
159792,7608,RET,CUBE_L
159808,28368,CUBE_L,RET
159813,3053,FUN_3,FUN_2
159816,19247,CUBE_R,RET
159817,3210,FUN_4,FUN_5
159824,20658,FUN_3,FUN_4
159832,3951,FUN_5,FUN_4
159861,8227,RET,CUBE_L
159863,11235,FUN_2,FUN_3
159875,5585,FUN_2,FUN_1
159877,22617,CUBE_R,RET
159884,11401,FUN_3,FUN_4
159897,21953,FUN_3,FUN_2
159900,20969,RET,CUBE_L
159900,21440,FUN_3,FUN_2
159917,18979,FUN_2,FUN_1
159927,26371,CUBE_L,FUN_1
159930,9874,FUN_2,FUN_1
159953,4897,FUN_3,FUN_4
159973,2171,FUN_3,FUN_4
159978,13056,FUN_3,FUN_2
159978,21985,FUN_3,FUN_4
160017,8037,FUN_1,FUN_2
160089,8505,FUN_6,CUBE_R
160100,12547,CUBE_L,RET
160108,3285,FUN_3,FUN_2
160111,27942,CUBE_R,FUN_6
160119,26897,FUN_3,FUN_2
160127,24044,FUN_2,FUN_1
160144,2146,RET,CUBE_L
160149,8839,FUN_2,FUN_3
160169,11453,FUN_1,FUN_2
160172,4668,CUBE_L,RET
160199,29314,CUBE_L,RET
160203,16437,FUN_2,FUN_3
160205,24988,FUN_5,FUN_4
160220,17201,RET,CUBE_L
160231,5565,FUN_2,FUN_1
160277,388,FUN_3,FUN_2
160282,285,CUBE_R,RET
160291,28254,CUBE_R,RET
160297,5585,FUN_1,FUN_2
160319,13513,FUN_1,FUN_2
160331,18500,FUN_6,FUN_5
160358,3363,CUBE_L,RET
160366,2217,FUN_2,FUN_3
160372,24262,FUN_3,FUN_2
160400,26495,RET,CUBE_R
160426,4614,FUN_1,FUN_2
160427,1845,FUN_2,FUN_3
160444,27919,FUN_2,FUN_3
160446,25398,FUN_6,FUN_5
160456,22677,RET,CUBE_R
160458,13723,FUN_2,FUN_3
160473,10179,FUN_1,FUN_2
160475,17040,FUN_2,FUN_1
160522,22826,FUN_3,FUN_4
160533,24441,FUN_3,FUN_2
160555,20658,FUN_4,FUN_3
160557,27237,FUN_2,FUN_3
160565,20541,FUN_4,FUN_3
160578,12326,FUN_2,FUN_3
160594,8823,FUN_3,FUN_2
160597,3363,RET,CUBE_L
160600,19580,FUN_2,FUN_3
160609,14857,FUN_2,FUN_1
160622,21953,FUN_2,FUN_3
160629,26595,FUN_2,FUN_1
160637,447,RET,CUBE_L
160654,27083,FUN_2,FUN_3
160665,1541,FUN_2,FUN_1
160698,8264,FUN_3,FUN_2
160718,24770,FUN_2,FUN_1
160776,12778,FUN_4,FUN_3
160786,5739,RET,CUBE_L
160811,12474,FUN_4,FUN_3
160817,22979,CUBE_R,FUN_6
160822,12931,FUN_5,FUN_4
160858,24477,FUN_4,FUN_3
160887,9513,FUN_3,FUN_2
160896,5767,FUN_1,FUN_2
160900,29117,FUN_1,FUN_2
160909,23241,FUN_4,FUN_3
160926,29251,FUN_1,FUN_2
160931,26218,FUN_4,FUN_3
160938,12078,CUBE_L,RET
160940,7565,FUN_2,FUN_3
160967,24354,FUN_5,FUN_6
160976,24044,FUN_1,FUN_2
160983,13165,FUN_2,FUN_3
161000,12868,FUN_4,FUN_3
161029,9239,CUBE_L,RET
161050,5777,RET,CUBE_L
161060,16437,FUN_3,FUN_2
161062,15684,FUN_4,FUN_3
161065,12259,FUN_1,FUN_2
161067,12474,FUN_3,FUN_4
161075,15223,FUN_4,FUN_3
161081,12474,FUN_4,FUN_3
161088,3285,FUN_2,FUN_3
161089,19395,FUN_2,FUN_3
161094,21440,FUN_2,FUN_3
161114,10223,FUN_2,FUN_3
161127,5565,FUN_1,FUN_2
161132,21462,CUBE_R,FUN_6
161138,8216,CUBE_R,RET
161147,28266,FUN_3,FUN_2
161164,12474,FUN_3,FUN_4
161172,12836,FUN_2,FUN_3
161182,8444,FUN_3,FUN_2
161183,2496,FUN_3,FUN_4
161194,15938,FUN_1,FUN_2
161248,16383,FUN_3,FUN_2
161270,24452,FUN_4,FUN_3
161280,9430,FUN_1,FUN_2
161321,10082,FUN_1,FUN_2
161346,1125,FUN_3,FUN_4
161348,7390,FUN_1,FUN_2
161350,10734,FUN_3,FUN_2
161369,7463,FUN_3,FUN_2
161388,12474,FUN_4,FUN_3
161393,5425,FUN_5,FUN_4
161414,2433,FUN_3,FUN_2
161468,3285,FUN_3,FUN_2
161497,23665,RET,CUBE_L
161518,3285,FUN_2,FUN_3
161521,26375,FUN_5,FUN_6
161524,24226,FUN_3,FUN_2
161528,5739,CUBE_L,RET
161543,15526,FUN_3,FUN_2
161546,10196,FUN_1,CUBE_L
161548,10355,CUBE_R,FUN_6
161556,1327,FUN_4,FUN_3
161566,8510,CUBE_L,RET
161576,13305,FUN_3,FUN_2
161602,7565,FUN_3,FUN_2
161606,9112,FUN_3,FUN_4
161617,22905,FUN_2,FUN_3
161623,15744,FUN_3,FUN_2
161647,14506,FUN_2,FUN_3
161678,19247,RET,CUBE_R
161681,19109,FUN_2,FUN_3
161700,1003,FUN_1,CUBE_L
161717,2261,FUN_4,FUN_5
161733,23838,FUN_2,FUN_1
161734,7620,FUN_3,FUN_2
161735,10223,FUN_3,FUN_2
161737,25398,FUN_5,FUN_6
161739,29226,FUN_2,FUN_3
161748,6738,FUN_3,FUN_2
161759,27919,FUN_3,FUN_2
161776,15744,FUN_2,FUN_3
161788,27237,FUN_3,FUN_2
161807,4257,FUN_1,FUN_2
161822,17117,CUBE_R,RET
161824,25349,CUBE_L,FUN_1
161826,17533,FUN_3,FUN_2
161832,1702,RET,CUBE_L
161840,9239,RET,CUBE_L
161847,2677,CUBE_R,RET
161849,28680,FUN_2,FUN_1
161871,3170,FUN_2,FUN_3
161872,28606,FUN_2,FUN_1
161873,967,FUN_3,FUN_2
161875,2082,FUN_6,CUBE_R
161920,17269,CUBE_L,RET
161926,2788,FUN_3,FUN_2
161986,16595,CUBE_L,RET
161998,9438,FUN_2,FUN_3
162032,14857,FUN_1,FUN_2
162057,4528,FUN_1,FUN_2
162082,8839,FUN_3,FUN_2
162082,28856,FUN_4,FUN_3
162114,5767,FUN_2,FUN_1
162133,24262,FUN_2,FUN_3
162215,19558,FUN_2,FUN_3
162237,10920,FUN_2,FUN_1
162267,24269,FUN_2,FUN_3
162299,6738,FUN_2,FUN_3
162301,23246,RET,CUBE_R
162320,21120,FUN_2,FUN_1
162328,1366,FUN_2,FUN_3
162361,22197,FUN_4,FUN_3
162361,27688,FUN_2,FUN_3
162368,12145,RET,CUBE_R
162380,11251,FUN_3,FUN_4
162400,3285,FUN_3,FUN_2
162410,1327,FUN_3,FUN_4
162425,21409,FUN_3,FUN_2
162441,752,FUN_4,FUN_3
162473,13908,RET,CUBE_R
162486,28368,RET,CUBE_L
162487,9815,CUBE_L,FUN_1
162506,29117,FUN_2,FUN_1
162507,13723,FUN_3,FUN_2
162517,13005,FUN_6,FUN_5
162524,23850,FUN_3,FUN_4
162533,10706,FUN_3,FUN_2
162534,14815,FUN_2,FUN_3
162547,15223,FUN_3,FUN_4
162555,372,FUN_4,FUN_5
162566,29443,FUN_2,FUN_3
162570,28606,FUN_1,FUN_2
162572,15223,FUN_4,FUN_3
162597,22404,FUN_2,FUN_3
162615,7619,FUN_1,FUN_2
162620,3210,FUN_5,FUN_4
162666,18774,CUBE_R,RET
162673,15223,FUN_3,FUN_4
162692,24262,FUN_3,FUN_2
162741,22781,CUBE_R,RET
162759,967,FUN_2,FUN_3
162773,9684,FUN_3,FUN_2
162782,10223,FUN_2,FUN_3
162782,25467,FUN_1,CUBE_L
162828,2467,FUN_4,FUN_5
162835,23838,FUN_1,FUN_2
162841,8839,FUN_2,FUN_3
162884,7725,FUN_2,FUN_3
162895,2261,FUN_5,FUN_4
162911,5108,FUN_2,FUN_1
162915,15223,FUN_4,FUN_3
162915,23907,RET,CUBE_R
162921,6593,FUN_3,FUN_2
162936,3285,FUN_2,FUN_3
162936,27126,FUN_1,FUN_2
162946,18757,CUBE_L,RET
162951,29220,CUBE_L,FUN_1
162958,3177,FUN_2,FUN_1
162962,15223,FUN_3,FUN_4
162967,14506,FUN_3,FUN_2
162978,10088,FUN_2,FUN_1
162980,25450,CUBE_L,FUN_1
163003,22239,RET,CUBE_R
163004,441,CUBE_R,RET
163006,16495,CUBE_L,RET
163011,18214,FUN_2,FUN_3
163043,15223,FUN_4,FUN_3
163048,15223,FUN_3,FUN_4
163065,20470,FUN_1,FUN_2
163092,5769,FUN_5,FUN_6
163099,6944,FUN_2,FUN_3
163109,8353,FUN_4,FUN_3
163155,1898,FUN_3,FUN_2
163166,19247,CUBE_R,RET
163194,13408,RET,CUBE_R
163217,8363,FUN_1,FUN_2
163245,12213,FUN_2,FUN_1
163248,21462,FUN_6,CUBE_R
163250,15223,FUN_4,FUN_3
163251,12348,FUN_2,FUN_3
163262,18103,CUBE_L,RET
163270,7917,CUBE_R,FUN_6
163280,10179,FUN_2,FUN_1
163288,8510,RET,CUBE_L
163294,2261,FUN_4,FUN_5
163360,8552,RET,CUBE_L
163378,18593,CUBE_L,FUN_1
163385,19910,FUN_2,FUN_3
163385,21462,CUBE_R,FUN_6
163409,6457,CUBE_R,RET
163423,7565,FUN_2,FUN_3
163431,14857,FUN_2,FUN_1
163437,24770,FUN_1,FUN_2
163471,11366,FUN_2,FUN_3
163480,17472,FUN_2,FUN_3
163486,22226,RET,CUBE_R
163490,2788,FUN_2,FUN_3
163492,3501,FUN_4,FUN_3
163495,7565,FUN_3,FUN_2
163530,7647,FUN_3,FUN_4
163531,19987,RET,CUBE_L
163543,22992,FUN_5,FUN_4
163544,26910,FUN_5,FUN_6
163553,29602,FUN_6,FUN_5
163565,25256,FUN_5,FUN_4
163568,22440,FUN_3,FUN_4
163608,12474,FUN_3,FUN_4
163622,19015,CUBE_R,FUN_6
163640,18580,CUBE_R,FUN_6
163651,18797,CUBE_R,FUN_6
163679,27919,FUN_2,FUN_3
163691,22324,FUN_3,FUN_4
163713,13312,FUN_4,FUN_3
163715,13408,CUBE_R,RET
163719,8363,FUN_2,FUN_1
163729,20584,RET,CUBE_L
163754,21985,FUN_4,FUN_3
163784,2082,CUBE_R,FUN_6
163807,24464,FUN_3,FUN_4
163819,26268,FUN_1,FUN_2
163836,17671,FUN_2,FUN_1
163842,22781,RET,CUBE_R
163854,15286,FUN_2,FUN_3
163854,17167,FUN_2,FUN_1
163864,2467,FUN_5,FUN_4
163864,26324,CUBE_R,RET
163874,8552,CUBE_L,RET
163895,15223,FUN_3,FUN_4
163901,28025,CUBE_L,RET
163914,8765,FUN_2,FUN_1
163918,5739,RET,CUBE_L
163930,3951,FUN_4,FUN_5
163950,15496,FUN_3,FUN_4
163955,13761,FUN_5,FUN_4
163972,388,FUN_2,FUN_3
163984,23300,FUN_3,FUN_2
163985,26085,FUN_2,FUN_1
163991,29137,CUBE_L,RET
164011,27083,FUN_3,FUN_2
164016,3210,FUN_4,FUN_5
164058,14683,FUN_3,FUN_4
164068,21461,FUN_5,FUN_4
164079,10453,FUN_3,FUN_2
164081,12931,FUN_4,FUN_5
164087,7561,CUBE_R,RET
164093,14743,FUN_3,FUN_2
164096,12932,FUN_2,FUN_3
164103,26258,FUN_4,FUN_3
164114,441,RET,CUBE_R
164131,18352,RET,CUBE_L
164134,10706,FUN_2,FUN_3
164139,17942,RET,CUBE_L
164163,3177,FUN_1,FUN_2
164165,26085,FUN_1,FUN_2
164170,13639,CUBE_L,RET
164173,10082,FUN_2,FUN_1
164204,10725,FUN_3,FUN_2
164224,27813,FUN_3,FUN_2
164226,12105,FUN_2,FUN_1
164242,9112,FUN_4,FUN_3
164243,19910,FUN_3,FUN_2
164255,789,FUN_6,CUBE_R
164265,25134,FUN_2,FUN_1
164279,4649,CUBE_L,FUN_1
164281,25349,FUN_1,CUBE_L
164283,27569,FUN_6,FUN_5
164302,21409,FUN_2,FUN_3
164364,9122,FUN_2,FUN_1
164374,29117,FUN_1,FUN_2
164419,7791,FUN_4,FUN_3
164421,21985,FUN_3,FUN_4
164425,18774,RET,CUBE_R
164468,8363,FUN_1,FUN_2
164516,13723,FUN_2,FUN_3
164525,23667,FUN_1,FUN_2
164527,15672,FUN_3,FUN_2
164534,7725,FUN_3,FUN_2
164553,20916,RET,CUBE_R
164559,19558,FUN_3,FUN_2
164563,4063,CUBE_R,RET
164576,24712,CUBE_L,FUN_1
164585,7561,RET,CUBE_R
164612,8227,CUBE_L,RET
164634,27813,FUN_2,FUN_3
164645,9112,FUN_3,FUN_4
164659,21929,FUN_2,FUN_1
164664,26268,FUN_2,FUN_1
164679,10391,FUN_3,FUN_4
164681,29602,FUN_5,FUN_6
164683,1346,FUN_2,FUN_3
164703,10753,FUN_6,CUBE_R
164704,10931,FUN_2,FUN_3
164711,22677,CUBE_R,RET
164823,29137,RET,CUBE_L
164836,3770,FUN_6,CUBE_R
164871,28266,FUN_2,FUN_3
164878,14872,FUN_2,FUN_3
164888,12348,FUN_3,FUN_2
164891,23300,FUN_2,FUN_3
164938,15342,RET,CUBE_R
164960,28832,FUN_3,FUN_2
164965,15672,FUN_2,FUN_3
164981,13979,FUN_5,FUN_4
165003,9112,FUN_4,FUN_3
165033,7326,FUN_2,FUN_1
165035,2347,FUN_2,FUN_3
165037,20658,FUN_3,FUN_4
165062,16648,CUBE_R,FUN_6
165075,22979,FUN_6,CUBE_R
165109,12347,RET,CUBE_L
165111,28460,FUN_6,CUBE_R
165128,7390,FUN_2,FUN_1
165133,7070,RET,CUBE_R
165144,22440,FUN_4,FUN_3
165180,27304,CUBE_R,FUN_6
165182,13761,FUN_4,FUN_5
165186,4314,FUN_1,FUN_2
165216,28368,CUBE_L,RET
165235,26371,FUN_1,CUBE_L
165240,2045,FUN_3,FUN_2
165245,19910,FUN_2,FUN_3
165268,9112,FUN_3,FUN_4
165280,9282,FUN_6,CUBE_R
165290,16631,FUN_2,FUN_1
165291,14885,FUN_3,FUN_2
165292,15816,FUN_2,FUN_3
165298,23345,CUBE_L,RET
165303,3367,FUN_2,FUN_3
165304,25650,FUN_1,FUN_2
165309,8505,CUBE_R,FUN_6
165309,26910,FUN_6,FUN_5
165328,22677,RET,CUBE_R
165335,27108,FUN_6,CUBE_R
165337,17671,FUN_1,FUN_2
165345,21929,FUN_1,FUN_2
165346,21627,FUN_2,FUN_3
165351,13277,CUBE_R,RET
165371,17269,RET,CUBE_L
165374,2557,CUBE_R,RET
165405,11164,FUN_3,FUN_2
165410,24636,FUN_1,CUBE_L
165413,20284,FUN_1,FUN_2
165419,12547,RET,CUBE_L
165429,789,CUBE_R,FUN_6
165429,7791,FUN_3,FUN_4
165468,28495,RET,CUBE_L
165474,17845,FUN_1,CUBE_L
165492,7565,FUN_2,FUN_3
165495,14499,RET,CUBE_L
165509,21929,FUN_2,FUN_1
165513,3053,FUN_2,FUN_3
165524,29538,FUN_1,CUBE_L
165531,25349,CUBE_L,FUN_1
165556,14022,FUN_3,FUN_2
165588,29117,FUN_2,FUN_1
165590,6457,RET,CUBE_R
165594,8227,RET,CUBE_L
165615,14022,FUN_2,FUN_3
165618,25134,FUN_1,FUN_2
165620,15409,RET,CUBE_R
165624,14683,FUN_4,FUN_3
165644,11856,FUN_3,FUN_2
165667,22976,FUN_5,FUN_4
165668,14885,FUN_2,FUN_3
165689,2560,CUBE_R,RET
165698,22324,FUN_4,FUN_3
165702,2045,FUN_2,FUN_3
165703,3552,RET,CUBE_R
165747,14812,FUN_2,FUN_3
165760,12908,FUN_2,FUN_3
165768,28640,FUN_4,FUN_3
165806,7144,FUN_2,FUN_3
165816,19744,FUN_4,FUN_5
165821,2660,FUN_2,FUN_3
165833,22324,FUN_3,FUN_4
165846,4882,CUBE_R,RET
165873,9558,CUBE_L,RET
165896,19558,FUN_2,FUN_3
165912,12809,FUN_2,FUN_1
165932,15091,FUN_3,FUN_4
165952,20470,FUN_2,FUN_1
165955,12383,FUN_4,FUN_5
165960,8270,FUN_3,FUN_2
165967,10811,FUN_3,FUN_2
165985,8798,FUN_3,FUN_2
165993,24636,CUBE_L,FUN_1
165998,26268,FUN_1,FUN_2
166007,7791,FUN_4,FUN_3
166012,12908,FUN_3,FUN_2
166017,6169,FUN_2,FUN_3
166017,9112,FUN_4,FUN_3
166017,19987,CUBE_L,RET
166023,22826,FUN_4,FUN_3
166041,13848,CUBE_R,FUN_6
166059,18930,FUN_4,FUN_3
166067,9060,FUN_5,FUN_6
166074,24636,FUN_1,CUBE_L
166080,2433,FUN_2,FUN_3
166082,28204,FUN_3,FUN_2
166089,1701,FUN_3,FUN_2
166108,5786,FUN_4,FUN_3
166131,12348,FUN_2,FUN_3
166153,7063,CUBE_L,FUN_1
166171,6067,FUN_4,FUN_5
166178,2714,FUN_3,FUN_4
166190,27304,FUN_6,CUBE_R
166204,7791,FUN_3,FUN_4
166212,6944,FUN_3,FUN_2
166214,13408,RET,CUBE_R
166226,25349,FUN_1,CUBE_L
166227,18929,FUN_3,FUN_2
166234,2082,FUN_6,CUBE_R
166234,2496,FUN_4,FUN_3
166239,27083,FUN_2,FUN_3
166252,22677,CUBE_R,RET
166274,6169,FUN_3,FUN_2
166281,17430,CUBE_L,RET
166288,16091,FUN_1,CUBE_L
166301,2670,RET,CUBE_L
166315,25349,CUBE_L,FUN_1
166340,14812,FUN_3,FUN_2
166350,3111,RET,CUBE_R
166360,8353,FUN_3,FUN_4
166369,8510,CUBE_L,RET
166373,28680,FUN_1,FUN_2
166381,24589,CUBE_R,RET
166382,15849,FUN_3,FUN_4
166390,29144,FUN_3,FUN_2
166394,21929,FUN_1,FUN_2
166430,22775,FUN_2,FUN_3
166446,10811,FUN_2,FUN_3
166449,28640,FUN_3,FUN_4
166458,19109,FUN_3,FUN_2
166463,18433,FUN_3,FUN_2
166528,18225,FUN_5,FUN_4
166542,14200,FUN_4,FUN_3
166577,25349,FUN_1,CUBE_L
166604,25279,FUN_1,FUN_2
166614,22134,FUN_2,FUN_3
166629,9112,FUN_3,FUN_4
166665,2670,CUBE_L,RET
166700,5604,FUN_2,FUN_1
166712,9504,CUBE_L,RET
166727,8270,FUN_2,FUN_3
166737,6562,CUBE_R,RET
166746,13056,FUN_2,FUN_3
166791,10811,FUN_3,FUN_2
166798,27304,CUBE_R,FUN_6
166805,28368,RET,CUBE_L
166810,8270,FUN_3,FUN_2
166825,13675,FUN_4,FUN_3
166847,12908,FUN_2,FUN_3
166850,20156,FUN_4,FUN_3
166906,15744,FUN_3,FUN_2
166938,2670,RET,CUBE_L
166946,22134,FUN_3,FUN_2
166948,19247,RET,CUBE_R
166951,29369,CUBE_R,RET
166964,8353,FUN_4,FUN_3
166979,13056,FUN_3,FUN_2
166994,28204,FUN_2,FUN_3
167013,22404,FUN_3,FUN_2
167020,1699,FUN_1,FUN_2
167031,23665,CUBE_L,RET
167062,18622,FUN_5,FUN_6
167069,17704,FUN_4,FUN_3
167075,14298,CUBE_L,FUN_1
167096,8363,FUN_2,FUN_1
167105,19473,FUN_3,FUN_4
167122,10725,FUN_2,FUN_3
167141,29943,FUN_2,FUN_1
167149,15816,FUN_3,FUN_2
167181,11490,FUN_2,FUN_1
167182,3111,CUBE_R,RET
167186,26268,FUN_2,FUN_1
167188,6039,FUN_3,FUN_2
167189,9565,CUBE_R,FUN_6
167190,8001,CUBE_R,FUN_6
167208,28443,FUN_4,FUN_5
167223,16901,RET,CUBE_L
167224,14988,CUBE_R,RET
167249,374,FUN_3,FUN_2
167254,16561,RET,CUBE_R
167255,18752,FUN_3,FUN_2
167279,2467,FUN_4,FUN_5
167282,3138,RET,CUBE_L
167294,12105,FUN_1,FUN_2
167296,23246,CUBE_R,RET
167317,22325,FUN_3,FUN_4
167319,14022,FUN_3,FUN_2
167323,6457,CUBE_R,RET
167327,11856,FUN_2,FUN_3
167345,6562,RET,CUBE_R
167351,3367,FUN_3,FUN_2
167383,9870,CUBE_R,FUN_6
167389,17146,CUBE_R,RET
167398,18622,FUN_6,FUN_5
167409,9218,RET,CUBE_R
167417,213,CUBE_R,FUN_6
167431,5565,FUN_2,FUN_1
167514,13761,FUN_5,FUN_4
167520,2560,RET,CUBE_R
167535,7647,FUN_4,FUN_3
167540,7063,FUN_1,CUBE_L
167572,20284,FUN_2,FUN_1
167581,1098,FUN_1,FUN_2
167588,8505,FUN_6,CUBE_R
167608,17845,CUBE_L,FUN_1
167617,14857,FUN_1,FUN_2
167634,8933,FUN_2,FUN_3
167674,8839,FUN_3,FUN_2
167678,21517,FUN_5,FUN_6
167679,3501,FUN_3,FUN_4
167680,2838,FUN_2,FUN_1
167684,11490,FUN_1,FUN_2
167685,17167,FUN_1,FUN_2
167697,13865,FUN_3,FUN_4
167706,6550,FUN_3,FUN_4
167728,1098,FUN_2,FUN_1
167728,14980,FUN_4,FUN_3
167737,12104,RET,CUBE_R
167746,27837,RET,CUBE_R
167752,8363,FUN_1,FUN_2
167766,3173,FUN_4,FUN_5
167784,5740,FUN_6,CUBE_R
167803,11784,FUN_1,FUN_2
167805,2095,FUN_4,FUN_3
167806,5777,CUBE_L,RET
167817,22186,FUN_2,FUN_1
167841,3285,FUN_3,FUN_2
167876,19848,FUN_3,FUN_2
167881,24262,FUN_2,FUN_3
167891,24770,FUN_2,FUN_1
167894,15040,FUN_2,FUN_3
167920,3210,FUN_5,FUN_4
167931,18046,CUBE_R,RET
167961,22134,FUN_2,FUN_3
167993,26914,FUN_6,CUBE_R
168015,13277,RET,CUBE_R
168036,15526,FUN_2,FUN_3
168040,23777,FUN_2,FUN_3
168042,10311,FUN_3,FUN_2
168043,24715,FUN_3,FUN_4
168089,13099,FUN_2,FUN_1
168091,28462,FUN_5,FUN_4
168097,9112,FUN_4,FUN_3
168109,18752,FUN_2,FUN_3
168132,27083,FUN_3,FUN_2
168156,3285,FUN_2,FUN_3
168159,4897,FUN_4,FUN_3
168162,3755,FUN_2,FUN_3
168208,29369,RET,CUBE_R
168212,16518,CUBE_L,RET
168213,23795,FUN_2,FUN_3
168250,372,FUN_5,FUN_4
168255,14812,FUN_2,FUN_3
168260,29731,FUN_2,FUN_3
168321,12932,FUN_3,FUN_2
168327,10088,FUN_1,FUN_2
168336,17167,FUN_2,FUN_1
168338,19796,FUN_2,FUN_1
168351,26420,CUBE_L,RET
168359,14683,FUN_3,FUN_4
168368,10461,FUN_1,FUN_2
168370,6550,FUN_4,FUN_3
168373,372,FUN_4,FUN_5
168397,18433,FUN_2,FUN_3
168406,5683,FUN_2,FUN_3
168408,8798,FUN_2,FUN_3
168486,28281,FUN_3,FUN_4
168503,28462,FUN_4,FUN_5
168529,16518,RET,CUBE_L
168556,19473,FUN_4,FUN_3
168556,803,RET,CUBE_L
168565,29500,FUN_4,FUN_3
168578,12474,FUN_4,FUN_3
168623,17430,RET,CUBE_L
168627,4970,FUN_2,FUN_3
168627,19848,FUN_2,FUN_3
168631,9112,FUN_3,FUN_4
168634,1618,FUN_1,CUBE_L
168655,14386,CUBE_L,FUN_1
168665,786,FUN_3,FUN_4
168702,9060,FUN_6,FUN_5
168704,22398,FUN_5,FUN_6
168721,26910,FUN_5,FUN_6
168756,29500,FUN_3,FUN_4
168770,372,FUN_5,FUN_4
168796,24347,FUN_2,FUN_3
168798,1845,FUN_3,FUN_2
168806,5604,FUN_1,FUN_2
168807,7144,FUN_3,FUN_2
168814,26460,FUN_2,FUN_3
168829,12213,FUN_1,FUN_2
168831,7433,FUN_1,CUBE_L
168853,8790,FUN_3,FUN_2
168880,17146,RET,CUBE_R
168905,2838,FUN_1,FUN_2
168918,11251,FUN_4,FUN_3
168918,12027,FUN_1,FUN_2
168926,17252,CUBE_R,RET
168927,10282,FUN_2,FUN_1
168939,8675,FUN_1,CUBE_L
168959,3755,FUN_3,FUN_2
168967,29538,CUBE_L,FUN_1
168986,18752,FUN_3,FUN_2
168987,1699,FUN_2,FUN_1
168990,3111,RET,CUBE_R
169019,15849,FUN_4,FUN_3
169031,19367,FUN_5,FUN_6
169057,28266,FUN_3,FUN_2
169059,8747,CUBE_R,RET
169070,13761,FUN_4,FUN_5
169090,4970,FUN_3,FUN_2
169098,25650,FUN_2,FUN_1
169110,19796,FUN_1,FUN_2
169115,28460,CUBE_R,FUN_6
169123,19558,FUN_3,FUN_2
169127,27108,CUBE_R,FUN_6
169132,888,RET,CUBE_L
169143,6626,FUN_2,FUN_3
169153,19374,FUN_2,FUN_3
169153,20156,FUN_3,FUN_4
169155,3583,FUN_1,FUN_2
169213,16495,RET,CUBE_L
169226,7063,CUBE_L,FUN_1
169236,14980,FUN_3,FUN_4
169240,8675,CUBE_L,FUN_1
169247,6457,RET,CUBE_R
169247,28372,RET,CUBE_L
169323,21969,FUN_1,FUN_2
169337,14811,FUN_1,FUN_2
169370,7240,FUN_4,FUN_5
169399,1699,FUN_1,FUN_2
169401,4776,FUN_3,FUN_2
169403,24447,FUN_1,FUN_2
169411,6764,FUN_6,FUN_5
169446,29305,FUN_1,FUN_2
169459,19290,FUN_2,FUN_1
169461,2849,FUN_6,CUBE_R
169475,22677,RET,CUBE_R
169477,24120,FUN_4,FUN_5
169509,18622,FUN_5,FUN_6
169519,5786,FUN_3,FUN_4
169526,12145,CUBE_R,RET
169529,4732,FUN_1,FUN_2
169535,20525,FUN_3,FUN_4
169548,3518,FUN_6,CUBE_R
169566,14872,FUN_3,FUN_2
169579,26268,FUN_1,FUN_2
169585,25123,FUN_3,FUN_2
169587,14200,FUN_3,FUN_4
169613,4927,FUN_4,FUN_5
169632,8790,FUN_2,FUN_3
169641,4759,CUBE_L,RET
169665,22143,FUN_5,FUN_6
169667,8022,FUN_1,FUN_2
169702,8001,FUN_6,CUBE_R
169715,13807,FUN_2,FUN_3
169727,5604,FUN_2,FUN_1
169734,3643,RET,CUBE_R
169735,1701,FUN_2,FUN_3
169737,8270,FUN_2,FUN_3
169768,3545,FUN_2,FUN_3
169790,14022,FUN_2,FUN_3
169866,7826,FUN_2,FUN_1
169873,27569,FUN_5,FUN_6
169901,2440,RET,CUBE_L
169910,11856,FUN_3,FUN_2
169918,27126,FUN_2,FUN_1
169921,2481,FUN_4,FUN_5
169923,8933,FUN_3,FUN_2
169931,6604,CUBE_L,FUN_1
169931,28154,FUN_5,FUN_4
169971,2849,CUBE_R,FUN_6
169990,28819,FUN_5,FUN_4
169993,24464,FUN_4,FUN_3
169999,8765,FUN_1,FUN_2
170000,17459,FUN_4,FUN_3
170011,11490,FUN_2,FUN_1
170024,18752,FUN_2,FUN_3
170040,23129,FUN_2,FUN_1
170083,20386,CUBE_R,RET
170095,11366,FUN_3,FUN_2
170105,5012,FUN_3,FUN_2
170115,2481,FUN_5,FUN_4
170119,16204,FUN_2,FUN_1
170139,4668,RET,CUBE_L
170150,10223,FUN_3,FUN_2
170152,10223,FUN_2,FUN_3
170162,21460,FUN_4,FUN_5
170189,28316,FUN_2,FUN_3
170190,2597,FUN_1,FUN_2
170195,22609,CUBE_L,RET
170196,803,CUBE_L,RET
170206,14811,FUN_2,FUN_1
170220,22677,CUBE_R,RET
170285,25650,FUN_1,FUN_2
170291,10367,FUN_6,CUBE_R
170327,13839,CUBE_L,RET
170335,14859,FUN_6,FUN_5
170364,21926,FUN_3,FUN_2
170417,21896,FUN_1,FUN_2
170433,28154,FUN_4,FUN_5
170439,20386,RET,CUBE_R
170440,374,FUN_2,FUN_3
170447,2838,FUN_2,FUN_1
170451,23894,RET,CUBE_L
170458,11451,CUBE_L,RET
170468,8363,FUN_2,FUN_1
170481,23795,FUN_3,FUN_2
170501,12559,FUN_3,FUN_4
170520,7167,FUN_4,FUN_5
170533,23667,FUN_2,FUN_1
170539,20284,FUN_1,FUN_2
170564,5883,RET,CUBE_L
170565,10077,FUN_4,FUN_5
170628,21460,FUN_5,FUN_4
170655,1327,FUN_4,FUN_3
170657,27833,FUN_5,FUN_6
170673,10311,FUN_2,FUN_3
170683,29627,FUN_2,FUN_3
170763,29500,FUN_4,FUN_3
170778,9513,FUN_2,FUN_3
170794,25467,CUBE_L,FUN_1
170802,9260,FUN_4,FUN_3
170818,3629,FUN_2,FUN_3
170820,1845,FUN_2,FUN_3
170828,16495,CUBE_L,RET
170839,8353,FUN_3,FUN_4
170845,13277,CUBE_R,RET
170871,29538,FUN_1,CUBE_L
170885,9218,CUBE_R,RET
170898,6026,FUN_5,FUN_6
170904,22957,CUBE_L,RET
170933,1174,FUN_3,FUN_4
170938,21896,FUN_2,FUN_1
170971,6026,FUN_6,FUN_5
170979,6457,CUBE_R,RET
170985,26185,FUN_1,FUN_2
170992,28640,FUN_4,FUN_3
171014,28795,RET,CUBE_R
171031,21962,CUBE_L,RET
171039,447,CUBE_L,RET
171066,21235,FUN_5,FUN_6
171118,12349,FUN_3,FUN_4
171153,19247,CUBE_R,RET
171198,10082,FUN_1,FUN_2
171201,26178,FUN_3,FUN_2
171213,4732,FUN_2,FUN_1
171213,12572,FUN_2,FUN_1
171221,28081,FUN_2,FUN_3
171245,17845,FUN_1,CUBE_L
171248,13675,FUN_3,FUN_4
171255,3556,FUN_3,FUN_2
171259,3929,FUN_6,FUN_5
171268,17711,FUN_2,FUN_3
171269,18050,FUN_2,FUN_3
171319,27942,FUN_6,CUBE_R
171350,28015,FUN_2,FUN_1
171354,15744,FUN_2,FUN_3
171356,10919,CUBE_R,FUN_6
171365,17173,FUN_4,FUN_3
171380,5920,CUBE_R,RET
171383,110,FUN_1,CUBE_L
171387,9892,FUN_2,FUN_3
171404,25235,FUN_2,FUN_1
171421,6478,FUN_2,FUN_3
171432,29097,FUN_2,FUN_1
171433,19247,RET,CUBE_R
171434,4577,FUN_2,FUN_1
171435,26460,FUN_3,FUN_2
171437,12572,FUN_1,FUN_2
171437,25467,FUN_1,CUBE_L
171451,17845,CUBE_L,FUN_1
171460,10083,CUBE_L,FUN_1
171479,18924,CUBE_R,RET
171485,17942,CUBE_L,RET
171489,6026,FUN_5,FUN_6
171504,21461,FUN_4,FUN_5
171536,24487,RET,CUBE_L
171543,9684,FUN_2,FUN_3
171555,4577,FUN_1,FUN_2
171569,6626,FUN_3,FUN_2
171578,19796,FUN_2,FUN_1
171618,23095,RET,CUBE_R
171626,10734,FUN_2,FUN_3
171629,5108,FUN_1,FUN_2
171663,5012,FUN_2,FUN_3
171715,21215,FUN_2,FUN_1
171715,27274,CUBE_R,RET
171727,9391,FUN_3,FUN_2
171745,16287,CUBE_L,RET
171750,7240,FUN_5,FUN_4
171767,24477,FUN_3,FUN_4
171774,3282,FUN_4,FUN_3
171779,2967,RET,CUBE_R
171780,21528,FUN_5,FUN_6
171801,14386,FUN_1,CUBE_L
171810,14988,RET,CUBE_R
171813,10901,FUN_5,FUN_4
171840,27156,FUN_2,FUN_1
171849,22768,FUN_6,CUBE_R
171878,5683,FUN_3,FUN_2
171902,24770,FUN_1,FUN_2
171924,9159,FUN_3,FUN_4
171929,22609,RET,CUBE_L
171934,2660,FUN_3,FUN_2
171993,25235,FUN_1,FUN_2
172017,5767,FUN_1,FUN_2
172054,14562,FUN_3,FUN_2
172092,24477,FUN_4,FUN_3
172093,14872,FUN_2,FUN_3
172123,20340,FUN_2,FUN_3
172129,7267,FUN_2,FUN_1
172146,28237,CUBE_R,RET
172155,15133,CUBE_L,FUN_1
172166,28238,FUN_4,FUN_3
172174,11251,FUN_3,FUN_4
172224,11721,FUN_3,FUN_2
172224,20410,FUN_1,FUN_2
172254,17671,FUN_2,FUN_1
172265,5012,FUN_3,FUN_2
172284,26974,FUN_6,CUBE_R
172303,8790,FUN_3,FUN_2
172313,22193,RET,CUBE_R
172324,9282,CUBE_R,FUN_6
172328,15378,CUBE_L,FUN_1
172402,8747,RET,CUBE_R
172408,17252,RET,CUBE_R
172415,789,FUN_6,CUBE_R
172427,10282,FUN_1,FUN_2
172458,27156,FUN_1,FUN_2
172473,22143,FUN_6,FUN_5
172490,29475,FUN_2,FUN_1
172493,11366,FUN_2,FUN_3
172516,4298,CUBE_R,FUN_6
172568,16164,CUBE_R,RET
172575,1699,FUN_2,FUN_1
172598,9122,FUN_1,FUN_2
172609,3495,FUN_2,FUN_3
172646,6764,FUN_5,FUN_6
172652,2045,FUN_3,FUN_2
172657,28375,FUN_3,FUN_4
172690,28375,FUN_4,FUN_3
172697,24347,FUN_3,FUN_2
172703,28375,FUN_3,FUN_4
172706,24799,FUN_4,FUN_5
172708,28462,FUN_5,FUN_4
172710,28375,FUN_4,FUN_3
172733,3760,FUN_4,FUN_3
172733,7127,RET,CUBE_R
172733,7955,FUN_1,FUN_2
172756,9275,CUBE_L,RET
172777,9218,RET,CUBE_R
172777,27942,CUBE_R,FUN_6
172780,28375,FUN_3,FUN_4
172781,25256,FUN_4,FUN_5
172788,28281,FUN_4,FUN_3
172790,13257,CUBE_R,RET
172796,22186,FUN_1,FUN_2
172819,24770,FUN_2,FUN_1
172820,10077,FUN_5,FUN_4
172835,19558,FUN_2,FUN_3
172838,3111,CUBE_R,RET
172864,7912,FUN_2,FUN_1
172933,10901,FUN_4,FUN_5
172953,15849,FUN_3,FUN_4
172972,15672,FUN_3,FUN_2
172976,16098,FUN_1,FUN_2
172982,17671,FUN_1,FUN_2
172986,9159,FUN_4,FUN_3
172996,12572,FUN_2,FUN_1
173039,6026,FUN_6,FUN_5
173053,3583,FUN_2,FUN_1
173073,6602,FUN_3,FUN_4
173078,28238,FUN_3,FUN_4
173084,2269,FUN_2,FUN_3
173101,19374,FUN_3,FUN_2
173133,9391,FUN_2,FUN_3
173144,22992,FUN_4,FUN_5
173177,10179,FUN_1,FUN_2
173178,10901,FUN_5,FUN_4
173184,29538,CUBE_L,FUN_1
173196,28372,CUBE_L,RET
173221,16495,RET,CUBE_L
173225,28372,RET,CUBE_L
173236,24120,FUN_5,FUN_4
173242,29538,FUN_1,CUBE_L
173259,17252,CUBE_R,RET
173263,26663,FUN_3,FUN_2
173269,7267,FUN_1,FUN_2
173272,29538,CUBE_L,FUN_1
173277,7390,FUN_1,FUN_2
173282,11768,FUN_2,FUN_3
173298,20348,FUN_2,FUN_3
173327,10383,CUBE_R,RET
173336,5920,RET,CUBE_R
173454,28238,FUN_4,FUN_3
173455,9218,CUBE_R,RET
173455,11909,FUN_2,FUN_1
173466,4732,FUN_1,FUN_2
173476,26460,FUN_2,FUN_3
173479,28375,FUN_4,FUN_3
173503,28238,FUN_3,FUN_4
173512,9218,RET,CUBE_R
173551,9704,FUN_6,CUBE_R
173564,25123,FUN_2,FUN_3
173597,20011,FUN_5,FUN_4
173741,28640,FUN_3,FUN_4
173747,10460,FUN_4,FUN_3
173759,374,FUN_3,FUN_2
173765,21662,FUN_3,FUN_2
173768,23347,RET,CUBE_R
173768,28372,CUBE_L,RET
173807,20658,FUN_4,FUN_3
173828,6067,FUN_5,FUN_4
173853,8933,FUN_2,FUN_3
173941,14298,FUN_1,CUBE_L
173957,19558,FUN_3,FUN_2
173981,5924,FUN_2,FUN_1
173992,17167,FUN_1,FUN_2
174004,17942,RET,CUBE_L
174008,17269,CUBE_L,RET
174055,14086,CUBE_L,FUN_1
174086,10223,FUN_3,FUN_2
174132,7127,CUBE_R,RET
174134,16287,RET,CUBE_L
174137,28372,RET,CUBE_L
174144,17117,RET,CUBE_R
174150,26178,FUN_2,FUN_3
174151,10773,FUN_4,FUN_5
174151,21235,FUN_6,FUN_5
174152,22404,FUN_2,FUN_3
174162,22440,FUN_3,FUN_4
174162,28462,FUN_4,FUN_5
174196,20211,FUN_5,FUN_6
174215,10931,FUN_3,FUN_2
174231,5920,CUBE_R,RET
174237,10919,FUN_6,CUBE_R
174258,1805,FUN_4,FUN_5
174263,28372,CUBE_L,RET
174300,17671,FUN_2,FUN_1
174300,16495,CUBE_L,RET
174313,28120,FUN_2,FUN_1
174329,25226,FUN_2,FUN_3
174337,19005,RET,CUBE_R
174390,22134,FUN_3,FUN_2
174399,3583,FUN_1,FUN_2
174414,23667,FUN_1,FUN_2
174457,6602,FUN_4,FUN_3
174463,4314,FUN_2,FUN_1
174464,17671,FUN_1,FUN_2
174484,2440,CUBE_L,RET
174500,23667,FUN_2,FUN_1
174517,11784,FUN_2,FUN_1
174538,956,FUN_3,FUN_4
174554,9391,FUN_3,FUN_2
174555,20470,FUN_1,FUN_2
174561,6123,FUN_1,FUN_2
174600,21135,FUN_2,FUN_1
174618,26379,RET,CUBE_L
174625,26320,FUN_3,FUN_4
174642,3138,CUBE_L,RET
174673,27942,FUN_6,CUBE_R
174681,7561,CUBE_R,RET
174685,22134,FUN_2,FUN_3
174692,3054,FUN_3,FUN_2
174692,20668,RET,CUBE_R
174694,12223,FUN_5,FUN_6
174699,21461,FUN_5,FUN_4
174752,21817,FUN_2,FUN_3
174771,8918,FUN_1,FUN_2
174782,7390,FUN_2,FUN_1
174789,19670,FUN_4,FUN_3
174819,29475,FUN_1,FUN_2
174832,9275,RET,CUBE_L
174849,2146,CUBE_L,RET
174856,24799,FUN_5,FUN_4
174867,23197,FUN_4,FUN_3
174874,17117,CUBE_R,RET
174913,10272,FUN_4,FUN_5
174916,4275,FUN_3,FUN_4
174960,10919,CUBE_R,FUN_6
174963,29220,FUN_1,CUBE_L
175014,7144,FUN_2,FUN_3
175022,28447,CUBE_R,RET
175029,21135,FUN_1,FUN_2
175040,14200,FUN_4,FUN_3
175050,29104,FUN_3,FUN_2
175067,6026,FUN_5,FUN_6
175107,20348,FUN_3,FUN_2
175120,21461,FUN_4,FUN_5
175124,28375,FUN_3,FUN_4
175127,25226,FUN_3,FUN_2
175130,7178,FUN_5,FUN_4
175136,4776,FUN_2,FUN_3
175159,5123,FUN_2,FUN_1
175195,27343,FUN_1,FUN_2
175206,27343,FUN_2,FUN_1
175225,3054,FUN_2,FUN_3
175234,7955,FUN_2,FUN_1
175259,13979,FUN_4,FUN_5
175276,26375,FUN_6,FUN_5
175282,12549,RET,CUBE_R
175283,12905,RET,CUBE_R
175293,6626,FUN_2,FUN_3
175294,2724,FUN_3,FUN_2
175306,14872,FUN_3,FUN_2
175340,17040,FUN_1,FUN_2
175360,11939,CUBE_L,FUN_1
175371,396,FUN_3,FUN_2
175381,8363,FUN_1,FUN_2
175386,18622,FUN_6,FUN_5
175388,25226,FUN_2,FUN_3
175404,11939,FUN_1,CUBE_L
175428,892,CUBE_L,RET
175442,21135,FUN_2,FUN_1
175447,10920,FUN_1,FUN_2
175469,25754,FUN_3,FUN_2
175503,9056,FUN_3,FUN_4
175548,5920,RET,CUBE_R
175569,22775,FUN_3,FUN_2
175577,28372,RET,CUBE_L
175583,24770,FUN_1,FUN_2
175600,3420,CUBE_R,FUN_6
175620,5007,FUN_1,FUN_2
175626,5012,FUN_2,FUN_3
175637,8107,FUN_4,FUN_3
175647,14249,CUBE_L,RET
175672,2923,RET,CUBE_L
175674,892,RET,CUBE_L
175685,10899,FUN_4,FUN_3
175712,29137,CUBE_L,RET
175715,26105,FUN_6,FUN_5
175716,29475,FUN_2,FUN_1
175725,21460,FUN_4,FUN_5
175727,12803,FUN_3,FUN_2
175742,23661,CUBE_R,FUN_6
175752,29117,FUN_1,FUN_2
175755,789,CUBE_R,FUN_6
175767,9391,FUN_2,FUN_3
175795,28983,CUBE_R,RET
175798,15312,CUBE_R,RET
175799,26897,FUN_2,FUN_3
175837,754,FUN_2,FUN_3
175846,14811,FUN_1,FUN_2
175870,10223,FUN_2,FUN_3
175884,18622,FUN_5,FUN_6
175906,21215,FUN_1,FUN_2
175932,6532,FUN_3,FUN_2
175971,18752,FUN_3,FUN_2
176006,16648,FUN_6,CUBE_R
176034,4970,FUN_2,FUN_3
176040,19918,CUBE_L,RET
176047,28015,FUN_1,FUN_2
176083,25928,FUN_3,FUN_2
176089,28447,RET,CUBE_R
176099,10355,FUN_6,CUBE_R
176119,24347,FUN_2,FUN_3
176134,7955,FUN_1,FUN_2
176138,14811,FUN_2,FUN_1
176150,2597,FUN_2,FUN_1
176175,22816,FUN_3,FUN_2
176200,5123,FUN_1,FUN_2
176250,26755,FUN_6,CUBE_R
176257,28462,FUN_5,FUN_4
176261,15714,FUN_3,FUN_2
176267,18050,FUN_3,FUN_2
176269,14291,RET,CUBE_R
176316,26663,FUN_2,FUN_3
176339,21461,FUN_5,FUN_4
176357,22134,FUN_3,FUN_2
176367,26105,FUN_5,FUN_6
176369,5660,FUN_2,FUN_1
176407,9056,FUN_4,FUN_3
176408,4644,FUN_3,FUN_2
176436,388,FUN_3,FUN_2
176443,2034,CUBE_L,FUN_1
176445,27487,FUN_3,FUN_4
176518,14386,CUBE_L,FUN_1
176519,9391,FUN_3,FUN_2
176533,13657,FUN_5,FUN_6
176535,19367,FUN_6,FUN_5
176542,9159,FUN_3,FUN_4
176547,1725,FUN_2,FUN_1
176595,6974,FUN_3,FUN_2
176605,26268,FUN_2,FUN_1
176659,15520,RET,CUBE_L
176665,28375,FUN_4,FUN_3
176666,9159,FUN_4,FUN_3
176680,7144,FUN_3,FUN_2
176686,27411,RET,CUBE_L
176695,9159,FUN_3,FUN_4
176708,14086,FUN_1,CUBE_L
176732,6593,FUN_2,FUN_3
176746,6123,FUN_2,FUN_1
176759,11277,FUN_5,FUN_6
176777,28832,FUN_2,FUN_3
176778,20386,CUBE_R,RET
176818,775,FUN_3,FUN_2
176835,14811,FUN_1,FUN_2
176843,4146,FUN_3,FUN_4
176849,13639,RET,CUBE_L
176859,18622,FUN_6,FUN_5
176922,23661,FUN_6,CUBE_R
177035,15223,FUN_4,FUN_3
177059,10920,FUN_2,FUN_1
177084,25467,CUBE_L,FUN_1
177091,3755,FUN_2,FUN_3
177111,10063,FUN_5,FUN_6
177111,26460,FUN_3,FUN_2
177132,23850,FUN_4,FUN_3
177156,19039,FUN_4,FUN_5
177166,364,FUN_2,FUN_3
177167,29117,FUN_2,FUN_1
177191,24851,FUN_3,FUN_4
177200,29097,FUN_1,FUN_2
177228,12736,CUBE_L,RET
177282,13733,FUN_2,FUN_1
177286,26897,FUN_3,FUN_2
177348,13277,RET,CUBE_R
177355,5924,FUN_1,FUN_2
177361,6810,FUN_3,FUN_4
177366,2782,FUN_2,FUN_1
177367,28722,FUN_3,FUN_2
177404,9060,FUN_5,FUN_6
177411,25439,CUBE_L,RET
177417,4146,FUN_4,FUN_3
177421,9112,FUN_4,FUN_3
177422,7955,FUN_2,FUN_1
177469,14811,FUN_2,FUN_1
177471,2660,FUN_2,FUN_3
177474,26349,FUN_1,FUN_2
177477,15714,FUN_2,FUN_3
177479,5123,FUN_2,FUN_1
177490,2677,RET,CUBE_R
177507,16087,CUBE_L,FUN_1
177540,21215,FUN_2,FUN_1
177550,28606,FUN_2,FUN_1
177554,2800,RET,CUBE_R
177569,7955,FUN_1,FUN_2
177571,10272,FUN_5,FUN_4
177578,168,FUN_3,FUN_4
177609,1246,FUN_2,FUN_1
177640,20668,CUBE_R,RET
177677,19247,CUBE_R,RET
177698,26548,FUN_3,FUN_2
177739,22664,CUBE_R,RET
177747,25754,FUN_2,FUN_3
177770,20668,RET,CUBE_R
177792,8798,FUN_3,FUN_2
177806,21135,FUN_1,FUN_2
177810,13150,FUN_3,FUN_4
177828,8824,CUBE_R,RET
177864,19385,CUBE_R,RET
177871,27274,RET,CUBE_R
177879,14811,FUN_1,FUN_2
177889,23631,FUN_3,FUN_2
177891,29154,FUN_3,FUN_4
177975,18928,FUN_2,FUN_3
177987,20668,CUBE_R,RET
178006,28372,CUBE_L,RET
178016,23076,FUN_4,FUN_3
178027,15054,FUN_5,FUN_4
178035,4970,FUN_3,FUN_2
178059,1625,FUN_2,FUN_1
178074,10919,FUN_6,CUBE_R
178085,14086,CUBE_L,FUN_1
178089,5123,FUN_1,FUN_2
178107,29154,FUN_4,FUN_3
178143,13639,CUBE_L,RET
178148,20668,RET,CUBE_R
178151,2685,FUN_6,CUBE_R
178192,11939,CUBE_L,FUN_1
178205,16648,CUBE_R,FUN_6
178217,12905,CUBE_R,RET
178278,23131,CUBE_R,RET
178318,14876,FUN_1,FUN_2
178323,1246,FUN_1,FUN_2
178332,7240,FUN_4,FUN_5
178362,2312,CUBE_R,RET
178383,18207,FUN_3,FUN_4
178397,24464,FUN_3,FUN_4
178401,28606,FUN_1,FUN_2
178425,17227,FUN_3,FUN_4
178431,4882,RET,CUBE_R
178449,13092,FUN_5,FUN_6
178475,19041,FUN_3,FUN_2
178492,14743,FUN_2,FUN_3
178538,15672,FUN_2,FUN_3
178576,26533,CUBE_L,FUN_1
178597,11401,FUN_4,FUN_3
178612,5920,CUBE_R,RET
178636,9504,RET,CUBE_L
178655,26268,FUN_1,FUN_2
178659,26595,FUN_1,FUN_2
178686,2312,RET,CUBE_R
178687,13639,RET,CUBE_L
178702,20658,FUN_3,FUN_4
178723,22294,CUBE_L,RET
178723,27468,CUBE_L,RET
178742,17252,RET,CUBE_R
178759,12905,RET,CUBE_R
178805,21969,FUN_2,FUN_1
178822,11578,FUN_3,FUN_2
178828,14700,CUBE_L,RET
178836,26349,FUN_2,FUN_1
178837,27193,RET,CUBE_L
178854,10350,FUN_3,FUN_2
178857,2782,FUN_1,FUN_2
178870,18661,FUN_2,FUN_1
178873,2312,CUBE_R,RET
178882,8798,FUN_2,FUN_3
178906,28415,FUN_3,FUN_4
178909,26897,FUN_2,FUN_3
178911,24861,FUN_4,FUN_3
178930,8669,FUN_4,FUN_5
178984,24422,RET,CUBE_L
179001,12578,FUN_6,FUN_5
179010,28832,FUN_3,FUN_2
179028,6602,FUN_3,FUN_4
179041,27942,CUBE_R,FUN_6
179066,13277,CUBE_R,RET
179068,1631,CUBE_R,FUN_6
179072,10469,RET,CUBE_L
179083,19025,FUN_3,FUN_2
179159,19748,CUBE_R,RET
179165,13639,CUBE_L,RET
179169,9989,RET,CUBE_R
179237,12474,FUN_3,FUN_4
179257,17252,CUBE_R,RET
179278,26595,FUN_2,FUN_1
179312,5007,FUN_2,FUN_1
179345,9430,FUN_2,FUN_1
179365,28372,RET,CUBE_L
179386,731,CUBE_L,FUN_1
179400,11490,FUN_1,FUN_2
179403,18225,FUN_4,FUN_5
179403,21135,FUN_2,FUN_1
179409,28120,FUN_1,FUN_2
179413,14743,FUN_3,FUN_2
179427,20011,FUN_4,FUN_5
179429,15039,FUN_4,FUN_5
179461,17252,RET,CUBE_R
179464,10469,CUBE_L,RET
179507,110,CUBE_L,FUN_1
179525,3285,FUN_3,FUN_2
179534,22134,FUN_2,FUN_3
179539,29153,FUN_1,CUBE_L
179560,28778,FUN_1,CUBE_L
179661,7395,FUN_3,FUN_4
179679,19025,FUN_2,FUN_3
179683,11430,CUBE_L,RET
179685,29154,FUN_3,FUN_4
179698,2440,RET,CUBE_L
179710,25960,FUN_3,FUN_2
179731,25467,FUN_1,CUBE_L
179741,20197,FUN_3,FUN_2
179750,13099,FUN_1,FUN_2
179762,8824,RET,CUBE_R
179772,14743,FUN_2,FUN_3
179773,15409,CUBE_R,RET
179794,8380,FUN_2,FUN_1
179833,4349,FUN_6,CUBE_R
179843,23838,FUN_2,FUN_1
179854,13807,FUN_3,FUN_2
179868,26897,FUN_3,FUN_2
179901,18851,FUN_2,FUN_1
179938,12627,CUBE_R,FUN_6
179949,15260,FUN_2,FUN_3
179960,15804,FUN_6,CUBE_R
179962,388,FUN_2,FUN_3
179978,6478,FUN_3,FUN_2
180001,9430,FUN_1,FUN_2
180020,4509,FUN_5,FUN_6
180043,12264,FUN_4,FUN_5
180051,8798,FUN_3,FUN_2
180056,789,FUN_6,CUBE_R
180060,17252,CUBE_R,RET
180117,5007,FUN_1,FUN_2
180147,21969,FUN_1,FUN_2
180149,27468,RET,CUBE_L
180170,14811,FUN_2,FUN_1
180170,18517,FUN_3,FUN_2
180197,7390,FUN_1,FUN_2
180207,11550,FUN_1,FUN_2
180207,19179,CUBE_R,FUN_6
180224,2312,RET,CUBE_R
180233,14743,FUN_3,FUN_2
180256,15520,CUBE_L,RET
180263,786,FUN_4,FUN_3
180267,8798,FUN_2,FUN_3
180291,898,FUN_3,FUN_2
180302,7326,FUN_1,FUN_2
180307,14386,FUN_1,CUBE_L
180351,25928,FUN_2,FUN_3
180373,4274,FUN_6,CUBE_R
180377,19039,FUN_5,FUN_4
180385,3794,CUBE_R,FUN_6
180386,6478,FUN_2,FUN_3
180393,29443,FUN_3,FUN_2
180428,24226,FUN_2,FUN_3
180429,28447,CUBE_R,RET
180433,26755,CUBE_R,FUN_6
180441,9275,CUBE_L,RET
180492,18225,FUN_5,FUN_4
180505,6933,FUN_6,FUN_5
180513,663,CUBE_R,RET
180534,5576,FUN_4,FUN_3
180535,21517,FUN_6,FUN_5
180543,14683,FUN_4,FUN_3
180547,11490,FUN_2,FUN_1
180560,7620,FUN_2,FUN_3
180576,8270,FUN_3,FUN_2
180579,24949,FUN_1,FUN_2
180580,13092,FUN_6,FUN_5
180581,12264,FUN_5,FUN_4
180585,6232,CUBE_L,RET
180601,21627,FUN_3,FUN_2
180602,19804,RET,CUBE_L
180628,17117,RET,CUBE_R
180641,2211,FUN_2,FUN_1
180665,10469,RET,CUBE_L
180711,21896,FUN_1,FUN_2
180715,8270,FUN_2,FUN_3
180732,23691,FUN_3,FUN_2
180738,6903,FUN_3,FUN_2
180739,18517,FUN_2,FUN_3
180760,18219,CUBE_R,FUN_6
180774,15156,FUN_5,FUN_6
180776,26533,FUN_1,CUBE_L
180786,2660,FUN_3,FUN_2
180822,7982,FUN_2,FUN_3
180824,14683,FUN_3,FUN_4
180830,3102,CUBE_R,FUN_6
180839,2659,FUN_4,FUN_3
180866,3885,RET,CUBE_R
180889,7390,FUN_2,FUN_1
180904,24945,FUN_2,FUN_1
180918,21517,FUN_5,FUN_6
180922,9282,FUN_6,CUBE_R
180984,24589,RET,CUBE_R
180986,4314,FUN_1,FUN_2
180995,12341,FUN_3,FUN_2
181024,5683,FUN_2,FUN_3
181025,7127,RET,CUBE_R
181032,2722,FUN_2,FUN_1
181044,9430,FUN_2,FUN_1
181060,20645,FUN_2,FUN_1
181078,11696,FUN_3,FUN_4
181080,19092,FUN_3,FUN_4
181096,15813,CUBE_L,RET
181097,18894,FUN_2,FUN_3
181113,898,FUN_2,FUN_3
181114,5876,RET,CUBE_R
181130,28660,FUN_4,FUN_3
181186,11578,FUN_2,FUN_3
181226,3885,CUBE_R,RET
181229,28375,FUN_3,FUN_4
181243,18873,FUN_4,FUN_3
181245,9056,FUN_3,FUN_4
181248,3518,CUBE_R,FUN_6
181261,2923,CUBE_L,RET
181281,7390,FUN_1,FUN_2
181284,6933,FUN_5,FUN_6
181315,17529,FUN_3,FUN_4
181328,789,CUBE_R,FUN_6
181339,2597,FUN_1,FUN_2
181339,5743,FUN_3,FUN_4
181359,26897,FUN_2,FUN_3
181376,3885,RET,CUBE_R
181395,4743,FUN_5,FUN_4
181419,22339,FUN_3,FUN_2
181424,5899,FUN_3,FUN_2
181434,23692,CUBE_R,FUN_6
181506,12213,FUN_2,FUN_1
181509,25439,RET,CUBE_L
181512,3102,FUN_6,CUBE_R
181532,29913,CUBE_L,RET
181535,28778,CUBE_L,FUN_1
181571,2677,CUBE_R,RET
181585,20504,FUN_3,FUN_2
181624,29137,RET,CUBE_L
181625,26695,CUBE_L,RET
181632,19179,FUN_6,CUBE_R
181636,2838,FUN_1,FUN_2
181636,10179,FUN_2,FUN_1
181655,6071,FUN_1,FUN_2
181664,1805,FUN_5,FUN_4
181674,10082,FUN_2,FUN_1
181697,2713,CUBE_R,RET
181713,789,FUN_6,CUBE_R
181742,10282,FUN_2,FUN_1
181805,26349,FUN_1,FUN_2
181819,27833,FUN_6,FUN_5
181820,25682,FUN_4,FUN_3
181826,18797,FUN_6,CUBE_R
181864,21426,FUN_3,FUN_2
181900,825,FUN_2,FUN_1
181901,11366,FUN_3,FUN_2
181905,21135,FUN_1,FUN_2
181929,12572,FUN_1,FUN_2
181948,1541,FUN_1,FUN_2
181952,11978,FUN_3,FUN_2
181979,2334,RET,CUBE_R
182024,29443,FUN_2,FUN_3
182091,2677,RET,CUBE_R
182093,8933,FUN_3,FUN_2
182101,20077,FUN_6,CUBE_R
182128,4843,FUN_3,FUN_2
182129,5899,FUN_2,FUN_3
182134,4644,FUN_2,FUN_3
182139,18207,FUN_4,FUN_3
182164,15342,CUBE_R,RET
182193,25637,RET,CUBE_R
182196,19385,RET,CUBE_R
182201,5203,FUN_5,FUN_4
182206,10312,CUBE_L,RET
182236,26320,FUN_4,FUN_3
182298,27384,CUBE_L,FUN_1
182301,3111,RET,CUBE_R
182345,28447,RET,CUBE_R
182362,21793,CUBE_L,RET
182372,22797,FUN_2,FUN_3
182382,10179,FUN_1,FUN_2
182393,12474,FUN_4,FUN_3
182404,6180,FUN_3,FUN_2
182407,2659,FUN_3,FUN_4
182420,2045,FUN_2,FUN_3
182423,19385,CUBE_R,RET
182456,8022,FUN_2,FUN_1
182457,7955,FUN_2,FUN_1
182478,16587,FUN_2,FUN_1
182479,4843,FUN_2,FUN_3
182479,20137,FUN_5,FUN_4
182485,25637,CUBE_R,RET
182486,26897,FUN_3,FUN_2
182495,18695,FUN_4,FUN_3
182508,6532,FUN_2,FUN_3
182530,8839,FUN_2,FUN_3
182545,25928,FUN_3,FUN_2
182547,4274,CUBE_R,FUN_6
182558,2724,FUN_2,FUN_3
182591,22831,CUBE_L,FUN_1
182591,26930,FUN_3,FUN_2
182614,25928,FUN_2,FUN_3
182617,26460,FUN_2,FUN_3
182623,15520,RET,CUBE_L
182670,2201,FUN_3,FUN_2
182706,6180,FUN_2,FUN_3
182728,3111,CUBE_R,RET
182749,3885,CUBE_R,RET
182755,25928,FUN_3,FUN_2
182764,13865,FUN_4,FUN_3
182796,160,CUBE_R,FUN_6
182801,13025,FUN_3,FUN_4
182802,9275,RET,CUBE_L
182803,3285,FUN_2,FUN_3
182818,2838,FUN_2,FUN_1
182819,3760,FUN_3,FUN_4
182889,20167,FUN_1,FUN_2
182890,1805,FUN_4,FUN_5
182895,16164,RET,CUBE_R
182906,15497,CUBE_L,RET
182930,25637,RET,CUBE_R
182954,7557,CUBE_L,RET
182979,22797,FUN_3,FUN_2
183007,9275,CUBE_L,RET
183010,10773,FUN_5,FUN_4
183037,15133,FUN_1,CUBE_L
183040,21042,FUN_3,FUN_2
183044,28120,FUN_2,FUN_1
183054,6477,CUBE_R,FUN_6
183054,21627,FUN_2,FUN_3
183082,15054,FUN_4,FUN_5
183091,9275,RET,CUBE_L
183096,14700,RET,CUBE_L
183104,16699,FUN_4,FUN_3
183105,19748,RET,CUBE_R
183111,13099,FUN_2,FUN_1
183114,19039,FUN_4,FUN_5
183123,24715,FUN_4,FUN_3
183156,26755,FUN_6,CUBE_R
183177,9196,FUN_2,FUN_3
183180,26533,CUBE_L,FUN_1
183181,6562,CUBE_R,RET
183194,25928,FUN_2,FUN_3
183196,9056,FUN_4,FUN_3
183201,24044,FUN_2,FUN_1
183205,19300,CUBE_L,RET
183213,5819,FUN_2,FUN_1
183231,5660,FUN_1,FUN_2
183234,6180,FUN_3,FUN_2
183241,24044,FUN_1,FUN_2
183244,2812,FUN_1,FUN_2
183255,24044,FUN_2,FUN_1
183257,12578,FUN_5,FUN_6
183270,24044,FUN_1,FUN_2
183292,15815,FUN_2,FUN_1
183305,11500,FUN_2,FUN_1
183307,24044,FUN_2,FUN_1
183311,21517,FUN_6,FUN_5
183315,29111,FUN_4,FUN_3
183326,19025,FUN_3,FUN_2
183354,8363,FUN_2,FUN_1
183363,24044,FUN_1,FUN_2
183389,14266,FUN_5,FUN_4
183398,20011,FUN_5,FUN_4
183404,24283,FUN_3,FUN_4
183419,15464,FUN_1,FUN_2
183435,26498,FUN_1,CUBE_L
183435,23692,FUN_6,CUBE_R
183479,19084,FUN_2,FUN_3
183488,10312,RET,CUBE_L
183499,20077,CUBE_R,FUN_6
183525,4015,CUBE_L,FUN_1
183525,16524,FUN_6,CUBE_R
183581,7390,FUN_2,FUN_1
183590,28372,CUBE_L,RET
183603,12788,CUBE_L,RET
183623,22408,FUN_3,FUN_2
183633,18542,FUN_4,FUN_3
183638,6903,FUN_2,FUN_3
183651,892,CUBE_L,RET
183658,13761,FUN_5,FUN_4
183672,2386,FUN_4,FUN_5
183682,17117,CUBE_R,RET
183700,21896,FUN_2,FUN_1
183774,20141,RET,CUBE_R
183777,29455,FUN_2,FUN_3
183797,3111,RET,CUBE_R
183814,21123,FUN_2,FUN_3
183819,13351,FUN_3,FUN_4
183819,25256,FUN_5,FUN_4
183822,20445,FUN_3,FUN_2
183840,8765,FUN_2,FUN_1
183842,13099,FUN_1,FUN_2
183869,14865,FUN_1,FUN_2
183882,23838,FUN_1,FUN_2
183929,18490,FUN_5,FUN_4
183969,9736,FUN_2,FUN_1
183969,13761,FUN_4,FUN_5
183978,20077,FUN_6,CUBE_R
183981,13865,FUN_3,FUN_4
183982,7240,FUN_5,FUN_4
184021,16699,FUN_3,FUN_4
184038,690,CUBE_R,FUN_6
184064,25030,FUN_3,FUN_2
184068,19367,FUN_5,FUN_6
184095,24715,FUN_3,FUN_4
184123,8669,FUN_5,FUN_4
184151,3736,CUBE_R,FUN_6
184171,8552,RET,CUBE_L
184182,8363,FUN_1,FUN_2
184195,13513,FUN_2,FUN_1
184200,17517,FUN_3,FUN_4
184201,19847,FUN_4,FUN_3
184224,29443,FUN_3,FUN_2
184231,10153,FUN_4,FUN_5
184259,10312,CUBE_L,RET
184281,15927,CUBE_L,RET
184282,5677,FUN_5,FUN_4
184331,28375,FUN_4,FUN_3
184341,23246,RET,CUBE_R
184353,15260,FUN_3,FUN_2
184365,6071,FUN_2,FUN_1
184370,9146,FUN_2,FUN_3
184377,26930,FUN_2,FUN_3
184414,2565,FUN_3,FUN_2
184414,12788,RET,CUBE_L
184442,13865,FUN_4,FUN_3
184446,21627,FUN_3,FUN_2
184448,12213,FUN_1,FUN_2
184456,1805,FUN_5,FUN_4
184475,2724,FUN_3,FUN_2
184480,2659,FUN_4,FUN_3
184488,9391,FUN_2,FUN_3
184498,18207,FUN_3,FUN_4
184501,10383,RET,CUBE_R
184506,22082,CUBE_R,FUN_6
184536,11490,FUN_1,FUN_2
184536,24589,CUBE_R,RET
184544,23485,FUN_3,FUN_2
184559,11747,CUBE_L,RET
184597,3138,RET,CUBE_L
184606,18661,FUN_1,FUN_2
184624,15409,RET,CUBE_R
184626,9163,FUN_4,FUN_3
184650,12213,FUN_2,FUN_1
184660,25256,FUN_4,FUN_5
184687,24807,FUN_4,FUN_3
184689,25691,FUN_2,FUN_3
184715,14872,FUN_2,FUN_3
184733,10282,FUN_1,FUN_2
184738,3138,CUBE_L,RET
184748,393,FUN_2,FUN_3
184755,23838,FUN_2,FUN_1
184802,20258,CUBE_R,FUN_6
184808,15464,FUN_2,FUN_1
184815,23996,CUBE_L,RET
184820,2201,FUN_2,FUN_3
184836,10383,CUBE_R,RET
184865,26548,FUN_2,FUN_3
184870,6180,FUN_2,FUN_3
184893,374,FUN_2,FUN_3
184902,499,RET,CUBE_R
184903,14562,FUN_2,FUN_3
184903,19025,FUN_2,FUN_3
184933,3629,FUN_3,FUN_2
184984,2670,CUBE_L,RET
184989,20445,FUN_2,FUN_3
184991,21627,FUN_2,FUN_3
185029,8017,RET,CUBE_R
185030,26484,CUBE_R,FUN_6
185043,8270,FUN_3,FUN_2
185048,6123,FUN_1,FUN_2
185064,12792,RET,CUBE_R
185066,8202,FUN_5,FUN_6
185090,21969,FUN_2,FUN_1
185094,10383,RET,CUBE_R
185103,3755,FUN_3,FUN_2
185129,3767,FUN_2,FUN_1
185130,3623,CUBE_L,RET
185156,23838,FUN_1,FUN_2
185157,1588,FUN_3,FUN_2
185162,5286,FUN_1,CUBE_L
185164,3170,FUN_3,FUN_2
185176,16241,FUN_2,FUN_3
185195,5602,FUN_2,FUN_1
185197,12028,CUBE_L,RET
185204,10678,FUN_2,FUN_1
185211,29304,FUN_2,FUN_1
185212,27397,FUN_3,FUN_2
185220,7032,FUN_3,FUN_2
185228,18518,FUN_3,FUN_2
185257,15816,FUN_2,FUN_3
185287,12213,FUN_1,FUN_2
185355,25256,FUN_5,FUN_4
185358,9430,FUN_1,FUN_2
185359,17368,FUN_4,FUN_3
185361,22082,FUN_6,CUBE_R
185369,13976,FUN_4,FUN_5
185393,29304,FUN_1,FUN_2
185394,15714,FUN_3,FUN_2
185397,25256,FUN_4,FUN_5
185420,25256,FUN_5,FUN_4
185458,9260,FUN_3,FUN_4
185464,21460,FUN_5,FUN_4
185466,848,FUN_4,FUN_3
185467,2565,FUN_2,FUN_3
185511,26600,CUBE_R,FUN_6
185529,29304,FUN_2,FUN_1
185548,12771,FUN_4,FUN_3
185550,1625,FUN_1,FUN_2
185627,2201,FUN_3,FUN_2
185653,12932,FUN_2,FUN_3
185679,17343,FUN_4,FUN_3
185683,24833,RET,CUBE_L
185690,825,FUN_1,FUN_2
185700,22957,RET,CUBE_L
185707,22720,FUN_3,FUN_4
185707,26595,FUN_1,FUN_2
185714,2713,RET,CUBE_R
185723,16098,FUN_2,FUN_3
185730,10375,FUN_3,FUN_2
185743,26930,FUN_3,FUN_2
185760,8669,FUN_4,FUN_5
185780,4146,FUN_3,FUN_4
185786,21980,CUBE_L,FUN_1
185793,14872,FUN_3,FUN_2
185802,20225,FUN_4,FUN_3
185837,3053,FUN_3,FUN_2
185839,19367,FUN_6,FUN_5
185863,25450,FUN_1,CUBE_L
185906,27156,FUN_2,FUN_1
185914,2724,FUN_2,FUN_3
185920,18490,FUN_4,FUN_5
185925,2565,FUN_3,FUN_2
185961,848,FUN_3,FUN_4
185983,29556,CUBE_L,FUN_1
185995,3170,FUN_2,FUN_3
186023,2724,FUN_3,FUN_2
186063,9122,FUN_2,FUN_1
186088,499,CUBE_R,RET
186111,14756,FUN_5,FUN_4
186123,8353,FUN_4,FUN_3
186173,18853,FUN_3,FUN_2
186191,28819,FUN_4,FUN_5
186200,10082,FUN_1,FUN_2
186200,26731,CUBE_R,FUN_6
186201,12062,FUN_6,FUN_5
186227,20903,RET,CUBE_R
186230,3755,FUN_2,FUN_3
186281,11500,FUN_1,FUN_2
186319,16063,FUN_1,CUBE_L
186325,15245,CUBE_R,RET
186337,3755,FUN_3,FUN_2
186381,10082,FUN_2,FUN_1
186382,3755,FUN_2,FUN_3
186412,15816,FUN_3,FUN_2
186464,7061,FUN_4,FUN_3
186476,9282,CUBE_R,FUN_6
186488,6478,FUN_3,FUN_2
186501,17360,RET,CUBE_R
186506,7662,FUN_2,FUN_1
186522,11277,FUN_6,FUN_5
186533,9548,FUN_1,FUN_2
186549,499,RET,CUBE_R
186568,25235,FUN_2,FUN_1
186614,1805,FUN_4,FUN_5
186620,27915,CUBE_R,RET
186626,2406,FUN_4,FUN_3
186637,29117,FUN_1,FUN_2
186641,10920,FUN_1,FUN_2
186649,6478,FUN_2,FUN_3
186651,4743,FUN_4,FUN_5
186653,23631,FUN_2,FUN_3
186657,8380,FUN_1,FUN_2
186670,13089,CUBE_L,RET
186689,5286,CUBE_L,FUN_1
186706,7008,FUN_1,FUN_2
186712,6478,FUN_3,FUN_2
186714,21793,RET,CUBE_L
186760,18302,FUN_4,FUN_3
186783,26930,FUN_2,FUN_3
186795,20755,FUN_5,FUN_4
186813,29576,RET,CUBE_R
186814,23838,FUN_2,FUN_1
186822,7240,FUN_4,FUN_5
186828,10920,FUN_2,FUN_1
186830,9282,FUN_6,CUBE_R
186848,6085,FUN_1,FUN_2
186863,19392,FUN_5,FUN_4
186900,29576,CUBE_R,RET
186908,5660,FUN_2,FUN_1
186926,14920,FUN_3,FUN_2
186942,2906,RET,CUBE_R
186960,21969,FUN_1,FUN_2
186961,17343,FUN_3,FUN_4
187044,17529,FUN_4,FUN_3
187050,15260,FUN_2,FUN_3
187059,13797,FUN_2,FUN_1
187078,19966,CUBE_R,FUN_6
187089,21171,FUN_3,FUN_2
187105,18225,FUN_4,FUN_5
187128,27237,FUN_2,FUN_3
187136,5427,FUN_1,FUN_2
187161,26268,FUN_2,FUN_1
187161,29314,RET,CUBE_L
187192,12104,CUBE_R,RET
187205,27501,FUN_3,FUN_4
187230,28767,FUN_2,FUN_1
187250,5235,FUN_3,FUN_2
187262,29304,FUN_1,FUN_2
187275,15965,FUN_4,FUN_5
187300,8270,FUN_2,FUN_3
187310,11685,FUN_3,FUN_4
187361,2312,CUBE_R,RET
187362,23068,FUN_3,FUN_4
187414,20225,FUN_3,FUN_4
187437,16495,RET,CUBE_L
187454,4557,FUN_3,FUN_2
187501,9056,FUN_3,FUN_4
187512,6478,FUN_2,FUN_3
187521,13089,RET,CUBE_L
187568,21817,FUN_3,FUN_2
187599,24464,FUN_4,FUN_3
187617,7061,FUN_3,FUN_4
187629,21852,FUN_5,FUN_6
187635,24232,CUBE_L,FUN_1
187638,7710,FUN_5,FUN_4
187643,14031,FUN_3,FUN_2
187647,888,CUBE_L,RET
187688,21817,FUN_2,FUN_3
187699,5585,FUN_2,FUN_1
187710,2730,FUN_4,FUN_5
187710,3822,FUN_3,FUN_2
187733,8791,CUBE_R,RET
187743,21313,CUBE_L,RET
187761,3138,RET,CUBE_L
187774,22789,FUN_1,FUN_2
187784,16495,CUBE_L,RET
187815,21985,FUN_4,FUN_3
187829,29475,FUN_1,FUN_2
187833,6761,FUN_5,FUN_6
187848,19549,FUN_5,FUN_4
187880,23630,CUBE_L,RET
187886,15710,CUBE_R,RET
187923,28120,FUN_1,FUN_2
187925,16087,FUN_1,CUBE_L
187944,13221,RET,CUBE_R
187947,888,RET,CUBE_L
187953,24807,FUN_3,FUN_4
187981,15662,FUN_4,FUN_5
188022,7955,FUN_1,FUN_2
188058,6784,FUN_6,FUN_5
188078,19320,CUBE_R,RET
188091,11993,FUN_3,FUN_2
188111,29576,RET,CUBE_R
188139,8591,CUBE_R,RET
188152,2565,FUN_2,FUN_3
188152,23631,FUN_3,FUN_2
188155,12771,FUN_3,FUN_4
188158,2724,FUN_2,FUN_3
188167,22720,FUN_4,FUN_3
188167,24269,FUN_3,FUN_2
188213,15198,FUN_3,FUN_4
188236,17838,CUBE_R,RET
188242,14683,FUN_4,FUN_3
188251,22976,FUN_4,FUN_5
188269,7609,FUN_4,FUN_5
188271,8270,FUN_3,FUN_2
188282,16804,FUN_4,FUN_3
188293,4668,CUBE_L,RET
188295,17227,FUN_4,FUN_3
188314,19629,FUN_3,FUN_2
188331,21896,FUN_1,FUN_2
188338,23838,FUN_1,FUN_2
188357,18383,FUN_2,FUN_1
188371,13513,FUN_1,FUN_2
188371,2906,CUBE_R,RET
188375,13365,RET,CUBE_R
188396,8443,CUBE_L,FUN_1
188410,10799,CUBE_L,RET
188430,24269,FUN_2,FUN_3
188455,2571,CUBE_R,FUN_6
188462,7642,FUN_2,FUN_3
188464,9282,CUBE_R,FUN_6
188467,17252,RET,CUBE_R
188472,14725,FUN_2,FUN_1
188496,14381,FUN_3,FUN_4
188499,21120,FUN_1,FUN_2
188504,14031,FUN_2,FUN_3
188504,19748,CUBE_R,RET
188505,26179,FUN_2,FUN_3
188518,20903,CUBE_R,RET
188547,8839,FUN_3,FUN_2
188575,18059,FUN_3,FUN_2
188577,20504,FUN_2,FUN_3
188582,29111,FUN_3,FUN_4
188592,2782,FUN_2,FUN_1
188594,5235,FUN_2,FUN_3
188605,2571,FUN_6,CUBE_R
188620,28120,FUN_2,FUN_1
188626,27942,FUN_6,CUBE_R
188628,20776,FUN_2,FUN_1
188633,18490,FUN_5,FUN_4
188674,11500,FUN_2,FUN_1
188675,1441,FUN_1,FUN_2
188696,10597,FUN_6,FUN_5
188702,27557,FUN_3,FUN_2
188723,21202,FUN_6,FUN_5
188723,21817,FUN_3,FUN_2
188789,16495,RET,CUBE_L
188808,2571,CUBE_R,FUN_6
188811,1441,FUN_2,FUN_1
188839,4124,FUN_3,FUN_2
188858,14031,FUN_3,FUN_2
188864,15947,FUN_4,FUN_3
188907,25557,FUN_4,FUN_3
188911,25484,RET,CUBE_L
188919,29325,FUN_1,FUN_2
188920,13089,CUBE_L,RET
188927,14454,FUN_3,FUN_4
188970,384,FUN_3,FUN_2
188971,29731,FUN_3,FUN_2
188973,16164,CUBE_R,RET
188989,10706,FUN_3,FUN_2
189024,3797,FUN_3,FUN_2
189027,2724,FUN_3,FUN_2
189031,24770,FUN_2,FUN_1
189036,8669,FUN_5,FUN_4
189038,7662,FUN_1,FUN_2
189041,7059,FUN_3,FUN_2
189046,12792,CUBE_R,RET
189075,11803,FUN_3,FUN_2
189079,19385,RET,CUBE_R
189109,20776,FUN_1,FUN_2
189162,26159,FUN_4,FUN_3
189175,754,FUN_3,FUN_2
189177,21969,FUN_2,FUN_1
189182,4146,FUN_4,FUN_3
189182,12089,CUBE_R,RET
189205,8839,FUN_2,FUN_3
189258,25250,FUN_2,FUN_1
189259,3495,FUN_3,FUN_2
189265,23511,CUBE_R,FUN_6
189272,374,FUN_3,FUN_2
189285,27857,FUN_3,FUN_4
189289,8270,FUN_2,FUN_3
189293,888,CUBE_L,RET
189301,28767,FUN_1,FUN_2
189311,8669,FUN_4,FUN_5
189312,1098,FUN_1,FUN_2
189321,16495,CUBE_L,RET
189323,15409,CUBE_R,RET
189351,19367,FUN_5,FUN_6
189358,19320,RET,CUBE_R
189393,17343,FUN_4,FUN_3
189397,5427,FUN_2,FUN_1
189412,8669,FUN_5,FUN_4
189424,24945,FUN_1,FUN_2
189454,21788,FUN_6,FUN_5
189461,15497,RET,CUBE_L
189480,6034,FUN_2,FUN_1
189486,23295,CUBE_L,FUN_1
189487,5012,FUN_3,FUN_2
189515,1844,FUN_5,FUN_4
189528,20225,FUN_4,FUN_3
189549,17008,FUN_3,FUN_2
189581,2838,FUN_1,FUN_2
189581,10704,FUN_6,FUN_5
189594,24179,FUN_6,FUN_5
189609,12244,FUN_4,FUN_5
189623,21477,CUBE_R,RET
189625,2782,FUN_1,FUN_2
189648,19629,FUN_2,FUN_3
189654,28049,CUBE_L,FUN_1
189686,27126,FUN_1,FUN_2
189723,11444,FUN_1,FUN_2
189769,4970,FUN_2,FUN_3
189794,690,FUN_6,CUBE_R
189842,238,FUN_3,FUN_4
189865,11512,FUN_2,FUN_3
189903,20225,FUN_3,FUN_4
189906,19005,CUBE_R,RET
189926,18593,FUN_1,CUBE_L
189945,26159,FUN_3,FUN_4
189951,15497,CUBE_L,RET
189957,5216,CUBE_R,RET
189980,16587,FUN_1,FUN_2
189989,21477,RET,CUBE_R
189999,754,FUN_2,FUN_3
189999,2838,FUN_2,FUN_1
190002,22816,FUN_2,FUN_3
190007,19300,RET,CUBE_L
190013,4336,RET,CUBE_R
190018,8823,FUN_2,FUN_1
190076,2685,CUBE_R,FUN_6
190088,13797,FUN_1,FUN_2
190101,22618,FUN_3,FUN_2
190117,2724,FUN_2,FUN_3
190124,13513,FUN_2,FUN_1
190128,17529,FUN_3,FUN_4
190130,2496,FUN_3,FUN_4
190139,28120,FUN_1,FUN_2
190141,29314,CUBE_L,RET
190142,2565,FUN_3,FUN_2
190142,2659,FUN_3,FUN_4
190166,3285,FUN_3,FUN_2
190180,26159,FUN_4,FUN_3
190195,2685,FUN_6,CUBE_R
190223,21788,FUN_5,FUN_6
190224,16495,RET,CUBE_L
190229,13089,RET,CUBE_L
190248,2685,CUBE_R,FUN_6
190273,6562,RET,CUBE_R
190277,23631,FUN_2,FUN_3
190295,22789,FUN_2,FUN_1
190313,2714,FUN_4,FUN_3
190318,27557,FUN_2,FUN_3
190330,9892,FUN_3,FUN_2
190341,22775,FUN_2,FUN_3
190390,11993,FUN_2,FUN_3
190395,25637,CUBE_R,RET
190396,2201,FUN_2,FUN_3
190407,22028,RET,CUBE_L
190414,18225,FUN_5,FUN_4
190415,2685,FUN_6,CUBE_R
190415,18972,FUN_4,FUN_5
190448,2659,FUN_4,FUN_3
190455,19025,FUN_3,FUN_2
190501,8618,CUBE_R,FUN_6
190511,16383,FUN_2,FUN_3
190512,19629,FUN_3,FUN_2
190528,12860,FUN_4,FUN_3
190531,18059,FUN_2,FUN_3
190533,22775,FUN_3,FUN_2
190534,14683,FUN_3,FUN_4
190548,13569,RET,CUBE_R
190570,3495,FUN_2,FUN_3
190587,28120,FUN_2,FUN_1
190600,2467,FUN_5,FUN_4
190621,24351,FUN_3,FUN_4
190624,12803,FUN_2,FUN_3
190624,18914,CUBE_L,RET
190632,1725,FUN_1,FUN_2
190654,3495,FUN_3,FUN_2
190664,21896,FUN_2,FUN_1
190702,22775,FUN_2,FUN_3
190733,3053,FUN_2,FUN_3
190737,5216,RET,CUBE_R
190756,15198,FUN_4,FUN_3
190759,8834,FUN_3,FUN_4
190768,8775,FUN_3,FUN_2
190786,25235,FUN_1,FUN_2
190796,2190,CUBE_R,FUN_6
190798,29672,FUN_3,FUN_4
190893,28120,FUN_1,FUN_2
190899,12105,FUN_2,FUN_3
190904,21171,FUN_2,FUN_3
190940,13513,FUN_1,FUN_2
190960,14920,FUN_2,FUN_3
190972,27468,CUBE_L,RET
190974,888,RET,CUBE_L
190987,20603,FUN_4,FUN_5
191002,2467,FUN_4,FUN_5
191017,10525,FUN_2,FUN_3
191054,2800,CUBE_R,RET
191057,888,CUBE_L,RET
191073,16860,RET,CUBE_R
191096,28204,FUN_3,FUN_2
191100,21788,FUN_6,FUN_5
191103,754,FUN_3,FUN_2
191105,17252,CUBE_R,RET
191106,11803,FUN_2,FUN_3
191114,10718,FUN_2,FUN_3
191131,14725,FUN_1,FUN_2
191146,110,FUN_1,CUBE_L
191155,10525,FUN_3,FUN_2
191169,3102,CUBE_R,FUN_6
191195,7912,FUN_1,FUN_2
191243,11256,CUBE_R,RET
191243,9736,FUN_1,FUN_2
191250,12860,FUN_3,FUN_4
191260,892,RET,CUBE_L
191271,6761,FUN_6,FUN_5
191283,17028,CUBE_L,RET
191286,6169,FUN_2,FUN_3
191299,14683,FUN_4,FUN_3
191324,28204,FUN_2,FUN_3
191357,21298,FUN_2,FUN_3
191370,28120,FUN_2,FUN_1
191377,29942,RET,CUBE_L
191388,24770,FUN_1,FUN_2
191392,7609,FUN_5,FUN_4
191393,7395,FUN_4,FUN_3
191409,28722,FUN_2,FUN_3
191414,4498,FUN_4,FUN_3
191475,29602,FUN_6,FUN_5
191475,21896,FUN_1,FUN_2
191489,10375,FUN_2,FUN_3
191512,4336,CUBE_R,RET
191523,6478,FUN_3,FUN_2
191528,6562,CUBE_R,RET
191595,17529,FUN_4,FUN_3
191599,10272,FUN_4,FUN_5
191640,5604,FUN_1,FUN_2
191647,16495,CUBE_L,RET
191653,1625,FUN_2,FUN_1
191656,4882,CUBE_R,RET
191661,12809,FUN_1,FUN_2
191669,26930,FUN_3,FUN_2
191683,8521,FUN_3,FUN_2
191715,11426,FUN_6,CUBE_R
191736,28819,FUN_5,FUN_4
191777,27557,FUN_3,FUN_2
191787,28523,FUN_5,FUN_4
191800,21120,FUN_2,FUN_1
191826,17008,FUN_2,FUN_3
191833,10350,FUN_2,FUN_3
191844,10678,FUN_1,FUN_2
191847,6034,FUN_1,FUN_2
191858,20002,FUN_4,FUN_5
191858,28372,RET,CUBE_L
191864,18383,FUN_1,FUN_2
191897,23667,FUN_1,FUN_2
191907,15175,CUBE_L,RET
191929,29111,FUN_4,FUN_3
191935,11256,RET,CUBE_R
191940,21171,FUN_3,FUN_2
191945,27857,FUN_4,FUN_3
191995,11721,FUN_2,FUN_3
192002,10920,FUN_1,FUN_2
192027,14568,FUN_2,FUN_1
192062,8686,FUN_3,FUN_2
192067,23996,RET,CUBE_L
192101,3387,CUBE_R,FUN_6
192103,388,FUN_3,FUN_2
192122,14891,CUBE_R,RET
192139,11083,FUN_6,CUBE_R
192141,6457,RET,CUBE_R
192155,7791,FUN_4,FUN_3
192159,2782,FUN_2,FUN_1
192160,18225,FUN_4,FUN_5
192180,23836,FUN_3,FUN_4
192200,15040,FUN_3,FUN_2
192218,512,FUN_3,FUN_2
192231,3797,FUN_2,FUN_3
192261,14891,RET,CUBE_R
192287,20603,FUN_5,FUN_4
192293,11784,FUN_1,FUN_2
192301,23836,FUN_4,FUN_3
192326,24464,FUN_3,FUN_4
192330,3659,CUBE_L,RET
192332,13531,CUBE_L,RET
192338,6784,FUN_5,FUN_6
192342,10383,CUBE_R,RET
192358,11256,CUBE_R,RET
192366,12803,FUN_3,FUN_2
192400,16804,FUN_3,FUN_4
192408,15601,FUN_3,FUN_4
192419,3053,FUN_3,FUN_2
192427,2467,FUN_5,FUN_4
192427,3387,FUN_6,CUBE_R
192427,9892,FUN_2,FUN_3
192460,2467,FUN_4,FUN_5
192467,8823,FUN_1,FUN_2
192467,27490,CUBE_L,RET
192475,18797,CUBE_R,FUN_6
192482,29731,FUN_2,FUN_3
192534,4882,RET,CUBE_R
192538,4124,FUN_2,FUN_3
192541,29443,FUN_2,FUN_3
192583,238,FUN_4,FUN_3
192588,19666,FUN_3,FUN_2
192590,27490,RET,CUBE_L
192618,25484,CUBE_L,RET
192622,19200,FUN_2,FUN_3
192625,7791,FUN_3,FUN_4
192638,6604,FUN_1,CUBE_L
192666,24945,FUN_2,FUN_1
192723,7609,FUN_4,FUN_5
192756,3971,FUN_2,FUN_1
192758,17482,FUN_5,FUN_6
192818,15803,FUN_3,FUN_2
192828,20538,RET,CUBE_L
192862,11812,FUN_3,FUN_2
192867,29111,FUN_3,FUN_4
192898,499,CUBE_R,RET
192980,27397,FUN_2,FUN_3
192985,27481,FUN_1,FUN_2
192990,10862,FUN_3,FUN_2
193000,9260,FUN_4,FUN_3
193027,11812,FUN_2,FUN_3
193031,15803,FUN_2,FUN_3
193033,29943,FUN_1,FUN_2
193034,8521,FUN_2,FUN_3
193045,12559,FUN_4,FUN_3
193048,2334,CUBE_R,RET
193062,13986,FUN_2,FUN_3
193071,3971,FUN_1,FUN_2
193072,14990,FUN_2,FUN_1
193080,28375,FUN_3,FUN_4
193115,14990,FUN_1,FUN_2
193124,27408,FUN_2,FUN_3
193137,4557,FUN_2,FUN_3
193147,8834,FUN_4,FUN_3
193150,4124,FUN_3,FUN_2
193159,16804,FUN_4,FUN_3
193172,29942,CUBE_L,RET
193193,12069,FUN_2,FUN_1
193213,29566,FUN_6,CUBE_R
193216,24770,FUN_2,FUN_1
193259,11566,FUN_2,FUN_1
193264,27487,FUN_4,FUN_3
193271,26179,FUN_3,FUN_2
193312,29942,RET,CUBE_L
193318,12089,RET,CUBE_R
193325,2467,FUN_5,FUN_4
193327,12953,CUBE_R,FUN_6
193359,11993,FUN_3,FUN_2
193368,27915,RET,CUBE_R
193391,7912,FUN_2,FUN_1
193391,19860,FUN_2,FUN_1
193433,18406,FUN_4,FUN_3
193451,23485,FUN_2,FUN_3
193452,14562,FUN_3,FUN_2
193470,19860,FUN_1,FUN_2
193502,9415,CUBE_L,RET
193536,3971,FUN_2,FUN_1
193538,22976,FUN_5,FUN_4
193540,14811,FUN_1,FUN_2
193544,26179,FUN_2,FUN_3
193552,18752,FUN_2,FUN_1
193556,21120,FUN_1,FUN_2
193566,3387,CUBE_R,FUN_6
193602,3319,FUN_5,FUN_6
193610,10718,FUN_3,FUN_2
193623,13657,FUN_6,FUN_5
193624,8938,FUN_4,FUN_3
193627,29514,CUBE_L,RET
193648,11803,FUN_3,FUN_2
193660,21419,FUN_3,FUN_2
193668,20091,CUBE_L,FUN_1
193670,6478,FUN_2,FUN_3
193688,10862,FUN_2,FUN_3
193690,11256,RET,CUBE_R
193693,28691,FUN_4,FUN_3
193695,10383,RET,CUBE_R
193742,1455,FUN_2,FUN_3
193749,23937,FUN_2,FUN_1
193755,27481,FUN_2,FUN_1
193785,238,FUN_3,FUN_4
193792,14469,FUN_3,FUN_4
193822,15436,FUN_3,FUN_4
193866,5427,FUN_1,FUN_2
193878,26755,CUBE_R,FUN_6
193879,26600,FUN_6,CUBE_R
193890,625,FUN_3,FUN_4
193901,26855,FUN_1,CUBE_L
193909,2800,RET,CUBE_R
193971,15626,CUBE_R,RET
193977,1455,FUN_3,FUN_2
193987,2685,CUBE_R,FUN_6
193987,4162,FUN_3,FUN_4
193991,24345,FUN_2,FUN_1
193997,1455,FUN_2,FUN_3
194016,1455,FUN_3,FUN_2
194016,7059,FUN_2,FUN_3
194031,19392,FUN_4,FUN_5
194047,6810,FUN_4,FUN_3
194059,20867,CUBE_L,RET
194061,2386,FUN_5,FUN_4
194069,21313,RET,CUBE_L
194072,25486,FUN_4,FUN_3
194087,13089,CUBE_L,RET
194106,16631,FUN_1,FUN_2
194107,25030,FUN_2,FUN_3
194159,15126,FUN_3,FUN_2
194175,15601,FUN_4,FUN_3
194188,8815,FUN_2,FUN_3
194230,14815,FUN_3,FUN_2
194269,26600,CUBE_R,FUN_6
194298,18453,FUN_4,FUN_5
194299,21162,FUN_6,CUBE_R
194314,22957,CUBE_L,RET
194341,8216,RET,CUBE_R
194363,11803,FUN_2,FUN_3
194407,20395,CUBE_R,FUN_6
194426,19025,FUN_2,FUN_3
194438,5949,CUBE_R,FUN_6
194438,26600,FUN_6,CUBE_R
194442,25486,FUN_3,FUN_4
194450,22255,FUN_6,FUN_5
194466,374,FUN_2,FUN_3
194473,23894,CUBE_L,RET
194480,17117,RET,CUBE_R
194494,23894,RET,CUBE_L
194515,27408,FUN_3,FUN_2
194516,14725,FUN_2,FUN_1
194518,28386,FUN_5,FUN_4
194540,19172,FUN_3,FUN_2
194557,754,FUN_2,FUN_3
194574,21943,CUBE_R,FUN_6
194591,5602,FUN_1,FUN_2
194595,2247,FUN_6,CUBE_R
194634,21517,FUN_5,FUN_6
194652,28375,FUN_4,FUN_3
194657,24564,FUN_6,CUBE_R
194715,8022,FUN_1,FUN_2
194716,25486,FUN_4,FUN_3
194728,7912,FUN_1,FUN_2
194739,1699,FUN_1,FUN_2
194752,24770,FUN_1,FUN_2
194754,17704,FUN_3,FUN_4
194761,23894,CUBE_L,RET
194790,14562,FUN_2,FUN_3
194804,8815,FUN_3,FUN_2
194815,6784,FUN_6,FUN_5
194820,17008,FUN_3,FUN_2
194860,21793,CUBE_L,RET
194860,26600,CUBE_R,FUN_6
194874,22992,FUN_5,FUN_4
194905,4275,FUN_4,FUN_3
194923,25486,FUN_3,FUN_4
194926,12326,FUN_3,FUN_2
194944,28726,FUN_3,FUN_2
194971,8313,FUN_4,FUN_3
194992,18383,FUN_2,FUN_1
195010,23795,FUN_2,FUN_3
195015,8815,FUN_2,FUN_3
195049,11366,FUN_2,FUN_3
195050,4649,FUN_1,CUBE_L
195055,20470,FUN_2,FUN_1
195102,12474,FUN_3,FUN_4
195111,10179,FUN_2,FUN_1
195113,17008,FUN_2,FUN_3
195117,2716,FUN_2,FUN_1
195179,28606,FUN_2,FUN_3
195197,29942,CUBE_L,RET
195218,11768,FUN_3,FUN_2
195229,8815,FUN_3,FUN_2
195241,25486,FUN_4,FUN_3
195243,7950,CUBE_R,RET
195243,24269,FUN_3,FUN_2
195253,17704,FUN_4,FUN_3
195258,8552,CUBE_L,RET
195295,5576,FUN_3,FUN_4
195328,7395,FUN_3,FUN_4
195333,24589,RET,CUBE_R
195334,24945,FUN_1,FUN_2
195340,2716,FUN_1,FUN_2
195390,18453,FUN_5,FUN_4
195405,10525,FUN_2,FUN_3
195408,29676,RET,CUBE_L
195430,20091,FUN_1,CUBE_L
195432,21162,CUBE_R,FUN_6
195460,12136,FUN_4,FUN_3
195471,13036,CUBE_R,RET
195540,8815,FUN_2,FUN_3
195548,22577,FUN_3,FUN_2
195559,2685,FUN_6,CUBE_R
195563,13346,FUN_1,CUBE_L
195576,12087,FUN_2,FUN_3
195577,2782,FUN_1,FUN_2
195581,28154,FUN_5,FUN_4
195594,29538,FUN_1,CUBE_L
195605,17510,FUN_3,FUN_2
195624,4843,FUN_3,FUN_2
195624,17360,CUBE_R,RET
195633,23562,FUN_1,FUN_2
195636,8938,FUN_3,FUN_4
195678,12326,FUN_2,FUN_3
195692,20867,RET,CUBE_L
195695,29676,CUBE_L,RET
195702,11251,FUN_4,FUN_3
195703,28462,FUN_4,FUN_5
195726,3736,FUN_6,CUBE_R
195727,11500,FUN_1,FUN_2
195731,16631,FUN_2,FUN_1
195754,18757,RET,CUBE_L
195765,21793,RET,CUBE_L
195774,28025,RET,CUBE_L
195784,19453,FUN_6,CUBE_R
195814,13877,CUBE_R,RET
195847,4015,FUN_1,CUBE_L
195858,10706,FUN_2,FUN_3
195860,18225,FUN_5,FUN_4
195888,3319,FUN_6,FUN_5
195891,22061,FUN_1,FUN_2
195896,1725,FUN_2,FUN_1
195902,16993,CUBE_R,RET
195902,26783,FUN_3,FUN_4
195916,1008,FUN_2,FUN_1
195927,4843,FUN_2,FUN_3
195940,11566,FUN_1,FUN_2
195949,848,FUN_4,FUN_3
195967,2923,RET,CUBE_L
195977,26600,FUN_6,CUBE_R
195978,22522,CUBE_R,FUN_6
195997,2838,FUN_1,FUN_2
195999,15520,CUBE_L,RET
195999,18119,FUN_5,FUN_4
196011,17838,RET,CUBE_R
196025,2398,FUN_2,FUN_1
196035,4124,FUN_2,FUN_3
196037,8568,RET,CUBE_R
196050,27468,RET,CUBE_L
196078,25935,FUN_3,FUN_2
196079,28049,FUN_1,CUBE_L
196097,13877,RET,CUBE_R
196104,12559,FUN_3,FUN_4
196118,26944,RET,CUBE_L
196135,22143,FUN_5,FUN_6
196137,28110,FUN_3,FUN_2
196142,8568,CUBE_R,RET
196189,21313,CUBE_L,RET
196235,17704,FUN_3,FUN_4
196241,29566,CUBE_R,FUN_6
196284,695,CUBE_L,FUN_1
196287,4776,FUN_3,FUN_2
196302,25486,FUN_3,FUN_4
196325,21860,CUBE_L,RET
196334,13613,FUN_2,FUN_1
196354,15054,FUN_5,FUN_4
196355,11768,FUN_2,FUN_3
196363,19525,CUBE_R,RET
196406,8568,RET,CUBE_R
196457,8568,CUBE_R,RET
196459,16495,RET,CUBE_L
196461,11812,FUN_3,FUN_2
196477,18059,FUN_3,FUN_2
196485,18593,CUBE_L,FUN_1
196491,24345,FUN_1,FUN_2
196506,12736,RET,CUBE_L
196513,4668,RET,CUBE_L
196523,29672,FUN_4,FUN_3
196533,22992,FUN_4,FUN_5
196545,6562,RET,CUBE_R
196600,24269,FUN_2,FUN_3
196602,4843,FUN_3,FUN_2
196615,22992,FUN_5,FUN_4
196618,17407,CUBE_R,RET
196632,20395,FUN_6,CUBE_R
196689,13733,FUN_1,FUN_2
196694,15421,FUN_3,FUN_2
196697,3659,RET,CUBE_L
196697,14566,FUN_5,FUN_6
196698,21120,FUN_2,FUN_1
196740,2685,CUBE_R,FUN_6
196741,16804,FUN_3,FUN_4
196745,13613,FUN_1,FUN_2
196745,17220,FUN_4,FUN_5
196753,26304,FUN_5,FUN_4
196754,2571,FUN_6,CUBE_R
196754,22957,RET,CUBE_L
196755,12134,FUN_3,FUN_2
196777,13613,FUN_2,FUN_1
196781,17252,RET,CUBE_R
196786,19365,FUN_6,FUN_5
196791,26364,CUBE_L,RET
196800,14857,FUN_2,FUN_1
196841,13613,FUN_1,FUN_2
196858,13044,FUN_2,FUN_1
196860,6626,FUN_3,FUN_2
196892,13613,FUN_2,FUN_1
196970,23667,FUN_2,FUN_1
196972,12134,FUN_2,FUN_3
196981,24945,FUN_2,FUN_1
196993,413,FUN_6,CUBE_R
197004,25250,FUN_1,FUN_2
197025,24345,FUN_2,FUN_1
197042,11500,FUN_2,FUN_1
197066,19796,FUN_1,FUN_2
197089,19558,FUN_2,FUN_3
197102,29153,CUBE_L,FUN_1
197106,24945,FUN_1,FUN_2
197108,20538,CUBE_L,RET
197148,28947,CUBE_R,FUN_6
197167,24945,FUN_2,FUN_1
197179,9320,FUN_6,FUN_5
197182,18490,FUN_4,FUN_5
197184,5029,CUBE_R,FUN_6
197186,16495,CUBE_L,RET
197226,24641,CUBE_R,RET
197272,1805,FUN_5,FUN_4
197274,26930,FUN_2,FUN_3
197282,14990,FUN_2,FUN_1
197288,24945,FUN_1,FUN_2
197320,14566,FUN_6,FUN_5
197329,27481,FUN_1,FUN_2
197340,15126,FUN_2,FUN_3
197348,25450,CUBE_L,FUN_1
197362,14683,FUN_3,FUN_4
197374,13877,CUBE_R,RET
197393,3495,FUN_2,FUN_3
197402,28919,FUN_2,FUN_1
197409,20658,FUN_4,FUN_3
197416,12134,FUN_3,FUN_2
197428,21298,FUN_3,FUN_2
197431,21926,FUN_2,FUN_3
197432,27468,CUBE_L,RET
197449,19334,FUN_3,FUN_2
197472,15601,FUN_3,FUN_4
197474,21877,CUBE_L,RET
197477,11512,FUN_3,FUN_2
197496,14635,FUN_4,FUN_3
197505,10525,FUN_3,FUN_2
197509,19473,FUN_3,FUN_4
197511,8798,FUN_3,FUN_2
197527,24945,FUN_2,FUN_1
197543,8815,FUN_3,FUN_2
197552,13675,FUN_4,FUN_3
197601,160,FUN_6,CUBE_R
197626,20144,FUN_2,FUN_1
197637,2398,FUN_1,FUN_2
197637,3712,CUBE_R,RET
197637,4732,FUN_2,FUN_3
197656,12549,CUBE_R,RET
197696,12134,FUN_2,FUN_3
197727,3971,FUN_1,FUN_2
197728,17704,FUN_4,FUN_3
197733,18214,FUN_3,FUN_2
197737,26892,CUBE_R,RET
197766,20395,CUBE_R,FUN_6
197767,27487,FUN_3,FUN_4
197812,27397,FUN_3,FUN_2
197873,3794,FUN_6,CUBE_R
197884,8798,FUN_2,FUN_3
197908,695,FUN_1,CUBE_L
197909,29546,FUN_4,FUN_5
197921,12089,CUBE_R,RET
197927,11083,CUBE_R,FUN_6
197927,19200,FUN_3,FUN_2
197960,26268,FUN_1,FUN_2
197962,21896,FUN_2,FUN_1
197970,763,FUN_2,FUN_3
197974,7395,FUN_4,FUN_3
198020,26600,CUBE_R,FUN_6
198042,26364,RET,CUBE_L
198047,11235,FUN_3,FUN_2
198060,24464,FUN_4,FUN_3
198072,29369,CUBE_R,RET
198088,18059,FUN_2,FUN_3
198090,7950,RET,CUBE_R
198110,24086,FUN_3,FUN_4
198133,16356,FUN_5,FUN_4
198147,12089,RET,CUBE_R
198162,21235,FUN_5,FUN_6
198170,12134,FUN_3,FUN_2
198178,29928,FUN_3,FUN_4
198195,15275,FUN_1,CUBE_L
198218,9516,FUN_2,FUN_1
198231,8568,RET,CUBE_R
198285,29514,RET,CUBE_L
198299,24441,FUN_2,FUN_3
198305,12069,FUN_1,FUN_2
198308,20658,FUN_3,FUN_4
198319,13865,FUN_3,FUN_4
198336,14301,FUN_2,FUN_1
198338,21459,FUN_2,FUN_1
198359,8686,FUN_2,FUN_3
198379,8568,CUBE_R,RET
198379,26782,FUN_3,FUN_4
198393,27108,FUN_6,CUBE_R
198404,11263,FUN_6,CUBE_R
198424,4155,FUN_3,FUN_2
198425,17432,CUBE_L,RET
198441,12120,CUBE_L,FUN_1
198443,9390,FUN_2,FUN_1
198450,8834,FUN_3,FUN_4
198474,13675,FUN_3,FUN_4
198486,2321,FUN_2,FUN_3
198514,25200,FUN_3,FUN_4
198527,413,CUBE_R,FUN_6
198527,14815,FUN_2,FUN_3
198532,16648,FUN_6,CUBE_R
198571,26268,FUN_2,FUN_1
198572,12607,RET,CUBE_L
198585,17004,FUN_5,FUN_4
198596,15714,FUN_2,FUN_3
198635,21857,FUN_2,FUN_3
198639,10525,FUN_2,FUN_3
198654,19334,FUN_2,FUN_3
198659,18752,FUN_1,FUN_2
198696,15286,FUN_3,FUN_2
198724,5203,FUN_4,FUN_5
198761,20470,FUN_1,FUN_2
198770,8521,FUN_3,FUN_2
198784,26855,CUBE_L,FUN_1
198791,17897,FUN_5,FUN_4
198798,5286,FUN_1,CUBE_L
198803,7357,FUN_5,FUN_6
198805,20087,FUN_4,FUN_5
198806,21793,CUBE_L,RET
198819,13586,FUN_2,FUN_1
198845,4694,CUBE_R,FUN_6
198873,27481,FUN_2,FUN_1
198881,5286,CUBE_L,FUN_1
198891,12836,FUN_3,FUN_4
198908,2782,FUN_2,FUN_1
198911,24945,FUN_1,FUN_2
198924,15947,FUN_3,FUN_4
198948,2496,FUN_4,FUN_3
198954,1064,FUN_3,FUN_2
198969,695,CUBE_L,FUN_1
198971,2800,CUBE_R,RET
198975,20144,FUN_1,FUN_2
198977,25398,FUN_6,FUN_5
198980,3261,CUBE_R,RET
199000,21896,FUN_1,FUN_2
199004,21211,FUN_2,FUN_3
199019,6071,FUN_1,FUN_2
199056,22957,CUBE_L,RET
199067,26354,FUN_2,FUN_1
199075,29731,FUN_3,FUN_2
199086,18752,FUN_2,FUN_1
199089,1008,FUN_1,FUN_2
199092,17208,FUN_3,FUN_4
199097,22992,FUN_4,FUN_5
199149,19334,FUN_3,FUN_2
199151,19144,FUN_3,FUN_2
199196,11812,FUN_2,FUN_3
199206,610,FUN_4,FUN_3
199208,6602,FUN_4,FUN_3
199239,11834,RET,CUBE_L
199245,18072,RET,CUBE_L
199255,16587,FUN_2,FUN_1
199273,27193,CUBE_L,RET
199278,16164,RET,CUBE_R
199282,2455,FUN_5,FUN_4
199300,15809,RET,CUBE_L
199308,15062,FUN_3,FUN_4
199310,3794,CUBE_R,FUN_6
199311,14635,FUN_3,FUN_4
199314,19473,FUN_4,FUN_3
199336,754,FUN_3,FUN_2
199338,29566,FUN_6,CUBE_R
199396,4305,FUN_6,FUN_5
199414,15670,FUN_4,FUN_5
199414,19179,CUBE_R,FUN_6
199431,12757,FUN_3,FUN_2
199433,4577,FUN_2,FUN_1
199468,2386,FUN_4,FUN_5
199491,1113,FUN_2,FUN_1
199498,23868,FUN_2,FUN_1
199502,19473,FUN_3,FUN_4
199513,16287,CUBE_L,RET
199517,825,FUN_2,FUN_1
199603,4732,FUN_3,FUN_2
199607,15286,FUN_2,FUN_3
199618,12104,RET,CUBE_R
199625,23457,FUN_6,FUN_5
199639,8910,FUN_5,FUN_4
199646,19334,FUN_2,FUN_3
199681,12607,CUBE_L,RET
199687,8910,FUN_4,FUN_5
199712,13986,FUN_3,FUN_2
199713,26855,FUN_1,CUBE_L
199717,20470,FUN_2,FUN_1
199731,18059,FUN_3,FUN_2
199739,25935,FUN_2,FUN_3
199754,21114,FUN_3,FUN_2
199762,20343,CUBE_L,RET
199763,20280,FUN_5,FUN_6
199764,11768,FUN_3,FUN_2
199833,26970,FUN_1,FUN_2
199838,1085,FUN_5,FUN_4
199855,3712,RET,CUBE_R
199869,14700,CUBE_L,RET
199873,3767,FUN_1,FUN_2
199883,15126,FUN_3,FUN_2
199919,26499,FUN_2,FUN_3
199947,15947,FUN_4,FUN_3
199955,11812,FUN_3,FUN_2
199966,11161,FUN_3,FUN_2
199979,10375,FUN_3,FUN_2
199983,4873,FUN_5,FUN_4
199988,16716,FUN_3,FUN_2
200000,5585,FUN_1,FUN_2
200012,13613,FUN_1,FUN_2
200030,16763,FUN_3,FUN_2
200030,22438,FUN_4,FUN_3
200039,10077,FUN_4,FUN_5
200041,29104,FUN_2,FUN_3
200049,20284,FUN_2,FUN_1
200052,14343,RET,CUBE_R
200074,19629,FUN_2,FUN_3
200078,15421,FUN_2,FUN_3
200085,21662,FUN_2,FUN_3
200133,26855,CUBE_L,FUN_1
200142,23667,FUN_1,FUN_2
200156,4059,FUN_4,FUN_5
200175,20645,FUN_1,FUN_2
200211,29208,CUBE_R,FUN_6
200228,16220,FUN_3,FUN_4
200228,20886,FUN_3,FUN_4
200231,20552,FUN_3,FUN_4
200237,23534,RET,CUBE_L
200250,21010,FUN_3,FUN_2
200254,17703,FUN_6,FUN_5
200312,11768,FUN_2,FUN_3
200356,1625,FUN_1,FUN_2
200359,29208,FUN_6,CUBE_R
200381,8521,FUN_2,FUN_3
200382,9631,FUN_5,FUN_6
200399,12607,RET,CUBE_L
200400,26268,FUN_1,FUN_2
200411,12134,FUN_2,FUN_3
200414,3035,FUN_2,FUN_1
200438,22082,CUBE_R,FUN_6
200445,11161,FUN_2,FUN_3
200460,11812,FUN_2,FUN_3
200485,15751,CUBE_R,RET
200500,7357,FUN_6,FUN_5
200515,1880,FUN_3,FUN_2
200524,8363,FUN_2,FUN_3
200555,13036,RET,CUBE_R
200563,2247,CUBE_R,FUN_6
200563,21860,RET,CUBE_L
200574,22992,FUN_5,FUN_4
200575,695,FUN_1,CUBE_L
200580,5614,FUN_5,FUN_4
200617,17517,FUN_4,FUN_3
200640,22027,FUN_3,FUN_2
200641,21313,RET,CUBE_L
200653,22773,CUBE_R,RET
200686,29208,CUBE_R,FUN_6
200690,21985,FUN_3,FUN_4
200693,2394,FUN_4,FUN_5
200712,14815,FUN_3,FUN_2
200732,1631,FUN_6,CUBE_R
200749,13089,RET,CUBE_L
200766,27295,FUN_3,FUN_2
200767,19918,RET,CUBE_L
200792,21313,CUBE_L,RET
200835,10375,FUN_2,FUN_3
200841,21985,FUN_4,FUN_3
200871,14857,FUN_1,FUN_2
200872,21585,CUBE_L,RET
200887,3318,FUN_5,FUN_4
200893,15670,FUN_5,FUN_4
200906,7642,FUN_3,FUN_2
200925,2247,FUN_6,CUBE_R
200925,21985,FUN_3,FUN_4
200957,23777,FUN_3,FUN_2
200968,1206,RET,CUBE_L
200974,7791,FUN_4,FUN_3
200977,22137,FUN_3,FUN_2
200994,22438,FUN_3,FUN_4
200995,19220,FUN_3,FUN_4
201002,11313,FUN_2,FUN_3
201011,19473,FUN_4,FUN_3
201044,11803,FUN_3,FUN_2
201063,21313,RET,CUBE_L
201070,13767,FUN_3,FUN_4
201075,8521,FUN_3,FUN_2
201092,14471,FUN_6,CUBE_R
201097,24581,FUN_3,FUN_2
201100,21313,CUBE_L,RET
201101,13036,CUBE_R,RET
201110,20348,FUN_2,FUN_1
201140,20470,FUN_1,FUN_2
201165,20033,FUN_3,FUN_4
201171,12289,FUN_6,FUN_5
201189,11313,FUN_3,FUN_2
201191,26747,FUN_3,FUN_2
201197,11805,CUBE_R,FUN_6
201199,24581,FUN_2,FUN_3
201201,21426,FUN_2,FUN_3
201231,8834,FUN_4,FUN_3
201243,7167,FUN_5,FUN_4
201260,15126,FUN_2,FUN_3
201278,23596,FUN_1,FUN_2
201308,15483,CUBE_L,RET
201311,1174,FUN_4,FUN_3
201313,14469,FUN_4,FUN_3
201314,384,FUN_2,FUN_3
201317,9892,FUN_3,FUN_2
201322,21860,CUBE_L,RET
201326,18383,FUN_1,FUN_2
201347,27930,FUN_3,FUN_4
201351,28691,FUN_3,FUN_4
201362,2321,FUN_3,FUN_2
201373,20745,FUN_4,FUN_5
201391,25250,FUN_2,FUN_1
201397,17517,FUN_3,FUN_4
201399,11083,FUN_6,CUBE_R
201430,28656,FUN_2,FUN_3
201456,10311,FUN_3,FUN_2
201471,22992,FUN_4,FUN_5
201503,24354,FUN_6,FUN_5
201529,24859,RET,CUBE_R
201531,27164,FUN_3,FUN_4
201536,20108,FUN_3,FUN_2
201548,26855,FUN_1,CUBE_L
201548,20087,FUN_5,FUN_4
201551,2247,CUBE_R,FUN_6
201584,18059,FUN_2,FUN_3
201589,14566,FUN_5,FUN_6
201596,18214,FUN_2,FUN_3
201600,13733,FUN_2,FUN_1
201604,21985,FUN_4,FUN_3
201627,29731,FUN_2,FUN_3
201629,11768,FUN_3,FUN_2
201645,2273,RET,CUBE_L
201675,10077,FUN_5,FUN_4
201681,4732,FUN_2,FUN_3
201690,26855,CUBE_L,FUN_1
201709,20348,FUN_1,FUN_2
201710,23768,FUN_2,FUN_1
201719,441,CUBE_R,RET
201748,663,RET,CUBE_R
201783,6168,FUN_5,FUN_6
201804,11313,FUN_2,FUN_3
201804,22294,RET,CUBE_L
201809,26600,FUN_6,CUBE_R
201814,16763,FUN_2,FUN_3
201845,22789,FUN_1,FUN_2
201848,21426,FUN_3,FUN_2
201859,2722,FUN_1,FUN_2
201879,4336,RET,CUBE_R
201892,4228,CUBE_L,RET
201905,5012,FUN_2,FUN_3
201940,5594,FUN_4,FUN_3
201944,12559,FUN_4,FUN_3
201975,24807,FUN_4,FUN_3
201985,27006,FUN_5,FUN_4
201998,3225,FUN_3,FUN_4
202001,21120,FUN_1,FUN_2
202035,450,FUN_1,CUBE_L
202047,10375,FUN_3,FUN_2
202052,26970,FUN_2,FUN_1
202124,11366,FUN_3,FUN_2
202127,27295,FUN_2,FUN_3
202155,8521,FUN_2,FUN_3
202155,14795,FUN_3,FUN_2
202191,12860,FUN_4,FUN_3
202197,14635,FUN_4,FUN_3
202238,5286,FUN_1,CUBE_L
202239,7609,FUN_5,FUN_4
202244,28691,FUN_4,FUN_3
202280,16164,CUBE_R,RET
202324,4228,RET,CUBE_L
202327,14471,CUBE_R,FUN_6
202334,12925,FUN_2,FUN_3
202336,9892,FUN_2,FUN_3
202342,4882,CUBE_R,RET
202435,19744,FUN_5,FUN_4
202462,24262,FUN_3,FUN_2
202465,13767,FUN_4,FUN_3
202481,2321,FUN_2,FUN_3
202492,2838,FUN_2,FUN_1
202495,6168,FUN_6,FUN_5
202503,14086,FUN_1,CUBE_L
202520,25745,FUN_5,FUN_6
202529,22787,FUN_3,FUN_2
202542,8686,FUN_3,FUN_2
202580,1645,FUN_6,CUBE_R
202581,14635,FUN_3,FUN_4
202584,20343,RET,CUBE_L
202613,29514,CUBE_L,RET
202617,23777,FUN_2,FUN_3
202627,273,FUN_5,FUN_6
202656,1113,FUN_1,FUN_2
202673,5881,FUN_3,FUN_4
202677,20901,FUN_3,FUN_2
202678,17866,RET,CUBE_L
202710,11366,FUN_2,FUN_3
202714,3495,FUN_3,FUN_2
202723,824,FUN_4,FUN_5
202731,786,FUN_3,FUN_4
202735,14086,CUBE_L,FUN_1
202736,6168,FUN_5,FUN_6
202750,978,FUN_3,FUN_2
202751,4059,FUN_5,FUN_4
202857,20284,FUN_1,FUN_2
202862,11313,FUN_3,FUN_2
202862,14343,CUBE_R,RET
202869,450,CUBE_L,FUN_1
202879,19144,FUN_2,FUN_3
202945,19200,FUN_2,FUN_3
202985,24464,FUN_3,FUN_4
202994,12134,FUN_3,FUN_2
203053,775,FUN_2,FUN_3
203056,16648,CUBE_R,FUN_6
203059,2557,RET,CUBE_R
203071,2838,FUN_1,FUN_2
203088,11256,CUBE_R,RET
203114,19220,FUN_4,FUN_3
203116,5007,FUN_2,FUN_1
203119,27295,FUN_3,FUN_2
203122,2838,FUN_2,FUN_1
203126,8618,FUN_6,CUBE_R
203127,11313,FUN_2,FUN_3
203141,15751,RET,CUBE_R
203149,5286,CUBE_L,FUN_1
203194,20033,FUN_4,FUN_3
203195,25836,FUN_4,FUN_3
203196,4577,FUN_1,FUN_2
203211,11185,RET,CUBE_L
203229,19986,RET,CUBE_L
203231,11803,FUN_2,FUN_3
203232,27557,FUN_2,FUN_3
203237,21419,FUN_2,FUN_3
203251,10822,FUN_5,FUN_6
203256,7609,FUN_4,FUN_5
203258,22618,FUN_2,FUN_3
203289,14795,FUN_2,FUN_3
203315,13119,FUN_3,FUN_2
203319,14122,FUN_5,FUN_6
203330,24851,FUN_4,FUN_3
203367,16210,CUBE_R,RET
203374,20645,FUN_2,FUN_1
203394,19629,FUN_3,FUN_2
203414,21379,FUN_2,FUN_1
203426,10453,FUN_2,FUN_3
203431,10410,FUN_3,FUN_2
203433,15234,CUBE_L,RET
203434,19847,FUN_3,FUN_4
203435,2273,CUBE_L,RET
203438,22137,FUN_2,FUN_3
203441,29001,CUBE_R,FUN_6
203446,10822,FUN_6,FUN_5
203452,1373,FUN_2,FUN_1
203454,3225,FUN_4,FUN_3
203481,11185,CUBE_L,RET
203481,14343,RET,CUBE_R
203487,14566,FUN_6,FUN_5
203517,8262,CUBE_L,RET
203518,13131,CUBE_R,RET
203529,17510,FUN_2,FUN_3
203535,28767,FUN_2,FUN_1
203565,23868,FUN_1,FUN_2
203573,29297,RET,CUBE_R
203591,1346,FUN_3,FUN_4
203618,18490,FUN_5,FUN_4
203625,27108,CUBE_R,FUN_6
203655,10822,FUN_5,FUN_6
203684,13657,FUN_5,FUN_6
203688,5743,FUN_4,FUN_3
203689,4882,RET,CUBE_R
203713,16053,FUN_3,FUN_4
203715,17703,FUN_5,FUN_6
203722,8686,FUN_2,FUN_3
203735,754,FUN_2,FUN_3
203736,24179,FUN_5,FUN_6
203737,20867,CUBE_L,RET
203762,26783,FUN_4,FUN_3
203773,23768,FUN_1,FUN_2
203797,22618,FUN_3,FUN_2
203845,20725,CUBE_L,RET
203859,20284,FUN_2,FUN_1
203863,663,CUBE_R,RET
203869,25207,FUN_2,FUN_1
203873,20658,FUN_4,FUN_3
203889,22577,FUN_2,FUN_3
203896,14857,FUN_2,FUN_1
203899,27481,FUN_1,FUN_2
203909,754,FUN_3,FUN_2
203909,20867,RET,CUBE_L
203912,19516,CUBE_L,FUN_1
203921,13586,FUN_1,FUN_2
203921,21195,FUN_6,CUBE_R
203922,12289,FUN_5,FUN_6
203922,28767,FUN_1,FUN_2
203937,10614,FUN_2,FUN_1
203951,28819,FUN_4,FUN_5
203978,29514,RET,CUBE_L
203986,11185,RET,CUBE_L
203999,27915,CUBE_R,RET
204000,4446,CUBE_L,FUN_1
204001,24564,CUBE_R,FUN_6
204011,23609,FUN_4,FUN_5
204022,9869,FUN_2,FUN_1
204030,3822,FUN_2,FUN_3
204041,13797,FUN_2,FUN_1
204043,11185,CUBE_L,RET
204050,29515,CUBE_R,RET
204058,4873,FUN_4,FUN_5
204067,1588,FUN_2,FUN_3
204103,19144,FUN_3,FUN_2
204111,5031,FUN_3,FUN_4
204125,16932,FUN_4,FUN_3
204130,8618,CUBE_R,FUN_6
204130,20094,RET,CUBE_L
204169,10614,FUN_1,FUN_2
204191,8176,CUBE_R,FUN_6
204200,29297,CUBE_R,RET
204209,20230,FUN_3,FUN_4
204215,23609,FUN_5,FUN_4
204240,12103,RET,CUBE_L
204250,1373,FUN_1,FUN_2
204258,20239,CUBE_L,FUN_1
204277,3318,FUN_4,FUN_5
204285,7710,FUN_4,FUN_5
204294,1327,FUN_3,FUN_2
204294,11185,RET,CUBE_L
204310,23719,FUN_2,FUN_3
204320,2695,FUN_4,FUN_5
204327,14076,RET,CUBE_L
204331,2557,CUBE_R,RET
204336,3387,FUN_6,CUBE_R
204356,14876,FUN_2,FUN_1
204368,27418,FUN_6,FUN_5
204372,27307,CUBE_L,RET
204408,3225,FUN_3,FUN_4
204413,14110,CUBE_L,RET
204414,6085,FUN_2,FUN_1
204418,24354,FUN_5,FUN_6
204420,22438,FUN_4,FUN_3
204429,3053,FUN_2,FUN_3
204429,22577,FUN_3,FUN_2
204449,27682,FUN_3,FUN_2
204451,2394,FUN_5,FUN_4
204461,24262,FUN_2,FUN_3
204464,13044,FUN_1,FUN_2
204503,11366,FUN_3,FUN_2
204504,29304,FUN_2,FUN_1
204505,22577,FUN_2,FUN_3
204509,16804,FUN_4,FUN_3
204523,4155,FUN_2,FUN_3
204524,2838,FUN_1,FUN_2
204527,20901,FUN_2,FUN_3
204529,213,FUN_6,CUBE_R
204539,13131,RET,CUBE_R
204540,14929,FUN_2,FUN_3
204571,8793,FUN_3,FUN_2
204572,10179,FUN_1,FUN_2
204579,27164,FUN_4,FUN_3
204585,1455,FUN_2,FUN_3
204586,23609,FUN_4,FUN_5
204611,11805,FUN_6,CUBE_R
204660,16587,FUN_1,FUN_2
204676,10410,FUN_2,FUN_3
204676,16631,FUN_1,FUN_2
204680,21419,FUN_3,FUN_2
204696,3053,FUN_3,FUN_2
204701,12736,CUBE_L,RET
204722,22294,CUBE_L,RET
204734,27501,FUN_4,FUN_3
204736,23561,FUN_5,FUN_6
204764,14795,FUN_3,FUN_2
204774,16053,FUN_4,FUN_3
204780,23596,FUN_2,FUN_1
204786,625,FUN_4,FUN_3
204814,1008,FUN_2,FUN_1
204875,12386,FUN_2,FUN_3
204883,18214,FUN_3,FUN_2
204895,15626,RET,CUBE_R
204954,1346,FUN_4,FUN_3
204978,6085,FUN_1,FUN_2
204989,16587,FUN_2,FUN_1
204993,17974,CUBE_R,FUN_6
205008,7710,FUN_5,FUN_4
205008,22677,RET,CUBE_R
205017,6553,FUN_2,FUN_1
205018,27108,FUN_6,CUBE_R
205034,8435,RET,CUBE_R
205050,1008,FUN_1,FUN_2
205056,22294,RET,CUBE_L
205071,16210,RET,CUBE_R
205071,22539,RET,CUBE_R
205072,2247,FUN_6,CUBE_R
205081,9869,FUN_1,FUN_2
205095,20867,CUBE_L,RET
205124,13807,FUN_2,FUN_1
205149,9743,FUN_3,FUN_4
205167,23609,FUN_5,FUN_4
205172,12341,FUN_2,FUN_1
205173,15830,FUN_4,FUN_3
205194,213,CUBE_R,FUN_6
205201,15277,CUBE_L,RET
205201,27915,RET,CUBE_R
205270,15460,FUN_2,FUN_1
205351,13036,RET,CUBE_R
205356,825,FUN_1,FUN_2
205364,28180,FUN_3,FUN_2
205370,1625,FUN_2,FUN_1
205370,1008,FUN_2,FUN_1
205378,3367,FUN_2,FUN_3
205384,1237,CUBE_R,RET
205393,14635,FUN_4,FUN_3
205394,6784,FUN_5,FUN_6
205394,10088,FUN_2,FUN_1
205413,18851,FUN_1,FUN_2
205420,5225,CUBE_R,RET
205421,615,CUBE_R,FUN_6
205434,19281,CUBE_R,RET
205438,789,CUBE_R,FUN_6
205439,3495,FUN_2,FUN_3
205470,22398,FUN_6,FUN_5
205488,27915,CUBE_R,RET
205489,2303,FUN_3,FUN_2
205515,11685,FUN_4,FUN_3
205518,16587,FUN_1,FUN_2
205521,14725,FUN_1,FUN_2
205534,15234,RET,CUBE_L
205544,6067,FUN_4,FUN_5
205585,2481,FUN_4,FUN_5
205594,20395,FUN_6,CUBE_R
205628,3332,FUN_3,FUN_2
205628,16241,FUN_3,FUN_2
205632,25484,RET,CUBE_L
205634,22677,CUBE_R,RET
205659,7609,FUN_5,FUN_4
205662,11235,FUN_2,FUN_3
205725,4329,FUN_4,FUN_3
205728,1590,FUN_3,FUN_2
205777,13677,FUN_1,CUBE_L
205786,22539,CUBE_R,RET
205790,14076,CUBE_L,RET
205855,213,FUN_6,CUBE_R
205856,15441,FUN_3,FUN_2
205861,11083,CUBE_R,FUN_6
205866,7710,FUN_4,FUN_5
205871,22677,RET,CUBE_R
205879,12341,FUN_1,FUN_2
205913,1625,FUN_1,FUN_2
205922,20901,FUN_3,FUN_2
205939,10861,FUN_3,FUN_2
205952,1521,FUN_6,CUBE_R
205953,9615,FUN_1,CUBE_L
205957,6996,CUBE_L,RET
205960,8775,FUN_2,FUN_3
205961,2782,FUN_1,FUN_2
206005,8793,FUN_2,FUN_3
206013,11993,FUN_2,FUN_3
206018,5619,FUN_3,FUN_4
206019,1590,FUN_2,FUN_3
206026,8618,FUN_6,CUBE_R
206026,29731,FUN_3,FUN_2
206032,29369,RET,CUBE_R
206034,15156,FUN_6,FUN_5
206041,29731,FUN_2,FUN_3
206046,13036,CUBE_R,RET
206049,20108,FUN_2,FUN_3
206075,4059,FUN_4,FUN_5
206080,2571,CUBE_R,FUN_6
206110,12925,FUN_3,FUN_2
206113,1841,CUBE_L,RET
206121,20094,CUBE_L,RET
206157,15497,RET,CUBE_L
206158,7357,FUN_5,FUN_6
206164,8568,RET,CUBE_R
206177,8525,FUN_2,FUN_1
206177,18063,FUN_1,CUBE_L
206196,7826,FUN_1,FUN_2
206197,29078,CUBE_R,FUN_6
206201,2557,RET,CUBE_R
206217,24262,FUN_3,FUN_2
206219,10985,CUBE_L,RET
206224,2247,CUBE_R,FUN_6
206229,21801,CUBE_R,FUN_6
206233,13797,FUN_1,FUN_2
206234,2714,FUN_3,FUN_4
206239,16173,FUN_2,FUN_3
206243,9459,CUBE_R,FUN_6
206258,19666,FUN_2,FUN_3
206258,19986,CUBE_L,RET
206274,14343,CUBE_R,RET
206283,22539,RET,CUBE_R
206298,20280,FUN_6,FUN_5
206298,29731,FUN_3,FUN_2
206308,2067,FUN_3,FUN_2
206323,22539,CUBE_R,RET
206347,14031,FUN_2,FUN_3
206363,1008,FUN_1,FUN_2
206370,24861,FUN_3,FUN_4
206394,13917,RET,CUBE_R
206440,14795,FUN_2,FUN_3
206472,21459,FUN_1,FUN_2
206486,21736,FUN_1,FUN_2
206496,1174,FUN_3,FUN_4
206505,20094,RET,CUBE_L
206525,1590,FUN_3,FUN_2
206561,13119,FUN_2,FUN_3
206568,19281,RET,CUBE_R
206576,8525,FUN_1,FUN_2
206577,9743,FUN_4,FUN_3
206589,10704,FUN_5,FUN_6
206609,20094,CUBE_L,RET
206632,2321,FUN_3,FUN_2
206657,16804,FUN_3,FUN_4
206688,8525,FUN_2,FUN_1
206719,11161,FUN_3,FUN_2
206721,13917,CUBE_R,RET
206743,13613,FUN_2,FUN_1
206753,10985,RET,CUBE_L
206753,28204,FUN_3,FUN_2
206758,4411,FUN_3,FUN_2
206781,11295,FUN_6,FUN_5
206782,15816,FUN_2,FUN_3
206785,23561,FUN_6,FUN_5
206793,22894,CUBE_L,RET
206826,978,FUN_2,FUN_3
206831,22225,CUBE_R,RET
206833,21195,CUBE_R,FUN_6
206839,2925,FUN_2,FUN_1
206858,23609,FUN_4,FUN_5
206864,6143,FUN_1,FUN_2
206889,18917,FUN_3,FUN_4
206895,21962,RET,CUBE_L
206904,13036,RET,CUBE_R
206919,24086,FUN_4,FUN_3
206948,24334,FUN_5,FUN_6
206952,15275,CUBE_L,FUN_1
207000,16804,FUN_4,FUN_3
207002,14876,FUN_1,FUN_2
207004,16763,FUN_3,FUN_2
207006,5427,FUN_2,FUN_1
207017,15497,CUBE_L,RET
207021,8618,CUBE_R,FUN_6
207030,18917,FUN_4,FUN_3
207038,10799,RET,CUBE_L
207041,26944,CUBE_L,RET
207057,8262,RET,CUBE_L
207070,10799,CUBE_L,RET
207091,1064,FUN_2,FUN_3
207092,16763,FUN_2,FUN_3
207106,19172,FUN_2,FUN_3
207113,6143,FUN_2,FUN_1
207114,9320,FUN_5,FUN_6
207116,27915,RET,CUBE_R
207118,20108,FUN_3,FUN_2
207120,21881,FUN_3,FUN_2
207129,29956,FUN_3,FUN_4
207141,2321,FUN_2,FUN_3
207145,19969,FUN_4,FUN_5
207156,14122,FUN_6,FUN_5
207179,13056,FUN_2,FUN_3
207194,18799,FUN_3,FUN_4
207214,12860,FUN_3,FUN_4
207226,21114,FUN_2,FUN_3
207226,25803,CUBE_L,FUN_1
207277,24955,FUN_2,FUN_1
207279,384,FUN_3,FUN_2
207291,441,RET,CUBE_R
207307,22539,RET,CUBE_R
207317,26481,CUBE_L,RET
207325,21114,FUN_3,FUN_2
207337,19530,CUBE_L,RET
207338,3656,FUN_6,CUBE_R
207349,17173,FUN_3,FUN_4
207352,789,FUN_6,CUBE_R
207364,4228,CUBE_L,RET
207377,1590,FUN_2,FUN_3
207378,21379,FUN_1,FUN_2
207398,29731,FUN_2,FUN_3
207479,12736,RET,CUBE_L
207481,27640,FUN_4,FUN_5
207501,23006,FUN_5,FUN_4
207505,10799,RET,CUBE_L
207511,25484,CUBE_L,RET
207538,19629,FUN_2,FUN_3
207548,6553,FUN_1,FUN_2
207554,18302,FUN_3,FUN_4
207574,21114,FUN_2,FUN_3
207580,2714,FUN_4,FUN_3
207594,531,FUN_5,FUN_4
207603,28375,FUN_3,FUN_4
207616,13346,CUBE_L,FUN_1
207618,3996,CUBE_L,FUN_1
207685,10082,FUN_1,FUN_2
207698,10460,FUN_3,FUN_4
207701,6784,FUN_6,FUN_5
207719,3656,CUBE_R,FUN_6
207746,2906,RET,CUBE_R
207752,11805,CUBE_R,FUN_6
207753,26782,FUN_4,FUN_3
207764,14872,FUN_2,FUN_3
207767,1327,FUN_2,FUN_3
207804,5029,FUN_6,CUBE_R
207817,28204,FUN_2,FUN_3
207823,11685,FUN_3,FUN_4
207828,22137,FUN_3,FUN_2
207840,12341,FUN_2,FUN_1
207851,19025,FUN_3,FUN_2
207860,20867,RET,CUBE_L
207869,4386,FUN_3,FUN_2
207895,14086,FUN_1,CUBE_L
207908,9415,RET,CUBE_L
207915,9208,FUN_2,FUN_3
207929,10525,FUN_3,FUN_2
207943,15275,FUN_1,CUBE_L
207943,26944,RET,CUBE_L
207948,24334,FUN_6,FUN_5
207952,18098,CUBE_R,FUN_6
207954,8176,FUN_6,CUBE_R
207955,17703,FUN_6,FUN_5
207963,15040,FUN_2,FUN_1
207966,28180,FUN_2,FUN_3
207971,14929,FUN_3,FUN_2
207974,12860,FUN_4,FUN_3
207996,3138,CUBE_L,RET
208037,19025,FUN_2,FUN_3
208060,12117,RET,CUBE_L
208071,8262,CUBE_L,RET
208074,18979,FUN_1,FUN_2
208106,3659,CUBE_L,RET
208108,14635,FUN_3,FUN_4
208108,28618,RET,CUBE_R
208124,12763,FUN_3,FUN_2
208131,23561,FUN_5,FUN_6
208152,3144,FUN_3,FUN_4
208152,9415,CUBE_L,RET
208179,8176,CUBE_R,FUN_6
208189,5286,FUN_1,CUBE_L
208192,14122,FUN_5,FUN_6
208206,5031,FUN_4,FUN_3
208206,7063,FUN_1,CUBE_L
208223,21195,FUN_6,CUBE_R
208249,14033,CUBE_L,RET
208251,28572,FUN_6,CUBE_R
208253,450,FUN_1,CUBE_L
208258,14700,RET,CUBE_L
208277,28110,FUN_2,FUN_3
208295,3378,FUN_3,FUN_2
208296,21010,FUN_2,FUN_3
208327,15626,CUBE_R,RET
208357,23609,FUN_5,FUN_4
208370,18875,RET,CUBE_L
208408,22618,FUN_2,FUN_3
208413,22478,CUBE_L,FUN_1
208450,16220,FUN_4,FUN_3
208459,23937,FUN_1,FUN_2
208474,28375,FUN_4,FUN_3
208478,12757,FUN_2,FUN_3
208487,12941,CUBE_R,RET
208498,16587,FUN_2,FUN_1
208502,9060,FUN_6,FUN_5
208504,9060,FUN_5,FUN_6
208516,9060,FUN_6,FUN_5
208516,18917,FUN_3,FUN_4
208534,6168,FUN_6,FUN_5
208575,384,FUN_2,FUN_3
208575,9060,FUN_5,FUN_6
208594,786,FUN_4,FUN_3
208612,16287,RET,CUBE_L
208615,8765,FUN_1,FUN_2
208626,25442,FUN_2,FUN_1
208653,13797,FUN_2,FUN_1
208661,11315,FUN_2,FUN_1
208664,15672,FUN_3,FUN_2
208666,15813,RET,CUBE_L
208677,14386,CUBE_L,FUN_1
208677,14872,FUN_3,FUN_2
208721,425,FUN_4,FUN_5
208737,13044,FUN_2,FUN_1
208740,2782,FUN_2,FUN_1
208742,25126,FUN_2,FUN_1
208763,16860,CUBE_R,RET
208773,23185,RET,CUBE_R
208785,20914,CUBE_R,RET
208789,5675,FUN_3,FUN_2
208810,11812,FUN_3,FUN_2
208815,2714,FUN_3,FUN_4
208833,19358,FUN_3,FUN_2
208835,2557,CUBE_R,RET
208848,6784,FUN_5,FUN_6
208853,26600,CUBE_R,FUN_6
208857,4970,FUN_3,FUN_2
208871,13044,FUN_1,FUN_2
208891,18891,FUN_3,FUN_2
208898,615,FUN_6,CUBE_R
208909,13036,CUBE_R,RET
208929,24851,FUN_3,FUN_4
208947,11277,FUN_5,FUN_6
208966,16665,CUBE_L,RET
208972,13733,FUN_1,FUN_2
209013,5029,CUBE_R,FUN_6
209023,22294,CUBE_L,RET
209035,7593,CUBE_L,RET
209055,25803,FUN_1,CUBE_L
209076,28726,FUN_2,FUN_3
209077,27307,RET,CUBE_L
209080,9390,FUN_1,FUN_2
209102,24807,FUN_3,FUN_4
209120,17510,FUN_3,FUN_2
209125,793,FUN_3,FUN_2
209159,24926,CUBE_R,FUN_6
209184,2925,FUN_1,FUN_2
209189,13056,FUN_3,FUN_2
209191,13044,FUN_2,FUN_1
209206,610,FUN_3,FUN_4
209231,4314,FUN_2,FUN_1
209281,24592,FUN_4,FUN_3
209300,20867,CUBE_L,RET
209305,18830,FUN_4,FUN_5
209310,3332,FUN_2,FUN_3
209322,12103,CUBE_L,RET
209326,13036,RET,CUBE_R
209327,13613,FUN_1,FUN_2
209343,5920,RET,CUBE_R
209359,450,CUBE_L,FUN_1
209362,21943,FUN_6,CUBE_R
209379,6713,FUN_4,FUN_3
209380,9733,FUN_3,FUN_4
209386,24688,FUN_2,FUN_1
209398,14568,FUN_1,FUN_2
209407,365,CUBE_R,FUN_6
209450,21379,FUN_2,FUN_1
209493,15626,RET,CUBE_R
209499,8790,FUN_2,FUN_1
209568,8419,FUN_2,FUN_1
209578,1008,FUN_2,FUN_1
209582,8176,FUN_6,CUBE_R
209583,26595,FUN_2,FUN_3
209590,28656,FUN_3,FUN_2
209602,5286,CUBE_L,FUN_1
209611,21379,FUN_1,FUN_2
209625,9056,FUN_4,FUN_3
209632,295,CUBE_L,RET
209646,3088,FUN_6,CUBE_R
209649,6085,FUN_2,FUN_1
209654,1625,FUN_2,FUN_1
209660,11856,FUN_2,FUN_3
209707,15830,FUN_3,FUN_4
209716,17931,FUN_4,FUN_5
209716,27304,FUN_6,CUBE_R
209725,13613,FUN_2,FUN_1
209759,15497,RET,CUBE_L
209768,24688,FUN_1,FUN_2
209770,15520,RET,CUBE_L
209786,9975,FUN_3,FUN_2
209789,21409,FUN_3,FUN_2
209801,14301,FUN_1,FUN_2
209806,12117,CUBE_L,RET
209809,29956,FUN_4,FUN_3
209811,24955,FUN_1,FUN_2
209814,5249,FUN_6,FUN_5
209832,7144,FUN_2,FUN_3
209850,15219,FUN_2,FUN_1
209866,18580,FUN_6,CUBE_R
209868,786,FUN_3,FUN_4
209880,9453,FUN_3,FUN_2
209899,9923,FUN_4,FUN_5
209908,13089,CUBE_L,RET
209914,29367,FUN_6,CUBE_R
209934,4059,FUN_5,FUN_4
209943,24799,FUN_4,FUN_5
209949,24926,FUN_6,CUBE_R
209950,27640,FUN_5,FUN_4
209977,25060,CUBE_R,FUN_6
209984,22831,FUN_1,CUBE_L
209985,26970,FUN_1,FUN_2
209999,8471,FUN_4,FUN_3
210015,13807,FUN_1,FUN_2
210027,6085,FUN_1,FUN_2
210029,1008,FUN_1,FUN_2
210063,19631,FUN_4,FUN_5
210078,610,FUN_4,FUN_3
210097,21943,CUBE_R,FUN_6
210122,1880,FUN_2,FUN_3
210128,13767,FUN_3,FUN_4
210135,16262,FUN_1,CUBE_L
210149,25398,FUN_5,FUN_6
210168,12161,FUN_3,FUN_4
210178,2067,FUN_2,FUN_3
210240,15672,FUN_2,FUN_3
210280,15441,FUN_2,FUN_3
210296,12341,FUN_1,FUN_2
210342,24592,FUN_3,FUN_4
210347,9208,FUN_3,FUN_2
210382,6713,FUN_3,FUN_4
210400,21504,FUN_5,FUN_4
210408,27876,RET,CUBE_L
210436,29369,CUBE_R,RET
210457,14122,FUN_6,FUN_5
210475,7362,FUN_1,CUBE_L
210477,786,FUN_4,FUN_3
210478,5861,FUN_2,FUN_1
210482,3053,FUN_2,FUN_3
210489,17510,FUN_2,FUN_3
210547,11185,CUBE_L,RET
210566,450,FUN_1,CUBE_L
210585,28120,FUN_1,FUN_2
210589,10525,FUN_2,FUN_3
210590,295,RET,CUBE_L
210592,273,FUN_6,FUN_5
210602,1808,FUN_3,FUN_4
210603,12281,FUN_3,FUN_2
210622,12028,RET,CUBE_L
210632,17652,CUBE_L,RET
210662,6713,FUN_4,FUN_3
210669,3602,FUN_6,CUBE_R
210674,15815,FUN_1,FUN_2
210687,27193,RET,CUBE_L
210731,8262,RET,CUBE_L
210731,13036,CUBE_R,RET
210737,16210,CUBE_R,RET
210777,14635,FUN_4,FUN_3
210793,24807,FUN_4,FUN_3
210806,6168,FUN_5,FUN_6
210806,8834,FUN_3,FUN_4
210827,11768,FUN_2,FUN_3
210862,21736,FUN_2,FUN_1
210871,3144,FUN_4,FUN_3
210889,15626,CUBE_R,RET
210900,6085,FUN_2,FUN_1
210910,2925,FUN_2,FUN_1
210921,28562,FUN_4,FUN_3
210950,9453,FUN_2,FUN_3
210953,888,RET,CUBE_L
210954,450,CUBE_L,FUN_1
210957,12889,CUBE_R,RET
210959,14725,FUN_2,FUN_1
210978,6553,FUN_2,FUN_1
211017,18752,FUN_1,FUN_2
211025,2004,FUN_3,FUN_2
211027,13986,FUN_2,FUN_3
211041,4124,FUN_3,FUN_2
211057,16220,FUN_3,FUN_4
211091,20348,FUN_2,FUN_1
211099,6412,FUN_3,FUN_2
211104,16437,FUN_2,FUN_3
211111,22027,FUN_2,FUN_3
211113,10748,FUN_3,FUN_2
211115,602,CUBE_R,FUN_6
211115,14301,FUN_2,FUN_1
211116,9923,FUN_5,FUN_4
211139,22894,RET,CUBE_L
211181,4314,FUN_1,FUN_2
211205,27237,FUN_3,FUN_2
211210,11164,FUN_2,FUN_3
211212,15275,CUBE_L,FUN_1
211243,12871,FUN_3,FUN_2
211264,20448,RET,CUBE_R
211285,4059,FUN_4,FUN_5
211298,2925,FUN_1,FUN_2
211301,4411,FUN_2,FUN_3
211301,6553,FUN_1,FUN_2
211302,610,FUN_3,FUN_4
211302,9056,FUN_3,FUN_4
211322,625,FUN_3,FUN_4
211371,22255,FUN_5,FUN_6
211383,19005,RET,CUBE_R
211389,11315,FUN_1,FUN_2
211397,9909,FUN_2,FUN_1
211401,15239,FUN_3,FUN_4
211423,27167,CUBE_L,FUN_1
211460,19754,FUN_2,FUN_1
211461,610,FUN_4,FUN_3
211475,6085,FUN_1,FUN_2
211523,14725,FUN_1,FUN_2
211528,17510,FUN_3,FUN_2
211533,14454,FUN_4,FUN_3
211540,12871,FUN_2,FUN_3
211546,15219,FUN_1,FUN_2
211562,27108,CUBE_R,FUN_6
211564,18891,FUN_2,FUN_3
211571,15219,FUN_2,FUN_1
211592,15219,FUN_1,FUN_2
211597,24464,FUN_4,FUN_3
211599,28120,FUN_2,FUN_1
211626,27307,CUBE_L,RET
211667,17343,FUN_3,FUN_4
211684,8435,CUBE_R,RET
211692,10861,FUN_2,FUN_3
211708,27295,FUN_2,FUN_3
211724,29154,FUN_4,FUN_3
211748,22957,RET,CUBE_L
211754,23587,FUN_2,FUN_1
211756,27682,FUN_2,FUN_3
211784,4386,FUN_2,FUN_3
211788,18917,FUN_4,FUN_3
211816,11277,FUN_6,FUN_5
211824,3420,FUN_6,CUBE_R
211830,20658,FUN_3,FUN_4
211844,11812,FUN_2,FUN_3
211854,8591,RET,CUBE_R
211863,21426,FUN_2,FUN_3
211878,16220,FUN_4,FUN_3
211910,28825,FUN_2,FUN_1
211928,13805,CUBE_R,FUN_6
211929,18891,FUN_3,FUN_2
211932,14301,FUN_1,FUN_2
211944,16704,CUBE_R,RET
211977,6784,FUN_6,FUN_5
211992,27307,RET,CUBE_L
211995,3318,FUN_5,FUN_4
212006,6085,FUN_2,FUN_1
212016,14363,FUN_4,FUN_3
212061,27307,CUBE_L,RET
212081,19848,FUN_3,FUN_2
212090,20728,FUN_2,FUN_3
212101,19160,FUN_3,FUN_4
212104,8435,RET,CUBE_R
212127,23596,FUN_1,FUN_2
212131,1701,FUN_3,FUN_2
212134,25912,FUN_5,FUN_4
212166,2560,CUBE_R,RET
212175,3393,RET,CUBE_R
212182,14725,FUN_2,FUN_1
212188,3370,CUBE_R,FUN_6
212194,12103,RET,CUBE_L
212197,13346,FUN_1,CUBE_L
212209,20260,CUBE_R,FUN_6
212211,16241,FUN_2,FUN_3
212215,28316,FUN_3,FUN_2
212229,11696,FUN_4,FUN_3
212245,8435,CUBE_R,RET
212252,15198,FUN_3,FUN_4
212260,11856,FUN_3,FUN_2
212264,14990,FUN_1,FUN_2
212267,6026,FUN_6,FUN_5
212315,23457,FUN_5,FUN_6
212315,29544,FUN_1,CUBE_L
212375,6347,FUN_3,FUN_2
212426,20448,CUBE_R,RET
212441,13675,FUN_4,FUN_3
212456,898,FUN_3,FUN_2
212460,3205,CUBE_R,RET
212478,14454,FUN_3,FUN_4
212484,602,FUN_6,CUBE_R
212488,24688,FUN_2,FUN_1
212490,27019,CUBE_L,RET
212501,2660,FUN_2,FUN_1
212504,5031,FUN_3,FUN_4
212516,26569,CUBE_R,RET
212524,19160,FUN_4,FUN_3
212528,15040,FUN_1,FUN_2
212539,25183,FUN_2,FUN_1
212543,9415,RET,CUBE_L
212558,21619,CUBE_L,FUN_1
212564,4843,FUN_2,FUN_3
212566,5356,CUBE_R,RET
212568,16993,RET,CUBE_R
212594,26481,RET,CUBE_L
212611,3318,FUN_4,FUN_5
212622,28983,RET,CUBE_R
212634,10282,FUN_2,FUN_1
212668,29304,FUN_1,FUN_2
212676,23347,CUBE_R,RET
212683,26569,RET,CUBE_R
212685,11185,RET,CUBE_L
212686,24269,FUN_3,FUN_2
212703,29576,CUBE_R,RET
212705,11939,FUN_1,CUBE_L
212713,20087,FUN_4,FUN_5
212720,4991,FUN_3,FUN_2
212728,18891,FUN_2,FUN_3
212734,15580,FUN_4,FUN_3
212767,13807,FUN_2,FUN_1
212773,9471,FUN_1,CUBE_L
212782,18917,FUN_3,FUN_4
212788,12341,FUN_2,FUN_1
212813,3767,FUN_2,FUN_1
212834,19515,FUN_4,FUN_5
212836,898,FUN_2,FUN_3
212838,22366,RET,CUBE_L
212863,10282,FUN_1,FUN_2
212864,13586,FUN_2,FUN_1
212881,14562,FUN_3,FUN_2
212881,25250,FUN_1,FUN_2
212930,12103,CUBE_L,RET
212931,21286,FUN_1,CUBE_L
212947,6067,FUN_5,FUN_4
212961,610,FUN_3,FUN_4
212981,12627,FUN_6,CUBE_R
212996,10985,CUBE_L,RET
213015,2782,FUN_1,FUN_2
213026,16262,CUBE_L,FUN_1
213049,9923,FUN_4,FUN_5
213050,11805,FUN_6,CUBE_R
213055,23295,FUN_1,CUBE_L
213074,8790,FUN_1,FUN_2
213078,25207,FUN_1,FUN_2
213081,4639,RET,CUBE_R
213093,20239,FUN_1,CUBE_L
213097,19966,FUN_6,CUBE_R
213099,5660,FUN_1,FUN_2
213105,11500,FUN_1,FUN_2
213110,24004,CUBE_R,RET
213123,13639,RET,CUBE_L
213138,11161,FUN_2,FUN_3
213152,24441,FUN_3,FUN_2
213170,3393,CUBE_R,RET
213175,20260,FUN_6,CUBE_R
213188,7475,FUN_6,CUBE_R
213190,16704,RET,CUBE_R
213204,4200,RET,CUBE_R
213221,5249,FUN_5,FUN_6
213249,1699,FUN_2,FUN_1
213251,15013,RET,CUBE_L
213267,8790,FUN_2,FUN_1
213271,26930,FUN_3,FUN_2
213272,21034,FUN_3,FUN_2
213276,11295,FUN_5,FUN_6
213288,27727,RET,CUBE_L
213289,14031,FUN_3,FUN_2
213296,2560,RET,CUBE_R
213296,19049,FUN_4,FUN_5
213330,21881,FUN_2,FUN_3
213400,15815,FUN_2,FUN_1
213412,13586,FUN_1,FUN_2
213439,10282,FUN_2,FUN_1
213450,28832,FUN_2,FUN_3
213454,2398,FUN_2,FUN_1
213456,14122,FUN_5,FUN_6
213458,25060,FUN_6,CUBE_R
213470,6067,FUN_4,FUN_5
213473,25484,RET,CUBE_L
213479,17931,FUN_5,FUN_4
213500,22366,CUBE_L,RET
213534,20260,CUBE_R,FUN_6
213543,10153,FUN_5,FUN_4
213551,20470,FUN_2,FUN_1
213567,19160,FUN_3,FUN_4
213567,25952,RET,CUBE_R
213580,12341,FUN_1,FUN_2
213585,28684,FUN_4,FUN_3
213597,19473,FUN_3,FUN_4
213601,14343,RET,CUBE_R
213603,26311,FUN_1,CUBE_L
213603,27682,FUN_3,FUN_2
213604,7199,CUBE_L,RET
213615,3318,FUN_5,FUN_4
213616,16241,FUN_3,FUN_2
213652,19955,RET,CUBE_L
213670,1699,FUN_1,FUN_2
213677,5123,FUN_2,FUN_1
213677,28721,FUN_1,FUN_2
213683,26930,FUN_2,FUN_3
213703,27108,FUN_6,CUBE_R
213711,898,FUN_3,FUN_2
213726,26110,FUN_3,FUN_2
213744,7642,FUN_2,FUN_3
213753,14562,FUN_2,FUN_3
213802,23630,RET,CUBE_L
213805,29052,FUN_1,FUN_2
213821,20448,RET,CUBE_R
213856,2714,FUN_4,FUN_3
213856,28825,FUN_1,FUN_2
213861,23236,FUN_3,FUN_2
213880,14929,FUN_2,FUN_3
213907,1590,FUN_3,FUN_2
213921,25060,CUBE_R,FUN_6
213925,1699,FUN_2,FUN_1
213926,4124,FUN_2,FUN_3
213929,5120,FUN_3,FUN_2
213932,19049,FUN_5,FUN_4
213936,1699,FUN_1,FUN_2
213954,28606,FUN_3,FUN_2
213970,28562,FUN_3,FUN_4
213976,29942,RET,CUBE_L
213996,1699,FUN_2,FUN_1
214004,9975,FUN_2,FUN_3
214030,4970,FUN_2,FUN_3
214060,18891,FUN_3,FUN_2
214086,15927,RET,CUBE_L
214087,15684,FUN_3,FUN_4
214087,29956,FUN_3,FUN_4
214093,179,RET,CUBE_L
214114,12474,FUN_4,FUN_3
214143,20348,FUN_1,FUN_2
214180,5565,FUN_1,FUN_2
214192,13986,FUN_3,FUN_2
214196,13518,CUBE_L,RET
214202,9975,FUN_3,FUN_2
214205,2660,FUN_1,FUN_2
214229,19558,FUN_3,FUN_2
214240,26311,CUBE_L,FUN_1
214245,26311,FUN_1,CUBE_L
214250,18929,FUN_2,FUN_3
214251,26118,FUN_4,FUN_3
214258,11685,FUN_4,FUN_3
214267,10311,FUN_2,FUN_3
214274,1699,FUN_1,FUN_2
214281,14110,RET,CUBE_L
214339,13218,FUN_1,FUN_2
214362,6553,FUN_2,FUN_1
214362,8107,FUN_3,FUN_4
214364,9743,FUN_3,FUN_4
214392,23587,FUN_1,FUN_2
214407,19338,CUBE_R,FUN_6
214416,18214,FUN_2,FUN_3
214429,8790,FUN_1,FUN_2
214432,6067,FUN_5,FUN_4
214432,16383,FUN_3,FUN_2
214478,28983,CUBE_R,RET
214511,7475,CUBE_R,FUN_6
214514,6824,FUN_1,FUN_2
214516,11805,CUBE_R,FUN_6
214517,3393,RET,CUBE_R
214534,13089,RET,CUBE_L
214544,20260,FUN_6,CUBE_R
214554,14857,FUN_1,FUN_2
214556,27108,CUBE_R,FUN_6
214574,10266,FUN_4,FUN_5
214583,5557,RET,CUBE_L
214588,13986,FUN_2,FUN_3
214592,12103,RET,CUBE_L
214598,29614,FUN_6,FUN_5
214640,793,FUN_2,FUN_3
214655,6034,FUN_2,FUN_1
214683,21448,FUN_2,FUN_1
214707,29369,RET,CUBE_R
214737,4228,RET,CUBE_L
214769,20260,CUBE_R,FUN_6
214772,11774,FUN_3,FUN_2
214785,3656,FUN_6,CUBE_R
214786,763,FUN_3,FUN_2
214791,2660,FUN_2,FUN_1
214792,15817,FUN_2,FUN_1
214807,20227,FUN_3,FUN_4
214823,13218,FUN_2,FUN_1
214856,6782,CUBE_R,RET
214860,26569,CUBE_R,RET
214861,2660,FUN_1,FUN_2
214886,14389,FUN_2,FUN_3
214887,1625,FUN_1,FUN_2
214907,16204,FUN_1,FUN_2
214914,14929,FUN_3,FUN_2
214921,19748,RET,CUBE_R
214922,3715,FUN_3,FUN_2
214923,15013,CUBE_L,RET
214953,14236,CUBE_R,FUN_6
214973,28606,FUN_2,FUN_3
214989,20227,FUN_4,FUN_3
214999,789,CUBE_R,FUN_6
215009,26499,FUN_3,FUN_2
215070,14031,FUN_2,FUN_3
215117,22225,RET,CUBE_R
215155,13807,FUN_1,FUN_2
215157,9056,FUN_4,FUN_3
215157,19634,FUN_3,FUN_4
215179,25060,FUN_6,CUBE_R
215183,18929,FUN_3,FUN_2
215189,15526,FUN_3,FUN_4
215192,8910,FUN_5,FUN_4
215192,19290,FUN_1,FUN_2
215209,19161,RET,CUBE_L
215218,11856,FUN_2,FUN_3
215233,11313,FUN_3,FUN_2
215273,14725,FUN_1,FUN_2
215294,25152,FUN_2,FUN_3
215307,19160,FUN_4,FUN_3
215333,10086,FUN_5,FUN_4
215361,27307,RET,CUBE_L
215388,23347,RET,CUBE_R
215405,6067,FUN_4,FUN_5
215411,5249,FUN_6,FUN_5
215423,18891,FUN_2,FUN_3
215442,24086,FUN_3,FUN_4
215447,3767,FUN_1,FUN_2
215464,28120,FUN_1,FUN_2
215485,23295,CUBE_L,FUN_1
215505,5031,FUN_4,FUN_3
215513,12757,FUN_3,FUN_2
215513,15460,FUN_1,FUN_2
215528,13675,FUN_3,FUN_4
215532,11295,FUN_6,FUN_5
215537,5249,FUN_5,FUN_6
215544,6440,FUN_5,FUN_4
215549,15817,FUN_1,FUN_2
215550,7406,FUN_3,FUN_2
215551,6824,FUN_2,FUN_1
215562,7642,FUN_3,FUN_2
215563,18059,FUN_3,FUN_2
215566,15817,FUN_2,FUN_1
215588,4882,CUBE_R,RET
215598,27557,FUN_3,FUN_2
215599,15817,FUN_1,FUN_2
215602,12757,FUN_2,FUN_3
215630,10385,FUN_3,FUN_2
215645,12144,CUBE_L,RET
215649,450,FUN_1,CUBE_L
215658,21034,FUN_2,FUN_3
215660,3362,CUBE_L,RET
215663,11426,CUBE_R,FUN_6
215671,28726,FUN_3,FUN_2
215680,2660,FUN_2,FUN_1
215701,967,FUN_3,FUN_2
215709,19160,FUN_3,FUN_4
215711,21010,FUN_3,FUN_2
215719,19290,FUN_2,FUN_1
215731,3205,RET,CUBE_R
215746,19713,FUN_2,FUN_1
215758,6037,FUN_4,FUN_3
215783,27912,FUN_4,FUN_5
215802,2273,RET,CUBE_L
215818,5249,FUN_6,FUN_5
215834,14635,FUN_3,FUN_4
215854,8962,FUN_3,FUN_4
215888,7642,FUN_2,FUN_3
215924,28316,FUN_2,FUN_3
215935,14236,FUN_6,CUBE_R
215952,22366,RET,CUBE_L
215954,26944,CUBE_L,RET
215971,2660,FUN_1,FUN_2
215985,20649,FUN_2,FUN_1
215993,27407,CUBE_L,RET
216013,12341,FUN_2,FUN_1
216035,3144,FUN_3,FUN_4
216037,2660,FUN_2,FUN_1
216040,9451,CUBE_L,FUN_1
216041,11420,CUBE_R,RET
216052,6034,FUN_1,FUN_2
216056,11784,FUN_2,FUN_1
216058,14046,FUN_4,FUN_3
216059,3205,CUBE_R,RET
216090,12307,CUBE_R,RET
216117,19041,FUN_2,FUN_3
216125,6037,FUN_3,FUN_4
216129,25745,FUN_6,FUN_5
216146,12860,FUN_3,FUN_4
216163,19969,FUN_5,FUN_4
216179,13807,FUN_2,FUN_1
216204,10673,FUN_1,FUN_2
216217,20041,FUN_2,FUN_3
216236,10861,FUN_3,FUN_2
216238,14635,FUN_4,FUN_3
216245,2925,FUN_2,FUN_1
216267,14876,FUN_2,FUN_1
216283,14906,FUN_2,FUN_3
216297,3415,FUN_4,FUN_3
216311,26944,RET,CUBE_L
216330,1844,FUN_4,FUN_5
216340,18059,FUN_2,FUN_3
216341,6067,FUN_5,FUN_4
216349,17173,FUN_4,FUN_3
216368,22712,FUN_2,FUN_3
216382,16763,FUN_3,FUN_2
216403,28640,FUN_4,FUN_3
216410,6026,FUN_5,FUN_6
216412,19558,FUN_2,FUN_3
216427,20239,CUBE_L,FUN_1
216429,7371,FUN_2,FUN_1
216430,9892,FUN_3,FUN_2
216439,10319,FUN_5,FUN_4
216462,28562,FUN_4,FUN_3
216463,24345,FUN_1,FUN_2
216470,22712,FUN_3,FUN_2
216475,26109,FUN_2,FUN_3
216482,2660,FUN_1,FUN_2
216492,1699,FUN_2,FUN_1
216495,25183,FUN_1,FUN_2
216509,10221,CUBE_L,RET
216527,28721,FUN_2,FUN_1
216544,12144,RET,CUBE_L
216558,22302,FUN_3,FUN_2
216560,12408,FUN_3,FUN_2
216561,27572,FUN_2,FUN_1
216562,9909,FUN_1,FUN_2
216575,238,FUN_4,FUN_3
216578,21801,FUN_6,CUBE_R
216583,4386,FUN_3,FUN_2
216596,14110,CUBE_L,RET
216599,23338,FUN_4,FUN_3
216606,26109,FUN_3,FUN_2
216611,8478,FUN_2,FUN_3
216613,22027,FUN_3,FUN_2
216621,2466,FUN_2,FUN_1
216638,27231,FUN_3,FUN_2
216653,10985,RET,CUBE_L
216655,20658,FUN_4,FUN_3
216659,11805,FUN_6,CUBE_R
216670,15803,FUN_3,FUN_2
216674,12144,CUBE_L,RET
216675,10424,FUN_2,FUN_1
216687,28281,FUN_3,FUN_4
216696,5385,CUBE_R,FUN_6
216737,5120,FUN_2,FUN_3
216743,9056,FUN_3,FUN_4
216743,9975,FUN_2,FUN_3
216746,13099,FUN_2,FUN_1
216751,4386,FUN_2,FUN_3
216772,5434,FUN_1,FUN_2
216779,21438,CUBE_L,RET
216782,16587,FUN_1,FUN_2
216813,12307,RET,CUBE_R
216831,23768,FUN_2,FUN_1
216834,19015,FUN_6,CUBE_R
216845,26354,FUN_1,FUN_2
216868,9545,FUN_2,FUN_1
216912,316,FUN_3,FUN_2
216951,10252,RET,CUBE_R
216951,24581,FUN_3,FUN_2
216968,14508,FUN_3,FUN_2
216975,27772,FUN_4,FUN_3
216983,3362,RET,CUBE_L
216984,20552,FUN_4,FUN_3
216991,16763,FUN_2,FUN_3
216994,25126,FUN_1,FUN_2
216994,29614,FUN_5,FUN_6
217004,6412,FUN_2,FUN_3
217011,8224,FUN_3,FUN_2
217025,21034,FUN_3,FUN_2
217035,5557,CUBE_L,RET
217038,1199,FUN_3,FUN_2
217038,17510,FUN_2,FUN_3
217047,23185,CUBE_R,RET
217054,967,FUN_2,FUN_3
217100,19473,FUN_4,FUN_3
217102,14988,CUBE_R,RET
217124,9545,FUN_1,FUN_2
217131,5225,RET,CUBE_R
217136,2466,FUN_1,FUN_2
217142,23868,FUN_2,FUN_1
217152,8471,FUN_3,FUN_4
217165,19791,FUN_3,FUN_2
217165,27407,RET,CUBE_L
217169,2247,FUN_6,CUBE_R
217174,15239,FUN_4,FUN_3
217189,9545,FUN_2,FUN_1
217191,13613,FUN_1,FUN_2
217231,1008,FUN_2,FUN_1
217236,12514,CUBE_R,RET
217244,21010,FUN_2,FUN_3
217246,8131,FUN_1,FUN_2
217263,14389,FUN_3,FUN_2
217290,19986,RET,CUBE_L
217292,898,FUN_2,FUN_3
217297,15817,FUN_2,FUN_1
217304,1199,FUN_2,FUN_3
217313,19918,CUBE_L,RET
217317,10385,FUN_2,FUN_3
217343,9411,FUN_3,FUN_4
217397,23768,FUN_1,FUN_2
217401,21877,RET,CUBE_L
217414,24699,CUBE_L,FUN_1
217415,14831,FUN_5,FUN_4
217446,6026,FUN_6,FUN_5
217455,14110,RET,CUBE_L
217486,28606,FUN_3,FUN_2
217492,793,FUN_3,FUN_2
217498,27959,CUBE_L,FUN_1
217499,20470,FUN_1,FUN_2
217501,12860,FUN_4,FUN_3
217508,10086,FUN_4,FUN_5
217513,7381,FUN_4,FUN_3
217542,9545,FUN_1,FUN_2
217543,295,CUBE_L,RET
217583,19918,RET,CUBE_L
217585,19338,FUN_6,CUBE_R
217588,28096,FUN_3,FUN_2
217611,754,FUN_2,FUN_3
217619,27572,FUN_1,FUN_2
217638,8568,CUBE_R,RET
217650,23185,RET,CUBE_R
217674,18752,FUN_2,FUN_3
217716,25637,RET,CUBE_R
217731,21619,FUN_1,CUBE_L
217815,13218,FUN_1,FUN_2
217827,28656,FUN_2,FUN_3
217845,2557,RET,CUBE_R
217846,11500,FUN_2,FUN_1
217856,22294,RET,CUBE_L
217867,29546,FUN_5,FUN_4
217876,14046,FUN_3,FUN_4
217896,5356,RET,CUBE_R
217922,21929,FUN_2,FUN_1
217967,25362,CUBE_R,FUN_6
217975,8224,FUN_2,FUN_3
217989,23295,FUN_1,CUBE_L
217997,12144,RET,CUBE_L
218026,24269,FUN_2,FUN_3
218059,11979,RET,CUBE_L
218068,14236,CUBE_R,FUN_6
218074,19802,FUN_2,FUN_3
218106,13807,FUN_1,FUN_2
218117,17862,FUN_3,FUN_2
218128,15601,FUN_4,FUN_3
218132,19172,FUN_3,FUN_2
218137,789,FUN_6,CUBE_R
218147,13877,RET,CUBE_R
218154,21929,FUN_1,FUN_2
218161,25126,FUN_2,FUN_1
218168,13946,FUN_2,FUN_1
218178,1808,FUN_4,FUN_3
218192,9056,FUN_4,FUN_3
218194,3053,FUN_3,FUN_2
218212,27397,FUN_2,FUN_3
218221,19791,FUN_2,FUN_3
218255,3495,FUN_3,FUN_2
218255,22193,CUBE_R,RET
218284,8262,CUBE_L,RET
218294,6034,FUN_2,FUN_1
218318,3205,RET,CUBE_R
218336,27492,FUN_4,FUN_5
218379,6553,FUN_1,FUN_2
218382,1085,FUN_4,FUN_5
218388,11657,FUN_4,FUN_3
218426,27833,FUN_5,FUN_6
218445,11426,FUN_6,CUBE_R
218455,14989,CUBE_R,RET
218455,22728,FUN_3,FUN_2
218474,24688,FUN_1,FUN_2
218477,7395,FUN_3,FUN_4
218525,20233,FUN_4,FUN_3
218533,3053,FUN_2,FUN_3
218547,21793,RET,CUBE_L
218557,12514,RET,CUBE_R
218594,26569,RET,CUBE_R
218611,5341,CUBE_R,RET
218611,9975,FUN_3,FUN_2
218629,3035,FUN_1,FUN_2
218629,12607,CUBE_L,RET
218645,25938,FUN_5,FUN_4
218649,19646,FUN_5,FUN_4
218654,19200,FUN_3,FUN_2
218691,898,FUN_3,FUN_2
218704,23076,FUN_3,FUN_4
218705,19439,RET,CUBE_R
218705,27959,FUN_1,CUBE_L
218709,179,CUBE_L,RET
218740,1590,FUN_2,FUN_3
218756,28096,FUN_2,FUN_3
218759,9892,FUN_2,FUN_3
218760,9415,CUBE_L,RET
218768,8224,FUN_3,FUN_2
218773,7557,RET,CUBE_L
218778,13089,CUBE_L,RET
218780,22995,RET,CUBE_L
218784,28120,FUN_2,FUN_1
218790,2557,CUBE_R,RET
218797,8224,FUN_2,FUN_3
218826,21105,FUN_5,FUN_4
218830,20108,FUN_2,FUN_3
218839,7760,FUN_5,FUN_6
218860,11370,FUN_3,FUN_2
218869,15079,FUN_3,FUN_2
218874,21528,FUN_6,FUN_5
218885,789,CUBE_R,FUN_6
218896,1590,FUN_3,FUN_2
218922,14110,CUBE_L,RET
218925,14236,FUN_6,CUBE_R
218939,11370,FUN_2,FUN_3
218945,13723,FUN_3,FUN_2
218946,365,FUN_6,CUBE_R
218964,3205,CUBE_R,RET
218999,15497,CUBE_L,RET
219007,14110,RET,CUBE_L
219027,22728,FUN_2,FUN_3
219042,14110,CUBE_L,RET
219053,27108,FUN_6,CUBE_R
219062,14110,RET,CUBE_L
219067,4642,FUN_2,FUN_1
219067,15817,FUN_1,FUN_2
219073,11500,FUN_1,FUN_2
219078,11370,FUN_3,FUN_2
219089,27304,CUBE_R,FUN_6
219099,9792,FUN_3,FUN_4
219104,3797,FUN_3,FUN_2
219128,8962,FUN_4,FUN_3
219150,29546,FUN_4,FUN_5
219163,18490,FUN_4,FUN_5
219164,10319,FUN_4,FUN_5
219193,16383,FUN_2,FUN_3
219228,5074,FUN_5,FUN_6
219241,3415,FUN_3,FUN_4
219247,22027,FUN_2,FUN_3
219292,2371,FUN_4,FUN_3
219305,14876,FUN_1,FUN_2
219322,9545,FUN_2,FUN_1
219323,27307,CUBE_L,RET
219329,18745,FUN_6,CUBE_R
219368,2800,RET,CUBE_R
219394,2211,FUN_1,FUN_2
219404,27397,FUN_3,FUN_2
219413,15040,FUN_2,FUN_1
219417,15526,FUN_4,FUN_3
219422,19200,FUN_2,FUN_3
219437,14389,FUN_2,FUN_3
219462,22621,FUN_6,FUN_5
219467,4914,FUN_6,FUN_5
219472,14872,FUN_2,FUN_3
219480,9174,FUN_1,FUN_2
219484,12763,FUN_2,FUN_3
219485,17881,CUBE_R,RET
219500,21034,FUN_2,FUN_3
219507,18853,FUN_2,FUN_1
219513,17722,FUN_4,FUN_5
219518,20552,FUN_3,FUN_4
219548,13946,FUN_1,FUN_2
219550,8658,FUN_6,CUBE_R
219575,1566,FUN_3,FUN_2
219599,15813,CUBE_L,RET
219609,8658,CUBE_R,FUN_6
219637,7371,FUN_1,FUN_2
219645,2846,FUN_3,FUN_4
219662,27496,FUN_2,FUN_1
219669,2782,FUN_2,FUN_1
219695,24422,CUBE_L,RET
219713,18375,FUN_6,CUBE_R
219726,20470,FUN_2,FUN_1
219731,22193,RET,CUBE_R
219744,9451,FUN_1,CUBE_L
219752,2466,FUN_2,FUN_1
219760,5007,FUN_1,FUN_2
219766,28640,FUN_3,FUN_4
219767,28120,FUN_1,FUN_2
219846,9174,FUN_2,FUN_1
219848,9566,CUBE_R,RET
219871,804,FUN_1,CUBE_L
219873,27772,FUN_3,FUN_4
219877,20348,FUN_2,FUN_1
219934,19358,FUN_2,FUN_3
219941,27468,RET,CUBE_L
219942,13877,CUBE_R,RET
219952,4124,FUN_3,FUN_2
219976,14122,FUN_6,FUN_5
219991,15040,FUN_1,FUN_2
219992,5557,RET,CUBE_L
220016,18929,FUN_2,FUN_3
220016,27959,CUBE_L,FUN_1
220039,3370,FUN_6,CUBE_R
220056,20395,CUBE_R,FUN_6
220078,20221,FUN_3,FUN_2
220091,25484,CUBE_L,RET
220099,11512,FUN_2,FUN_3
220122,25935,FUN_3,FUN_2
220138,27912,FUN_5,FUN_4
220149,21877,CUBE_L,RET
220154,26110,FUN_2,FUN_3
220165,21929,FUN_2,FUN_1
220167,17223,FUN_2,FUN_1
220167,27959,FUN_1,CUBE_L
220171,25564,FUN_3,FUN_4
220188,450,CUBE_L,FUN_1
220216,27397,FUN_2,FUN_3
220223,26892,RET,CUBE_R
220227,17652,RET,CUBE_L
220260,6824,FUN_1,FUN_2
220261,12351,FUN_2,FUN_1
220275,9489,FUN_5,FUN_4
220291,2247,CUBE_R,FUN_6
220302,22905,FUN_3,FUN_2
220310,14343,CUBE_R,RET
220349,18490,FUN_5,FUN_4
220357,29304,FUN_2,FUN_1
220369,9060,FUN_6,FUN_5
220380,25484,RET,CUBE_L
220417,7235,FUN_3,FUN_2
220433,2782,FUN_1,FUN_2
220436,26930,FUN_3,FUN_2
220460,23185,CUBE_R,RET
220468,22225,CUBE_R,RET
220489,6123,FUN_2,FUN_1
220515,26211,FUN_2,FUN_3
220521,19631,FUN_5,FUN_4
220523,23667,FUN_2,FUN_1
220533,22801,CUBE_R,RET
220547,29928,FUN_4,FUN_3
220589,18917,FUN_4,FUN_3
220606,26110,FUN_3,FUN_2
220609,2571,FUN_6,CUBE_R
220611,20108,FUN_3,FUN_2
220616,8224,FUN_3,FUN_2
220619,13613,FUN_2,FUN_1
220634,6553,FUN_2,FUN_1
220645,24592,FUN_4,FUN_3
220658,14249,RET,CUBE_L
220659,10252,CUBE_R,RET
220665,1805,FUN_4,FUN_5
220692,24581,FUN_2,FUN_3
220703,15361,FUN_4,FUN_3
220720,15234,CUBE_L,RET
220726,11909,FUN_1,FUN_2
220734,8937,CUBE_R,RET
220747,28281,FUN_4,FUN_3
220751,12871,FUN_3,FUN_2
220753,5029,FUN_6,CUBE_R
220812,26099,RET,CUBE_L
220834,2433,FUN_3,FUN_2
220860,25981,FUN_2,FUN_1
220881,27164,FUN_3,FUN_4
220881,28329,CUBE_R,FUN_6
220907,13613,FUN_1,FUN_2
220909,25938,FUN_4,FUN_5
220915,22366,CUBE_L,RET
220923,26930,FUN_2,FUN_3
220941,15032,FUN_3,FUN_2
220962,2800,CUBE_R,RET
220976,3370,CUBE_R,FUN_6
220985,7737,CUBE_R,RET
221018,24334,FUN_5,FUN_6
221023,1257,CUBE_L,RET
221027,13626,CUBE_L,RET
221034,10385,FUN_3,FUN_2
221038,25398,FUN_6,FUN_5
221046,16383,FUN_3,FUN_2
221050,16716,FUN_2,FUN_3
221098,8224,FUN_2,FUN_3
221105,2067,FUN_3,FUN_2
221105,8478,FUN_3,FUN_2
221118,20041,FUN_3,FUN_2
221129,4642,FUN_1,FUN_2
221133,19969,FUN_4,FUN_5
221137,9489,FUN_4,FUN_5
221145,14872,FUN_3,FUN_2
221145,26110,FUN_2,FUN_3
221156,13767,FUN_4,FUN_3
221195,3769,CUBE_L,RET
221199,12408,FUN_2,FUN_3
221220,7557,CUBE_L,RET
221243,12919,FUN_5,FUN_6
221249,14122,FUN_5,FUN_6
221278,13613,FUN_2,FUN_1
221318,15803,FUN_2,FUN_3
221324,22995,CUBE_L,RET
221338,12307,CUBE_R,RET
221338,22225,RET,CUBE_R
221343,24269,FUN_3,FUN_2
221346,24799,FUN_5,FUN_4
221348,8107,FUN_4,FUN_3
221350,9834,FUN_3,FUN_4
221356,7655,FUN_2,FUN_1
221359,754,FUN_3,FUN_2
221375,18917,FUN_3,FUN_4
221381,20221,FUN_2,FUN_3
221405,2067,FUN_2,FUN_3
221412,14260,RET,CUBE_L
221428,25981,FUN_1,FUN_2
221434,1841,RET,CUBE_L
221441,8435,RET,CUBE_R
221458,28245,FUN_3,FUN_2
221471,22398,FUN_5,FUN_6
221480,4298,FUN_6,CUBE_R
221489,22225,CUBE_R,RET
221499,26964,FUN_6,CUBE_R
221503,20901,FUN_2,FUN_3
221526,10319,FUN_5,FUN_4
221532,5604,FUN_2,FUN_1
221545,531,FUN_4,FUN_5
221563,21120,FUN_2,FUN_1
221575,27397,FUN_3,FUN_2
221607,22193,CUBE_R,RET
221632,24004,RET,CUBE_R
221635,319,FUN_2,FUN_1
221670,2466,FUN_1,FUN_2
221676,3387,CUBE_R,FUN_6
221676,22801,RET,CUBE_R
221679,29614,FUN_6,FUN_5
221688,21203,FUN_3,FUN_2
221690,319,FUN_1,FUN_2
221691,469,CUBE_L,RET
221723,28991,RET,CUBE_R
221746,23667,FUN_1,FUN_2
221772,29079,FUN_3,FUN_4
221784,29111,FUN_4,FUN_3
221796,6232,RET,CUBE_L
221797,898,FUN_2,FUN_3
221798,16716,FUN_3,FUN_2
221837,9892,FUN_3,FUN_2
221841,14122,FUN_6,FUN_5
221844,24334,FUN_6,FUN_5
221859,22515,FUN_2,FUN_1
221861,8419,FUN_1,FUN_2
221884,27249,FUN_6,CUBE_R
221895,28245,FUN_2,FUN_3
221898,18917,FUN_4,FUN_3
221913,4796,FUN_3,FUN_2
221930,15234,RET,CUBE_L
221935,6553,FUN_1,FUN_2
221985,21528,FUN_5,FUN_6
222005,17740,FUN_2,FUN_3
222009,2398,FUN_1,FUN_2
222031,12144,CUBE_L,RET
222031,4063,RET,CUBE_R
222048,19516,FUN_1,CUBE_L
222052,9874,FUN_1,FUN_2
222068,3715,FUN_2,FUN_3
222119,4063,CUBE_R,RET
222136,24688,FUN_2,FUN_1
222144,14722,FUN_4,FUN_3
222151,13877,RET,CUBE_R
222167,20417,CUBE_R,RET
222178,12351,FUN_1,FUN_2
222209,627,FUN_6,FUN_5
222212,25416,FUN_2,FUN_1
222221,967,FUN_3,FUN_2
222245,23295,CUBE_L,FUN_1
222256,9060,FUN_5,FUN_6
222257,1226,FUN_3,FUN_4
222279,22027,FUN_3,FUN_2
222282,8224,FUN_3,FUN_2
222311,8435,CUBE_R,RET
222332,9239,CUBE_L,RET
222333,11979,CUBE_L,RET
222346,22193,RET,CUBE_R
222346,23481,FUN_4,FUN_5
222362,22302,FUN_2,FUN_3
222367,20448,CUBE_R,RET
222368,28983,RET,CUBE_R
222373,25008,FUN_3,FUN_4
222463,28161,RET,CUBE_L
222483,11834,CUBE_L,RET
222502,5123,FUN_1,FUN_2
222506,12871,FUN_2,FUN_3
222521,11263,CUBE_R,FUN_6
222522,5029,CUBE_R,FUN_6
222527,18046,RET,CUBE_R
222534,1153,FUN_3,FUN_2
222543,21426,FUN_3,FUN_2
222543,22027,FUN_2,FUN_3
222553,29443,FUN_3,FUN_2
222583,10088,FUN_1,FUN_2
222626,18046,CUBE_R,RET
222635,24581,FUN_3,FUN_2
222637,5604,FUN_1,FUN_2
222640,27397,FUN_2,FUN_3
222645,20221,FUN_3,FUN_2
222652,23481,FUN_5,FUN_4
222661,4336,CUBE_R,RET
222680,15830,FUN_4,FUN_3
222701,20221,FUN_2,FUN_3
222712,8224,FUN_2,FUN_3
222713,18302,FUN_4,FUN_3
222728,19358,FUN_3,FUN_2
222749,3971,FUN_2,FUN_1
222760,22789,FUN_2,FUN_1
222773,4723,FUN_2,FUN_1
222785,18853,FUN_1,FUN_2
222801,5341,RET,CUBE_R
222806,11453,FUN_2,FUN_1
222837,15497,RET,CUBE_L
222867,2398,FUN_2,FUN_1
222919,28741,FUN_3,FUN_2
222931,20417,RET,CUBE_R
222935,967,FUN_2,FUN_3
222943,15938,FUN_2,FUN_1
222950,15830,FUN_3,FUN_4
222964,15817,FUN_2,FUN_1
222994,10319,FUN_4,FUN_5
223005,5604,FUN_2,FUN_1
223018,28330,RET,CUBE_L
223024,7557,RET,CUBE_L
223030,5686,FUN_4,FUN_5
223052,11366,FUN_2,FUN_3
223054,18066,FUN_2,FUN_3
223054,24581,FUN_2,FUN_3
223059,179,RET,CUBE_L
223071,20233,FUN_3,FUN_4
223138,13613,FUN_1,FUN_2
223150,467,FUN_5,FUN_4
223151,28741,FUN_2,FUN_3
223155,19658,FUN_6,CUBE_R
223159,2695,FUN_5,FUN_4
223161,26878,CUBE_R,FUN_6
223204,16204,FUN_2,FUN_1
223207,27343,FUN_1,CUBE_L
223218,3050,FUN_3,FUN_2
223219,3769,RET,CUBE_L
223238,26366,FUN_6,FUN_5
223252,3769,CUBE_L,RET
223273,24851,FUN_4,FUN_3
223274,21705,FUN_3,FUN_2
223288,12307,RET,CUBE_R
223302,24688,FUN_1,FUN_2
223303,3971,FUN_1,FUN_2
223309,27164,FUN_4,FUN_3
223311,3144,FUN_4,FUN_3
223362,27397,FUN_3,FUN_2
223373,2398,FUN_1,FUN_2
223392,8302,FUN_5,FUN_6
223422,15817,FUN_1,FUN_2
223432,22398,FUN_6,FUN_5
223465,14046,FUN_4,FUN_3
223497,5805,CUBE_R,RET
223525,14929,FUN_2,FUN_3
223535,25938,FUN_5,FUN_4
223537,28391,FUN_4,FUN_3
223550,21929,FUN_1,FUN_2
223558,12860,FUN_3,FUN_4
223563,28606,FUN_2,FUN_3
223585,2623,FUN_4,FUN_3
223586,13877,CUBE_R,RET
223623,27249,CUBE_R,FUN_6
223629,21135,FUN_2,FUN_3
223657,15817,FUN_2,FUN_1
223663,3715,FUN_3,FUN_2
223674,28951,FUN_5,FUN_4
223675,7067,FUN_4,FUN_5
223683,24152,FUN_4,FUN_3
223719,11979,RET,CUBE_L
223787,8478,FUN_2,FUN_3
223801,25134,FUN_2,FUN_1
223804,20649,FUN_1,FUN_2
223809,14872,FUN_2,FUN_3
223825,754,FUN_2,FUN_3
223848,5686,FUN_5,FUN_4
223857,6331,FUN_3,FUN_2
223905,16613,FUN_5,FUN_4
223911,20580,RET,CUBE_L
223941,9571,FUN_3,FUN_2
223956,12925,FUN_2,FUN_3
223987,14033,RET,CUBE_L
223987,26878,FUN_6,CUBE_R
223996,15631,FUN_3,FUN_2
223999,1153,FUN_2,FUN_3
224009,28391,FUN_3,FUN_4
224018,26099,CUBE_L,RET
224023,28329,FUN_6,CUBE_R
224037,11856,FUN_3,FUN_2
224041,15803,FUN_3,FUN_2
224079,9892,FUN_2,FUN_3
224079,15032,FUN_2,FUN_3
224081,11979,CUBE_L,RET
224090,5722,FUN_2,FUN_1
224113,12289,FUN_6,FUN_5
224118,13986,FUN_3,FUN_2
224119,24581,FUN_3,FUN_2
224129,19966,CUBE_R,FUN_6
224132,6624,FUN_2,FUN_1
224140,13807,FUN_2,FUN_1
224158,9748,FUN_1,FUN_2
224158,29079,FUN_4,FUN_3
224160,1725,FUN_1,FUN_2
224167,15710,RET,CUBE_R
224192,10385,FUN_2,FUN_3
224208,28741,FUN_3,FUN_2
224218,14722,FUN_3,FUN_4
224244,4528,FUN_2,FUN_3
224248,12289,FUN_5,FUN_6
224283,14805,FUN_5,FUN_6
224295,3920,FUN_3,FUN_2
224324,7067,FUN_5,FUN_4
224324,16220,FUN_3,FUN_4
224338,8478,FUN_3,FUN_2
224344,17208,FUN_4,FUN_3
224387,20901,FUN_3,FUN_2
224390,25126,FUN_1,FUN_2
224394,29304,FUN_1,FUN_2
224398,5924,FUN_2,FUN_1
224402,16665,RET,CUBE_L
224408,16204,FUN_1,FUN_2
224539,28991,CUBE_R,RET
224548,16718,FUN_2,FUN_3
224555,6764,FUN_6,FUN_5
224576,10266,FUN_5,FUN_4
224598,23904,FUN_6,FUN_5
224613,3659,RET,CUBE_L
224622,12307,CUBE_R,RET
224649,29514,CUBE_L,RET
224651,142,FUN_4,FUN_3
224660,5296,CUBE_L,FUN_1
224761,11095,FUN_3,FUN_2
224766,6761,FUN_5,FUN_6
224791,1246,FUN_2,FUN_3
224800,28741,FUN_2,FUN_3
224807,7067,FUN_4,FUN_5
224808,14872,FUN_3,FUN_2
224819,20167,FUN_2,FUN_3
224822,238,FUN_3,FUN_4
224846,27833,FUN_6,FUN_5
224853,7561,RET,CUBE_R
224897,28281,FUN_3,FUN_4
224898,12044,FUN_2,FUN_1
224921,7235,FUN_2,FUN_3
224958,13807,FUN_1,FUN_2
224960,13723,FUN_2,FUN_3
224969,22801,CUBE_R,RET
224972,9155,CUBE_R,FUN_6
224978,19795,FUN_6,FUN_5
224980,10424,FUN_1,FUN_2
224989,4843,FUN_3,FUN_2
224999,6553,FUN_2,FUN_1
225002,15803,FUN_2,FUN_3
225002,20087,FUN_5,FUN_4
225030,4843,FUN_2,FUN_3
225068,12044,FUN_1,FUN_2
225080,27501,FUN_3,FUN_4
225081,238,FUN_4,FUN_3
225082,28726,FUN_2,FUN_3
225136,8471,FUN_4,FUN_3
225140,24581,FUN_2,FUN_3
225157,25362,FUN_6,CUBE_R
225161,20914,RET,CUBE_R
225162,28391,FUN_4,FUN_3
225164,1844,FUN_5,FUN_4
225176,10266,FUN_4,FUN_5
225184,23481,FUN_4,FUN_5
225184,25486,FUN_4,FUN_3
225192,27487,FUN_4,FUN_3
225227,9748,FUN_2,FUN_1
225240,967,FUN_3,FUN_2
225260,16075,FUN_2,FUN_3
225273,28919,FUN_1,FUN_2
225275,27833,FUN_5,FUN_6
225288,7655,FUN_1,FUN_2
225297,22515,FUN_1,FUN_2
225299,5604,FUN_1,FUN_2
225303,19200,FUN_3,FUN_2
225318,5722,FUN_1,FUN_2
225418,1000,FUN_3,FUN_2
225448,9909,FUN_2,FUN_1
225449,8478,FUN_2,FUN_3
225468,12289,FUN_6,FUN_5
225513,7655,FUN_2,FUN_1
225522,5921,FUN_4,FUN_5
225627,6588,CUBE_L,FUN_1
225648,19200,FUN_2,FUN_3
225652,13807,FUN_2,FUN_1
225700,28991,RET,CUBE_R
225703,469,RET,CUBE_L
225726,10419,FUN_2,FUN_1
225738,19713,FUN_1,FUN_2
225745,28330,CUBE_L,RET
225784,5722,FUN_2,FUN_1
225804,22789,FUN_1,FUN_2
225809,8214,FUN_3,FUN_2
225821,28660,FUN_3,FUN_4
225826,3415,FUN_4,FUN_3
225827,5743,FUN_3,FUN_4
225833,7655,FUN_1,FUN_2
225833,9471,CUBE_L,FUN_1
225839,10453,FUN_3,FUN_2
225865,3996,FUN_1,CUBE_L
225885,9545,FUN_1,FUN_2
225886,22831,CUBE_L,FUN_1
225895,21135,FUN_3,FUN_2
225903,6071,FUN_2,FUN_1
225904,21120,FUN_1,FUN_2
225921,14454,FUN_4,FUN_3
225925,3035,FUN_2,FUN_1
225948,12211,FUN_5,FUN_6
225957,20108,FUN_2,FUN_3
225964,16204,FUN_2,FUN_1
225974,3495,FUN_2,FUN_3
225978,21705,FUN_2,FUN_3
225988,26914,CUBE_R,FUN_6
226008,12307,RET,CUBE_R
226024,16187,FUN_3,FUN_2
226048,19200,FUN_3,FUN_2
226050,1327,FUN_3,FUN_2
226077,14710,RET,CUBE_L
226083,21379,FUN_2,FUN_1
226093,5834,FUN_3,FUN_4
226099,29847,FUN_3,FUN_4
226104,28330,RET,CUBE_L
226108,17223,FUN_1,FUN_2
226110,6553,FUN_1,FUN_2
226112,26311,CUBE_L,FUN_1
226126,13613,FUN_2,FUN_1
226173,26595,FUN_3,FUN_2
226184,16220,FUN_4,FUN_3
226198,7557,CUBE_L,RET
226210,17652,CUBE_L,RET
226274,26642,FUN_3,FUN_2
226290,21449,FUN_3,FUN_2
226301,8932,FUN_2,FUN_1
226305,25486,FUN_3,FUN_4
226319,28161,CUBE_L,RET
226320,17548,FUN_2,FUN_1
226328,627,FUN_5,FUN_6
226343,24464,FUN_3,FUN_4
226352,14260,CUBE_L,RET
226355,11680,FUN_3,FUN_2
226358,14033,CUBE_L,RET
226385,28660,FUN_4,FUN_3
226395,29144,FUN_2,FUN_1
226402,12925,FUN_3,FUN_2
226403,21315,FUN_4,FUN_5
226428,15079,FUN_2,FUN_3
226441,3495,FUN_3,FUN_2
226481,15032,FUN_3,FUN_2
226500,17208,FUN_3,FUN_4
226501,26600,FUN_6,CUBE_R
226513,467,FUN_4,FUN_5
226547,5686,FUN_4,FUN_5
226556,10799,CUBE_L,RET
226575,14859,FUN_5,FUN_6
226593,1993,FUN_6,CUBE_R
226609,25935,FUN_2,FUN_3
226617,18046,RET,CUBE_R
226618,12925,FUN_2,FUN_3
226641,9571,FUN_2,FUN_3
226643,27304,FUN_6,CUBE_R
226648,26595,FUN_2,FUN_3
226650,24464,FUN_4,FUN_3
226669,5686,FUN_5,FUN_4
226695,26495,CUBE_R,RET
226700,10419,FUN_1,FUN_2
226705,10410,FUN_3,FUN_2
226783,2565,FUN_2,FUN_3
226810,15032,FUN_2,FUN_3
226822,22719,RET,CUBE_R
226826,18046,CUBE_R,RET
226830,21969,FUN_1,FUN_2
226834,5171,FUN_2,FUN_1
226835,6555,FUN_3,FUN_4
226872,7235,FUN_3,FUN_2
226873,7406,FUN_2,FUN_1
226887,5862,FUN_3,FUN_2
226923,8938,FUN_4,FUN_3
226926,18508,FUN_3,FUN_2
226928,7362,CUBE_L,FUN_1
226935,5367,FUN_3,FUN_2
226939,5029,FUN_6,CUBE_R
226939,14260,RET,CUBE_L
226939,21379,FUN_1,FUN_2
226960,18046,RET,CUBE_R
226965,9275,CUBE_L,RET
226999,6996,RET,CUBE_L
227000,9611,FUN_3,FUN_4
227036,19713,FUN_2,FUN_1
227040,13986,FUN_2,FUN_3
227067,28330,CUBE_L,RET
227073,1590,FUN_2,FUN_3
227130,1327,FUN_2,FUN_3
227148,4843,FUN_3,FUN_2
227159,5686,FUN_4,FUN_5
227191,22302,FUN_3,FUN_2
227202,17300,FUN_3,FUN_2
227221,467,FUN_5,FUN_4
227252,11095,FUN_2,FUN_3
227259,2812,FUN_2,FUN_1
227264,8107,FUN_3,FUN_4
227309,17173,FUN_3,FUN_4
227310,3495,FUN_2,FUN_3
227319,4063,RET,CUBE_R
227327,10272,FUN_5,FUN_4
227330,21379,FUN_2,FUN_1
227343,1453,FUN_3,FUN_2
227364,388,FUN_2,FUN_3
227364,15771,FUN_2,FUN_1
227375,27249,FUN_6,CUBE_R
227399,5861,FUN_1,FUN_2
227401,9458,FUN_3,FUN_4
227419,21857,FUN_3,FUN_2
227424,14318,CUBE_L,FUN_1
227425,25134,FUN_1,FUN_2
227433,1113,FUN_2,FUN_3
227454,14318,FUN_1,CUBE_L
227459,8478,FUN_3,FUN_2
227474,4336,RET,CUBE_R
227484,19290,FUN_1,FUN_2
227494,19969,FUN_5,FUN_4
227509,28998,FUN_2,FUN_1
227515,20395,FUN_6,CUBE_R
227542,29304,FUN_2,FUN_1
227577,19558,FUN_3,FUN_2
227643,3715,FUN_2,FUN_3
227643,7655,FUN_2,FUN_1
227676,16704,CUBE_R,RET
227690,6761,FUN_6,FUN_5
227710,7655,FUN_1,FUN_2
227748,21379,FUN_1,FUN_2
227763,20862,CUBE_L,RET
227772,24066,FUN_3,FUN_2
227781,10772,FUN_5,FUN_6
227788,23568,FUN_3,FUN_4
227793,7371,FUN_2,FUN_1
227808,21529,CUBE_L,FUN_1
227813,27679,FUN_3,FUN_2
227831,110,CUBE_L,FUN_1
227836,4528,FUN_3,FUN_2
227842,2466,FUN_2,FUN_1
227864,316,FUN_2,FUN_3
227865,20041,FUN_2,FUN_3
227880,25639,FUN_5,FUN_4
227903,7589,FUN_2,FUN_1
227912,26930,FUN_3,FUN_2
227931,5120,FUN_3,FUN_2
227945,4843,FUN_2,FUN_3
227950,22245,FUN_6,CUBE_R
228000,22302,FUN_2,FUN_3
228015,9661,FUN_5,FUN_6
228033,7064,CUBE_R,FUN_6
228053,5949,FUN_6,CUBE_R
228056,10419,FUN_2,FUN_1
228063,9661,FUN_6,FUN_5
228071,7557,RET,CUBE_L
228113,28656,FUN_3,FUN_2
228126,2846,FUN_4,FUN_3
228166,11586,FUN_3,FUN_4
228181,549,RET,CUBE_L
228223,2925,FUN_1,FUN_2
228269,8444,FUN_2,FUN_1
228269,11657,FUN_3,FUN_4
228272,11774,FUN_2,FUN_3
228275,13645,FUN_6,CUBE_R
228278,11420,RET,CUBE_R
228289,8214,FUN_2,FUN_3
228313,804,CUBE_L,FUN_1
228342,10424,FUN_2,FUN_1
228384,12289,FUN_5,FUN_6
228394,3332,FUN_3,FUN_2
228404,11856,FUN_2,FUN_3
228453,4411,FUN_3,FUN_2
228468,28721,FUN_1,FUN_2
228495,29196,RET,CUBE_L
228506,13351,FUN_4,FUN_3
228507,29466,FUN_2,FUN_3
228524,7058,FUN_6,FUN_5
228535,15497,CUBE_L,RET
228587,25172,CUBE_R,RET
228604,22577,FUN_3,FUN_2
228606,29494,FUN_5,FUN_6
228644,2812,FUN_1,FUN_2
228666,18282,FUN_3,FUN_4
228667,9661,FUN_5,FUN_6
228667,21448,FUN_1,FUN_2
228699,13067,CUBE_L,RET
228703,29942,CUBE_L,RET
228717,4796,FUN_2,FUN_3
228758,2898,CUBE_R,FUN_6
228779,27006,FUN_4,FUN_5
228781,8380,FUN_2,FUN_1
228795,28462,FUN_5,FUN_4
228813,16030,FUN_3,FUN_2
228828,4528,FUN_2,FUN_3
228855,21528,FUN_6,FUN_5
228878,20967,FUN_2,FUN_1
228890,5949,CUBE_R,FUN_6
228899,19686,FUN_5,FUN_4
228900,11095,FUN_3,FUN_2
228901,2190,FUN_6,CUBE_R
228906,8779,FUN_5,FUN_4
228908,512,FUN_2,FUN_3
228911,6555,FUN_4,FUN_3
228928,15771,FUN_1,FUN_2
228928,29500,FUN_3,FUN_2
228955,2846,FUN_3,FUN_4
228969,26855,FUN_1,CUBE_L
228982,10282,FUN_1,FUN_2
229024,23228,FUN_4,FUN_5
229027,9631,FUN_6,FUN_5
229067,6761,FUN_5,FUN_6
229071,26449,FUN_3,FUN_2
229072,19172,FUN_2,FUN_3
229074,12925,FUN_3,FUN_2
229088,5629,FUN_2,FUN_1
229089,7788,FUN_2,FUN_3
229102,13365,CUBE_R,RET
229107,7655,FUN_2,FUN_1
229111,10424,FUN_1,FUN_2
229117,6761,FUN_6,FUN_5
229135,19802,FUN_3,FUN_2
229141,9062,FUN_4,FUN_5
229147,4386,FUN_3,FUN_2
229208,16030,FUN_2,FUN_3
229229,27006,FUN_5,FUN_4
229254,6761,FUN_5,FUN_6
229276,7063,CUBE_L,FUN_1
229287,17300,FUN_2,FUN_3
229309,26073,FUN_2,FUN_1
229343,25486,FUN_4,FUN_3
229355,14694,CUBE_R,RET
229373,3519,FUN_4,FUN_3
229378,18437,FUN_3,FUN_4
229417,4528,FUN_3,FUN_2
229442,29144,FUN_1,FUN_2
229443,110,FUN_1,CUBE_L
229443,29314,RET,CUBE_L
229451,2045,FUN_3,FUN_2
229453,13645,CUBE_R,FUN_6
229456,26449,FUN_2,FUN_3
229461,10424,FUN_2,FUN_1
229517,6232,CUBE_L,RET
229526,19290,FUN_2,FUN_1
229539,1393,FUN_2,FUN_1
229551,13164,FUN_3,FUN_2
229567,21135,FUN_2,FUN_3
229568,28161,RET,CUBE_L
229597,1153,FUN_3,FUN_2
229641,7362,FUN_1,CUBE_L
229645,461,FUN_2,FUN_3
229645,8932,FUN_1,FUN_2
229647,8435,RET,CUBE_R
229661,17350,FUN_4,FUN_3
229683,8435,CUBE_R,RET
229687,11370,FUN_2,FUN_3
229697,5356,CUBE_R,RET
229716,8380,FUN_1,FUN_2
229717,3420,CUBE_R,FUN_6
229725,2466,FUN_1,FUN_2
229763,13613,FUN_1,FUN_2
229766,1153,FUN_2,FUN_3
229771,8380,FUN_2,FUN_1
229781,1314,FUN_2,FUN_1
229791,27496,FUN_1,FUN_2
229807,10424,FUN_1,FUN_2
229859,24582,CUBE_L,RET
229870,15848,FUN_3,FUN_4
229874,4398,FUN_4,FUN_3
229886,20167,FUN_3,FUN_2
229920,11584,FUN_4,FUN_3
229921,24009,FUN_2,FUN_3
229929,9275,RET,CUBE_L
229938,9909,FUN_1,FUN_2
229952,7362,CUBE_L,FUN_1
229966,11784,FUN_1,FUN_2
229974,29344,RET,CUBE_L
229978,7235,FUN_2,FUN_3
229985,1880,FUN_3,FUN_2
230001,20901,FUN_2,FUN_3
230002,16220,FUN_3,FUN_4
230005,7995,FUN_3,FUN_4
230014,22124,CUBE_L,RET
230022,2160,FUN_2,FUN_1
230045,25172,RET,CUBE_R
230069,28496,FUN_3,FUN_4
230078,19802,FUN_2,FUN_3
230124,5629,FUN_1,FUN_2
230125,9661,FUN_6,FUN_5
230126,29358,FUN_2,FUN_1
230129,25442,FUN_1,FUN_2
230170,13626,RET,CUBE_L
230183,10419,FUN_1,FUN_2
230204,26366,FUN_5,FUN_6
230254,4571,CUBE_R,RET
230256,13513,FUN_2,FUN_3
230257,18383,FUN_2,FUN_3
230268,25172,CUBE_R,RET
230269,13807,FUN_1,FUN_2
230288,22265,CUBE_L,FUN_1
230361,21477,CUBE_R,RET
230385,5899,FUN_3,FUN_2
230388,29614,FUN_5,FUN_6
230390,4398,FUN_3,FUN_4
230455,1520,CUBE_R,FUN_6
230488,11586,FUN_4,FUN_3
230505,13089,RET,CUBE_L
230506,18853,FUN_2,FUN_1
230541,25172,RET,CUBE_R
230542,8435,RET,CUBE_R
230559,12578,FUN_6,FUN_5
230571,9451,CUBE_L,FUN_1
230588,5185,FUN_4,FUN_3
230588,6232,RET,CUBE_L
230604,29363,FUN_2,FUN_1
230609,7557,CUBE_L,RET
230615,4398,FUN_4,FUN_3
230616,19558,FUN_2,FUN_3
230631,6624,FUN_1,FUN_2
230674,6761,FUN_6,FUN_5
230677,5686,FUN_5,FUN_4
230689,5949,FUN_6,CUBE_R
230689,16219,RET,CUBE_R
230702,3675,CUBE_L,RET
230703,11803,FUN_3,FUN_2
230704,27164,FUN_3,FUN_4
230708,17652,RET,CUBE_L
230724,18252,FUN_2,FUN_1
230737,20284,FUN_1,FUN_2
230772,17300,FUN_3,FUN_2
230782,967,FUN_2,FUN_3
230797,5677,FUN_4,FUN_5
230814,6588,FUN_1,CUBE_L
230816,22339,FUN_2,FUN_1
230830,8962,FUN_3,FUN_4
230857,17173,FUN_4,FUN_3
230892,20314,FUN_1,FUN_2
230906,3035,FUN_1,FUN_2
230915,28832,FUN_3,FUN_2
230940,21135,FUN_3,FUN_2
230947,29466,FUN_3,FUN_2
230969,3675,RET,CUBE_L
231015,2303,FUN_2,FUN_3
231032,19686,FUN_4,FUN_5
231042,7557,RET,CUBE_L
231074,23868,FUN_1,FUN_2
231076,13218,FUN_2,FUN_1
231084,29052,FUN_2,FUN_1
231086,29942,RET,CUBE_L
231090,8775,FUN_3,FUN_2
231096,16219,CUBE_R,RET
231103,22366,RET,CUBE_L
231105,7371,FUN_1,FUN_2
231108,1153,FUN_3,FUN_2
231122,4571,RET,CUBE_R
231137,2466,FUN_2,FUN_1
231162,2898,FUN_6,CUBE_R
231187,9208,FUN_2,FUN_3
231213,22768,CUBE_R,FUN_6
231215,27156,FUN_1,FUN_2
231234,29500,FUN_2,FUN_3
231238,793,FUN_2,FUN_1
231240,25412,CUBE_R,RET
231250,29196,CUBE_L,RET
231257,16685,FUN_3,FUN_4
231257,19646,FUN_4,FUN_5
231271,21969,FUN_2,FUN_1
231274,11657,FUN_4,FUN_3
231275,1520,FUN_6,CUBE_R
231287,19247,RET,CUBE_R
231287,21135,FUN_2,FUN_3
231291,8938,FUN_3,FUN_4
231299,7589,FUN_1,FUN_2
231301,16704,RET,CUBE_R
231309,23540,FUN_4,FUN_3
231311,11856,FUN_3,FUN_2
231320,5686,FUN_4,FUN_5
231338,4398,FUN_3,FUN_4
231347,7362,FUN_1,CUBE_L
231352,27569,FUN_6,CUBE_R
231391,21705,FUN_3,FUN_2
231423,2190,CUBE_R,FUN_6
231428,18282,FUN_4,FUN_3
231429,12836,FUN_4,FUN_3
231432,29304,FUN_1,FUN_2
231436,26930,FUN_2,FUN_3
231477,27569,CUBE_R,FUN_6
231507,8747,CUBE_R,RET
231514,625,FUN_4,FUN_3
231532,28245,FUN_3,FUN_2
231537,29614,FUN_6,FUN_5
231539,12578,FUN_5,FUN_6
231580,19791,FUN_3,FUN_2
231592,9875,FUN_3,FUN_4
231602,20649,FUN_2,FUN_1
231603,26073,FUN_1,FUN_2
231604,9328,FUN_5,FUN_6
231608,16648,FUN_6,CUBE_R
231613,27255,FUN_3,FUN_4
231625,3983,FUN_3,FUN_2
231661,14122,FUN_5,FUN_6
231686,26807,CUBE_R,RET
231691,14386,FUN_1,CUBE_L
231704,13657,FUN_6,FUN_5
231718,7557,CUBE_L,RET
231731,5629,FUN_2,FUN_1
231733,12289,FUN_6,FUN_5
231737,4398,FUN_4,FUN_3
231776,21619,CUBE_L,FUN_1
231797,18302,FUN_3,FUN_4
231802,11410,CUBE_R,RET
231810,9611,FUN_4,FUN_3
231823,23904,FUN_5,FUN_6
231824,1453,FUN_2,FUN_3
231827,22801,RET,CUBE_R
231836,8938,FUN_4,FUN_3
231847,12925,FUN_2,FUN_3
231881,10383,CUBE_R,RET
231885,10319,FUN_5,FUN_4
231899,952,CUBE_L,RET
231909,28562,FUN_3,FUN_4
231956,10453,FUN_2,FUN_3
231961,17208,FUN_4,FUN_3
231974,29379,FUN_4,FUN_5
231979,4732,FUN_3,FUN_2
231997,16210,RET,CUBE_R
232014,23540,FUN_3,FUN_4
232112,2466,FUN_1,FUN_2
232116,12578,FUN_6,FUN_5
232143,20580,CUBE_L,RET
232147,24447,FUN_2,FUN_1
232156,8380,FUN_1,FUN_2
232187,21215,FUN_1,FUN_2
232194,19515,FUN_5,FUN_4
232233,22719,CUBE_R,RET
232240,20645,FUN_1,FUN_2
232252,7655,FUN_1,FUN_2
232269,1000,FUN_2,FUN_3
232285,3562,CUBE_R,RET
232305,28266,FUN_2,FUN_3
232310,20167,FUN_2,FUN_3
232345,4059,FUN_5,FUN_4
232395,19713,FUN_1,FUN_2
232408,26366,FUN_6,FUN_5
232429,13218,FUN_1,FUN_2
232445,20011,FUN_4,FUN_5
232452,13638,RET,CUBE_R
232472,6624,FUN_2,FUN_1
232474,22398,FUN_5,FUN_6
232477,1314,FUN_1,FUN_2
232486,20314,FUN_2,FUN_1
232487,20862,RET,CUBE_L
232512,11425,FUN_4,FUN_5
232532,18907,CUBE_R,FUN_6
232535,26807,RET,CUBE_R
232564,20041,FUN_3,FUN_2
232578,28266,FUN_3,FUN_2
232582,4528,FUN_2,FUN_3
232588,11091,RET,CUBE_L
232605,29401,CUBE_R,FUN_6
232608,22366,CUBE_L,RET
232616,793,FUN_1,FUN_2
232643,20580,RET,CUBE_L
232690,12643,RET,CUBE_L
232708,2190,FUN_6,CUBE_R
232711,18302,FUN_4,FUN_3
232711,21852,FUN_6,FUN_5
232718,10557,FUN_3,FUN_2
232721,14102,FUN_3,FUN_4
232728,10234,FUN_2,FUN_1
232731,28266,FUN_2,FUN_3
232742,23596,FUN_2,FUN_3
232745,13455,FUN_3,FUN_2
232745,29884,FUN_4,FUN_5
232748,10614,FUN_2,FUN_1
232769,15641,FUN_3,FUN_2
232785,14249,CUBE_L,RET
232789,28726,FUN_3,FUN_2
232792,28832,FUN_2,FUN_3
232798,2303,FUN_3,FUN_2
232872,3362,CUBE_L,RET
232882,19631,FUN_4,FUN_5
232888,4843,FUN_3,FUN_2
232890,16210,CUBE_R,RET
232911,23719,FUN_3,FUN_2
232913,2461,FUN_1,CUBE_L
232916,11784,FUN_2,FUN_1
232921,12281,FUN_2,FUN_3
232921,25155,FUN_5,FUN_4
232923,10748,FUN_2,FUN_3
232932,295,RET,CUBE_L
232941,29111,FUN_3,FUN_4
232945,17006,CUBE_L,FUN_1
232951,22366,RET,CUBE_L
232997,14831,FUN_4,FUN_5
233030,14989,RET,CUBE_R
233040,19290,FUN_1,FUN_2
233046,23197,FUN_3,FUN_4
233058,13733,FUN_2,FUN_1
233080,26073,FUN_2,FUN_1
233121,7642,FUN_3,FUN_2
233124,26073,FUN_1,FUN_2
233148,7362,CUBE_L,FUN_1
233165,15626,RET,CUBE_R
233165,19515,FUN_4,FUN_5
233184,13733,FUN_1,FUN_2
233185,19834,RET,CUBE_R
233206,28597,CUBE_R,RET
233207,14249,RET,CUBE_L
233210,3362,RET,CUBE_L
233257,28120,FUN_2,FUN_1
233267,3806,FUN_3,FUN_2
233267,29358,FUN_1,FUN_2
233289,627,FUN_6,FUN_5
233334,16210,RET,CUBE_R
233354,20011,FUN_5,FUN_4
233360,13733,FUN_2,FUN_1
233370,25160,CUBE_R,FUN_6
233379,18383,FUN_3,FUN_2
233383,28161,CUBE_L,RET
233404,328,FUN_2,FUN_1
233408,17300,FUN_2,FUN_3
233416,3362,CUBE_L,RET
233425,1650,CUBE_R,RET
233451,15497,RET,CUBE_L
233455,21477,RET,CUBE_R
233461,25960,FUN_2,FUN_3
233496,5924,FUN_1,FUN_2
233513,26099,RET,CUBE_L
233530,14815,FUN_2,FUN_3
233536,8962,FUN_4,FUN_3
233546,26795,FUN_2,FUN_1
233553,11069,FUN_3,FUN_2
233576,11503,FUN_2,FUN_1
233599,9163,FUN_3,FUN_4
233610,19646,FUN_5,FUN_4
233624,952,RET,CUBE_L
233672,11503,FUN_1,FUN_2
233676,11503,FUN_2,FUN_1
233682,7557,RET,CUBE_L
233694,8838,FUN_1,CUBE_L
233701,12474,FUN_3,FUN_4
233708,15710,CUBE_R,RET
233712,10322,RET,CUBE_L
233748,29807,CUBE_R,FUN_6
233778,10854,FUN_4,FUN_5
233798,9163,FUN_4,FUN_3
233800,8962,FUN_3,FUN_4
233831,18933,CUBE_R,RET
233832,3387,FUN_6,CUBE_R
233833,18907,FUN_6,CUBE_R
233835,20030,FUN_4,FUN_5
233842,4200,CUBE_R,RET
233846,18853,FUN_1,FUN_2
233857,23164,FUN_3,FUN_2
233871,2812,FUN_2,FUN_1
233905,4843,FUN_2,FUN_3
233928,18302,FUN_3,FUN_4
233932,1650,RET,CUBE_R
233955,7995,FUN_4,FUN_3
233958,21438,RET,CUBE_L
233963,11425,FUN_5,FUN_4
233972,1393,FUN_1,FUN_2
233973,9611,FUN_3,FUN_4
233996,29556,FUN_1,CUBE_L
234006,28832,FUN_3,FUN_2
234006,29915,CUBE_L,RET
234007,4398,FUN_3,FUN_4
234036,13638,CUBE_R,RET
234066,5924,FUN_2,FUN_1
234070,7736,FUN_6,CUBE_R
234079,2160,FUN_1,FUN_2
234087,19193,RET,CUBE_L
234090,26981,FUN_2,FUN_1
234098,13142,FUN_3,FUN_4
234109,28120,FUN_1,FUN_2
234135,6555,FUN_3,FUN_4
234161,17173,FUN_3,FUN_4
234182,13693,CUBE_R,FUN_6
234183,22438,FUN_3,FUN_4
234202,7736,CUBE_R,FUN_6
234214,15520,CUBE_L,RET
234225,24081,FUN_6,CUBE_R
234237,7736,FUN_6,CUBE_R
234241,10854,FUN_5,FUN_4
234241,28726,FUN_2,FUN_3
234244,11586,FUN_3,FUN_4
234267,13807,FUN_2,FUN_1
234270,5899,FUN_2,FUN_3
234278,26366,FUN_5,FUN_6
234296,12474,FUN_4,FUN_3
234312,21477,CUBE_R,RET
234330,15641,FUN_2,FUN_3
234353,14859,FUN_6,FUN_5
234357,2250,CUBE_L,RET
234365,5629,FUN_1,FUN_2
234378,8719,CUBE_L,RET
234382,22197,FUN_3,FUN_4
234394,11384,FUN_3,FUN_4
234407,20314,FUN_1,FUN_2
234433,23568,FUN_4,FUN_3
234447,9459,FUN_6,CUBE_R
234450,5921,FUN_5,FUN_4
234466,20284,FUN_2,FUN_1
234471,25271,FUN_6,CUBE_R
234508,17529,FUN_3,FUN_4
234522,3103,CUBE_R,FUN_6
234563,23719,FUN_2,FUN_3
234566,21881,FUN_3,FUN_2
234566,28316,FUN_3,FUN_2
234577,13693,FUN_6,CUBE_R
234581,12956,FUN_2,FUN_3
234590,6331,FUN_2,FUN_3
234603,21528,FUN_5,FUN_6
234621,13816,FUN_3,FUN_2
234678,29111,FUN_4,FUN_3
234709,15641,FUN_3,FUN_2
234726,19646,FUN_4,FUN_5
234752,1246,FUN_3,FUN_2
234775,19966,FUN_6,CUBE_R
234792,2716,FUN_2,FUN_1
234825,19193,CUBE_L,RET
234860,11384,FUN_4,FUN_3
234873,17078,FUN_2,FUN_1
234880,20314,FUN_2,FUN_1
234890,27651,FUN_3,FUN_2
234893,1453,FUN_3,FUN_2
234898,2250,RET,CUBE_L
234908,28819,FUN_5,FUN_4
234912,13733,FUN_1,FUN_2
234923,15817,FUN_1,FUN_2
234945,1520,CUBE_R,FUN_6
234965,23768,FUN_2,FUN_1
234987,15298,FUN_3,FUN_2
234996,29363,FUN_1,FUN_2
235005,9869,FUN_2,FUN_1
235007,8444,FUN_1,FUN_2
235011,8962,FUN_4,FUN_3
235012,27156,FUN_2,FUN_1
235053,4577,FUN_2,FUN_1
235070,28919,FUN_2,FUN_1
235071,20288,CUBE_L,RET
235083,13394,FUN_6,FUN_5
235106,20470,FUN_1,FUN_2
235134,23260,FUN_5,FUN_6
235145,29079,FUN_3,FUN_4
235167,5457,FUN_2,FUN_3
235181,3715,FUN_3,FUN_2
235185,7362,FUN_1,CUBE_L
235209,8937,RET,CUBE_R
235216,10424,FUN_2,FUN_1
235243,28721,FUN_2,FUN_1
235284,3806,FUN_2,FUN_3
235292,19558,FUN_3,FUN_2
235312,15823,FUN_2,FUN_1
235328,10410,FUN_2,FUN_3
235345,24582,RET,CUBE_L
235348,252,CUBE_R,FUN_6
235353,27813,FUN_3,FUN_2
235363,3362,RET,CUBE_L
235369,10424,FUN_1,FUN_2
235385,4512,CUBE_R,FUN_6
235386,3362,CUBE_L,RET
235388,627,FUN_5,FUN_6
235396,27919,FUN_3,FUN_2
235408,3362,RET,CUBE_L
235435,3058,CUBE_R,FUN_6
235435,11095,FUN_2,FUN_3
235449,29928,FUN_3,FUN_4
235481,328,FUN_1,FUN_2
235494,29111,FUN_3,FUN_4
235502,12289,FUN_5,FUN_6
235514,13253,FUN_1,CUBE_L
235517,12211,FUN_6,FUN_5
235530,13705,CUBE_L,FUN_1
235531,10424,FUN_2,FUN_1
235547,4665,CUBE_R,RET
235550,10424,FUN_1,FUN_2
235554,8444,FUN_2,FUN_1
235554,4557,FUN_3,FUN_2
235560,10424,FUN_2,FUN_1
235565,2444,RET,CUBE_R
235625,29614,FUN_5,FUN_6
235630,10453,FUN_3,FUN_2
235649,13733,FUN_2,FUN_1
235674,22859,FUN_6,CUBE_R
235685,27487,FUN_3,FUN_4
235701,461,FUN_3,FUN_2
235701,11894,FUN_2,FUN_1
235705,26807,CUBE_R,RET
235725,15848,FUN_4,FUN_3
235728,8719,RET,CUBE_L
235742,29304,FUN_2,FUN_1
235745,23260,FUN_6,FUN_5
235777,9471,FUN_1,CUBE_L
235781,27651,FUN_2,FUN_3
235799,7995,FUN_3,FUN_4
235814,18252,FUN_1,FUN_2
235818,4512,FUN_6,CUBE_R
235825,9208,FUN_3,FUN_2
235832,26533,FUN_1,CUBE_L
235843,3822,FUN_3,FUN_2
235856,4937,FUN_3,FUN_2
235858,13218,FUN_2,FUN_1
235863,20041,FUN_2,FUN_3
235865,12211,FUN_5,FUN_6
235879,19796,FUN_2,FUN_3
235904,3053,FUN_3,FUN_2
235909,11856,FUN_2,FUN_3
235916,4843,FUN_3,FUN_2
235918,26755,FUN_6,CUBE_R
235925,2755,CUBE_L,RET
235939,13447,FUN_3,FUN_4
235947,17006,FUN_1,CUBE_L
235948,16891,RET,CUBE_L
235954,28266,FUN_3,FUN_2
235976,24262,FUN_2,FUN_3
235984,10424,FUN_1,FUN_2
236036,28998,FUN_1,FUN_2
236039,21235,FUN_6,FUN_5
236046,3362,CUBE_L,RET
236055,1701,FUN_2,FUN_3
236066,4577,FUN_1,FUN_2
236082,4843,FUN_2,FUN_3
236091,23514,CUBE_R,FUN_6
236094,3138,RET,CUBE_L
236110,29943,FUN_2,FUN_1
236121,4512,CUBE_R,FUN_6
236127,12895,FUN_2,FUN_1
236134,15705,FUN_3,FUN_2
236137,27938,FUN_3,FUN_2
236141,18508,FUN_2,FUN_3
236161,18676,RET,CUBE_L
236172,20470,FUN_2,FUN_1
236181,12964,FUN_4,FUN_5
236189,20470,FUN_1,FUN_2
236192,20470,FUN_2,FUN_1
236197,9451,FUN_1,CUBE_L
236213,20470,FUN_1,FUN_2
236232,18066,FUN_3,FUN_2
236255,14386,CUBE_L,FUN_1
236256,20470,FUN_2,FUN_1
236285,9328,FUN_6,FUN_5
236287,4512,FUN_6,CUBE_R
236289,15965,FUN_5,FUN_4
236293,14805,FUN_6,FUN_5
236322,14859,FUN_5,FUN_6
236332,15641,FUN_2,FUN_3
236333,21203,FUN_2,FUN_3
236361,21379,FUN_2,FUN_3
236364,26533,CUBE_L,FUN_1
236366,25225,FUN_4,FUN_5
236369,8932,FUN_2,FUN_1
236373,19791,FUN_2,FUN_3
236375,21449,FUN_2,FUN_3
236376,2812,FUN_1,FUN_2
236377,12211,FUN_6,FUN_5
236460,27062,RET,CUBE_L
236471,25650,FUN_2,FUN_1
236481,3659,CUBE_L,RET
236495,27167,FUN_1,CUBE_L
236503,13089,CUBE_L,RET
236513,29344,CUBE_L,RET
236521,1000,FUN_3,FUN_2
236522,28316,FUN_2,FUN_3
236530,19338,CUBE_R,FUN_6
236532,20141,CUBE_R,RET
236533,28597,RET,CUBE_R
236543,252,FUN_6,CUBE_R
236546,17006,CUBE_L,FUN_1
236573,15823,FUN_1,FUN_2
236576,3822,FUN_2,FUN_3
236588,29521,FUN_4,FUN_5
236590,27557,FUN_2,FUN_3
236622,15817,FUN_2,FUN_1
236630,4010,FUN_6,CUBE_R
236640,13056,FUN_2,FUN_3
236664,1008,FUN_1,FUN_2
236669,14318,CUBE_L,FUN_1
236675,7917,FUN_6,CUBE_R
236677,1701,FUN_3,FUN_2
236688,28640,FUN_4,FUN_3
236720,5012,FUN_3,FUN_2
236724,28919,FUN_1,FUN_2
236727,25872,FUN_2,FUN_3
236744,11095,FUN_3,FUN_2
236746,1880,FUN_2,FUN_3
236751,22398,FUN_6,FUN_5
236755,17548,FUN_1,FUN_2
236763,4557,FUN_2,FUN_3
236763,13877,RET,CUBE_R
236796,14694,RET,CUBE_R
236811,24262,FUN_3,FUN_2
236828,19172,FUN_3,FUN_2
236838,3050,FUN_2,FUN_3
236840,1393,FUN_2,FUN_1
236851,12211,FUN_5,FUN_6
236873,13056,FUN_3,FUN_2
236879,8444,FUN_1,FUN_2
236909,20470,FUN_1,FUN_2
236920,12211,FUN_6,FUN_5
236931,8249,FUN_3,FUN_2
236935,6519,CUBE_L,RET
236980,18830,FUN_5,FUN_4
237006,26731,FUN_6,CUBE_R
237013,13733,FUN_1,FUN_2
237017,13394,FUN_5,FUN_6
237020,1000,FUN_2,FUN_3
237034,1000,FUN_3,FUN_2
237042,19634,FUN_4,FUN_3
237043,13455,FUN_2,FUN_3
237045,12925,FUN_3,FUN_2
237051,19834,CUBE_R,RET
237054,712,CUBE_R,FUN_6
237071,11894,FUN_1,FUN_2
237086,1000,FUN_2,FUN_3
237138,4275,FUN_3,FUN_4
237145,3393,CUBE_R,RET
237152,15705,FUN_2,FUN_3
237161,20335,CUBE_R,FUN_6
237186,1541,FUN_2,FUN_3
237201,26782,FUN_3,FUN_4
237238,16704,CUBE_R,RET
237250,4561,FUN_4,FUN_3
237263,13877,CUBE_R,RET
237281,8938,FUN_3,FUN_4
237282,1520,FUN_6,CUBE_R
237282,10424,FUN_2,FUN_1
237290,8444,FUN_2,FUN_1
237293,13705,FUN_1,CUBE_L
237294,19834,RET,CUBE_R
237307,3806,FUN_3,FUN_2
237328,4200,RET,CUBE_R
237335,13142,FUN_4,FUN_3
237351,15497,CUBE_L,RET
237372,29381,CUBE_R,FUN_6
237389,19374,FUN_2,FUN_3
237394,3362,RET,CUBE_L
237415,13253,CUBE_L,FUN_1
237428,17006,FUN_1,CUBE_L
237459,25872,FUN_3,FUN_2
237477,25935,FUN_3,FUN_2
237494,17711,FUN_3,FUN_2
237495,627,FUN_6,FUN_5
237495,28819,FUN_4,FUN_5
237561,20470,FUN_2,FUN_1
237564,25398,FUN_5,FUN_6
237571,9062,FUN_5,FUN_4
237582,8594,FUN_3,FUN_4
237617,4557,FUN_3,FUN_2
237618,12964,FUN_5,FUN_4
237626,19834,CUBE_R,RET
237639,3806,FUN_2,FUN_3
237653,8675,FUN_1,CUBE_L
237657,11373,FUN_3,FUN_4
237660,20470,FUN_1,FUN_2
237666,16219,RET,CUBE_R
237666,18853,FUN_2,FUN_1
237668,14318,FUN_1,CUBE_L
237672,29344,RET,CUBE_L
237673,27156,FUN_1,FUN_2
237705,11410,RET,CUBE_R
237709,27938,FUN_2,FUN_3
237741,12105,FUN_3,FUN_2
237756,7737,RET,CUBE_R
237808,8131,FUN_2,FUN_1
237833,9056,FUN_3,FUN_4
237835,7642,FUN_2,FUN_3
237837,16219,CUBE_R,RET
237847,15497,RET,CUBE_L
237851,1246,FUN_2,FUN_3
237852,16631,FUN_2,FUN_1
237897,18518,FUN_2,FUN_1
237903,28919,FUN_2,FUN_1
237934,15848,FUN_3,FUN_4
237939,29928,FUN_4,FUN_3
237940,11161,FUN_3,FUN_2
237955,13056,FUN_2,FUN_3
237964,13218,FUN_1,FUN_2
237965,20284,FUN_1,FUN_2
237978,5457,FUN_3,FUN_2
238016,19969,FUN_4,FUN_5
238032,16488,RET,CUBE_R
238037,10128,FUN_3,FUN_4
238044,7455,FUN_6,CUBE_R
238055,9875,FUN_4,FUN_3
238094,24232,FUN_1,CUBE_L
238106,23768,FUN_1,FUN_2
238128,4843,FUN_3,FUN_2
238136,28597,CUBE_R,RET
238162,319,FUN_2,FUN_1
238171,18832,FUN_4,FUN_3
238177,11410,CUBE_R,RET
238205,13807,FUN_1,FUN_2
238212,26618,CUBE_L,FUN_1
238215,4992,CUBE_R,FUN_6
238219,15601,FUN_3,FUN_4
238234,16631,FUN_1,FUN_2
238266,29521,FUN_5,FUN_4
238274,13638,RET,CUBE_R
238278,13816,FUN_2,FUN_3
238287,19200,FUN_2,FUN_3
238304,6553,FUN_2,FUN_3
238339,13657,FUN_5,FUN_6
238345,13394,FUN_6,FUN_5
238366,4200,CUBE_R,RET
238395,3050,FUN_3,FUN_2
238401,4561,FUN_3,FUN_4
238402,20141,RET,CUBE_R
238406,28721,FUN_1,FUN_2
238409,18853,FUN_1,FUN_2
238416,316,FUN_3,FUN_2
238429,25155,FUN_4,FUN_5
238431,22366,CUBE_L,RET
238440,3861,FUN_2,FUN_3
238442,23546,CUBE_R,RET
238446,26981,FUN_1,FUN_2
238449,29381,FUN_6,CUBE_R
238462,12213,FUN_2,FUN_3
238466,1699,FUN_1,FUN_2
238503,29521,FUN_4,FUN_5
238507,319,FUN_1,FUN_2
238512,3861,FUN_3,FUN_2
238518,12578,FUN_5,FUN_6
238549,3861,FUN_2,FUN_3
238554,13693,CUBE_R,FUN_6
238554,25872,FUN_2,FUN_3
238583,11902,FUN_5,FUN_4
238585,2812,FUN_2,FUN_1
238586,14386,FUN_1,CUBE_L
238601,22787,FUN_2,FUN_1
238633,1701,FUN_2,FUN_3
238640,9869,FUN_1,FUN_2
238653,22137,FUN_2,FUN_3
238664,23540,FUN_4,FUN_3
238670,22302,FUN_3,FUN_2
238671,8131,FUN_1,FUN_2
238688,20335,FUN_6,CUBE_R
238690,8937,CUBE_R,RET
238692,8675,CUBE_L,FUN_1
238724,17789,FUN_3,FUN_2
238745,3393,RET,CUBE_R
238810,10822,FUN_6,FUN_5
238825,6761,FUN_5,FUN_6
238867,27651,FUN_3,FUN_2
238880,5629,FUN_2,FUN_1
238885,12889,RET,CUBE_R
238903,21619,FUN_1,CUBE_L
238906,4743,FUN_5,FUN_4
238916,23562,FUN_2,FUN_3
238930,22137,FUN_3,FUN_2
238942,3806,FUN_3,FUN_2
238954,5171,FUN_1,FUN_2
238955,18061,FUN_2,FUN_1
238960,13816,FUN_3,FUN_2
238983,19200,FUN_3,FUN_2
238994,8675,FUN_1,CUBE_L
239019,15569,FUN_4,FUN_3
239019,26022,FUN_2,FUN_3
239026,28998,FUN_2,FUN_1
239062,4843,FUN_2,FUN_3
239071,8675,CUBE_L,FUN_1
239091,8131,FUN_2,FUN_1
239125,8578,CUBE_R,RET
239227,22197,FUN_4,FUN_3
239257,25637,CUBE_R,RET
239288,4561,FUN_4,FUN_3
239320,13816,FUN_2,FUN_3
239329,9163,FUN_3,FUN_4
239337,1393,FUN_1,FUN_2
239338,21409,FUN_2,FUN_3
239367,19515,FUN_5,FUN_4
239370,23260,FUN_5,FUN_6
239373,3806,FUN_2,FUN_3
239404,13705,CUBE_L,FUN_1
239413,13447,FUN_4,FUN_3
239429,13394,FUN_5,FUN_6
239433,27368,CUBE_R,FUN_6
239462,17407,RET,CUBE_R
239464,21504,FUN_4,FUN_5
239478,20314,FUN_1,FUN_2
239479,6903,FUN_3,FUN_2
239490,21480,FUN_3,FUN_2
239501,28496,FUN_4,FUN_3
239533,18061,FUN_1,FUN_2
239533,11503,FUN_1,FUN_2
239545,10614,FUN_1,FUN_2
239566,6123,FUN_1,FUN_2
239569,7737,CUBE_R,RET
239575,1844,FUN_4,FUN_5
239595,5120,FUN_2,FUN_3
239601,19658,CUBE_R,FUN_6
239602,19966,CUBE_R,FUN_6
239639,16934,FUN_6,CUBE_R
239667,3983,FUN_2,FUN_3
239688,8938,FUN_4,FUN_3
239709,2406,FUN_3,FUN_2
239726,23164,FUN_2,FUN_3
239743,6034,FUN_1,FUN_2
239765,22976,FUN_4,FUN_3
239775,22398,FUN_5,FUN_6
239788,26878,CUBE_R,FUN_6
239792,19552,FUN_5,FUN_6
239798,2190,CUBE_R,FUN_6
239808,16510,FUN_4,FUN_5
239820,26981,FUN_2,FUN_1
239824,11091,CUBE_L,RET
239828,21619,CUBE_L,FUN_1
239828,29079,FUN_4,FUN_3
239839,13253,FUN_1,CUBE_L
239853,18907,CUBE_R,FUN_6
239863,14386,CUBE_L,FUN_1
239867,8675,FUN_1,CUBE_L
239876,6782,RET,CUBE_R
239891,4512,CUBE_R,FUN_6
239892,13636,RET,CUBE_L
239907,8435,CUBE_R,RET
239912,4557,FUN_2,FUN_3
239933,5629,FUN_1,FUN_2
239943,11373,FUN_4,FUN_3
239956,11405,CUBE_R,FUN_6
239983,316,FUN_2,FUN_3
239990,25053,FUN_3,FUN_4
239999,5120,FUN_3,FUN_2
240024,3806,FUN_3,FUN_2
240069,561,FUN_2,FUN_1
240085,9415,RET,CUBE_L
240124,19834,RET,CUBE_R
240126,2394,FUN_4,FUN_5
240147,6071,FUN_1,FUN_2
240148,29915,RET,CUBE_L
240149,13816,FUN_3,FUN_2
240174,13645,FUN_6,CUBE_R
240181,26715,CUBE_R,FUN_6
240186,4992,FUN_6,CUBE_R
240188,29328,FUN_3,FUN_4
240200,24712,FUN_1,CUBE_L
240205,14386,FUN_1,CUBE_L
240256,16262,FUN_1,CUBE_L
240263,4200,RET,CUBE_R
240265,5924,FUN_1,FUN_2
240279,27651,FUN_2,FUN_3
240283,2714,FUN_3,FUN_4
240295,13816,FUN_2,FUN_3
240328,12307,CUBE_R,RET
240361,461,FUN_2,FUN_3
240380,10424,FUN_1,FUN_2
240382,8962,FUN_3,FUN_4
240397,25053,FUN_4,FUN_3
240404,2393,CUBE_L,RET
240405,4557,FUN_3,FUN_2
240414,13733,FUN_2,FUN_1
240433,8938,FUN_3,FUN_4
240443,461,FUN_3,FUN_2
240462,25053,FUN_3,FUN_4
240467,365,CUBE_R,FUN_6
240467,22339,FUN_1,FUN_2
240474,21409,FUN_3,FUN_2
240479,20030,FUN_5,FUN_4
240492,23646,FUN_1,FUN_2
240519,1246,FUN_3,FUN_2
240519,27496,FUN_2,FUN_1
240535,7589,FUN_2,FUN_1
240542,20030,FUN_4,FUN_5
240561,461,FUN_2,FUN_3
240569,1246,FUN_2,FUN_3
240584,4557,FUN_2,FUN_3
240627,12905,CUBE_R,RET
240632,24081,CUBE_R,FUN_6
240636,14318,CUBE_L,FUN_1
240645,8478,FUN_2,FUN_1
240652,561,FUN_1,FUN_2
240659,5120,FUN_2,FUN_3
240683,561,FUN_2,FUN_1
240688,110,CUBE_L,FUN_1
240700,11774,FUN_3,FUN_2
240706,29344,CUBE_L,RET
240718,16594,FUN_3,FUN_2
240722,12514,CUBE_R,RET
240725,13733,FUN_1,FUN_2
240728,23099,FUN_6,CUBE_R
240738,804,FUN_1,CUBE_L
240762,20030,FUN_5,FUN_4
240765,3659,RET,CUBE_L
240774,12105,FUN_2,FUN_3
240779,14508,FUN_2,FUN_3
240785,3393,CUBE_R,RET
240795,26533,FUN_1,CUBE_L
240803,19658,FUN_6,CUBE_R
240812,4557,FUN_3,FUN_2
240875,26743,FUN_4,FUN_5
240901,12211,FUN_5,FUN_6
240909,11373,FUN_3,FUN_4
240911,22324,FUN_4,FUN_3
240914,7737,RET,CUBE_R
240925,24262,FUN_2,FUN_3
240929,27155,FUN_1,CUBE_L
240972,20284,FUN_2,FUN_1
240989,9095,CUBE_L,RET
241015,14990,FUN_2,FUN_1
241023,4743,FUN_4,FUN_5
241029,14934,CUBE_L,RET
241041,12474,FUN_3,FUN_4
241048,28656,FUN_2,FUN_3
241089,26642,FUN_2,FUN_3
241094,13218,FUN_2,FUN_1
241151,26795,FUN_1,FUN_2
241163,10409,FUN_5,FUN_4
241164,319,FUN_2,FUN_1
241199,12307,RET,CUBE_R
241213,22339,FUN_2,FUN_1
241225,12134,FUN_2,FUN_3
241242,26245,CUBE_R,FUN_6
241247,29380,FUN_3,FUN_2
241250,27155,CUBE_L,FUN_1
241260,461,FUN_3,FUN_2
241293,7737,CUBE_R,RET
241311,28983,CUBE_R,RET
241331,11161,FUN_2,FUN_3
241377,10252,RET,CUBE_R
241392,28680,FUN_2,FUN_1
241393,1226,FUN_4,FUN_3
241400,461,FUN_2,FUN_3
241417,27912,FUN_4,FUN_5
241420,5012,FUN_2,FUN_3
241434,18830,FUN_4,FUN_5
241450,29304,FUN_1,FUN_2
241465,20288,RET,CUBE_L
241478,13447,FUN_3,FUN_4
241493,24641,RET,CUBE_R
241505,9743,FUN_4,FUN_3
241545,21874,RET,CUBE_R
241547,4886,CUBE_L,RET
241590,28496,FUN_3,FUN_4
241602,20796,FUN_2,FUN_1
241611,8932,FUN_1,FUN_2
241633,6071,FUN_2,FUN_1
241638,2039,FUN_2,FUN_1
241668,1588,FUN_3,FUN_2
241693,21801,CUBE_R,FUN_6
241756,8790,FUN_2,FUN_1
241774,7995,FUN_4,FUN_3
241775,17727,FUN_4,FUN_3
241786,18853,FUN_2,FUN_1
241787,712,FUN_6,CUBE_R
241790,29668,FUN_6,CUBE_R
241819,8790,FUN_1,FUN_2
241840,22789,FUN_2,FUN_1
241855,23260,FUN_6,FUN_5
241864,24094,FUN_3,FUN_2
241865,4557,FUN_2,FUN_3
241870,27496,FUN_1,FUN_2
241902,16510,FUN_5,FUN_4
241911,6553,FUN_3,FUN_2
241965,14750,FUN_3,FUN_2
241991,20118,FUN_3,FUN_4
242049,2623,FUN_3,FUN_4
242088,16993,CUBE_R,RET
242103,26533,CUBE_L,FUN_1
242107,11373,FUN_4,FUN_3
242111,25745,FUN_5,FUN_6
242114,18066,FUN_2,FUN_3
242132,6782,CUBE_R,RET
242142,19834,CUBE_R,RET
242155,20284,FUN_1,FUN_2
242168,12044,FUN_2,FUN_1
242170,879,FUN_5,FUN_6
242257,19969,FUN_5,FUN_4
242273,15641,FUN_3,FUN_2
242292,4200,CUBE_R,RET
242297,8937,RET,CUBE_R
242309,8444,FUN_1,FUN_2
242312,20796,FUN_1,FUN_2
242346,22404,FUN_3,FUN_4
242354,3971,FUN_2,FUN_1
242364,19661,FUN_3,FUN_2
242384,17510,FUN_3,FUN_2
242416,16204,FUN_1,FUN_2
242446,15817,FUN_1,FUN_2
242449,26878,FUN_6,CUBE_R
242469,27557,FUN_3,FUN_2
242517,9923,FUN_5,FUN_4
242528,21502,FUN_3,FUN_2
242559,14750,FUN_2,FUN_3
242566,22539,CUBE_R,RET
242606,11586,FUN_4,FUN_3
242633,2716,FUN_1,FUN_2
242637,8932,FUN_2,FUN_1
242643,3983,FUN_3,FUN_2
242644,20041,FUN_3,FUN_2
242656,22787,FUN_1,FUN_2
242679,3659,CUBE_L,RET
242698,25216,FUN_5,FUN_6
242704,10252,CUBE_R,RET
242724,8578,RET,CUBE_R
242768,29380,FUN_2,FUN_3
242801,11503,FUN_2,FUN_1
242834,12925,FUN_2,FUN_3
242854,3920,FUN_2,FUN_3
242862,12281,FUN_3,FUN_2
242863,26743,FUN_5,FUN_4
242871,561,FUN_1,FUN_2
242923,14750,FUN_3,FUN_2
242929,2714,FUN_4,FUN_3
242930,17078,FUN_1,FUN_2
242961,319,FUN_1,FUN_2
242966,5968,FUN_2,FUN_3
242985,11405,FUN_6,CUBE_R
242990,15641,FUN_2,FUN_3
243034,17722,FUN_5,FUN_4
243060,19661,FUN_2,FUN_3
243061,5675,FUN_2,FUN_3
243080,3205,RET,CUBE_R
243100,18774,CUBE_R,RET
243102,18853,FUN_1,FUN_2
243119,20030,FUN_4,FUN_5
243128,21426,FUN_2,FUN_3
243135,11069,FUN_2,FUN_3
243149,12514,RET,CUBE_R
243168,4200,RET,CUBE_R
243180,4059,FUN_4,FUN_5
243192,23051,CUBE_R,RET
243192,23540,FUN_3,FUN_4
243211,21315,FUN_5,FUN_4
243214,17078,FUN_2,FUN_1
243216,3387,CUBE_R,FUN_6
243274,3170,FUN_3,FUN_2
243311,17173,FUN_4,FUN_3
243329,22976,FUN_3,FUN_4
243359,17078,FUN_1,FUN_2
243393,22404,FUN_4,FUN_3
243401,13218,FUN_1,FUN_2
243417,12514,CUBE_R,RET
243432,12514,RET,CUBE_R
243460,21130,FUN_2,FUN_3
243461,12514,CUBE_R,RET
243475,3018,FUN_4,FUN_3
243494,12044,FUN_1,FUN_2
243499,12514,RET,CUBE_R
243523,7132,CUBE_R,RET
243544,26366,FUN_6,FUN_5
243550,8380,FUN_2,FUN_1
243582,19966,FUN_6,CUBE_R
243583,2201,FUN_3,FUN_2
243602,17220,FUN_5,FUN_4
243607,4200,CUBE_R,RET
243667,19338,FUN_6,CUBE_R
243679,27032,RET,CUBE_R
243696,14236,CUBE_R,FUN_6
243726,29113,CUBE_R,RET
243778,7917,CUBE_R,FUN_6
243884,10530,FUN_2,FUN_3
243935,22539,RET,CUBE_R
243939,16631,FUN_2,FUN_1
243942,12144,RET,CUBE_L
243955,16631,FUN_1,FUN_2
243964,4200,RET,CUBE_R
243964,15815,FUN_1,FUN_2
243972,22324,FUN_3,FUN_4
243993,21528,FUN_6,FUN_5
244009,22712,FUN_2,FUN_1
244030,11834,RET,CUBE_L
244043,17845,FUN_1,CUBE_L
244053,20335,CUBE_R,FUN_6
244055,25745,FUN_6,FUN_5
244142,15497,CUBE_L,RET
244156,3806,FUN_2,FUN_3
244167,27912,FUN_5,FUN_4
244214,15817,FUN_2,FUN_1
244224,14667,FUN_3,FUN_2
244234,26743,FUN_4,FUN_5
244254,9353,FUN_2,FUN_3
244257,12553,FUN_2,FUN_1
244276,13025,FUN_4,FUN_3
244280,19334,FUN_3,FUN_2
244287,10252,RET,CUBE_R
244323,6782,RET,CUBE_R
244323,8594,FUN_4,FUN_3
244337,17220,FUN_4,FUN_5
244338,25442,FUN_2,FUN_1
244342,3971,FUN_1,FUN_2
244364,18627,RET,CUBE_R
244367,12281,FUN_2,FUN_3
244371,21074,FUN_6,CUBE_R
244385,18774,RET,CUBE_R
244391,8548,FUN_2,FUN_3
244430,5968,FUN_3,FUN_2
244432,2713,CUBE_R,RET
244459,15133,CUBE_L,FUN_1
244470,14750,FUN_2,FUN_3
244476,2201,FUN_2,FUN_3
244483,17435,FUN_5,FUN_4
244484,19847,FUN_4,FUN_3
244571,1844,FUN_5,FUN_4
244580,26715,FUN_6,CUBE_R
244585,13044,FUN_1,FUN_2
244589,18878,FUN_4,FUN_3
244590,16204,FUN_2,FUN_1
244592,15133,FUN_1,CUBE_L
244599,5385,FUN_6,CUBE_R
244618,7562,CUBE_R,FUN_6
244631,20413,FUN_2,FUN_1
244633,9353,FUN_3,FUN_2
244643,26642,FUN_3,FUN_2
244646,6347,FUN_2,FUN_3
244657,6553,FUN_2,FUN_3
244658,12281,FUN_3,FUN_2
244672,13394,FUN_6,FUN_5
244687,25235,FUN_2,FUN_3
244693,6626,FUN_2,FUN_3
244701,10266,FUN_5,FUN_4
244713,17220,FUN_5,FUN_4
244734,3748,CUBE_R,FUN_6
244752,9155,FUN_6,CUBE_R
244768,3920,FUN_3,FUN_2
244789,10557,FUN_2,FUN_3
244793,28391,FUN_3,FUN_4
244796,22316,FUN_4,FUN_3
244805,11242,FUN_2,FUN_3
244813,7362,CUBE_L,FUN_1
244814,5183,CUBE_R,FUN_6
244821,7406,FUN_1,FUN_2
244842,20119,FUN_2,FUN_1
244866,20903,RET,CUBE_R
244893,11747,RET,CUBE_L
244898,21235,FUN_5,FUN_6
244901,23546,RET,CUBE_R
244904,11373,FUN_3,FUN_4
244923,319,FUN_2,FUN_1
244925,3261,RET,CUBE_R
244934,9874,FUN_2,FUN_1
244959,16030,FUN_3,FUN_2
244977,24290,FUN_2,FUN_1
244979,13394,FUN_5,FUN_6
244980,24081,FUN_6,CUBE_R
244986,319,FUN_1,FUN_2
245005,15947,FUN_3,FUN_4
245010,17220,FUN_4,FUN_5
245012,22712,FUN_1,FUN_2
245014,19987,RET,CUBE_L
245021,16219,RET,CUBE_R
245028,23546,CUBE_R,RET
245033,1521,CUBE_R,FUN_6
245038,6562,CUBE_R,RET
245055,6553,FUN_3,FUN_2
245059,10557,FUN_3,FUN_2
245084,15815,FUN_2,FUN_1
245087,19338,CUBE_R,FUN_6
245088,6903,FUN_2,FUN_3
245143,10799,RET,CUBE_L
245186,16204,FUN_1,FUN_2
245191,29844,CUBE_R,FUN_6
245192,28217,FUN_3,FUN_2
245194,19015,CUBE_R,FUN_6
245201,3592,FUN_6,FUN_5
245203,27759,FUN_3,FUN_4
245223,6562,RET,CUBE_R
245229,16218,FUN_2,FUN_3
245241,25745,FUN_5,FUN_6
245243,3748,FUN_6,CUBE_R
245246,16704,RET,CUBE_R
245272,19338,FUN_6,CUBE_R
245279,9208,FUN_2,FUN_3
245289,18907,FUN_6,CUBE_R
245305,19984,FUN_3,FUN_2
245315,6782,CUBE_R,RET
245322,23099,CUBE_R,FUN_6
245347,18924,RET,CUBE_R
245349,16716,FUN_2,FUN_3
245361,273,FUN_5,FUN_6
245368,20413,FUN_1,FUN_2
245386,26245,FUN_6,CUBE_R
245398,5183,FUN_6,CUBE_R
245418,21379,FUN_3,FUN_2
245422,23256,FUN_2,FUN_1
245426,879,FUN_6,FUN_5
245433,12919,FUN_6,FUN_5
245457,273,FUN_6,FUN_5
245457,14725,FUN_2,FUN_1
245464,22712,FUN_2,FUN_1
245472,29179,FUN_3,FUN_4
245473,17360,RET,CUBE_R
245480,3920,FUN_2,FUN_3
245487,13455,FUN_3,FUN_2
245489,11747,CUBE_L,RET
245496,29872,FUN_1,CUBE_L
245518,9533,FUN_5,FUN_4
245524,9054,FUN_5,FUN_6
245525,10266,FUN_4,FUN_5
245532,5569,FUN_6,CUBE_R
245550,26491,FUN_3,FUN_2
245556,396,FUN_2,FUN_3
245560,28391,FUN_4,FUN_3
245573,19338,CUBE_R,FUN_6
245611,15631,FUN_2,FUN_3
245628,8938,FUN_4,FUN_3
245651,8380,FUN_1,FUN_2
245665,7362,FUN_1,CUBE_L
245686,20903,CUBE_R,RET
245702,26499,FUN_2,FUN_3
245773,6085,FUN_1,FUN_2
245802,24033,FUN_2,FUN_1
245855,12144,CUBE_L,RET
245856,15497,RET,CUBE_L
245873,7826,FUN_2,FUN_3
245874,1844,FUN_4,FUN_5
245891,23858,FUN_3,FUN_4
245894,8779,FUN_4,FUN_5
245915,2398,FUN_2,FUN_1
245920,2713,RET,CUBE_R
245948,9923,FUN_4,FUN_5
245952,13733,FUN_2,FUN_1
245965,25416,FUN_1,FUN_2
245971,21379,FUN_2,FUN_3
245971,24081,CUBE_R,FUN_6
245990,28330,RET,CUBE_L
246000,16934,CUBE_R,FUN_6
246001,9631,FUN_5,FUN_6
246005,9054,FUN_6,FUN_5
246009,26366,FUN_5,FUN_6
246010,13394,FUN_6,FUN_5
246023,20233,FUN_4,FUN_3
246042,26878,CUBE_R,FUN_6
246087,27368,FUN_6,CUBE_R
246094,26491,FUN_2,FUN_3
246098,25134,FUN_2,FUN_1
246107,26782,FUN_4,FUN_3
246112,27912,FUN_4,FUN_5
246119,22262,CUBE_R,FUN_6
246120,14947,FUN_5,FUN_6
246124,23051,RET,CUBE_R
246124,27912,FUN_5,FUN_4
246136,22934,FUN_3,FUN_2
246182,19709,FUN_5,FUN_4
246188,15823,FUN_2,FUN_1
246232,28660,FUN_3,FUN_4
246236,5582,FUN_3,FUN_4
246240,26878,FUN_6,CUBE_R
246245,469,CUBE_L,RET
246256,20649,FUN_1,FUN_2
246283,10557,FUN_2,FUN_3
246286,19338,FUN_6,CUBE_R
246297,3170,FUN_2,FUN_3
246301,10453,FUN_2,FUN_3
246351,8932,FUN_1,FUN_2
246353,16631,FUN_2,FUN_1
246354,578,FUN_6,CUBE_R
246367,4796,FUN_3,FUN_2
246372,19015,FUN_6,CUBE_R
246372,20258,FUN_6,CUBE_R
246380,18799,FUN_4,FUN_3
246383,20903,RET,CUBE_R
246385,5582,FUN_4,FUN_3
246386,7132,RET,CUBE_R
246421,8937,CUBE_R,RET
246425,2250,CUBE_L,RET
246442,16415,CUBE_R,RET
246444,11747,RET,CUBE_L
246448,16030,FUN_2,FUN_3
246473,11453,FUN_1,FUN_2
246493,578,CUBE_R,FUN_6
246531,5012,FUN_3,FUN_2
246534,27032,CUBE_R,RET
246569,17173,FUN_3,FUN_4
246573,16734,FUN_3,FUN_2
246603,1237,RET,CUBE_R
246671,25398,FUN_6,FUN_5
246701,8435,RET,CUBE_R
246714,29179,FUN_4,FUN_3
246724,20903,CUBE_R,RET
246743,20796,FUN_2,FUN_1
246765,28991,CUBE_R,RET
246777,561,FUN_2,FUN_1
246797,21130,FUN_3,FUN_2
246830,4796,FUN_2,FUN_3
246850,3170,FUN_3,FUN_2
246860,2398,FUN_1,FUN_2
246866,11405,CUBE_R,FUN_6
246889,11282,FUN_2,FUN_1
246897,2714,FUN_3,FUN_4
246902,16704,CUBE_R,RET
246909,13455,FUN_2,FUN_3
246924,15601,FUN_4,FUN_3
246933,28544,CUBE_R,RET
246940,23099,FUN_6,CUBE_R
246944,28919,FUN_1,FUN_2
246979,26366,FUN_6,FUN_5
247009,8823,FUN_2,FUN_3
247022,3983,FUN_2,FUN_3
247058,3920,FUN_3,FUN_2
247083,9390,FUN_2,FUN_1
247111,24902,FUN_3,FUN_2
247160,1199,FUN_3,FUN_2
247162,2045,FUN_2,FUN_1
247182,27912,FUN_4,FUN_5
247189,6347,FUN_3,FUN_2
247200,11767,FUN_4,FUN_3
247200,15269,FUN_4,FUN_5
247201,24902,FUN_2,FUN_3
247218,8435,CUBE_R,RET
247220,27759,FUN_4,FUN_3
247240,2211,FUN_2,FUN_1
247270,3920,FUN_2,FUN_3
247335,4411,FUN_2,FUN_3
247353,4275,FUN_4,FUN_3
247361,22934,FUN_2,FUN_3
247366,17863,FUN_5,FUN_6
247382,23256,FUN_1,FUN_2
247384,19984,FUN_2,FUN_3
247391,14511,RET,CUBE_R
247400,17483,FUN_5,FUN_6
247423,8937,RET,CUBE_R
247443,10340,RET,CUBE_R
247481,10266,FUN_5,FUN_4
247483,8435,RET,CUBE_R
247491,25836,FUN_3,FUN_4
247502,1521,FUN_6,CUBE_R
247505,14750,FUN_3,FUN_2
247505,16594,FUN_2,FUN_3
247506,21502,FUN_2,FUN_3
247553,20903,RET,CUBE_R
247564,22438,FUN_4,FUN_3
247566,19834,RET,CUBE_R
247573,11235,FUN_3,FUN_2
247597,14725,FUN_1,FUN_2
247598,16187,FUN_2,FUN_3
247599,21363,CUBE_L,FUN_1
247603,18878,FUN_3,FUN_4
247626,25398,FUN_5,FUN_6
247631,15965,FUN_4,FUN_5
247646,14725,FUN_2,FUN_1
247651,5686,FUN_5,FUN_4
247660,8747,RET,CUBE_R
247661,22124,RET,CUBE_L
247683,5569,CUBE_R,FUN_6
247687,26268,FUN_2,FUN_3
247688,3170,FUN_2,FUN_3
247698,25134,FUN_1,FUN_2
247708,18851,FUN_2,FUN_1
247740,15817,FUN_1,FUN_2
247797,9459,CUBE_R,FUN_6
247825,13318,CUBE_R,RET
247909,19386,FUN_3,FUN_2
247910,15032,FUN_3,FUN_2
247915,19015,CUBE_R,FUN_6
247936,252,CUBE_R,FUN_6
247956,14725,FUN_1,FUN_2
247969,15032,FUN_2,FUN_3
247983,7406,FUN_2,FUN_1
248001,3920,FUN_3,FUN_2
248006,16734,FUN_2,FUN_3
248011,20429,CUBE_R,RET
248019,27813,FUN_2,FUN_3
248026,7406,FUN_1,FUN_2
248035,561,FUN_1,FUN_2
248037,20649,FUN_2,FUN_1
248057,11095,FUN_2,FUN_3
248073,11069,FUN_3,FUN_2
248075,8937,CUBE_R,RET
248079,19966,CUBE_R,FUN_6
248099,21528,FUN_5,FUN_6
248108,12341,FUN_1,FUN_2
248126,13693,FUN_6,CUBE_R
248133,15641,FUN_3,FUN_2
248161,2714,FUN_4,FUN_3
248164,9353,FUN_2,FUN_3
248167,22022,FUN_4,FUN_3
248208,10312,RET,CUBE_L
248225,252,FUN_6,CUBE_R
248239,3556,FUN_2,FUN_3
248250,22134,FUN_3,FUN_2
248263,21528,FUN_6,FUN_5
248280,10266,FUN_4,FUN_5
248288,21528,FUN_5,FUN_6
248332,4723,FUN_1,FUN_2
248336,22557,FUN_3,FUN_2
248338,28544,RET,CUBE_R
248343,7790,FUN_3,FUN_4
248352,11747,CUBE_L,RET
248367,663,RET,CUBE_R
248390,12103,CUBE_L,RET
248397,10931,FUN_2,FUN_3
248398,21528,FUN_6,FUN_5
248425,6889,FUN_4,FUN_5
248430,4980,CUBE_R,FUN_6
248432,12941,RET,CUBE_R
248442,8478,FUN_1,FUN_2
248459,578,FUN_6,CUBE_R
248476,27474,FUN_3,FUN_2
248477,6067,FUN_4,FUN_5
248484,16210,CUBE_R,RET
248499,22481,FUN_6,CUBE_R
248503,10577,FUN_2,FUN_1
248517,29243,FUN_3,FUN_2
248534,20862,CUBE_L,RET
248544,19966,FUN_6,CUBE_R
248554,24464,FUN_3,FUN_4
248568,20841,FUN_1,FUN_2
248637,4603,CUBE_R,FUN_6
248648,7406,FUN_2,FUN_1
248652,22935,FUN_4,FUN_5
248654,10453,FUN_3,FUN_2
248711,2697,FUN_5,FUN_6
248732,11490,FUN_2,FUN_3
248757,18813,FUN_2,FUN_1
248757,20251,FUN_6,FUN_5
248761,5385,CUBE_R,FUN_6
248782,10401,FUN_3,FUN_4
248787,12607,RET,CUBE_L
248798,22339,FUN_1,FUN_2
248801,17173,FUN_4,FUN_3
248803,4275,FUN_3,FUN_4
248828,19558,FUN_2,FUN_3
248849,23838,FUN_2,FUN_1
248860,9516,FUN_1,FUN_2
248870,15032,FUN_3,FUN_2
248870,28656,FUN_3,FUN_2
248880,21528,FUN_5,FUN_6
248884,2482,RET,CUBE_R
248887,2211,FUN_1,FUN_2
248897,3659,RET,CUBE_L
248916,21530,CUBE_L,FUN_1
248941,17652,CUBE_L,RET
248972,26268,FUN_3,FUN_2
248986,17173,FUN_3,FUN_4
248987,17646,FUN_2,FUN_3
249004,9353,FUN_3,FUN_2
249004,17360,CUBE_R,RET
249028,14694,CUBE_R,RET
249036,2713,CUBE_R,RET
249046,25398,FUN_6,FUN_5
249084,13127,FUN_4,FUN_5
249104,29943,FUN_1,FUN_2
249115,13025,FUN_3,FUN_4
249127,316,FUN_3,FUN_2
249135,12408,FUN_3,FUN_2
249149,15965,FUN_5,FUN_4
249171,18871,CUBE_L,FUN_1
249177,12941,CUBE_R,RET
249188,8465,RET,CUBE_L
249189,27496,FUN_2,FUN_1
249200,2433,FUN_2,FUN_3
249208,21409,FUN_2,FUN_3
249212,5385,FUN_6,CUBE_R
249213,2812,FUN_1,FUN_2
249216,12213,FUN_3,FUN_2
249265,5259,FUN_2,FUN_1
249299,17529,FUN_4,FUN_3
249307,22339,FUN_2,FUN_1
249317,27474,FUN_2,FUN_3
249321,16218,FUN_3,FUN_2
249329,21315,FUN_4,FUN_5
249351,22398,FUN_6,FUN_5
249359,15965,FUN_4,FUN_5
249371,252,CUBE_R,FUN_6
249398,14688,FUN_2,FUN_1
249399,18832,FUN_3,FUN_4
249423,20233,FUN_3,FUN_4
249433,15032,FUN_2,FUN_3
249458,27474,FUN_3,FUN_2
249463,17407,CUBE_R,RET
249486,20251,FUN_5,FUN_6
249504,10931,FUN_3,FUN_2
249542,21363,FUN_1,CUBE_L
249561,27474,FUN_2,FUN_3
249590,8471,FUN_3,FUN_4
249607,10,FUN_5,FUN_6
249629,11420,CUBE_R,RET
249629,17173,FUN_4,FUN_3
249651,11685,FUN_3,FUN_4
249688,4603,FUN_6,CUBE_R
249704,1520,CUBE_R,FUN_6
249707,9166,FUN_6,CUBE_R
249709,7917,FUN_6,CUBE_R
249716,16187,FUN_3,FUN_2
249735,4386,FUN_2,FUN_3
249735,20580,CUBE_L,RET
249754,9353,FUN_2,FUN_3
249758,20796,FUN_1,FUN_2
249793,19966,CUBE_R,FUN_6
249801,25216,FUN_6,FUN_5
249805,9459,FUN_6,CUBE_R
249808,26348,FUN_3,FUN_4
249821,10234,FUN_1,FUN_2
249842,4398,FUN_4,FUN_3
249845,24495,FUN_3,FUN_2
249865,2393,RET,CUBE_L
249868,13099,FUN_1,FUN_2
249887,19834,CUBE_R,RET
249891,22744,FUN_2,FUN_1
249907,28217,FUN_2,FUN_3
249912,19722,RET,CUBE_L
249913,22557,FUN_2,FUN_3
249945,9353,FUN_3,FUN_2
249956,15925,CUBE_L,RET
249963,22124,CUBE_L,RET
249987,21315,FUN_5,FUN_4
249987,22134,FUN_2,FUN_3
249994,26018,CUBE_L,RET
250002,12281,FUN_2,FUN_3
250025,18924,CUBE_R,RET
250042,7995,FUN_3,FUN_4
250071,7642,FUN_3,FUN_2
250075,22124,RET,CUBE_L
250077,5108,FUN_2,FUN_1
250117,610,FUN_4,FUN_3
250127,11930,FUN_4,FUN_5
250158,6738,FUN_3,FUN_2
250160,9353,FUN_2,FUN_3
250192,2064,FUN_2,FUN_3
250223,5183,CUBE_R,FUN_6
250225,22339,FUN_1,FUN_2
250232,11803,FUN_2,FUN_3
250240,17517,FUN_4,FUN_5
250260,22481,CUBE_R,FUN_6
250261,19220,FUN_3,FUN_2
250290,20841,FUN_2,FUN_1
250300,28998,FUN_1,FUN_2
250314,7381,FUN_3,FUN_4
250315,6422,CUBE_L,FUN_1
250316,6782,RET,CUBE_R
250317,10453,FUN_2,FUN_3
250328,11697,RET,CUBE_L
250369,20251,FUN_6,FUN_5
250375,2978,FUN_2,FUN_1
250409,15749,CUBE_L,RET
250423,9120,FUN_5,FUN_6
250446,27295,FUN_3,FUN_2
250464,14947,FUN_6,FUN_5
250465,18375,CUBE_R,FUN_6
250471,25412,RET,CUBE_R
250472,15823,FUN_1,FUN_2
250553,1844,FUN_5,FUN_4
250573,879,FUN_5,FUN_6
250583,20649,FUN_1,FUN_2
250584,26618,FUN_1,CUBE_L
250590,29807,FUN_6,CUBE_R
250617,3261,CUBE_R,RET
250629,3971,FUN_2,FUN_1
250640,12103,RET,CUBE_L
250669,15040,FUN_2,FUN_1
250680,15298,FUN_2,FUN_3
250714,7995,FUN_4,FUN_3
250744,19144,FUN_2,FUN_1
250749,9166,CUBE_R,FUN_6
250777,18851,FUN_1,FUN_2
250781,22398,FUN_5,FUN_6
250818,11909,FUN_2,FUN_1
250835,5385,CUBE_R,FUN_6
250861,14662,CUBE_R,FUN_6
250863,24268,FUN_4,FUN_5
250879,21042,FUN_2,FUN_1
250891,24081,FUN_6,CUBE_R
250891,252,FUN_6,CUBE_R
250904,1844,FUN_4,FUN_5
250914,5256,CUBE_L,RET
250935,3387,FUN_6,CUBE_R
250937,17529,FUN_3,FUN_4
250947,15032,FUN_3,FUN_2
250954,29304,FUN_2,FUN_3
250972,8775,FUN_2,FUN_3
250987,5860,FUN_5,FUN_6
250995,28991,RET,CUBE_R
251002,17413,FUN_3,FUN_2
251003,26348,FUN_4,FUN_3
251007,3592,FUN_5,FUN_6
251022,21801,FUN_6,CUBE_R
251028,26022,FUN_3,FUN_2
251035,25053,FUN_4,FUN_3
251039,26981,FUN_1,FUN_2
251046,712,CUBE_R,FUN_6
251061,10453,FUN_3,FUN_2
251063,20649,FUN_2,FUN_1
251063,21315,FUN_4,FUN_5
251083,22744,FUN_1,FUN_2
251093,20382,FUN_4,FUN_3
251094,9411,FUN_4,FUN_3
251096,4991,FUN_2,FUN_3
251102,9166,FUN_6,CUBE_R
251108,9166,CUBE_R,FUN_6
251117,19969,FUN_4,FUN_5
251130,24495,FUN_2,FUN_3
251151,2250,RET,CUBE_L
251155,5968,FUN_2,FUN_3
251163,25152,FUN_3,FUN_2
251171,9166,FUN_6,CUBE_R
251222,13657,FUN_6,FUN_5
251234,19179,FUN_6,CUBE_R
251240,12281,FUN_3,FUN_2
251241,14667,FUN_2,FUN_3
251242,9166,CUBE_R,FUN_6
251314,1325,RET,CUBE_L
251351,5479,FUN_3,FUN_2
251351,25134,FUN_2,FUN_1
251363,8779,FUN_5,FUN_4
251390,15189,FUN_3,FUN_2
251403,20119,FUN_1,FUN_2
251407,18813,FUN_1,FUN_2
251414,5860,FUN_6,FUN_5
251474,24268,FUN_5,FUN_4
251484,11313,FUN_2,FUN_3
251486,3282,FUN_3,FUN_4
251492,17652,RET,CUBE_L
251497,27938,FUN_3,FUN_2
251507,9621,CUBE_R,RET
251518,18853,FUN_2,FUN_1
251528,672,FUN_3,FUN_2
251539,22134,FUN_3,FUN_2
251540,3170,FUN_3,FUN_2
251543,21528,FUN_6,FUN_5
251576,26782,FUN_3,FUN_4
251584,24345,FUN_2,FUN_3
251606,16184,FUN_6,FUN_5
251611,26190,CUBE_L,RET
251615,20796,FUN_2,FUN_1
251662,23099,CUBE_R,FUN_6
251678,13839,RET,CUBE_L
251693,19365,FUN_5,FUN_6
251720,7406,FUN_1,FUN_2
251733,29867,FUN_4,FUN_3
251735,21409,FUN_3,FUN_2
251752,7406,FUN_2,FUN_1
251790,17845,CUBE_L,FUN_1
251793,14750,FUN_2,FUN_3
251816,4010,CUBE_R,FUN_6
251861,12069,FUN_2,FUN_1
251867,13732,FUN_3,FUN_4
251883,5968,FUN_3,FUN_2
251883,19144,FUN_1,FUN_2
251938,7891,FUN_3,FUN_2
251943,21315,FUN_5,FUN_4
251953,12281,FUN_2,FUN_3
251966,7381,FUN_4,FUN_3
251967,1199,FUN_2,FUN_3
251974,9155,CUBE_R,FUN_6
251995,364,FUN_3,FUN_4
251995,13464,FUN_5,FUN_6
252026,18108,CUBE_R,RET
252042,5074,FUN_6,FUN_5
252066,11405,FUN_6,CUBE_R
252103,8937,RET,CUBE_R
252141,21315,FUN_4,FUN_5
252148,6738,FUN_2,FUN_3
252148,24472,FUN_3,FUN_4
252160,2433,FUN_3,FUN_2
252175,13318,RET,CUBE_R
252239,19365,FUN_6,FUN_5
252275,11503,FUN_1,FUN_2
252288,5968,FUN_2,FUN_3
252305,24033,FUN_1,FUN_2
252306,24495,FUN_3,FUN_2
252313,10931,FUN_2,FUN_3
252314,24268,FUN_4,FUN_5
252326,29521,FUN_5,FUN_4
252327,6738,FUN_3,FUN_2
252358,27474,FUN_3,FUN_2
252376,12880,FUN_3,FUN_2
252380,27971,FUN_3,FUN_2
252400,2765,FUN_4,FUN_5
252404,27496,FUN_1,FUN_2
252420,23838,FUN_1,FUN_2
252421,5777,RET,CUBE_L
252457,11373,FUN_4,FUN_3
252459,16415,RET,CUBE_R
252465,13736,FUN_3,FUN_2
252475,4398,FUN_3,FUN_4
252479,15705,FUN_3,FUN_2
252485,21315,FUN_5,FUN_4
252492,18878,FUN_4,FUN_3
252540,9566,RET,CUBE_R
252553,13958,FUN_3,FUN_2
252556,4398,FUN_4,FUN_3
252562,10266,FUN_5,FUN_4
252568,2972,FUN_6,FUN_5
252583,26308,CUBE_R,FUN_6
252612,26348,FUN_3,FUN_4
252618,25008,FUN_4,FUN_3
252629,26268,FUN_2,FUN_3
252655,29304,FUN_3,FUN_2
252671,10822,FUN_5,FUN_6
252678,5722,FUN_1,FUN_2
252683,2860,CUBE_R,FUN_6
252690,9155,FUN_6,CUBE_R
252690,18508,FUN_3,FUN_2
252700,6347,FUN_2,FUN_3
252708,12213,FUN_2,FUN_3
252727,13150,FUN_4,FUN_3
252764,11930,FUN_5,FUN_4
252783,19515,FUN_4,FUN_5
252785,742,FUN_2,FUN_1
252788,5862,FUN_2,FUN_3
252802,15437,CUBE_L,RET
252815,17220,FUN_5,FUN_4
252839,742,FUN_1,FUN_2
252878,22787,FUN_2,FUN_3
252885,25899,FUN_3,FUN_2
252887,13346,CUBE_L,FUN_1
252895,3518,FUN_6,CUBE_R
252897,19144,FUN_2,FUN_1
252904,5629,FUN_2,FUN_1
252928,18245,RET,CUBE_L
252934,5367,FUN_2,FUN_1
252960,8435,CUBE_R,RET
252967,20649,FUN_1,FUN_2
252990,10146,FUN_6,FUN_5
253007,13542,RET,CUBE_L
253028,21010,FUN_3,FUN_2
253108,19374,FUN_3,FUN_2
253112,28660,FUN_4,FUN_3
253114,4398,FUN_3,FUN_4
253117,3387,CUBE_R,FUN_6
253128,24495,FUN_2,FUN_3
253133,7995,FUN_3,FUN_4
253148,24688,FUN_2,FUN_1
253179,18851,FUN_2,FUN_1
253189,27048,FUN_2,FUN_1
253215,18435,CUBE_L,RET
253217,19388,CUBE_L,FUN_1
253231,23868,FUN_2,FUN_1
253287,9254,CUBE_L,RET
253295,14481,FUN_2,FUN_1
253310,14929,FUN_3,FUN_2
253313,3173,FUN_5,FUN_4
253314,20348,FUN_1,FUN_2
253337,22027,FUN_3,FUN_2
253338,5256,RET,CUBE_L
253338,6447,FUN_3,FUN_2
253349,12925,FUN_3,FUN_2
253360,27610,FUN_4,FUN_5
253361,9566,CUBE_R,RET
253366,14033,RET,CUBE_L
253378,11909,FUN_1,FUN_2
253381,5012,FUN_2,FUN_3
253411,29305,FUN_2,FUN_1
253422,26348,FUN_4,FUN_3
253425,25058,RET,CUBE_R
253444,23457,FUN_6,FUN_5
253455,11296,FUN_3,FUN_2
253465,25152,FUN_2,FUN_3
253466,24232,CUBE_L,FUN_1
253496,24688,FUN_1,FUN_2
253505,21801,CUBE_R,FUN_6
253526,1845,FUN_3,FUN_2
253531,26782,FUN_4,FUN_3
253533,13623,FUN_4,FUN_5
253575,3971,FUN_1,FUN_2
253584,16589,FUN_4,FUN_3
253586,20119,FUN_2,FUN_1
253589,29380,FUN_3,FUN_2
253603,27971,FUN_2,FUN_3
253604,7339,FUN_6,FUN_5
253616,13146,FUN_3,FUN_2
253616,27844,FUN_3,FUN_4
253621,22935,FUN_5,FUN_4
253622,8262,RET,CUBE_L
253641,9962,FUN_3,FUN_2
253663,2765,FUN_5,FUN_4
253676,22539,CUBE_R,RET
253705,18889,CUBE_L,RET
253715,21732,FUN_1,FUN_2
253718,13092,FUN_5,FUN_6
253726,8568,RET,CUBE_R
253753,15497,CUBE_L,RET
253771,18828,CUBE_R,FUN_6
253779,14033,CUBE_L,RET
253790,3504,CUBE_R,RET
253810,13257,RET,CUBE_R
253867,28832,FUN_2,FUN_3
253876,13056,FUN_3,FUN_2
253900,4255,FUN_3,FUN_2
253910,19374,FUN_2,FUN_3
253917,27155,FUN_1,CUBE_L
253924,25836,FUN_4,FUN_3
253929,25741,CUBE_R,FUN_6
253932,1590,FUN_3,FUN_2
253946,5569,FUN_6,CUBE_R
253958,20580,RET,CUBE_L
253984,15079,FUN_3,FUN_2
254006,22082,FUN_6,CUBE_R
254018,26878,CUBE_R,FUN_6
254041,27126,FUN_2,FUN_3
254055,26642,FUN_2,FUN_3
254055,29305,FUN_1,FUN_2
254089,22787,FUN_3,FUN_2
254095,6160,FUN_4,FUN_5
254107,25053,FUN_3,FUN_4
254114,20609,CUBE_R,RET
254120,10350,FUN_3,FUN_2
254132,22664,RET,CUBE_R
254207,8568,CUBE_R,RET
254234,26715,CUBE_R,FUN_6
254237,5183,FUN_6,CUBE_R
254254,6071,FUN_1,FUN_2
254259,8101,CUBE_L,FUN_1
254265,13732,FUN_4,FUN_3
254270,23457,FUN_5,FUN_6
254289,2395,RET,CUBE_L
254297,19558,FUN_3,FUN_2
254312,17435,FUN_4,FUN_5
254314,19374,FUN_3,FUN_2
254330,13318,CUBE_R,RET
254361,22976,FUN_4,FUN_3
254362,22539,RET,CUBE_R
254389,2348,FUN_4,FUN_3
254391,29380,FUN_2,FUN_3
254402,23457,FUN_6,FUN_5
254407,27048,FUN_1,FUN_2
254420,28597,RET,CUBE_R
254423,8578,CUBE_R,RET
254436,3041,CUBE_L,RET
254449,25754,FUN_3,FUN_2
254455,23719,FUN_3,FUN_2
254459,17789,FUN_2,FUN_3
254485,19374,FUN_2,FUN_3
254546,25152,FUN_3,FUN_2
254551,16415,CUBE_R,RET
254565,25059,FUN_2,FUN_3
254566,9254,RET,CUBE_L
254572,7891,FUN_2,FUN_3
254599,25691,FUN_3,FUN_4
254609,3053,FUN_2,FUN_3
254619,15032,FUN_2,FUN_3
254650,3053,FUN_3,FUN_2
254692,18816,FUN_3,FUN_4
254718,2995,FUN_6,CUBE_R
254730,13351,FUN_3,FUN_4
254742,2995,CUBE_R,FUN_6
254742,22262,FUN_6,CUBE_R
254770,15040,FUN_1,FUN_2
254794,27913,FUN_2,FUN_1
254800,6621,FUN_3,FUN_2
254830,15497,RET,CUBE_L
254831,5569,CUBE_R,FUN_6
254833,3058,FUN_6,CUBE_R
254848,27980,FUN_2,FUN_1
254869,14481,FUN_1,FUN_2
254899,13736,FUN_2,FUN_3
254906,18092,FUN_2,FUN_3
254933,5569,FUN_6,CUBE_R
254937,25053,FUN_4,FUN_3
254972,27155,CUBE_L,FUN_1
254989,12281,FUN_3,FUN_2
255001,11747,RET,CUBE_L
255003,7406,FUN_1,FUN_2
255019,15823,FUN_2,FUN_1
255045,8262,CUBE_L,RET
255056,25053,FUN_3,FUN_4
255065,26569,CUBE_R,RET
255087,2978,FUN_1,FUN_2
255089,22905,FUN_2,FUN_1
255110,19558,FUN_2,FUN_3
255130,8568,RET,CUBE_R
255173,15641,FUN_2,FUN_3
255176,7362,CUBE_L,FUN_1
255189,26642,FUN_3,FUN_2
255191,21130,FUN_2,FUN_3
255192,24688,FUN_2,FUN_1
255234,12408,FUN_2,FUN_3
255240,29381,CUBE_R,FUN_6
255242,7138,FUN_3,FUN_2
255251,15032,FUN_3,FUN_2
255261,6797,CUBE_L,RET
255262,3991,CUBE_R,FUN_6
255278,23945,FUN_5,FUN_4
255301,15641,FUN_3,FUN_2
255318,22787,FUN_2,FUN_3
255328,25226,FUN_3,FUN_2
255341,12895,FUN_1,FUN_2
255384,21732,FUN_2,FUN_1
255407,12941,RET,CUBE_R
255410,25053,FUN_4,FUN_3
255420,9919,FUN_2,FUN_3
255427,3762,CUBE_L,RET
255452,13761,FUN_5,FUN_4
255454,29305,FUN_2,FUN_1
255481,1224,FUN_3,FUN_4
255490,6829,CUBE_L,RET
255514,21171,FUN_2,FUN_1
255532,447,RET,CUBE_L
255538,24094,FUN_2,FUN_3
255557,3991,FUN_6,CUBE_R
255570,13761,FUN_4,FUN_5
255596,5968,FUN_3,FUN_2
255597,22255,FUN_6,FUN_5
255614,25754,FUN_2,FUN_3
255621,5385,FUN_6,CUBE_R
255625,10410,FUN_3,FUN_2
255632,29380,FUN_3,FUN_2
255652,20382,FUN_3,FUN_4
255657,15749,RET,CUBE_L
255716,15437,RET,CUBE_L
255719,27155,FUN_1,CUBE_L
255767,24688,FUN_1,FUN_2
255773,15079,FUN_2,FUN_3
255780,20119,FUN_1,FUN_2
255780,20314,FUN_2,FUN_1
255801,5613,FUN_6,CUBE_R
255818,9919,FUN_3,FUN_2
255831,17646,FUN_3,FUN_2
255856,9458,FUN_4,FUN_3
255868,21732,FUN_1,FUN_2
255889,25053,FUN_3,FUN_4
255900,25637,RET,CUBE_R
255906,24688,FUN_2,FUN_1
255912,19910,FUN_3,FUN_2
255952,9919,FUN_2,FUN_3
255958,12115,FUN_2,FUN_1
255989,29923,FUN_2,FUN_1
256020,18302,FUN_4,FUN_3
256032,1325,CUBE_L,RET
256048,10673,FUN_2,FUN_1
256072,9919,FUN_3,FUN_2
256085,5457,FUN_2,FUN_3
256121,5629,FUN_1,FUN_2
256122,13092,FUN_6,FUN_5
256127,3991,CUBE_R,FUN_6
256167,2972,FUN_5,FUN_6
256167,4992,CUBE_R,FUN_6
256200,19658,CUBE_R,FUN_6
256211,3880,FUN_3,FUN_2
256230,28656,FUN_2,FUN_3
256235,14033,RET,CUBE_L
256246,25691,FUN_4,FUN_3
256250,23827,FUN_1,CUBE_L
256331,24922,FUN_2,FUN_1
256361,9611,FUN_4,FUN_3
256384,23719,FUN_2,FUN_3
256389,17220,FUN_4,FUN_5
256436,27938,FUN_2,FUN_3
256437,2257,RET,CUBE_L
256440,21732,FUN_2,FUN_1
256450,13257,CUBE_R,RET
256452,15641,FUN_2,FUN_3
256530,1461,FUN_2,FUN_3
256571,13761,FUN_5,FUN_4
256600,742,FUN_2,FUN_1
256610,17435,FUN_5,FUN_4
256632,3173,FUN_4,FUN_5
256651,24441,FUN_2,FUN_3
256658,23899,FUN_1,FUN_2
256680,11147,RET,CUBE_R
256685,8578,RET,CUBE_R
256728,21042,FUN_1,FUN_2
256743,21732,FUN_1,FUN_2
256758,20030,FUN_5,FUN_4
256785,3053,FUN_2,FUN_3
256803,20041,FUN_2,FUN_3
256816,1590,FUN_2,FUN_3
256839,12211,FUN_6,FUN_5
256839,27176,FUN_6,FUN_5
256849,29923,FUN_1,FUN_2
256870,28597,CUBE_R,RET
256894,1590,FUN_3,FUN_2
256915,26022,FUN_2,FUN_3
256929,5120,FUN_3,FUN_2
256949,29153,FUN_1,CUBE_L
257003,15823,FUN_1,FUN_2
257025,26878,FUN_6,CUBE_R
257038,5613,CUBE_R,FUN_6
257057,19373,CUBE_L,RET
257075,2972,FUN_6,FUN_5
257089,8578,CUBE_R,RET
257095,793,FUN_2,FUN_1
257099,3675,CUBE_L,RET
257105,15714,FUN_3,FUN_2
257121,19759,FUN_3,FUN_4
257127,19810,FUN_3,FUN_2
257157,13567,FUN_6,CUBE_R
257169,141,FUN_4,FUN_3
257169,19558,FUN_3,FUN_2
257182,24922,FUN_1,FUN_2
257187,17350,FUN_3,FUN_4
257198,18663,CUBE_L,FUN_1
257226,27971,FUN_3,FUN_2
257227,23858,FUN_4,FUN_3
257245,3318,FUN_4,FUN_5
257250,12213,FUN_3,FUN_2
257255,16678,FUN_5,FUN_6
257261,29367,CUBE_R,FUN_6
257319,15032,FUN_2,FUN_3
257324,23234,CUBE_R,RET
257333,9919,FUN_2,FUN_3
257338,10686,FUN_2,FUN_3
257367,25754,FUN_3,FUN_2
257390,8938,FUN_3,FUN_4
257401,742,FUN_1,FUN_2
257429,16273,FUN_3,FUN_4
257441,27155,CUBE_L,FUN_1
257480,16704,RET,CUBE_R
257483,15631,FUN_3,FUN_2
257510,12514,CUBE_R,RET
257517,24447,FUN_1,FUN_2
257518,29126,FUN_6,CUBE_R
257519,29363,FUN_2,FUN_1
257529,5604,FUN_2,FUN_1
257535,20609,RET,CUBE_R
257559,21135,FUN_3,FUN_2
257567,26022,FUN_3,FUN_2
257588,14033,CUBE_L,RET
257601,5722,FUN_2,FUN_1
257647,5367,FUN_1,FUN_2
257664,18321,FUN_3,FUN_4
257664,18816,FUN_4,FUN_3
257696,2273,CUBE_L,RET
257724,15641,FUN_3,FUN_2
257740,625,FUN_3,FUN_4
257778,27474,FUN_2,FUN_3
257782,25152,FUN_2,FUN_3
257785,5722,FUN_1,FUN_2
257791,13805,FUN_6,CUBE_R
257803,26491,FUN_3,FUN_2
257804,2201,FUN_3,FUN_2
257821,10718,FUN_2,FUN_3
257834,19334,FUN_2,FUN_3
257834,10920,FUN_2,FUN_3
257858,2064,FUN_3,FUN_2
257939,9733,FUN_4,FUN_3
257945,709,FUN_3,FUN_4
257946,16704,CUBE_R,RET
257957,578,CUBE_R,FUN_6
257957,12792,RET,CUBE_R
257964,7138,FUN_2,FUN_3
257974,16415,RET,CUBE_R
257981,4673,FUN_1,FUN_2
257997,793,FUN_1,FUN_2
258005,25836,FUN_3,FUN_4
258029,4673,FUN_2,FUN_1
258036,13645,CUBE_R,FUN_6
258038,28680,FUN_1,FUN_2
258058,14946,FUN_6,FUN_5
258062,4673,FUN_1,FUN_2
258085,20221,FUN_3,FUN_2
258088,14033,RET,CUBE_L
258121,19386,FUN_2,FUN_3
258132,25754,FUN_2,FUN_3
258150,15968,FUN_3,FUN_2
258155,1224,FUN_4,FUN_3
258165,18375,FUN_6,CUBE_R
258182,7742,FUN_1,CUBE_L
258221,672,FUN_2,FUN_3
258227,16594,FUN_3,FUN_2
258233,17298,FUN_6,CUBE_R
258284,18853,FUN_1,FUN_2
258309,5677,FUN_5,FUN_4
258327,447,CUBE_L,RET
258327,19334,FUN_3,FUN_2
258332,24447,FUN_2,FUN_1
258357,16906,FUN_3,FUN_2
258361,28660,FUN_3,FUN_4
258373,12792,CUBE_R,RET
258393,22905,FUN_1,FUN_2
258406,22027,FUN_2,FUN_3
258430,29358,FUN_2,FUN_1
258440,6764,FUN_5,FUN_6
258444,15729,FUN_2,FUN_1
258445,28680,FUN_2,FUN_1
258452,20314,FUN_1,FUN_2
258465,15815,FUN_1,FUN_2
258472,28966,FUN_3,FUN_4
258491,24268,FUN_5,FUN_4
258506,5286,FUN_1,CUBE_L
258518,2713,RET,CUBE_R
258518,10673,FUN_1,FUN_2
258528,13025,FUN_4,FUN_3
258531,1590,FUN_2,FUN_3
258540,19910,FUN_2,FUN_3
258542,16906,FUN_2,FUN_3
258551,6040,FUN_3,FUN_2
258583,8444,FUN_2,FUN_1
258588,16241,FUN_2,FUN_3
258608,21149,CUBE_R,RET
258616,16526,FUN_3,FUN_2
258619,12408,FUN_3,FUN_2
258619,26878,CUBE_R,FUN_6
258652,7557,CUBE_L,RET
258670,8578,RET,CUBE_R
258670,16594,FUN_2,FUN_3
258684,18871,FUN_1,CUBE_L
258704,13733,FUN_1,FUN_2
258725,19334,FUN_2,FUN_3
258735,28278,FUN_6,FUN_5
258741,8578,CUBE_R,RET
258745,19200,FUN_2,FUN_3
258766,27971,FUN_2,FUN_3
258775,20335,FUN_6,CUBE_R
258775,20448,RET,CUBE_R
258778,26642,FUN_2,FUN_3
258788,15032,FUN_3,FUN_2
258793,28485,FUN_6,CUBE_R
258809,8578,RET,CUBE_R
258830,23691,FUN_2,FUN_1
258862,11930,FUN_4,FUN_5
258879,5457,FUN_3,FUN_2
258884,18884,FUN_3,FUN_2
258887,23260,FUN_5,FUN_6
258895,22905,FUN_2,FUN_1
258908,16594,FUN_3,FUN_2
258915,19373,RET,CUBE_L
258920,28606,FUN_3,FUN_2
258937,18884,FUN_2,FUN_3
258959,29363,FUN_1,FUN_2
258973,15705,FUN_2,FUN_3
258978,15749,CUBE_L,RET
258989,20233,FUN_4,FUN_3
259015,29466,FUN_2,FUN_1
259022,18972,FUN_5,FUN_4
259043,29097,FUN_2,FUN_1
259055,6889,FUN_5,FUN_4
259060,13833,FUN_3,FUN_4
259072,7845,FUN_5,FUN_4
259073,4673,FUN_2,FUN_1
259086,14667,FUN_3,FUN_2
259107,16526,FUN_2,FUN_3
259137,10146,FUN_5,FUN_6
259146,4255,FUN_2,FUN_3
259176,14511,CUBE_R,RET
259176,15968,FUN_2,FUN_3
259189,26491,FUN_2,FUN_3
259190,14862,FUN_4,FUN_5
259190,29269,FUN_3,FUN_2
259199,16594,FUN_2,FUN_3
259200,5171,FUN_2,FUN_1
259214,19558,FUN_2,FUN_3
259217,17789,FUN_3,FUN_2
259256,5777,CUBE_L,RET
259262,18851,FUN_1,FUN_2
259266,5259,FUN_1,FUN_2
259284,25053,FUN_4,FUN_3
259328,27794,FUN_5,FUN_6
259330,26190,RET,CUBE_L
259338,447,RET,CUBE_L
259362,6621,FUN_2,FUN_3
259363,25754,FUN_3,FUN_2
259397,29369,CUBE_R,RET
259427,1898,FUN_2,FUN_3
259465,11296,FUN_2,FUN_3
259492,2860,FUN_6,CUBE_R
259496,5449,FUN_4,FUN_3
259528,22615,CUBE_L,RET
259534,21130,FUN_3,FUN_2
259560,13733,FUN_2,FUN_1
259565,24345,FUN_3,FUN_2
259568,12856,FUN_3,FUN_2
259579,16184,FUN_5,FUN_6
259581,18972,FUN_4,FUN_5
259631,23341,FUN_4,FUN_5
259654,10718,FUN_3,FUN_2
259659,23838,FUN_2,FUN_1
259696,2217,FUN_3,FUN_2
259705,19966,FUN_6,CUBE_R
259720,13733,FUN_1,FUN_2
259725,24922,FUN_2,FUN_1
259727,12905,RET,CUBE_R
259776,27295,FUN_2,FUN_3
259786,17845,FUN_1,CUBE_L
259800,26069,FUN_3,FUN_2
259821,25754,FUN_2,FUN_3
259832,24688,FUN_1,FUN_2
259835,4673,FUN_1,FUN_2
259840,29827,FUN_3,FUN_2
259844,14568,FUN_2,FUN_3
259870,9919,FUN_3,FUN_2
259870,19810,FUN_2,FUN_3
259895,820,CUBE_R,FUN_6
259956,22677,CUBE_R,RET
259963,9919,FUN_2,FUN_3
259964,13044,FUN_2,FUN_1
259964,18518,FUN_1,FUN_2
259972,15719,FUN_2,FUN_3
259975,22027,FUN_3,FUN_2
259983,4348,FUN_1,FUN_2
259993,16732,FUN_6,CUBE_R
260002,4992,FUN_6,CUBE_R
260005,20348,FUN_2,FUN_1
260009,24922,FUN_1,FUN_2
260037,29381,FUN_6,CUBE_R
260044,12792,RET,CUBE_R
260052,13733,FUN_2,FUN_1
260062,27427,CUBE_R,RET
260075,19388,FUN_1,CUBE_L
260088,3983,FUN_3,FUN_2
260096,11834,CUBE_L,RET
260119,20914,CUBE_R,RET
260126,18252,FUN_2,FUN_1
260127,18832,FUN_4,FUN_3
260136,12105,FUN_3,FUN_2
260155,17350,FUN_4,FUN_3
260155,11909,FUN_2,FUN_1
260166,29721,FUN_3,FUN_4
260180,26981,FUN_2,FUN_1
260230,13044,FUN_1,FUN_2
260242,3041,RET,CUBE_L
260244,16184,FUN_6,FUN_5
260255,24472,FUN_4,FUN_3
260261,5286,CUBE_L,FUN_1
260276,22615,RET,CUBE_L
260278,24290,FUN_1,FUN_2
260312,26491,FUN_3,FUN_2
260315,19041,FUN_3,FUN_2
260324,26109,FUN_2,FUN_3
260330,6168,FUN_6,FUN_5
260351,15526,FUN_3,FUN_4
260374,2995,FUN_6,CUBE_R
260383,12941,CUBE_R,RET
260413,22404,FUN_3,FUN_4
260440,18252,FUN_1,FUN_2
260452,21135,FUN_2,FUN_3
260453,17004,FUN_4,FUN_5
260457,6944,FUN_2,FUN_3
260484,16704,RET,CUBE_R
260486,14148,CUBE_R,FUN_6
260496,2995,CUBE_R,FUN_6
260501,25935,FUN_2,FUN_3
260533,17838,CUBE_R,RET
260541,12474,FUN_4,FUN_3
260543,5924,FUN_2,FUN_1
260553,22615,CUBE_L,RET
260568,22677,RET,CUBE_R
260576,14865,FUN_2,FUN_1
260585,24495,FUN_3,FUN_2
260590,6040,FUN_2,FUN_3
260629,9471,CUBE_L,FUN_1
260644,2217,FUN_2,FUN_3
260654,11453,FUN_2,FUN_1
260664,20119,FUN_2,FUN_1
260667,13044,FUN_2,FUN_1
260699,12559,FUN_3,FUN_2
260750,28660,FUN_4,FUN_3
260751,18832,FUN_3,FUN_4
260779,20914,RET,CUBE_R
260783,8444,FUN_1,FUN_2
260789,11296,FUN_3,FUN_2
260800,23457,FUN_5,FUN_6
260823,12176,CUBE_R,RET
260828,141,FUN_3,FUN_4
260841,27400,CUBE_L,FUN_1
260848,18774,CUBE_R,RET
260875,19436,FUN_3,FUN_2
260877,18435,RET,CUBE_L
260879,29466,FUN_1,FUN_2
260926,25836,FUN_4,FUN_3
260927,17078,FUN_2,FUN_1
260932,25037,FUN_3,FUN_2
260943,22134,FUN_2,FUN_3
260945,625,FUN_4,FUN_3
260975,1625,FUN_2,FUN_1
260978,22440,FUN_4,FUN_3
261033,3762,RET,CUBE_L
261046,24798,RET,CUBE_R
261159,19558,FUN_3,FUN_2
261174,12848,CUBE_L,RET
261188,6347,FUN_3,FUN_2
261209,22082,CUBE_R,FUN_6
261253,5924,FUN_1,FUN_2
261281,23260,FUN_6,FUN_5
261281,19358,FUN_2,FUN_1
261289,13906,FUN_4,FUN_5
261309,3318,FUN_5,FUN_4
261326,19969,FUN_5,FUN_4
261330,3504,RET,CUBE_R
261338,28281,FUN_4,FUN_3
261363,18894,FUN_3,FUN_2
261364,22712,FUN_1,FUN_2
261383,13906,FUN_5,FUN_4
261384,4010,FUN_6,CUBE_R
261384,20221,FUN_2,FUN_3
261389,13044,FUN_1,FUN_2
261411,12621,CUBE_R,RET
261419,16704,CUBE_R,RET
261425,17360,RET,CUBE_R
261453,24509,CUBE_L,RET
261515,19987,CUBE_L,RET
261522,10410,FUN_2,FUN_3
261524,4992,CUBE_R,FUN_6
261548,7138,FUN_3,FUN_2
261555,26878,FUN_6,CUBE_R
261559,29827,FUN_2,FUN_3
261572,2249,FUN_2,FUN_1
261579,5120,FUN_2,FUN_3
261581,5259,FUN_2,FUN_1
261617,7725,FUN_2,FUN_3
261618,7497,FUN_2,FUN_1
261629,24495,FUN_2,FUN_3
261632,14929,FUN_2,FUN_3
261648,17004,FUN_5,FUN_4
261681,13623,FUN_5,FUN_4
261697,19969,FUN_4,FUN_5
261698,20728,FUN_3,FUN_2
261701,21480,FUN_2,FUN_1
261707,9410,CUBE_L,FUN_1
261727,25152,FUN_3,FUN_2
261745,15815,FUN_2,FUN_1
261745,16210,RET,CUBE_R
261763,15965,FUN_5,FUN_4
261770,13906,FUN_4,FUN_5
261783,28811,CUBE_R,RET
261802,12553,FUN_1,FUN_2
261823,13735,FUN_4,FUN_5
261859,13906,FUN_5,FUN_4
261868,18774,RET,CUBE_R
261885,1921,CUBE_R,FUN_6
261899,17078,FUN_1,FUN_2
261936,13906,FUN_4,FUN_5
261952,19810,FUN_3,FUN_2
261954,18774,CUBE_R,RET
261989,12211,FUN_5,FUN_6
262008,3041,CUBE_L,RET
262008,19358,FUN_1,FUN_2
262013,27493,FUN_2,FUN_1
262032,24345,FUN_2,FUN_3
262040,3518,CUBE_R,FUN_6
262044,25509,RET,CUBE_R
262064,23719,FUN_3,FUN_2
262094,16187,FUN_2,FUN_3
262098,12889,CUBE_R,RET
262116,12211,FUN_6,FUN_5
262174,29153,CUBE_L,FUN_1
262215,22027,FUN_2,FUN_3
262225,1325,RET,CUBE_L
262265,23234,RET,CUBE_R
262277,3158,FUN_2,FUN_1
262284,8380,FUN_2,FUN_1
262285,4991,FUN_3,FUN_2
262300,10799,CUBE_L,RET
262319,19436,FUN_2,FUN_3
262335,13906,FUN_5,FUN_4
262342,17510,FUN_2,FUN_1
262346,5968,FUN_2,FUN_3
262353,24081,CUBE_R,FUN_6
262356,24472,FUN_3,FUN_4
262360,22615,RET,CUBE_L
262381,16218,FUN_2,FUN_3
262382,15175,RET,CUBE_L
262395,26366,FUN_5,FUN_6
262404,11296,FUN_2,FUN_3
262436,16704,RET,CUBE_R
262445,17472,FUN_3,FUN_2
262446,4481,FUN_5,FUN_4
262469,25650,FUN_1,FUN_2
262472,12010,FUN_3,FUN_4
262488,2249,FUN_1,FUN_2
262519,9425,FUN_3,FUN_2
262523,16925,FUN_3,FUN_4
262553,20217,CUBE_L,RET
262640,28983,RET,CUBE_R
262678,22124,CUBE_L,RET
262679,7557,RET,CUBE_L
262681,18500,FUN_5,FUN_6
262691,15437,CUBE_L,RET
262728,16210,CUBE_R,RET
262735,4992,FUN_6,CUBE_R
262741,13447,FUN_4,FUN_3
262799,18894,FUN_2,FUN_3
262802,793,FUN_2,FUN_1
262814,6123,FUN_2,FUN_1
262838,10234,FUN_2,FUN_1
262894,25416,FUN_2,FUN_1
262909,9060,FUN_6,FUN_5
262910,22615,CUBE_L,RET
262927,22082,FUN_6,CUBE_R
262930,8380,FUN_1,FUN_2
262938,14688,FUN_1,FUN_2
262970,25691,FUN_3,FUN_4
262971,22664,CUBE_R,RET
262981,23341,FUN_5,FUN_4
262990,23247,CUBE_R,FUN_6
262996,9471,FUN_1,CUBE_L
263026,16704,CUBE_R,RET
263031,2466,FUN_2,FUN_3
263033,3447,CUBE_L,RET
263049,9504,CUBE_L,RET
263059,14122,FUN_6,FUN_5
263086,24086,FUN_4,FUN_3
263135,19436,FUN_3,FUN_2
263144,9797,CUBE_R,FUN_6
263172,7557,CUBE_L,RET
263178,5883,CUBE_L,RET
263180,25172,CUBE_R,RET
263253,21852,FUN_5,FUN_6
263254,17407,RET,CUBE_R
263261,21315,FUN_4,FUN_5
263277,16055,CUBE_R,RET
263288,10146,FUN_6,FUN_5
263312,15965,FUN_4,FUN_5
263313,8578,CUBE_R,RET
263325,6944,FUN_3,FUN_2
263331,12045,FUN_3,FUN_4
263336,5604,FUN_1,FUN_2
263338,17472,FUN_2,FUN_3
263339,11930,FUN_5,FUN_4
263354,28108,FUN_3,FUN_4
263398,4665,RET,CUBE_R
263408,25754,FUN_3,FUN_2
263431,5249,FUN_5,FUN_4
263453,20584,CUBE_L,RET
263470,21705,FUN_2,FUN_1
263498,19938,FUN_4,FUN_5
263502,3504,CUBE_R,RET
263504,9478,FUN_2,FUN_3
263517,25152,FUN_2,FUN_3
263538,16161,FUN_5,FUN_6
263546,8932,FUN_2,FUN_1
263551,8471,FUN_4,FUN_3
263585,12889,RET,CUBE_R
263588,13733,FUN_1,FUN_2
263626,28108,FUN_4,FUN_3
263629,22124,RET,CUBE_L
263634,16704,RET,CUBE_R
263635,14566,FUN_5,FUN_6
263658,27156,FUN_2,FUN_3
263681,6621,FUN_3,FUN_2
263689,21943,FUN_6,CUBE_R
263696,11453,FUN_1,FUN_2
263698,17740,FUN_3,FUN_2
263706,2273,RET,CUBE_L
263716,2394,FUN_5,FUN_4
263729,24922,FUN_2,FUN_1
263746,8264,FUN_2,FUN_3
263762,26511,CUBE_L,RET
263765,23247,FUN_6,CUBE_R
263778,29844,FUN_6,CUBE_R
263802,26878,CUBE_R,FUN_6
263814,23457,FUN_6,FUN_5
263823,24495,FUN_3,FUN_2
263903,14033,CUBE_L,RET
263924,10234,FUN_1,FUN_2
263930,15260,FUN_3,FUN_2
263955,3971,FUN_2,FUN_1
263973,6797,RET,CUBE_L
263991,20149,RET,CUBE_R
263999,8414,FUN_3,FUN_4
264034,4505,FUN_4,FUN_5
264037,28880,FUN_5,FUN_4
264039,17789,FUN_2,FUN_3
264072,26366,FUN_6,FUN_5
264079,22677,CUBE_R,RET
264096,18972,FUN_5,FUN_4
264117,25183,FUN_2,FUN_3
264119,26730,FUN_3,FUN_4
264153,23247,CUBE_R,FUN_6
264167,28880,FUN_4,FUN_5
264182,29269,FUN_2,FUN_3
264185,14294,FUN_3,FUN_2
264187,18433,FUN_3,FUN_2
264222,18972,FUN_4,FUN_5
264224,26511,RET,CUBE_L
264253,14033,RET,CUBE_L
264258,25650,FUN_2,FUN_1
264259,14033,CUBE_L,RET
264259,22677,RET,CUBE_R
264260,14033,RET,CUBE_L
264275,14033,CUBE_L,RET
264294,10799,RET,CUBE_L
264298,7138,FUN_2,FUN_3
264344,15223,FUN_3,FUN_4
264364,22615,RET,CUBE_L
264374,13617,RET,CUBE_L
264381,24232,FUN_1,CUBE_L
264382,4509,FUN_6,CUBE_R
264407,2518,FUN_3,FUN_2
264414,9471,CUBE_L,FUN_1
264434,13066,FUN_4,FUN_5
264456,14033,RET,CUBE_L
264457,12919,FUN_5,FUN_6
264485,15032,FUN_2,FUN_3
264512,2714,FUN_3,FUN_4
264516,19938,FUN_5,FUN_4
264519,14033,CUBE_L,RET
264528,20649,FUN_2,FUN_3
264529,13833,FUN_4,FUN_3
264563,22440,FUN_3,FUN_4
264563,24334,FUN_5,FUN_6
264567,10718,FUN_2,FUN_3
264584,19041,FUN_2,FUN_3
264604,1325,CUBE_L,RET
264607,17510,FUN_1,FUN_2
264610,27156,FUN_3,FUN_2
264638,12895,FUN_2,FUN_1
264666,16860,RET,CUBE_R
264670,19910,FUN_3,FUN_2
264697,26878,FUN_6,CUBE_R
264725,27048,FUN_2,FUN_1
264726,17510,FUN_2,FUN_1
264743,15175,CUBE_L,RET
264749,29812,CUBE_L,FUN_1
264756,9425,FUN_2,FUN_3
264756,16678,FUN_6,FUN_5
264777,12408,FUN_2,FUN_3
264833,21315,FUN_5,FUN_4
264866,16974,FUN_4,FUN_5
264902,24232,CUBE_L,FUN_1
264907,2714,FUN_4,FUN_3
264933,20337,CUBE_R,RET
264949,27501,FUN_4,FUN_3
264956,820,FUN_6,CUBE_R
264966,14381,FUN_4,FUN_3
264981,29812,FUN_1,CUBE_L
265013,22362,FUN_3,FUN_2
265020,16161,FUN_6,FUN_5
265025,28680,FUN_1,FUN_2
265037,29844,CUBE_R,FUN_6
265053,6621,FUN_2,FUN_3
265060,19436,FUN_2,FUN_3
265087,28778,FUN_1,CUBE_L
265088,29812,CUBE_L,FUN_1
265097,19910,FUN_2,FUN_3
265109,6782,CUBE_R,RET
265115,13833,FUN_3,FUN_4
265126,879,FUN_6,FUN_5
265131,4349,CUBE_R,FUN_6
265141,24232,FUN_1,CUBE_L
265143,18884,FUN_3,FUN_2
265144,12044,FUN_2,FUN_1
265150,793,FUN_1,FUN_2
265156,8815,FUN_2,FUN_3
265167,3518,FUN_6,CUBE_R
265187,19834,RET,CUBE_R
265219,15437,RET,CUBE_L
265223,23768,FUN_2,FUN_1
265236,12925,FUN_2,FUN_3
265243,26718,FUN_3,FUN_4
265274,10063,FUN_6,CUBE_R
265279,3173,FUN_5,FUN_4
265301,11930,FUN_4,FUN_5
265308,8264,FUN_3,FUN_2
265308,26981,FUN_1,FUN_2
265314,21881,FUN_2,FUN_3
265354,971,FUN_5,FUN_4
265359,18884,FUN_2,FUN_3
265376,24345,FUN_3,FUN_2
265382,4149,RET,CUBE_R
265394,2714,FUN_3,FUN_4
265400,5242,FUN_3,FUN_4
265423,4425,FUN_3,FUN_2
265449,18593,FUN_1,CUBE_L
265472,27048,FUN_1,FUN_2
265478,23904,FUN_6,FUN_5
265484,15260,FUN_2,FUN_3
265515,19095,FUN_3,FUN_4
265520,6123,FUN_1,FUN_2
265524,16161,FUN_5,FUN_6
265547,22677,CUBE_R,RET
265556,12010,FUN_4,FUN_3
265613,13146,FUN_2,FUN_3
265622,23763,CUBE_L,FUN_1
265641,12621,RET,CUBE_R
265648,12010,FUN_3,FUN_4
265673,27408,FUN_2,FUN_3
265675,28801,CUBE_R,FUN_6
265697,8264,FUN_2,FUN_3
265721,18500,FUN_6,FUN_5
265724,19388,CUBE_L,FUN_1
265785,10340,CUBE_R,RET
265787,25216,FUN_5,FUN_6
265793,4509,CUBE_R,FUN_6
265801,15032,FUN_3,FUN_2
265804,27048,FUN_2,FUN_1
265812,13044,FUN_2,FUN_1
265835,384,FUN_3,FUN_2
265850,14990,FUN_1,FUN_2
265857,15032,FUN_2,FUN_3
265883,20838,FUN_3,FUN_2
265891,12919,FUN_6,FUN_5
265899,413,FUN_6,FUN_5
265899,13865,FUN_4,FUN_3
265907,22082,CUBE_R,FUN_6
265916,27610,FUN_5,FUN_4
265923,6797,CUBE_L,RET
265980,6143,FUN_1,FUN_2
266021,824,FUN_5,FUN_4
266038,15312,RET,CUBE_R
266047,29515,RET,CUBE_R
266074,14566,FUN_6,FUN_5
266083,26914,FUN_6,CUBE_R
266098,14148,FUN_6,CUBE_R
266129,4629,RET,CUBE_L
266167,16595,RET,CUBE_L
266178,3656,CUBE_R,FUN_6
266198,17510,FUN_1,FUN_2
266206,14506,FUN_2,FUN_3
266210,29923,FUN_2,FUN_1
266223,17661,CUBE_R,RET
266244,17435,FUN_4,FUN_5
266246,6123,FUN_2,FUN_1
266250,3971,FUN_1,FUN_2
266258,26783,FUN_3,FUN_4
266277,5777,RET,CUBE_L
266296,15189,FUN_2,FUN_3
266307,4124,FUN_2,FUN_1
266310,16383,FUN_2,FUN_3
266336,9471,FUN_1,CUBE_L
266401,3572,FUN_6,FUN_5
266405,11188,RET,CUBE_R
266428,10799,CUBE_L,RET
266434,3920,FUN_2,FUN_1
266478,2439,FUN_4,FUN_3
266504,7912,FUN_2,FUN_1
266506,10799,RET,CUBE_L
266520,14862,FUN_5,FUN_4
266532,13464,FUN_6,FUN_5
266555,10799,CUBE_L,RET
266578,18686,FUN_3,FUN_2
266590,6782,RET,CUBE_R
266619,15189,FUN_3,FUN_2
266625,21298,FUN_2,FUN_3
266626,13044,FUN_1,FUN_2
266635,19095,FUN_4,FUN_3
266641,5341,CUBE_R,RET
266644,13735,FUN_5,FUN_4
266644,22873,FUN_4,FUN_5
266679,3518,CUBE_R,FUN_6
266681,12408,FUN_3,FUN_2
266691,18435,CUBE_L,RET
266696,18686,FUN_2,FUN_3
266749,27474,FUN_3,FUN_2
266756,1590,FUN_3,FUN_2
266764,19558,FUN_2,FUN_3
266803,10799,RET,CUBE_L
266818,13055,RET,CUBE_R
266829,2714,FUN_4,FUN_3
266837,13801,FUN_4,FUN_3
266851,21298,FUN_3,FUN_2
266853,27176,FUN_5,FUN_6
266861,4260,CUBE_R,RET
266867,14506,FUN_3,FUN_2
266868,18599,CUBE_L,RET
266880,4149,CUBE_R,RET
266895,29947,FUN_3,FUN_2
266902,8791,RET,CUBE_R
266922,14148,CUBE_R,FUN_6
266922,26858,FUN_2,FUN_3
266932,3100,FUN_6,CUBE_R
266938,5777,CUBE_L,RET
266952,15993,FUN_2,FUN_1
266954,12045,FUN_4,FUN_3
266976,22124,CUBE_L,RET
266981,820,CUBE_R,FUN_6
267000,9736,FUN_2,FUN_1
267002,13146,FUN_3,FUN_2
267022,12264,FUN_4,FUN_3
267034,25037,FUN_2,FUN_3
267041,14965,FUN_2,FUN_1
267049,25691,FUN_4,FUN_3
267068,17740,FUN_2,FUN_3
267089,26914,CUBE_R,FUN_6
267093,14568,FUN_3,FUN_2
267110,14667,FUN_2,FUN_3
267116,22539,CUBE_R,RET
267146,2714,FUN_3,FUN_4
267156,18164,CUBE_R,FUN_6
267174,3983,FUN_2,FUN_3
267177,2597,FUN_2,FUN_1
267179,26783,FUN_4,FUN_3
267199,12131,FUN_4,FUN_5
267221,610,FUN_3,FUN_4
267221,12125,FUN_4,FUN_3
267243,7971,CUBE_L,FUN_1
267259,27048,FUN_1,FUN_2
267292,15815,FUN_1,FUN_2
267300,10146,FUN_5,FUN_6
267353,14717,FUN_3,FUN_4
267354,27794,FUN_6,FUN_5
267381,16925,FUN_4,FUN_3
267391,13394,FUN_5,FUN_6
267393,13318,RET,CUBE_R
267439,18686,FUN_3,FUN_2
267447,25037,FUN_3,FUN_2
267496,7760,FUN_6,FUN_5
267517,21462,FUN_6,CUBE_R
267529,6797,RET,CUBE_L
267543,23881,FUN_4,FUN_3
267547,25037,FUN_2,FUN_3
267558,6782,CUBE_R,RET
267564,22600,FUN_3,FUN_4
267582,9621,RET,CUBE_R
267626,27295,FUN_3,FUN_2
267627,8791,CUBE_R,RET
267648,11768,FUN_3,FUN_2
267650,2394,FUN_4,FUN_5
267667,672,FUN_3,FUN_2
267671,20916,CUBE_R,RET
267675,25935,FUN_3,FUN_2
267685,2433,FUN_2,FUN_3
267685,2597,FUN_1,FUN_2
267713,19795,FUN_5,FUN_6
267719,18686,FUN_2,FUN_3
267760,24963,CUBE_R,FUN_6
267761,825,FUN_2,FUN_1
267766,10340,RET,CUBE_R
267795,19558,FUN_3,FUN_2
267798,13044,FUN_2,FUN_1
267825,5263,CUBE_L,RET
267833,2064,FUN_2,FUN_3
267853,10577,FUN_1,FUN_2
267856,26099,CUBE_L,RET
267888,10086,FUN_5,FUN_4
267891,10128,FUN_4,FUN_3
267903,16678,FUN_5,FUN_6
267912,25745,FUN_6,FUN_5
267925,19200,FUN_3,FUN_2
267930,26914,FUN_6,CUBE_R
267935,25172,RET,CUBE_R
267994,20967,FUN_1,FUN_2
268017,23260,FUN_5,FUN_6
268029,15342,RET,CUBE_R
268056,9904,CUBE_R,FUN_6
268067,17995,CUBE_R,RET
268120,21074,CUBE_R,FUN_6
268125,19095,FUN_3,FUN_4
268139,9736,FUN_1,FUN_2
268140,13733,FUN_2,FUN_1
268147,13464,FUN_5,FUN_6
268164,4509,FUN_6,CUBE_R
268173,29878,FUN_3,FUN_2
268174,24509,RET,CUBE_L
268179,23899,FUN_2,FUN_1
268192,18383,FUN_2,FUN_3
268199,25754,FUN_2,FUN_3
268225,2714,FUN_4,FUN_3
268226,15729,FUN_1,FUN_2
268230,11188,CUBE_R,RET
268230,13351,FUN_4,FUN_3
268248,27408,FUN_3,FUN_2
268267,5449,FUN_3,FUN_4
268280,364,FUN_4,FUN_3
268284,28517,CUBE_L,FUN_1
268293,920,FUN_3,FUN_2
268310,14568,FUN_2,FUN_3
268312,25836,FUN_3,FUN_4
268315,16510,FUN_4,FUN_5
268331,27610,FUN_4,FUN_5
268352,6040,FUN_3,FUN_2
268361,14033,RET,CUBE_L
268361,26085,FUN_2,FUN_1
268370,21896,FUN_2,FUN_3
268371,15424,FUN_6,FUN_5
268404,2714,FUN_3,FUN_4
268408,24054,FUN_5,FUN_4
268418,21852,FUN_6,FUN_5
268435,22478,FUN_1,CUBE_L
268437,7484,FUN_2,FUN_3
268443,12919,FUN_5,FUN_6
268487,14990,FUN_2,FUN_1
268491,14511,RET,CUBE_R
268519,14688,FUN_2,FUN_1
268521,2345,FUN_2,FUN_1
268541,25172,CUBE_R,RET
268544,14568,FUN_3,FUN_2
268551,7760,FUN_5,FUN_6
268559,4673,FUN_2,FUN_1
268560,25691,FUN_3,FUN_4
268561,7971,FUN_1,CUBE_L
268563,20382,FUN_4,FUN_3
268571,28880,FUN_5,FUN_4
268574,19200,FUN_2,FUN_3
268581,11318,CUBE_R,RET
268600,21409,FUN_2,FUN_1
268615,12889,CUBE_R,RET
268649,3769,RET,CUBE_L
268657,21298,FUN_2,FUN_3
268660,19312,FUN_5,FUN_6
268676,14635,FUN_3,FUN_4
268676,28278,FUN_5,FUN_6
268686,9621,CUBE_R,RET
268698,14717,FUN_4,FUN_3
268701,23894,RET,CUBE_L
268703,20119,FUN_1,FUN_2
268712,2714,FUN_4,FUN_3
268721,1459,FUN_3,FUN_2
268727,28391,FUN_3,FUN_4
268734,8790,FUN_2,FUN_1
268743,17652,CUBE_L,RET
268775,28801,FUN_6,CUBE_R
268777,11554,CUBE_R,FUN_6
268778,20745,FUN_5,FUN_6
268779,7971,CUBE_L,FUN_1
268805,12125,FUN_3,FUN_4
268838,14717,FUN_3,FUN_4
268841,4684,FUN_4,FUN_5
268843,12045,FUN_3,FUN_4
268915,10086,FUN_4,FUN_5
268915,19938,FUN_4,FUN_5
268921,17646,FUN_2,FUN_1
268942,14506,FUN_2,FUN_3
268952,18164,FUN_6,CUBE_R
269004,19558,FUN_2,FUN_3
269014,12264,FUN_3,FUN_4
269030,28640,FUN_3,FUN_4
269033,16173,FUN_3,FUN_2
269054,19095,FUN_4,FUN_3
269065,14857,FUN_2,FUN_3
269085,10350,FUN_2,FUN_3
269091,1459,FUN_2,FUN_3
269096,25172,RET,CUBE_R
269098,22264,CUBE_R,RET
269100,19938,FUN_5,FUN_4
269101,8414,FUN_4,FUN_3
269115,9410,FUN_1,CUBE_L
269174,12115,FUN_1,FUN_2
269208,5449,FUN_4,FUN_3
269242,2064,FUN_3,FUN_2
269248,18801,FUN_4,FUN_3
269252,13044,FUN_1,FUN_2
269257,11784,FUN_1,FUN_2
269260,17435,FUN_5,FUN_4
269275,4622,CUBE_L,FUN_1
269276,22124,RET,CUBE_L
269288,23904,FUN_5,FUN_6
269295,15672,FUN_3,FUN_2
269306,920,FUN_2,FUN_3
269334,19987,RET,CUBE_L
269384,20156,FUN_4,FUN_3
269388,7971,FUN_1,CUBE_L
269401,23099,FUN_6,CUBE_R
269417,3545,FUN_3,FUN_2
269420,11768,FUN_2,FUN_3
269461,5968,FUN_3,FUN_2
269487,19041,FUN_3,FUN_2
269491,5434,FUN_2,FUN_1
269502,4425,FUN_2,FUN_3
269504,1199,FUN_3,FUN_2
269516,8435,RET,CUBE_R
269559,2211,FUN_2,FUN_1
269563,5985,CUBE_L,RET
269585,16678,FUN_6,FUN_5
269590,21943,CUBE_R,FUN_6
269591,22124,CUBE_L,RET
269599,21363,CUBE_L,FUN_1
269623,27557,FUN_2,FUN_1
269628,16075,FUN_3,FUN_2
269640,19401,FUN_3,FUN_2
269646,29878,FUN_2,FUN_3
269696,22539,RET,CUBE_R
269698,27167,CUBE_L,FUN_1
269706,18438,CUBE_L,RET
269711,19041,FUN_2,FUN_3
269711,21149,RET,CUBE_R
269736,19795,FUN_6,FUN_5
269751,9174,FUN_1,FUN_2
269760,2064,FUN_2,FUN_3
269772,6246,FUN_3,FUN_2
269802,19558,FUN_3,FUN_2
269823,2597,FUN_2,FUN_1
269838,6903,FUN_3,FUN_2
269848,20284,FUN_2,FUN_1
269855,7497,FUN_1,FUN_2
269873,9122,FUN_1,FUN_2
269885,24495,FUN_2,FUN_3
269887,23768,FUN_1,FUN_2
269891,23260,FUN_6,FUN_5
269892,16415,CUBE_R,RET
269912,29807,CUBE_R,FUN_6
269945,17223,FUN_2,FUN_1
270002,23779,CUBE_L,RET
270044,18884,FUN_3,FUN_2
270066,18891,FUN_3,FUN_2
270074,2714,FUN_3,FUN_4
270095,14688,FUN_1,FUN_2
270111,10799,CUBE_L,RET
270130,17407,CUBE_R,RET
270146,21149,CUBE_R,RET
270148,14635,FUN_4,FUN_3
270167,28454,CUBE_R,RET
270177,12553,FUN_2,FUN_1
270182,28245,FUN_2,FUN_1
270186,15424,FUN_5,FUN_6
270186,27408,FUN_2,FUN_3
270207,20156,FUN_3,FUN_4
270210,12168,FUN_3,FUN_2
270215,12926,FUN_3,FUN_4
270248,29947,FUN_2,FUN_3
270250,24472,FUN_4,FUN_3
270251,14454,FUN_3,FUN_2
270262,5263,RET,CUBE_L
270281,6974,FUN_2,FUN_1
270283,17808,RET,CUBE_R
270287,29443,FUN_2,FUN_3
270305,5924,FUN_2,FUN_1
270321,16960,RET,CUBE_R
270363,25024,FUN_3,FUN_2
270377,820,FUN_6,CUBE_R
270389,26858,FUN_3,FUN_2
270395,19401,FUN_2,FUN_3
270408,12649,CUBE_L,FUN_1
270410,25172,CUBE_R,RET
270411,2420,FUN_6,FUN_5
270411,7067,FUN_5,FUN_4
270445,20886,FUN_4,FUN_3
270480,17300,FUN_3,FUN_2
270491,6748,FUN_3,FUN_4
270541,16488,CUBE_R,RET
270545,24495,FUN_3,FUN_2
270553,5677,FUN_4,FUN_5
270556,9254,CUBE_L,RET
270557,11784,FUN_2,FUN_1
270580,364,FUN_3,FUN_4
270585,28691,FUN_3,FUN_4
270608,19358,FUN_2,FUN_1
270618,5479,FUN_2,FUN_3
270633,12069,FUN_1,FUN_2
270634,20807,FUN_2,FUN_3
270639,12168,FUN_2,FUN_3
270654,5449,FUN_3,FUN_4
270661,2978,FUN_2,FUN_1
270665,10909,RET,CUBE_R
270673,21961,CUBE_R,RET
270686,24447,FUN_1,FUN_2
270725,16495,RET,CUBE_L
270726,14857,FUN_3,FUN_2
270740,1590,FUN_2,FUN_3
270744,22478,CUBE_L,FUN_1
270756,26642,FUN_3,FUN_2
270764,20284,FUN_1,FUN_2
270771,7663,FUN_3,FUN_2
270774,21897,FUN_2,FUN_1
270780,11188,RET,CUBE_R
270808,1993,CUBE_R,FUN_6
270827,9254,RET,CUBE_L
270828,14717,FUN_4,FUN_3
270906,29367,FUN_6,CUBE_R
270928,3058,CUBE_R,FUN_6
270955,1625,FUN_1,FUN_2
270959,10234,FUN_2,FUN_1
270966,13351,FUN_3,FUN_4
270973,12925,FUN_3,FUN_2
270976,7971,CUBE_L,FUN_1
271009,9621,RET,CUBE_R
271033,21852,FUN_5,FUN_6
271033,27971,FUN_3,FUN_2
271054,4991,FUN_2,FUN_3
271057,25754,FUN_3,FUN_2
271062,16161,FUN_6,FUN_5
271068,18500,FUN_5,FUN_6
271093,28544,CUBE_R,RET
271107,26595,FUN_3,FUN_2
271134,25024,FUN_2,FUN_3
271141,23904,FUN_6,FUN_5
271146,25235,FUN_3,FUN_2
271187,27078,FUN_6,CUBE_R
271206,26595,FUN_2,FUN_3
271210,14865,FUN_1,FUN_2
271215,12649,FUN_1,CUBE_L
271242,28454,RET,CUBE_R
271259,2978,FUN_1,FUN_2
271269,22539,CUBE_R,RET
271269,27971,FUN_2,FUN_3
271277,8131,FUN_1,FUN_2
271295,25053,FUN_3,FUN_4
271313,141,FUN_4,FUN_3
271316,21461,FUN_4,FUN_5
271324,9642,FUN_3,FUN_2
271342,6246,FUN_2,FUN_3
271365,19358,FUN_1,FUN_2
271380,18438,RET,CUBE_L
271429,21135,FUN_3,FUN_2
271434,22082,FUN_6,CUBE_R
271445,10875,FUN_2,FUN_1
271461,3058,FUN_6,CUBE_R
271464,12553,FUN_1,FUN_2
271481,28278,FUN_6,FUN_5
271503,16595,CUBE_L,RET
271514,15260,FUN_3,FUN_2
271581,18891,FUN_2,FUN_3
271585,3318,FUN_4,FUN_5
271598,23899,FUN_1,FUN_2
271615,1202,FUN_3,FUN_2
271617,971,FUN_4,FUN_5
271623,9904,FUN_6,CUBE_R
271628,870,RET,CUBE_R
271641,17661,RET,CUBE_R
271643,4991,FUN_3,FUN_2
271646,29947,FUN_3,FUN_2
271660,1202,FUN_2,FUN_3
271667,1202,FUN_3,FUN_2
271669,26642,FUN_2,FUN_3
271705,22124,RET,CUBE_L
271719,20284,FUN_2,FUN_1
271728,13613,FUN_2,FUN_1
271731,23838,FUN_1,FUN_2
271736,14857,FUN_2,FUN_3
271764,5434,FUN_1,FUN_2
271788,763,FUN_2,FUN_1
271796,17790,FUN_5,FUN_6
271803,23691,FUN_1,FUN_2
271806,6626,FUN_3,FUN_2
271812,24447,FUN_2,FUN_1
271831,7689,FUN_3,FUN_4
271831,763,FUN_1,FUN_2
271833,364,FUN_4,FUN_3
271842,364,FUN_3,FUN_4
271843,6232,CUBE_L,RET
271848,9254,CUBE_L,RET
271865,13756,CUBE_L,FUN_1
271867,364,FUN_4,FUN_3
271870,3100,CUBE_R,FUN_6
271892,29947,FUN_2,FUN_3
271904,6626,FUN_2,FUN_3
271909,5434,FUN_2,FUN_1
271924,3018,FUN_3,FUN_4
271931,364,FUN_3,FUN_4
271938,22250,CUBE_L,RET
271949,13112,FUN_2,FUN_1
271952,12044,FUN_1,FUN_2
271955,11821,FUN_3,FUN_2
271958,820,CUBE_R,FUN_6
271966,1202,FUN_2,FUN_3
271966,4528,FUN_3,FUN_2
271973,20090,CUBE_L,RET
271998,2714,FUN_4,FUN_3
272010,21504,FUN_5,FUN_4
272032,19358,FUN_2,FUN_1
272050,7004,FUN_5,FUN_6
272067,27913,FUN_1,FUN_2
272075,25416,FUN_1,FUN_2
272093,20838,FUN_2,FUN_3
272115,20867,RET,CUBE_L
272115,28438,CUBE_L,RET
272120,10319,FUN_4,FUN_5
272133,10234,FUN_1,FUN_2
272144,4937,FUN_2,FUN_3
272157,21225,FUN_5,FUN_6
272171,28534,CUBE_R,FUN_6
272194,27295,FUN_2,FUN_3
272199,6347,FUN_2,FUN_3
272248,14454,FUN_2,FUN_3
272260,9504,RET,CUBE_L
272266,3318,FUN_5,FUN_4
272266,24447,FUN_1,FUN_2
272273,7689,FUN_4,FUN_3
272275,2171,FUN_4,FUN_5
272307,1202,FUN_3,FUN_2
272332,17223,FUN_1,FUN_2
272336,15424,FUN_6,FUN_5
272336,28278,FUN_5,FUN_6
272345,6626,FUN_3,FUN_2
272364,1199,FUN_2,FUN_3
272384,9642,FUN_2,FUN_3
272389,17223,FUN_2,FUN_1
272430,25650,FUN_1,FUN_2
272439,4088,FUN_3,FUN_2
272454,4425,FUN_3,FUN_2
272459,23099,CUBE_R,FUN_6
272508,15312,CUBE_R,RET
272509,9056,FUN_4,FUN_3
272522,8131,FUN_2,FUN_1
272526,23850,FUN_3,FUN_2
272542,20284,FUN_1,FUN_2
272563,11821,FUN_2,FUN_3
272590,27295,FUN_3,FUN_2
272615,27670,RET,CUBE_R
272628,7663,FUN_2,FUN_3
272640,3158,FUN_1,FUN_2
272654,21480,FUN_1,FUN_2
272674,1459,FUN_3,FUN_2
272677,5434,FUN_1,FUN_2
272684,14635,FUN_3,FUN_4
272694,6748,FUN_4,FUN_3
272695,8525,FUN_1,FUN_2
272775,24495,FUN_2,FUN_3
272816,7689,FUN_3,FUN_4
272819,2714,FUN_3,FUN_4
272819,10340,CUBE_R,RET
272824,5923,FUN_4,FUN_3
272840,9478,FUN_3,FUN_2
272844,21130,FUN_2,FUN_3
272855,12905,CUBE_R,RET
272863,19558,FUN_2,FUN_3
272869,14857,FUN_3,FUN_2
272889,19754,FUN_1,FUN_2
272910,27295,FUN_2,FUN_3
272979,6347,FUN_3,FUN_2
272983,28691,FUN_4,FUN_3
272988,3100,FUN_6,CUBE_R
272998,5968,FUN_2,FUN_3
273006,27942,CUBE_R,FUN_6
273013,6974,FUN_1,FUN_2
273024,2466,FUN_3,FUN_2
273062,13165,FUN_3,FUN_2
273072,2812,FUN_2,FUN_1
273088,20284,FUN_2,FUN_1
273129,26297,FUN_3,FUN_2
273133,12856,FUN_2,FUN_3
273152,12144,RET,CUBE_L
273153,13613,FUN_1,FUN_2
273249,8932,FUN_1,FUN_2
273269,12925,FUN_2,FUN_3
273274,13638,CUBE_R,RET
273295,10234,FUN_2,FUN_1
273303,824,FUN_4,FUN_5
273308,27913,FUN_2,FUN_1
273320,13044,FUN_2,FUN_1
273324,2345,FUN_1,FUN_2
273330,29443,FUN_3,FUN_2
273341,6232,RET,CUBE_L
273344,21135,FUN_2,FUN_3
273358,11784,FUN_1,FUN_2
273384,15705,FUN_3,FUN_2
273390,29878,FUN_3,FUN_2
273399,824,FUN_5,FUN_4
273405,15803,FUN_3,FUN_2
273411,1020,FUN_3,FUN_2
273417,15992,FUN_3,FUN_4
273422,16761,FUN_2,FUN_1
273433,27501,FUN_3,FUN_4
273462,18500,FUN_6,FUN_5
273476,15260,FUN_2,FUN_3
273483,8765,FUN_2,FUN_1
273504,26595,FUN_3,FUN_2
273519,9112,FUN_3,FUN_2
273545,763,FUN_2,FUN_1
273556,17549,RET,CUBE_R
273559,20745,FUN_6,FUN_5
273579,8435,CUBE_R,RET
273593,5537,FUN_4,FUN_5
273600,11095,FUN_3,FUN_2
273610,3762,CUBE_L,RET
273615,23260,FUN_5,FUN_6
273625,12649,CUBE_L,FUN_1
273638,22124,CUBE_L,RET
273641,29947,FUN_3,FUN_2
273644,14865,FUN_2,FUN_1
273650,21132,FUN_3,FUN_2
273670,4528,FUN_2,FUN_3
273675,8131,FUN_1,FUN_2
273707,2466,FUN_2,FUN_3
273721,22124,RET,CUBE_L
273750,13833,FUN_4,FUN_3
273758,21409,FUN_1,FUN_2
273794,4723,FUN_2,FUN_1
273806,22826,FUN_3,FUN_2
273817,20156,FUN_4,FUN_3
273829,18219,FUN_6,CUBE_R
273836,22478,FUN_1,CUBE_L
273847,10424,FUN_2,FUN_1
273856,6974,FUN_2,FUN_1
273861,9120,FUN_6,FUN_5
273885,12131,FUN_5,FUN_4
273893,1199,FUN_3,FUN_2
273938,19910,FUN_3,FUN_2
273959,16488,RET,CUBE_R
273961,23806,CUBE_R,RET
273965,22224,FUN_3,FUN_4
273970,19987,CUBE_L,RET
273979,12895,FUN_1,FUN_2
274020,27557,FUN_1,FUN_2
274034,9174,FUN_2,FUN_1
274046,15803,FUN_2,FUN_3
274055,3282,FUN_4,FUN_3
274073,17808,CUBE_R,RET
274075,23633,FUN_2,FUN_1
274119,12168,FUN_3,FUN_2
274145,21461,FUN_5,FUN_4
274179,5449,FUN_4,FUN_3
274180,6071,FUN_2,FUN_1
274191,9877,RET,CUBE_L
274207,20867,CUBE_L,RET
274224,27942,FUN_6,CUBE_R
274258,26297,FUN_2,FUN_3
274267,13767,FUN_3,FUN_4
274310,18924,RET,CUBE_R
274323,4528,FUN_3,FUN_2
274323,29878,FUN_2,FUN_3
274346,28691,FUN_3,FUN_4
274363,22692,RET,CUBE_L
274371,9239,RET,CUBE_L
274395,25899,FUN_2,FUN_1
274431,22720,FUN_3,FUN_2
274440,3018,FUN_4,FUN_3
274442,6131,FUN_2,FUN_1
274471,12408,FUN_2,FUN_3
274483,19358,FUN_1,FUN_2
274501,4287,FUN_2,FUN_1
274501,13218,FUN_2,FUN_1
274515,18979,FUN_2,FUN_1
274542,10234,FUN_1,FUN_2
274565,13318,CUBE_R,RET
274588,26743,FUN_5,FUN_4
274657,22478,CUBE_L,FUN_1
274661,2714,FUN_4,FUN_3
274663,6071,FUN_1,FUN_2
274680,13613,FUN_2,FUN_1
274704,1202,FUN_2,FUN_3
274706,10438,FUN_4,FUN_5
274722,25745,FUN_5,FUN_6
274731,19358,FUN_2,FUN_1
274737,10128,FUN_3,FUN_4
274763,6748,FUN_3,FUN_4
274769,7689,FUN_4,FUN_3
274791,26947,CUBE_R,RET
274804,3158,FUN_2,FUN_1
274837,7760,FUN_6,FUN_5
274838,18884,FUN_2,FUN_3
274852,3370,FUN_6,CUBE_R
274882,6553,FUN_2,FUN_3
274901,25053,FUN_4,FUN_3
274910,17661,CUBE_R,RET
274928,26985,CUBE_R,FUN_6
274929,22478,FUN_1,CUBE_L
275010,21101,FUN_3,FUN_4
275018,29515,CUBE_R,RET
275033,25637,CUBE_R,RET
275041,29672,FUN_3,FUN_4
275064,24447,FUN_2,FUN_1
275066,1325,RET,CUBE_L
275083,13044,FUN_1,FUN_2
275114,28278,FUN_6,FUN_5
275131,12408,FUN_3,FUN_2
275167,20181,CUBE_R,RET
275184,25564,FUN_4,FUN_5
275234,14526,CUBE_R,FUN_6
275260,6903,FUN_2,FUN_3
275273,2518,FUN_2,FUN_3
275295,27670,CUBE_R,RET
275305,13756,FUN_1,CUBE_L
275305,21502,FUN_3,FUN_2
275311,9869,FUN_2,FUN_3
275319,13318,RET,CUBE_R
275330,2714,FUN_3,FUN_4
275356,7589,FUN_1,FUN_2
275366,18924,CUBE_R,RET
275380,13613,FUN_1,FUN_2
275393,25810,FUN_3,FUN_4
275399,9504,CUBE_L,RET
275414,13056,FUN_2,FUN_1
275452,19358,FUN_1,FUN_2
275477,16161,FUN_5,FUN_6
275516,1226,FUN_3,FUN_4
275549,18924,RET,CUBE_R
275564,10438,FUN_5,FUN_4
275581,25152,FUN_3,FUN_2
275593,24347,FUN_3,FUN_2
275615,6974,FUN_1,FUN_2
275618,4287,FUN_1,FUN_2
275641,11188,CUBE_R,RET
275666,4991,FUN_2,FUN_3
275686,14811,FUN_2,FUN_1
275709,8618,FUN_6,FUN_5
275714,3991,FUN_6,CUBE_R
275732,6889,FUN_4,FUN_5
275745,17838,RET,CUBE_R
275750,6611,FUN_5,FUN_6
275759,13127,FUN_5,FUN_4
275791,3100,CUBE_R,FUN_6
275798,24922,FUN_1,FUN_2
275813,23260,FUN_6,FUN_5
275828,28526,FUN_4,FUN_3
275833,27913,FUN_1,FUN_2
275834,6347,FUN_2,FUN_3
275857,10577,FUN_2,FUN_1
275864,829,CUBE_R,RET
275877,10424,FUN_1,FUN_2
275878,18884,FUN_3,FUN_2
275883,2714,FUN_4,FUN_3
275885,19558,FUN_3,FUN_2
275903,23561,FUN_6,FUN_5
275952,29367,CUBE_R,FUN_6
275954,17223,FUN_1,FUN_2
275984,25741,FUN_6,CUBE_R
275987,21881,FUN_3,FUN_2
275989,11747,CUBE_L,RET
276004,15992,FUN_4,FUN_3
276030,12045,FUN_4,FUN_3
276041,5434,FUN_2,FUN_1
276048,4594,FUN_2,FUN_3
276055,13679,FUN_3,FUN_2
276070,19358,FUN_2,FUN_1
276071,26085,FUN_1,FUN_2
276075,24345,FUN_2,FUN_3
276125,24447,FUN_1,FUN_2
276161,25152,FUN_2,FUN_3
276163,11685,FUN_4,FUN_3
276194,29126,CUBE_R,FUN_6
276201,14667,FUN_3,FUN_2
276309,23806,RET,CUBE_R
276311,21504,FUN_4,FUN_5
276313,26718,FUN_4,FUN_3
276338,25416,FUN_2,FUN_1
276349,8962,FUN_4,FUN_3
276361,21961,RET,CUBE_R
276374,12649,FUN_1,CUBE_L
276379,12144,CUBE_L,RET
276426,2722,FUN_2,FUN_1
276465,793,FUN_2,FUN_1
276487,287,FUN_3,FUN_2
276527,7112,CUBE_R,FUN_6
276549,13598,CUBE_L,FUN_1
276570,14862,FUN_4,FUN_5
276580,27392,FUN_4,FUN_3
276618,19436,FUN_3,FUN_2
276628,12578,FUN_6,FUN_5
276628,18383,FUN_3,FUN_2
276654,12578,FUN_5,FUN_6
276654,21504,FUN_5,FUN_4
276658,2695,FUN_4,FUN_5
276665,16925,FUN_3,FUN_4
276697,19436,FUN_2,FUN_3
276698,24065,FUN_5,FUN_4
276704,12621,CUBE_R,RET
276728,3005,FUN_4,FUN_5
276765,5537,FUN_5,FUN_4
276817,6829,RET,CUBE_L
276840,8479,FUN_3,FUN_2
276850,15672,FUN_2,FUN_3
276859,25362,CUBE_R,FUN_6
276870,7689,FUN_3,FUN_4
276877,23945,FUN_4,FUN_5
276883,13756,CUBE_L,FUN_1
276890,4673,FUN_1,FUN_2
276890,14694,RET,CUBE_R
276903,22831,FUN_1,CUBE_L
276916,15580,FUN_3,FUN_4
276924,29215,FUN_5,FUN_6
276930,12144,RET,CUBE_L
276941,21502,FUN_2,FUN_3
276988,21881,FUN_2,FUN_3
277007,25442,FUN_1,FUN_2
277016,6131,FUN_1,FUN_2
277027,20719,FUN_5,FUN_6
277057,22362,FUN_2,FUN_3
277062,25416,FUN_1,FUN_2
277073,12144,CUBE_L,RET
277073,17703,FUN_5,FUN_6
277074,13733,FUN_1,FUN_2
277116,3797,FUN_2,FUN_3
277122,7112,FUN_6,CUBE_R
277153,15965,FUN_5,FUN_4
277176,4723,FUN_1,FUN_2
277193,9904,CUBE_R,FUN_6
277203,28676,CUBE_R,RET
277219,287,FUN_2,FUN_3
277235,4348,FUN_2,FUN_1
277240,11188,RET,CUBE_R
277244,9239,CUBE_L,RET
277265,5968,FUN_3,FUN_2
277290,21132,FUN_2,FUN_3
277293,14811,FUN_1,FUN_2
277299,16415,RET,CUBE_R
277306,1020,FUN_2,FUN_3
277345,16383,FUN_3,FUN_2
277380,21502,FUN_3,FUN_2
277381,9637,FUN_6,FUN_5
277419,24345,FUN_3,FUN_2
277424,16415,CUBE_R,RET
277440,26180,FUN_2,FUN_1
277491,6748,FUN_4,FUN_3
277492,23899,FUN_2,FUN_1
277512,12144,RET,CUBE_L
277516,5311,FUN_1,FUN_2
277535,15714,FUN_2,FUN_3
277547,15312,RET,CUBE_R
277613,24345,FUN_2,FUN_3
277622,12792,CUBE_R,RET
277629,18231,RET,CUBE_L
277653,29305,FUN_1,FUN_2
277674,7642,FUN_2,FUN_3
277676,22677,RET,CUBE_R
277684,18438,CUBE_L,RET
277689,11821,FUN_3,FUN_2
277706,14891,CUBE_R,RET
277715,2209,CUBE_R,FUN_6
277781,2812,FUN_1,FUN_2
277787,15803,FUN_3,FUN_2
277801,19810,FUN_2,FUN_3
277822,19144,FUN_1,FUN_2
277831,14862,FUN_5,FUN_4
277850,8932,FUN_2,FUN_1
277866,14722,FUN_4,FUN_3
277883,7112,CUBE_R,FUN_6
277898,2713,CUBE_R,RET
277936,6377,FUN_4,FUN_3
277952,10438,FUN_4,FUN_5
277955,16415,RET,CUBE_R
277960,12578,FUN_6,FUN_5
277974,22027,FUN_3,FUN_2
277987,18383,FUN_2,FUN_3
278010,6889,FUN_5,FUN_4
278028,16184,FUN_5,FUN_6
278035,3370,CUBE_R,FUN_6
278043,8658,FUN_6,CUBE_R
278044,9904,FUN_6,CUBE_R
278061,24922,FUN_2,FUN_1
278071,9425,FUN_3,FUN_2
278071,10561,FUN_3,FUN_2
278093,26985,FUN_6,CUBE_R
278111,14667,FUN_2,FUN_3
278122,316,FUN_2,FUN_1
278148,9239,RET,CUBE_L
278158,25836,FUN_4,FUN_3
278165,4124,FUN_1,FUN_2
278185,21101,FUN_4,FUN_3
278214,26180,FUN_1,FUN_2
278216,21502,FUN_2,FUN_3
278225,879,FUN_5,FUN_6
278236,16415,CUBE_R,RET
278258,25416,FUN_2,FUN_1
278278,27048,FUN_2,FUN_1
278329,2812,FUN_2,FUN_1
278353,3173,FUN_4,FUN_5
278360,14722,FUN_3,FUN_4
278375,793,FUN_1,FUN_2
278382,23868,FUN_1,FUN_2
278416,22250,RET,CUBE_L
278432,22826,FUN_2,FUN_3
278434,15520,RET,CUBE_L
278476,16273,FUN_4,FUN_3
278503,17703,FUN_6,FUN_5
278505,23490,CUBE_L,FUN_1
278515,25416,FUN_1,FUN_2
278527,7742,CUBE_L,FUN_1
278643,19095,FUN_3,FUN_4
278668,22539,RET,CUBE_R
278698,19373,CUBE_L,RET
278702,27501,FUN_4,FUN_3
278727,14667,FUN_3,FUN_2
278767,13056,FUN_1,FUN_2
278775,23197,FUN_4,FUN_3
278782,27852,FUN_3,FUN_4
278799,23850,FUN_2,FUN_3
278802,22976,FUN_3,FUN_4
278823,22456,FUN_3,FUN_2
278885,5171,FUN_1,FUN_2
278886,7112,FUN_6,CUBE_R
278894,21462,CUBE_R,FUN_6
278910,2211,FUN_1,FUN_2
278920,6829,CUBE_L,RET
278936,22345,FUN_4,FUN_5
278959,28526,FUN_3,FUN_4
278976,16761,FUN_1,FUN_2
279015,21462,FUN_6,CUBE_R
279036,17223,FUN_2,FUN_1
279061,5707,FUN_3,FUN_4
279102,27852,FUN_4,FUN_3
279123,561,FUN_2,FUN_1
279126,27677,FUN_3,FUN_4
279134,4146,FUN_3,FUN_4
279145,29111,FUN_4,FUN_3
279149,9869,FUN_3,FUN_2
279220,29274,CUBE_R,FUN_6
279226,19759,FUN_4,FUN_3
279243,18383,FUN_3,FUN_2
279247,27677,FUN_4,FUN_3
279268,18378,FUN_3,FUN_2
279294,13572,CUBE_R,RET
279323,22368,FUN_3,FUN_2
279342,14722,FUN_4,FUN_3
279354,26595,FUN_2,FUN_3
279378,5171,FUN_2,FUN_1
279415,22368,FUN_2,FUN_3
279416,22992,FUN_5,FUN_4
279425,8658,CUBE_R,FUN_6
279441,3285,FUN_2,FUN_1
279459,12856,FUN_3,FUN_2
279506,17044,RET,CUBE_R
279532,14862,FUN_4,FUN_5
279536,6246,FUN_3,FUN_2
279566,19401,FUN_3,FUN_2
279571,4673,FUN_2,FUN_1
279573,15032,FUN_3,FUN_2
279584,17931,FUN_4,FUN_5
279584,29807,FUN_6,CUBE_R
279615,6829,RET,CUBE_L
279628,384,FUN_2,FUN_3
279635,4110,FUN_3,FUN_2
279645,24495,FUN_3,FUN_2
279663,12348,FUN_3,FUN_2
279666,14862,FUN_5,FUN_4
279667,14883,FUN_2,FUN_1
279674,12905,RET,CUBE_R
279683,16415,RET,CUBE_R
279693,15156,FUN_5,FUN_6
279705,16526,FUN_3,FUN_2
279735,24283,FUN_4,FUN_3
279745,6131,FUN_2,FUN_1
279756,3991,CUBE_R,FUN_6
279757,19179,CUBE_R,FUN_6
279757,24617,FUN_3,FUN_2
279778,27156,FUN_2,FUN_3
279790,6889,FUN_4,FUN_5
279800,18091,CUBE_R,FUN_6
279800,19820,RET,CUBE_R
279804,5743,FUN_4,FUN_3
279808,25741,CUBE_R,FUN_6
279809,21705,FUN_1,FUN_2
279811,7742,FUN_1,CUBE_L
279820,3545,FUN_2,FUN_1
279833,25442,FUN_2,FUN_1
279860,14294,FUN_2,FUN_3
279873,29126,FUN_6,CUBE_R
279884,7362,FUN_1,CUBE_L
279904,3797,FUN_3,FUN_2
279915,9425,FUN_2,FUN_3
279918,14694,CUBE_R,RET
279937,27048,FUN_1,FUN_2
279947,7609,FUN_4,FUN_5
279960,20745,FUN_5,FUN_6
280001,22976,FUN_4,FUN_3
280002,15662,FUN_5,FUN_4
280003,28254,RET,CUBE_R
280019,16191,FUN_3,FUN_2
280036,15312,CUBE_R,RET
280056,6626,FUN_2,FUN_3
280099,14865,FUN_1,FUN_2
280106,12705,FUN_2,FUN_1
280123,9056,FUN_3,FUN_4
280139,4594,FUN_3,FUN_2
280150,19672,CUBE_R,RET
280181,6123,FUN_1,FUN_2
280210,17931,FUN_5,FUN_4
280223,5743,FUN_3,FUN_4
280248,22368,FUN_3,FUN_2
280257,14965,FUN_1,FUN_2
280257,24495,FUN_2,FUN_3
280263,5479,FUN_3,FUN_2
280270,29314,CUBE_L,RET
280288,2394,FUN_5,FUN_4
280303,18378,FUN_2,FUN_3
280306,1314,FUN_2,FUN_1
280326,26569,RET,CUBE_R
280356,14998,FUN_6,FUN_5
280375,11095,FUN_2,FUN_3
280384,9797,FUN_6,CUBE_R
280389,16241,FUN_3,FUN_2
280469,4509,CUBE_R,FUN_6
280472,12705,FUN_1,FUN_2
280476,17931,FUN_4,FUN_5
280492,26629,FUN_3,FUN_4
280513,13218,FUN_1,FUN_2
280534,14883,FUN_1,FUN_2
280538,10340,RET,CUBE_R
280548,28245,FUN_1,FUN_2
280595,668,FUN_3,FUN_4
280599,23719,FUN_2,FUN_3
280629,1520,FUN_6,CUBE_R
280659,24788,FUN_2,FUN_3
280694,2345,FUN_2,FUN_1
280705,17441,FUN_2,FUN_1
280739,12856,FUN_2,FUN_3
280750,6040,FUN_2,FUN_3
280761,29943,FUN_2,FUN_3
280773,7642,FUN_3,FUN_2
280785,11095,FUN_3,FUN_2
280817,10477,FUN_5,FUN_4
280833,27048,FUN_2,FUN_1
280848,7878,FUN_1,FUN_2
280913,29314,RET,CUBE_L
280915,8618,FUN_5,FUN_6
280935,18663,FUN_1,CUBE_L
280939,27176,FUN_6,FUN_5
280940,4937,FUN_3,FUN_2
280941,3762,RET,CUBE_L
280941,21529,FUN_1,CUBE_L
280966,15212,FUN_2,FUN_1
280975,9478,FUN_2,FUN_3
280987,18891,FUN_3,FUN_2
280988,27048,FUN_1,FUN_2
281014,15641,FUN_2,FUN_3
281022,8699,FUN_2,FUN_1
281031,23171,FUN_5,FUN_6
281036,17044,CUBE_R,RET
281046,25152,FUN_3,FUN_2
281063,23694,FUN_2,FUN_1
281072,910,CUBE_L,RET
281072,2345,FUN_1,FUN_2
281077,14511,CUBE_R,RET
281083,20113,CUBE_L,RET
281092,15039,FUN_5,FUN_4
281093,27852,FUN_3,FUN_4
281119,26348,FUN_3,FUN_4
281130,21149,RET,CUBE_R
281147,17223,FUN_1,FUN_2
281216,6782,RET,CUBE_R
281216,27156,FUN_3,FUN_2
281219,9797,CUBE_R,FUN_6
281232,22992,FUN_4,FUN_5
281250,14817,FUN_3,FUN_4
281266,14862,FUN_4,FUN_5
281269,3225,FUN_4,FUN_3
281276,17790,FUN_6,FUN_5
281279,1588,FUN_2,FUN_1
281312,16415,CUBE_R,RET
281317,7710,FUN_5,FUN_4
281343,824,FUN_4,FUN_5
281382,28517,FUN_1,CUBE_L
281385,22787,FUN_3,FUN_2
281388,6156,CUBE_L,RET
281404,28691,FUN_4,FUN_3
281428,29111,FUN_3,FUN_4
281434,15361,FUN_3,FUN_2
281442,19940,CUBE_R,RET
281445,23904,FUN_5,FUN_6
281456,12905,CUBE_R,RET
281476,29515,RET,CUBE_R
281477,4937,FUN_2,FUN_3
281490,11095,FUN_2,FUN_3
281515,13805,CUBE_R,FUN_6
281523,28606,FUN_2,FUN_1
281548,26180,FUN_2,FUN_1
281576,23561,FUN_5,FUN_6
281577,8790,FUN_1,FUN_2
281591,9361,CUBE_L,FUN_1
281609,10505,RET,CUBE_L
281613,23899,FUN_1,FUN_2
281629,14722,FUN_3,FUN_4
281639,2209,FUN_6,CUBE_R
281644,27048,FUN_2,FUN_1
281656,26569,CUBE_R,RET
281671,13547,FUN_5,FUN_6
281679,2481,FUN_5,FUN_4
281695,17441,FUN_1,FUN_2
281709,18231,CUBE_L,RET
281720,16894,FUN_3,FUN_2
281742,14635,FUN_4,FUN_3
281749,19218,CUBE_L,RET
281770,18663,CUBE_L,FUN_1
281788,6131,FUN_1,FUN_2
281793,23561,FUN_6,FUN_5
281803,29947,FUN_2,FUN_3
281833,16549,FUN_6,FUN_5
281846,22577,FUN_2,FUN_1
281855,2467,FUN_4,FUN_3
281901,23850,FUN_3,FUN_2
281908,9797,FUN_6,CUBE_R
281917,16526,FUN_2,FUN_3
281938,17223,FUN_2,FUN_1
281950,2160,FUN_2,FUN_1
281973,18378,FUN_3,FUN_2
281978,17441,FUN_2,FUN_1
282033,21398,CUBE_L,FUN_1
282042,1314,FUN_1,FUN_2
282048,27752,FUN_2,FUN_1
282067,6593,FUN_3,FUN_2
282083,5542,CUBE_L,FUN_1
282093,12553,FUN_2,FUN_3
282104,18891,FUN_2,FUN_3
282113,9112,FUN_2,FUN_3
282122,28880,FUN_4,FUN_5
282129,14667,FUN_2,FUN_3
282134,13318,CUBE_R,RET
282158,3797,FUN_2,FUN_3
282162,8790,FUN_2,FUN_1
282187,6040,FUN_3,FUN_2
282192,26686,FUN_3,FUN_4
282214,23963,FUN_3,FUN_2
282215,4509,FUN_6,CUBE_R
282236,9797,CUBE_R,FUN_6
282238,19179,FUN_6,CUBE_R
282238,22408,FUN_2,FUN_3
282238,27156,FUN_2,FUN_3
282250,15993,FUN_1,FUN_2
282253,29111,FUN_4,FUN_3
282281,25442,FUN_1,FUN_2
282284,13218,FUN_2,FUN_1
282291,3285,FUN_1,FUN_2
282300,21705,FUN_2,FUN_1
282308,9743,FUN_3,FUN_4
282310,21961,CUBE_R,RET
282346,24922,FUN_1,FUN_2
282395,24495,FUN_3,FUN_2
282406,21705,FUN_1,FUN_2
282413,3799,FUN_3,FUN_4
282442,14506,FUN_3,FUN_2
282445,3282,FUN_3,FUN_4
282458,8646,FUN_2,FUN_1
282472,11516,CUBE_R,FUN_6
282502,6156,RET,CUBE_L
282565,7663,FUN_3,FUN_2
282683,12341,FUN_2,FUN_3
282688,1588,FUN_1,FUN_2
282691,5985,RET,CUBE_L
282695,22826,FUN_3,FUN_2
282700,20284,FUN_1,FUN_2
282702,22577,FUN_1,FUN_2
282706,26686,FUN_4,FUN_3
282733,21010,FUN_2,FUN_3
282735,3762,CUBE_L,RET
282738,14998,FUN_5,FUN_6
282764,18972,FUN_5,FUN_4
282766,16617,FUN_6,CUBE_R
282778,23197,FUN_3,FUN_4
282785,29614,FUN_6,FUN_5
282811,10957,CUBE_R,RET
282821,26686,FUN_3,FUN_4
282824,13677,CUBE_L,FUN_1
282853,3799,FUN_4,FUN_3
282854,7663,FUN_2,FUN_3
282873,2481,FUN_4,FUN_5
282878,22577,FUN_2,FUN_1
282935,17223,FUN_1,FUN_2
282935,18231,RET,CUBE_L
282936,9390,FUN_1,FUN_2
282944,2039,FUN_1,FUN_2
282947,18979,FUN_1,FUN_2
282988,18378,FUN_2,FUN_3
282999,23850,FUN_2,FUN_3
283029,2697,FUN_6,FUN_5
283041,11993,FUN_3,FUN_2
283058,13112,FUN_1,FUN_2
283059,1812,RET,CUBE_R
283061,4694,FUN_6,FUN_5
283084,9637,FUN_5,FUN_6
283098,13677,FUN_1,CUBE_L
283112,7710,FUN_4,FUN_5
283134,9785,CUBE_L,FUN_1
283153,8777,RET,CUBE_L
283155,6782,CUBE_R,RET
283159,1085,FUN_5,FUN_6
283167,9548,FUN_2,FUN_1
283170,13677,CUBE_L,FUN_1
283183,8646,FUN_1,FUN_2
283188,20916,RET,CUBE_R
283189,17601,CUBE_R,RET
283205,2211,FUN_2,FUN_1
283207,879,FUN_6,FUN_5
283217,10909,CUBE_R,RET
283218,8131,FUN_2,FUN_1
283219,19172,FUN_2,FUN_3
283226,6347,FUN_3,FUN_2
283226,16161,FUN_6,FUN_5
283229,15480,FUN_5,FUN_6
283236,20284,FUN_2,FUN_1
283247,27020,FUN_3,FUN_2
283262,26807,RET,CUBE_R
283276,5259,FUN_1,FUN_2
283280,29111,FUN_3,FUN_4
283286,2695,FUN_5,FUN_4
283308,22720,FUN_2,FUN_3
283332,22719,RET,CUBE_R
283342,28606,FUN_1,FUN_2
283349,4146,FUN_4,FUN_3
283370,13677,FUN_1,CUBE_L
283384,22224,FUN_4,FUN_3
283448,21101,FUN_3,FUN_4
283473,16510,FUN_5,FUN_4
283481,27020,FUN_2,FUN_3
283482,22577,FUN_1,FUN_2
283500,11833,FUN_2,FUN_1
283512,57,FUN_3,FUN_4
283520,7112,CUBE_R,FUN_6
283526,15672,FUN_3,FUN_2
283536,10453,FUN_2,FUN_3
283539,9637,FUN_6,FUN_5
283553,910,RET,CUBE_L
283609,27156,FUN_3,FUN_2
283611,28530,FUN_1,CUBE_L
283659,14329,FUN_2,FUN_1
283672,9361,FUN_1,CUBE_L
283678,17601,RET,CUBE_R
283679,14965,FUN_2,FUN_1
283718,22456,FUN_2,FUN_3
283733,27020,FUN_3,FUN_2
283742,11747,RET,CUBE_L
283747,9120,FUN_5,FUN_6
283751,20584,RET,CUBE_L
283760,18891,FUN_3,FUN_2
283771,28676,RET,CUBE_R
283773,27048,FUN_1,FUN_2
283790,18663,FUN_1,CUBE_L
283810,14511,RET,CUBE_R
283833,10196,CUBE_L,FUN_1
283846,7663,FUN_3,FUN_2
283867,13638,RET,CUBE_R
283883,26595,FUN_3,FUN_2
283915,5434,FUN_1,FUN_2
283918,23436,FUN_3,FUN_2
283919,20916,CUBE_R,RET
283923,14052,FUN_5,FUN_4
283972,10477,FUN_4,FUN_5
283990,24521,FUN_3,FUN_2
284014,19179,CUBE_R,FUN_6
284046,22224,FUN_3,FUN_4
284057,22692,CUBE_L,RET
284076,6156,CUBE_L,RET
284078,6611,FUN_6,FUN_5
284105,2345,FUN_2,FUN_1
284110,10424,FUN_2,FUN_1
284116,29085,FUN_3,FUN_2
284123,22456,FUN_3,FUN_2
284142,16617,CUBE_R,FUN_6
284181,11566,FUN_2,FUN_1
284201,668,FUN_4,FUN_3
284217,8646,FUN_2,FUN_1
284220,6553,FUN_3,FUN_2
284239,9785,FUN_1,CUBE_L
284242,16208,FUN_4,FUN_5
284247,6143,FUN_2,FUN_1
284247,9000,FUN_2,FUN_1
284251,22976,FUN_3,FUN_4
284256,9120,FUN_6,FUN_5
284263,23561,FUN_5,FUN_6
284293,19312,FUN_6,FUN_5
284299,16718,FUN_3,FUN_2
284351,6143,FUN_1,FUN_2
284352,1314,FUN_2,FUN_1
284371,12223,FUN_6,CUBE_R
284393,5968,FUN_2,FUN_3
284398,12856,FUN_3,FUN_2
284401,18853,FUN_2,FUN_1
284408,24146,CUBE_R,RET
284409,26069,FUN_2,FUN_3
284422,824,FUN_5,FUN_4
284436,29052,FUN_1,FUN_2
284449,9987,CUBE_L,RET
284463,20895,FUN_3,FUN_2
284486,23345,RET,CUBE_L
284492,20752,RET,CUBE_R
284513,25564,FUN_5,FUN_4
284517,20649,FUN_3,FUN_2
284567,5595,RET,CUBE_L
284592,22250,CUBE_L,RET
284618,21130,FUN_3,FUN_2
284648,7462,FUN_4,FUN_5
284656,15968,FUN_3,FUN_2
284668,12264,FUN_4,FUN_3
284679,27487,FUN_4,FUN_3
284695,12836,FUN_3,FUN_4
284699,25216,FUN_6,FUN_5
284700,15437,CUBE_L,RET
284712,5595,CUBE_L,RET
284727,7710,FUN_5,FUN_4
284741,7620,FUN_3,FUN_2
284777,27020,FUN_2,FUN_3
284781,25899,FUN_1,FUN_2
284813,19358,FUN_1,FUN_2
284827,17040,FUN_2,FUN_1
284839,11747,CUBE_L,RET
284843,15719,FUN_3,FUN_2
284844,9751,FUN_3,FUN_2
284853,11566,FUN_1,FUN_2
284865,15312,RET,CUBE_R
284875,19095,FUN_4,FUN_3
284878,8675,CUBE_L,FUN_1
284931,7362,CUBE_L,FUN_1
284956,15662,FUN_4,FUN_5
285032,4542,FUN_3,FUN_2
285034,15968,FUN_2,FUN_3
285055,23068,FUN_4,FUN_3
285056,1520,CUBE_R,FUN_6
285064,11566,FUN_2,FUN_1
285064,20903,CUBE_R,RET
285067,20752,CUBE_R,RET
285072,24715,FUN_4,FUN_3
285073,15968,FUN_3,FUN_2
285081,13246,RET,CUBE_R
285105,15212,FUN_1,FUN_2
285112,3282,FUN_4,FUN_3
285114,18774,RET,CUBE_R
285124,28110,FUN_3,FUN_2
285128,23285,FUN_4,FUN_5
285142,3797,FUN_3,FUN_2
285164,825,FUN_1,FUN_2
285165,57,FUN_4,FUN_3
285168,22456,FUN_2,FUN_3
285179,4937,FUN_3,FUN_2
285192,14552,FUN_3,FUN_2
285212,3504,RET,CUBE_R
285239,3920,FUN_1,FUN_2
285256,16549,FUN_5,FUN_6
285292,23954,FUN_5,FUN_6
285300,29847,FUN_4,FUN_3
285313,20901,FUN_3,FUN_2
285317,12168,FUN_2,FUN_3
285333,19179,FUN_6,CUBE_R
285348,13805,FUN_6,CUBE_R
285364,28110,FUN_2,FUN_3
285366,17623,FUN_3,FUN_2
285368,18164,CUBE_R,FUN_6
285379,15460,FUN_2,FUN_1
285399,9868,RET,CUBE_L
285421,5259,FUN_2,FUN_1
285421,11516,FUN_6,CUBE_R
285425,8435,RET,CUBE_R
285448,10962,FUN_1,CUBE_L
285452,16894,FUN_2,FUN_3
285463,6131,FUN_2,FUN_1
285476,15437,RET,CUBE_L
285487,1153,FUN_2,FUN_3
285489,29721,FUN_4,FUN_3
285494,9112,FUN_3,FUN_2
285505,10989,FUN_3,FUN_2
285516,5923,FUN_3,FUN_4
285517,18231,CUBE_L,RET
285567,9869,FUN_2,FUN_3
285585,8646,FUN_1,FUN_2
285597,19179,CUBE_R,FUN_6
285610,5923,FUN_4,FUN_3
285665,2395,CUBE_L,RET
285673,15719,FUN_2,FUN_3
285675,15312,CUBE_R,RET
285730,14717,FUN_3,FUN_4
285744,384,FUN_3,FUN_2
285751,19566,FUN_2,FUN_1
285752,13056,FUN_2,FUN_1
285754,7462,FUN_5,FUN_4
285772,12044,FUN_2,FUN_1
285786,19095,FUN_3,FUN_4
285800,24464,FUN_4,FUN_3
285804,14027,FUN_5,FUN_4
285811,19179,FUN_6,CUBE_R
285829,23540,FUN_4,FUN_3
285836,28880,FUN_5,FUN_4
285845,485,FUN_5,FUN_4
285857,23338,FUN_3,FUN_2
285872,5923,FUN_3,FUN_4
285875,10453,FUN_3,FUN_2
285889,15719,FUN_3,FUN_2
285898,9611,FUN_3,FUN_4
285901,3929,FUN_5,FUN_6
285926,14965,FUN_1,FUN_2
285958,27501,FUN_3,FUN_4
286003,4299,FUN_3,FUN_4
286042,3225,FUN_3,FUN_4
286079,19090,FUN_2,FUN_1
286090,20752,RET,CUBE_R
286127,27156,FUN_2,FUN_3
286162,9869,FUN_3,FUN_2
286180,16116,CUBE_L,FUN_1
286200,8435,CUBE_R,RET
286242,10989,FUN_2,FUN_3
286247,9308,FUN_4,FUN_5
286257,23561,FUN_6,FUN_5
286273,3797,FUN_2,FUN_3
286327,1845,FUN_2,FUN_3
286327,15032,FUN_2,FUN_3
286328,9134,CUBE_R,FUN_6
286329,9337,FUN_2,FUN_1
286340,21225,FUN_6,FUN_5
286358,23540,FUN_3,FUN_4
286390,8055,FUN_5,FUN_4
286399,21409,FUN_2,FUN_1
286426,15710,RET,CUBE_R
286436,8089,FUN_6,CUBE_R
286442,9797,FUN_6,CUBE_R
286443,20752,CUBE_R,RET
286463,4886,RET,CUBE_L
286466,16415,RET,CUBE_R
286479,27501,FUN_4,FUN_3
286483,21123,FUN_3,FUN_2
286487,19312,FUN_5,FUN_6
286488,3103,FUN_6,CUBE_R
286500,24345,FUN_3,FUN_2
286516,17441,FUN_1,FUN_2
286517,10962,CUBE_L,FUN_1
286529,6829,CUBE_L,RET
286532,20895,FUN_2,FUN_3
286537,2345,FUN_1,FUN_2
286572,6784,FUN_5,FUN_6
286575,24949,FUN_2,FUN_1
286579,27569,FUN_6,CUBE_R
286593,4723,FUN_2,FUN_3
286608,3797,FUN_3,FUN_2
286611,29052,FUN_2,FUN_1
286619,25172,RET,CUBE_R
286647,9877,CUBE_L,RET
286657,28966,FUN_4,FUN_3
286659,22905,FUN_1,FUN_2
286675,6829,RET,CUBE_L
286679,17931,FUN_5,FUN_4
286683,29052,FUN_1,FUN_2
286704,6974,FUN_2,FUN_1
286730,6829,CUBE_L,RET
286739,20901,FUN_2,FUN_3
286746,1153,FUN_3,FUN_2
286772,10989,FUN_3,FUN_2
286779,17369,FUN_5,FUN_4
286828,19665,CUBE_L,FUN_1
286833,18774,CUBE_R,RET
286872,25564,FUN_4,FUN_5
286890,16116,FUN_1,CUBE_L
286894,10989,FUN_2,FUN_3
286927,9797,CUBE_R,FUN_6
286951,23540,FUN_4,FUN_3
286964,23694,FUN_1,FUN_2
286989,2345,FUN_2,FUN_1
286994,3806,FUN_3,FUN_2
287001,10424,FUN_1,FUN_2
287005,6829,RET,CUBE_L
287032,11909,FUN_1,FUN_2
287045,25741,FUN_6,CUBE_R
287075,16763,FUN_3,FUN_2
287085,2345,FUN_1,FUN_2
287091,27524,FUN_5,FUN_6
287092,141,FUN_3,FUN_4
287097,4411,FUN_3,FUN_2
287105,6889,FUN_5,FUN_4
287120,24922,FUN_2,FUN_1
287147,22787,FUN_2,FUN_3
287173,21298,FUN_3,FUN_2
287174,20895,FUN_3,FUN_2
287183,28530,CUBE_L,FUN_1
287185,12941,RET,CUBE_R
287189,825,FUN_2,FUN_1
287192,1314,FUN_1,FUN_2
287201,4886,CUBE_L,RET
287212,15968,FUN_2,FUN_3
287226,19903,FUN_2,FUN_1
287228,13756,FUN_1,CUBE_L
287246,13805,CUBE_R,FUN_6
287247,21419,FUN_2,FUN_3
287268,561,FUN_1,FUN_2
287273,10962,FUN_1,CUBE_L
287274,22250,RET,CUBE_L
287305,21705,FUN_2,FUN_1
287309,26085,FUN_2,FUN_1
287315,7620,FUN_2,FUN_3
287339,9112,FUN_2,FUN_3
287356,14717,FUN_4,FUN_3
287356,23881,FUN_3,FUN_4
287369,25152,FUN_2,FUN_3
287418,19117,FUN_4,FUN_3
287432,23963,FUN_2,FUN_3
287439,23561,FUN_5,FUN_6
287468,1153,FUN_2,FUN_3
287474,19665,FUN_1,CUBE_L
287477,29614,FUN_5,FUN_6
287506,4411,FUN_2,FUN_3
287514,23779,RET,CUBE_L
287531,21409,FUN_1,FUN_2
287540,10962,CUBE_L,FUN_1
287541,15934,CUBE_R,FUN_6
287556,15292,FUN_3,FUN_2
287575,27295,FUN_3,FUN_2
287592,19312,FUN_6,FUN_5
287599,27524,FUN_6,FUN_5
287616,23850,FUN_3,FUN_2
287639,6829,CUBE_L,RET
287645,3920,FUN_2,FUN_1
287650,910,CUBE_L,RET
287656,10623,FUN_3,FUN_2
287673,16415,CUBE_R,RET
287689,15192,FUN_4,FUN_5
287689,17369,FUN_4,FUN_5
287690,18091,FUN_6,CUBE_R
287713,4886,RET,CUBE_L
287716,19220,FUN_2,FUN_3
287726,8625,FUN_1,CUBE_L
287730,27572,FUN_2,FUN_1
287742,2695,FUN_4,FUN_5
287743,8793,FUN_3,FUN_2
287768,26085,FUN_1,FUN_2
287780,16368,FUN_1,CUBE_L
287782,5923,FUN_4,FUN_3
287799,26947,RET,CUBE_R
287806,19245,FUN_3,FUN_4
287816,1092,FUN_3,FUN_2
287832,24715,FUN_3,FUN_4
287836,25172,CUBE_R,RET
287864,17040,FUN_1,FUN_2
287878,20752,RET,CUBE_R
287880,15631,FUN_2,FUN_3
287882,18979,FUN_2,FUN_1
287886,24032,CUBE_L,RET
287893,1713,CUBE_R,FUN_6
287904,27964,FUN_3,FUN_4
287959,23850,FUN_2,FUN_3
287961,16595,RET,CUBE_L
287975,14506,FUN_2,FUN_3
287979,11821,FUN_2,FUN_3
287992,7462,FUN_4,FUN_5
288049,3370,FUN_6,CUBE_R
288050,15312,RET,CUBE_R
288061,11993,FUN_2,FUN_3
288075,824,FUN_4,FUN_5
288089,10962,FUN_1,CUBE_L
288090,3225,FUN_4,FUN_3
288090,22737,CUBE_R,FUN_6
288094,2447,RET,CUBE_R
288096,20382,FUN_3,FUN_4
288128,10989,FUN_3,FUN_2
288134,27845,RET,CUBE_L
288140,7878,FUN_2,FUN_1
288173,14122,FUN_5,FUN_6
288173,17441,FUN_2,FUN_1
288181,7878,FUN_1,FUN_2
288215,8131,FUN_1,FUN_2
288230,1003,CUBE_L,FUN_1
288244,23881,FUN_4,FUN_3
288260,7955,FUN_2,FUN_1
288260,25564,FUN_5,FUN_4
288262,9337,FUN_1,FUN_2
288286,26260,FUN_3,FUN_2
288289,27572,FUN_1,FUN_2
288322,3225,FUN_3,FUN_4
288329,4110,FUN_2,FUN_3
288341,13958,FUN_2,FUN_3
288358,485,FUN_4,FUN_5
288380,18441,RET,CUBE_L
288384,6043,FUN_4,FUN_5
288394,18108,RET,CUBE_R
288396,10477,FUN_5,FUN_4
288413,813,FUN_2,FUN_1
288431,3225,FUN_4,FUN_3
288460,11405,CUBE_R,FUN_6
288461,16709,FUN_6,FUN_5
288464,6163,FUN_3,FUN_2
288471,13165,FUN_2,FUN_3
288490,879,FUN_5,FUN_6
288497,18441,CUBE_L,RET
288505,16368,CUBE_L,FUN_1
288505,29477,FUN_2,FUN_1
288508,25745,FUN_6,FUN_5
288517,5707,FUN_4,FUN_3
288522,25442,FUN_2,FUN_1
288543,15292,FUN_2,FUN_3
288549,26795,FUN_2,FUN_3
288550,28676,CUBE_R,RET
288563,4886,CUBE_L,RET
288565,24094,FUN_3,FUN_2
288653,14811,FUN_2,FUN_1
288698,19015,FUN_6,CUBE_R
288709,6764,FUN_6,FUN_5
288735,24094,FUN_2,FUN_3
288777,20967,FUN_2,FUN_3
288781,15331,FUN_3,FUN_4
288781,15968,FUN_3,FUN_2
288785,4411,FUN_3,FUN_2
288789,4594,FUN_2,FUN_3
288790,8790,FUN_1,FUN_2
288794,24146,RET,CUBE_R
288797,17140,FUN_3,FUN_4
288821,12131,FUN_4,FUN_5
288838,10469,CUBE_L,RET
288843,15993,FUN_2,FUN_1
288850,22826,FUN_2,FUN_3
288856,24094,FUN_3,FUN_2
288876,3920,FUN_1,FUN_2
288879,28580,CUBE_L,RET
288890,29807,CUBE_R,FUN_6
288892,6889,FUN_4,FUN_5
288907,8479,FUN_2,FUN_3
288916,23540,FUN_3,FUN_4
288921,19312,FUN_5,FUN_6
288926,5457,FUN_2,FUN_3
288927,26947,CUBE_R,RET
288928,16415,RET,CUBE_R
288929,20895,FUN_2,FUN_3
288933,16579,FUN_2,FUN_3
288952,25475,FUN_2,FUN_3
288973,10962,CUBE_L,FUN_1
288976,57,FUN_3,FUN_4
288982,8793,FUN_2,FUN_3
288984,9112,FUN_3,FUN_2
289002,10385,FUN_3,FUN_2
289004,10989,FUN_2,FUN_3
289015,26491,FUN_2,FUN_3
289026,19245,FUN_4,FUN_3
289035,5923,FUN_3,FUN_4
289054,28526,FUN_4,FUN_3
289065,3504,CUBE_R,RET
289065,24715,FUN_4,FUN_3
289067,17623,FUN_2,FUN_3
289088,25754,FUN_2,FUN_3
289106,9504,RET,CUBE_L
289108,24463,FUN_3,FUN_4
289111,2447,CUBE_R,RET
289128,28640,FUN_4,FUN_3
289139,29499,FUN_5,FUN_4
289153,20796,FUN_1,FUN_2
289166,3447,RET,CUBE_L
289168,2064,FUN_3,FUN_2
289168,22539,CUBE_R,RET
289168,26730,FUN_4,FUN_3
289191,11721,FUN_3,FUN_2
289194,18164,FUN_6,CUBE_R
289203,19903,FUN_1,FUN_2
289204,14566,FUN_5,FUN_6
289208,5007,FUN_2,FUN_1
289215,16631,FUN_1,FUN_2
289217,11521,CUBE_R,RET
289222,22905,FUN_2,FUN_1
289278,27964,FUN_4,FUN_3
289279,3332,FUN_2,FUN_3
289281,23561,FUN_6,FUN_5
289307,19015,CUBE_R,FUN_6
289310,9877,RET,CUBE_L
289311,21123,FUN_2,FUN_3
289323,18828,FUN_6,CUBE_R
289328,8793,FUN_3,FUN_2
289337,20967,FUN_3,FUN_2
289339,15968,FUN_2,FUN_3
289349,18828,CUBE_R,FUN_6
289362,10086,FUN_5,FUN_4
289384,25475,FUN_3,FUN_2
289388,23197,FUN_4,FUN_3
289409,18164,CUBE_R,FUN_6
289454,24495,FUN_2,FUN_3
289459,57,FUN_4,FUN_3
289461,813,FUN_1,FUN_2
289485,26783,FUN_3,FUN_4
289504,7787,FUN_3,FUN_2
289511,20584,CUBE_L,RET
289516,24426,FUN_6,CUBE_R
289542,5690,FUN_3,FUN_2
289578,19689,FUN_2,FUN_1
289596,25152,FUN_3,FUN_2
289601,11296,FUN_3,FUN_2
289633,13958,FUN_3,FUN_2
289671,7462,FUN_5,FUN_4
289683,2788,FUN_3,FUN_4
289695,15156,FUN_6,FUN_5
289709,25225,FUN_5,FUN_4
289716,19290,FUN_2,FUN_1
289727,26203,FUN_5,FUN_4
289728,4528,FUN_2,FUN_3
289764,23881,FUN_3,FUN_4
289786,7484,FUN_3,FUN_2
289797,24963,FUN_6,CUBE_R
289811,23099,FUN_6,CUBE_R
289811,23285,FUN_5,FUN_4
289812,16549,FUN_6,FUN_5
289823,1085,FUN_6,FUN_5
289823,28530,FUN_1,CUBE_L
289827,6782,RET,CUBE_R
289835,27295,FUN_2,FUN_3
289841,18663,CUBE_L,FUN_1
289846,17140,FUN_4,FUN_3
289864,6829,RET,CUBE_L
289869,9868,CUBE_L,RET
289892,25756,CUBE_L,RET
289930,22905,FUN_1,FUN_2
289933,16383,FUN_2,FUN_1
289965,15817,FUN_2,FUN_3
289966,8830,CUBE_L,FUN_1
289967,25756,RET,CUBE_L
289999,28845,FUN_4,FUN_3
290018,10623,FUN_2,FUN_3
290041,4164,FUN_2,FUN_3
290043,14811,FUN_1,FUN_2
290044,14931,CUBE_L,FUN_1
290074,1520,FUN_6,CUBE_R
290120,25216,FUN_5,FUN_6
290124,10891,RET,CUBE_L
290149,18171,FUN_1,CUBE_L
290156,13165,FUN_3,FUN_2
290165,14811,FUN_2,FUN_1
290165,1941,FUN_4,FUN_3
290166,29304,FUN_2,FUN_3
290170,15993,FUN_1,FUN_2
290185,14148,FUN_6,CUBE_R
290204,2045,FUN_1,FUN_2
290216,28880,FUN_4,FUN_5
290252,14811,FUN_1,FUN_2
290264,23285,FUN_4,FUN_5
290265,1713,FUN_6,CUBE_R
290266,28845,FUN_3,FUN_4
290278,28526,FUN_3,FUN_4
290297,10383,RET,CUBE_R
290298,5259,FUN_1,FUN_2
290310,25756,CUBE_L,RET
290314,15968,FUN_3,FUN_2
290352,21462,CUBE_R,FUN_6
290364,14389,FUN_3,FUN_2
290404,14899,FUN_3,FUN_4
290418,9868,RET,CUBE_L
290420,14931,FUN_1,CUBE_L
290456,141,FUN_4,FUN_3
290475,26203,FUN_4,FUN_5
290507,19446,FUN_6,FUN_5
290533,11550,FUN_2,FUN_1
290542,2788,FUN_4,FUN_3
290548,4723,FUN_3,FUN_2
290578,3504,RET,CUBE_R
290580,825,FUN_1,FUN_2
290608,26069,FUN_3,FUN_2
290616,672,FUN_2,FUN_3
290622,8793,FUN_2,FUN_3
290647,10453,FUN_2,FUN_3
290662,15993,FUN_2,FUN_1
290674,16595,CUBE_L,RET
290680,29858,FUN_3,FUN_2
290689,4723,FUN_2,FUN_3
290692,3920,FUN_2,FUN_1
290707,14811,FUN_2,FUN_1
290714,561,FUN_2,FUN_1
290763,4542,FUN_2,FUN_3
290775,7878,FUN_2,FUN_1
290801,12836,FUN_4,FUN_3
290814,3880,FUN_2,FUN_1
290823,3447,CUBE_L,RET
290824,8478,FUN_2,FUN_3
290834,15361,FUN_2,FUN_3
290860,11993,FUN_3,FUN_2
290890,17483,FUN_6,FUN_5
290899,12763,FUN_3,FUN_2
290900,27126,FUN_3,FUN_2
290901,23616,CUBE_L,RET
290928,9951,FUN_3,FUN_2
290961,8478,FUN_3,FUN_2
290966,22905,FUN_2,FUN_1
290987,22894,CUBE_L,RET
291016,24922,FUN_1,FUN_2
291032,13917,RET,CUBE_R
291032,29477,FUN_1,FUN_2
291038,4528,FUN_3,FUN_2
291086,3799,FUN_3,FUN_4
291103,28640,FUN_3,FUN_4
291109,18871,CUBE_L,FUN_1
291130,141,FUN_3,FUN_4
291137,13056,FUN_1,FUN_2
291141,26018,RET,CUBE_L
291195,16734,FUN_3,FUN_2
291216,25072,CUBE_L,RET
291220,18171,CUBE_L,FUN_1
291266,16549,FUN_5,FUN_6
291298,2394,FUN_4,FUN_5
291303,14568,FUN_2,FUN_3
291308,14865,FUN_2,FUN_1
291325,23838,FUN_2,FUN_1
291340,2978,FUN_2,FUN_1
291344,19090,FUN_1,FUN_2
291351,18383,FUN_2,FUN_3
291401,9328,FUN_5,FUN_6
291459,12131,FUN_5,FUN_4
291480,18296,FUN_4,FUN_3
291515,11521,RET,CUBE_R
291523,14899,FUN_4,FUN_3
291578,24922,FUN_2,FUN_1
291588,14568,FUN_3,FUN_2
291624,1964,FUN_2,FUN_1
291630,24617,FUN_2,FUN_3
291632,19290,FUN_1,FUN_2
291658,17044,RET,CUBE_R
291667,26855,CUBE_L,FUN_1
291674,5341,RET,CUBE_R
291688,22905,FUN_1,FUN_2
291692,13733,FUN_2,FUN_1
291703,22737,FUN_6,CUBE_R
291711,3447,RET,CUBE_L
291769,23457,FUN_5,FUN_6
291793,1020,FUN_3,FUN_2
291823,13756,CUBE_L,FUN_1
291826,11566,FUN_1,FUN_2
291830,57,FUN_3,FUN_4
291830,4164,FUN_3,FUN_2
291858,4885,FUN_4,FUN_3
291863,29215,FUN_6,FUN_5
291869,26985,CUBE_R,FUN_6
291877,9469,CUBE_R,FUN_6
291878,4411,FUN_2,FUN_3
291886,14389,FUN_2,FUN_3
291890,18891,FUN_2,FUN_3
291934,9951,FUN_2,FUN_3
291939,27167,FUN_1,CUBE_L
291940,22345,FUN_5,FUN_4
291947,29499,FUN_4,FUN_5
291953,15500,FUN_3,FUN_4
291965,17483,FUN_5,FUN_6
291965,11550,FUN_1,FUN_2
291966,6131,FUN_1,FUN_2
291978,16218,FUN_3,FUN_2
291986,28443,FUN_5,FUN_4
291988,2995,FUN_6,CUBE_R
292010,21298,FUN_2,FUN_3
292025,9361,CUBE_L,FUN_1
292025,28120,FUN_2,FUN_1
292026,24495,FUN_3,FUN_2
292068,22859,CUBE_R,FUN_6
292119,26180,FUN_1,FUN_2
292123,3454,CUBE_R,FUN_6
292129,24521,FUN_2,FUN_3
292130,11993,FUN_2,FUN_3
292132,2211,FUN_1,FUN_2
292152,29923,FUN_1,FUN_2
292153,18310,FUN_2,FUN_1
292157,23241,FUN_3,FUN_4
292218,16309,FUN_1,FUN_2
292224,16595,RET,CUBE_L
292231,2382,FUN_3,FUN_2
292233,26855,FUN_1,CUBE_L
292236,10891,CUBE_L,RET
292244,3797,FUN_2,FUN_3
292272,4528,FUN_2,FUN_3
292273,22792,RET,CUBE_L
292287,13638,CUBE_R,RET
292301,26069,FUN_2,FUN_3
292315,561,FUN_1,FUN_2
292329,19090,FUN_2,FUN_1
292355,22737,CUBE_R,FUN_6
292360,19290,FUN_2,FUN_1
292369,28108,FUN_3,FUN_4
292380,19784,FUN_3,FUN_2
292412,9751,FUN_2,FUN_3
292419,26855,CUBE_L,FUN_1
292434,8479,FUN_3,FUN_2
292443,6889,FUN_5,FUN_4
292470,29215,FUN_5,FUN_6
292514,3058,CUBE_R,FUN_6
292530,13756,FUN_1,CUBE_L
292558,29499,FUN_5,FUN_4
292575,2978,FUN_1,FUN_2
292593,24963,CUBE_R,FUN_6
292624,19095,FUN_4,FUN_3
292632,28680,FUN_2,FUN_1
292655,1941,FUN_3,FUN_4
292660,5686,FUN_4,FUN_5
292671,29524,FUN_3,FUN_2
292672,8686,FUN_3,FUN_2
292674,3285,FUN_2,FUN_1
292682,18108,CUBE_R,RET
292701,561,FUN_2,FUN_1
292709,3285,FUN_1,FUN_2
292723,9877,CUBE_L,RET
292727,17954,FUN_2,FUN_1
292730,3285,FUN_2,FUN_1
292768,3285,FUN_1,FUN_2
292770,22534,FUN_5,FUN_4
292775,9122,FUN_2,FUN_1
292795,27474,FUN_2,FUN_3
292816,7484,FUN_2,FUN_3
292844,16309,FUN_2,FUN_1
292872,29800,CUBE_R,RET
292876,24094,FUN_2,FUN_3
292878,8686,FUN_2,FUN_3
292900,21462,FUN_6,CUBE_R
292917,24922,FUN_1,FUN_2
292922,25756,RET,CUBE_L
292934,16894,FUN_3,FUN_2
292940,29117,FUN_2,FUN_1
292948,25157,FUN_5,FUN_6
292953,13756,CUBE_L,FUN_1
292960,16309,FUN_1,FUN_2
292973,5333,FUN_3,FUN_4
292982,28108,FUN_4,FUN_3
292999,9877,RET,CUBE_L
293046,15705,FUN_2,FUN_3
293048,13638,RET,CUBE_R
293049,23779,CUBE_L,RET
293070,27607,FUN_3,FUN_2
293096,8248,FUN_2,FUN_1
293098,13055,CUBE_R,RET
293107,1713,CUBE_R,FUN_6
293110,26348,FUN_4,FUN_3
293129,13733,FUN_1,FUN_2
293134,9361,FUN_1,CUBE_L
293143,16250,FUN_5,FUN_4
293147,28530,CUBE_L,FUN_1
293152,824,FUN_5,FUN_4
293192,14899,FUN_3,FUN_4
293202,13756,FUN_1,CUBE_L
293226,8686,FUN_3,FUN_2
293252,21171,FUN_1,FUN_2
293280,28811,RET,CUBE_R
293313,19515,FUN_5,FUN_4
293315,24464,FUN_3,FUN_4
293332,4594,FUN_3,FUN_2
293340,14756,FUN_4,FUN_5
293361,8675,FUN_1,CUBE_L
293362,7619,FUN_2,FUN_1
293378,12131,FUN_4,FUN_5
293434,14200,FUN_3,FUN_4
293445,820,FUN_6,CUBE_R
293459,23160,CUBE_R,RET
293461,9122,FUN_1,FUN_2
293463,793,FUN_2,FUN_3
293508,12905,RET,CUBE_R
293508,19665,CUBE_L,FUN_1
293515,7619,FUN_1,FUN_2
293521,2382,FUN_2,FUN_3
293534,12264,FUN_3,FUN_4
293541,21953,FUN_3,FUN_2
293545,5235,FUN_3,FUN_2
293567,28530,FUN_1,CUBE_L
293570,8479,FUN_2,FUN_3
293573,15361,FUN_3,FUN_2
293588,6514,CUBE_L,RET
293590,25627,FUN_3,FUN_4
293601,20991,FUN_2,FUN_3
293630,14662,FUN_6,CUBE_R
293644,8793,FUN_3,FUN_2
293646,3454,FUN_6,CUBE_R
293663,15285,FUN_2,FUN_1
293693,20033,FUN_3,FUN_4
293705,13756,CUBE_L,FUN_1
293710,3762,RET,CUBE_L
293745,1174,FUN_4,FUN_3
293750,17803,FUN_3,FUN_2
293774,3920,FUN_1,FUN_2
293785,15672,FUN_2,FUN_3
293807,25907,FUN_2,FUN_1
293810,24313,FUN_3,FUN_2
293814,22905,FUN_2,FUN_1
293828,825,FUN_2,FUN_1
293828,14389,FUN_3,FUN_2
293831,13056,FUN_2,FUN_1
293841,23561,FUN_5,FUN_6
293842,20033,FUN_4,FUN_3
293843,25157,FUN_6,FUN_5
293860,11582,FUN_2,FUN_1
293870,29807,FUN_6,CUBE_R
293876,19403,FUN_3,FUN_2
293878,18963,CUBE_R,FUN_6
293898,17601,CUBE_R,RET
293906,27845,CUBE_L,RET
293919,9361,CUBE_L,FUN_1
293928,24094,FUN_3,FUN_2
293933,14389,FUN_2,FUN_3
293934,6043,FUN_5,FUN_4
293963,910,RET,CUBE_L
293987,11850,RET,CUBE_L
294003,4882,RET,CUBE_R
294082,2788,FUN_3,FUN_4
294117,2045,FUN_2,FUN_1
294128,14865,FUN_1,FUN_2
294138,4885,FUN_3,FUN_4
294151,15285,FUN_1,FUN_2
294175,3746,CUBE_R,RET
294181,25172,RET,CUBE_R
294198,15269,FUN_5,FUN_4
294200,1845,FUN_3,FUN_2
294216,12044,FUN_1,FUN_2
294219,15631,FUN_3,FUN_2
294248,25200,FUN_4,FUN_3
294274,23838,FUN_1,FUN_2
294279,23160,RET,CUBE_R
294294,27964,FUN_3,FUN_4
294319,13761,FUN_4,FUN_5
294363,18164,FUN_6,CUBE_R
294375,13056,FUN_1,FUN_2
294392,14811,FUN_1,FUN_2
294407,19446,FUN_5,FUN_6
294435,27295,FUN_3,FUN_2
294471,9868,CUBE_L,RET
294479,27400,FUN_1,CUBE_L
294491,15039,FUN_4,FUN_5
294510,27255,FUN_4,FUN_3
294525,14872,FUN_2,FUN_3
294547,14857,FUN_2,FUN_3
294554,25334,CUBE_R,RET
294556,3806,FUN_2,FUN_3
294569,19290,FUN_1,FUN_2
294583,29800,RET,CUBE_R
294601,5333,FUN_4,FUN_3
294633,23540,FUN_4,FUN_3
294649,23560,CUBE_R,RET
294649,24517,FUN_3,FUN_2
294649,29676,RET,CUBE_L
294662,22508,FUN_2,FUN_3
294692,12044,FUN_2,FUN_1
294715,615,CUBE_R,FUN_6
294732,26855,FUN_1,CUBE_L
294742,27474,FUN_3,FUN_2
294761,25675,CUBE_R,FUN_6
294762,18296,FUN_3,FUN_4
294793,15285,FUN_2,FUN_1
294821,14841,CUBE_R,RET
294836,28419,CUBE_R,FUN_6
294860,5619,FUN_4,FUN_5
294861,27964,FUN_4,FUN_3
294889,15719,FUN_2,FUN_3
294896,2755,RET,CUBE_L
294899,11420,RET,CUBE_R
294937,29800,CUBE_R,RET
294981,25059,FUN_3,FUN_2
294991,11248,RET,CUBE_L
295015,13805,FUN_6,CUBE_R
295030,29215,FUN_6,FUN_5
295045,16250,FUN_4,FUN_5
295093,5883,RET,CUBE_L
295127,3480,FUN_2,FUN_3
295140,5164,FUN_3,FUN_2
295150,28880,FUN_5,FUN_4
295155,3797,FUN_3,FUN_2
295161,25627,FUN_4,FUN_3
295162,29807,CUBE_R,FUN_6
295167,141,FUN_4,FUN_3
295168,19552,FUN_6,FUN_5
295175,20137,FUN_4,FUN_5
295204,27255,FUN_3,FUN_4
295219,11834,RET,CUBE_L
295224,28680,FUN_1,FUN_2
295228,615,FUN_6,CUBE_R
295239,615,CUBE_R,FUN_6
295249,672,FUN_3,FUN_2
295249,5341,CUBE_R,RET
295258,2518,FUN_3,FUN_2
295259,22826,FUN_3,FUN_2
295261,29858,FUN_2,FUN_3
295271,11373,FUN_3,FUN_4
295272,29800,RET,CUBE_R
295285,18891,FUN_3,FUN_2
295290,20137,FUN_5,FUN_4
295305,18108,RET,CUBE_R
295306,23436,FUN_2,FUN_3
295322,25334,RET,CUBE_R
295326,5619,FUN_5,FUN_4
295328,16309,FUN_2,FUN_1
295337,26260,FUN_2,FUN_3
295338,8793,FUN_2,FUN_3
295349,3797,FUN_2,FUN_3
295395,9870,FUN_6,CUBE_R
295398,10486,FUN_5,FUN_4
295403,16276,FUN_3,FUN_4
295410,18853,FUN_1,FUN_2
295433,13723,FUN_3,FUN_2
295436,25627,FUN_3,FUN_4
295442,27964,FUN_3,FUN_4
295459,2882,CUBE_R,FUN_6
295463,17954,FUN_1,FUN_2
295494,2482,CUBE_R,RET
295503,19566,FUN_1,FUN_2
295510,23597,FUN_3,FUN_4
295534,6514,RET,CUBE_L
295570,19090,FUN_1,FUN_2
295572,10128,FUN_4,FUN_3
295575,23241,FUN_4,FUN_3
295598,16218,FUN_2,FUN_3
295649,21123,FUN_3,FUN_2
295672,13733,FUN_2,FUN_1
295682,3501,FUN_4,FUN_3
295686,24032,RET,CUBE_L
295698,10383,CUBE_R,RET
295703,24167,FUN_3,FUN_2
295714,18140,FUN_3,FUN_4
295753,6593,FUN_2,FUN_3
295790,3921,FUN_3,FUN_4
295826,7619,FUN_2,FUN_1
295827,19665,FUN_1,CUBE_L
295842,14283,FUN_5,FUN_4
295843,19969,FUN_5,FUN_4
295858,7497,FUN_2,FUN_3
295865,14931,CUBE_L,FUN_1
295868,18433,FUN_2,FUN_3
295873,17954,FUN_2,FUN_1
295878,6519,RET,CUBE_L
295912,793,FUN_3,FUN_2
295915,7691,FUN_3,FUN_2
295925,5619,FUN_4,FUN_5
295933,15192,FUN_5,FUN_4
295950,27474,FUN_2,FUN_3
295976,15807,CUBE_R,RET
295983,16934,FUN_6,CUBE_R
295985,354,FUN_4,FUN_5
295999,3501,FUN_3,FUN_4
296006,21943,FUN_6,CUBE_R
296019,25627,FUN_4,FUN_3
296030,8686,FUN_2,FUN_3
296039,25334,CUBE_R,RET
296056,14200,FUN_4,FUN_3
296056,28880,FUN_4,FUN_5
296058,21480,FUN_2,FUN_1
296060,17298,CUBE_R,FUN_6
296063,16449,FUN_3,FUN_2
296068,17508,FUN_2,FUN_1
296072,27167,CUBE_L,FUN_1
296075,28680,FUN_2,FUN_1
296080,26985,FUN_6,CUBE_R
296090,12044,FUN_1,FUN_2
296135,23806,CUBE_R,RET
296138,18310,FUN_1,FUN_2
296146,7690,FUN_5,FUN_4
296165,2335,CUBE_L,RET
296168,11834,CUBE_L,RET
296179,15520,CUBE_L,RET
296181,23491,FUN_2,FUN_1
296185,26178,FUN_3,FUN_2
296190,16648,CUBE_R,FUN_6
296219,1699,FUN_2,FUN_3
296220,8686,FUN_3,FUN_2
296232,12044,FUN_2,FUN_1
296254,25216,FUN_6,FUN_5
296265,28526,FUN_4,FUN_3
296298,25059,FUN_2,FUN_3
296308,2518,FUN_2,FUN_3
296317,11939,CUBE_L,FUN_1
296322,13638,CUBE_R,RET
296328,15993,FUN_1,FUN_2
296375,14481,FUN_2,FUN_1
296385,7619,FUN_1,FUN_2
296385,17199,CUBE_R,FUN_6
296401,5341,RET,CUBE_R
296412,20284,FUN_1,FUN_2
296419,25200,FUN_3,FUN_4
296422,29858,FUN_3,FUN_2
296429,20446,RET,CUBE_R
296436,21462,CUBE_R,FUN_6
296443,15635,FUN_3,FUN_4
296444,27255,FUN_4,FUN_3
296482,13767,FUN_4,FUN_3
296501,20857,FUN_3,FUN_4
296512,22481,FUN_6,CUBE_R
296523,12348,FUN_2,FUN_3
296523,18433,FUN_3,FUN_2
296535,4498,FUN_3,FUN_2
296537,18721,CUBE_L,RET
296551,6246,FUN_2,FUN_3
296604,384,FUN_2,FUN_1
296626,10597,FUN_5,FUN_6
296636,13181,FUN_2,FUN_1
296646,13056,FUN_2,FUN_1
296676,18231,RET,CUBE_L
296679,10678,FUN_2,FUN_1
296686,5619,FUN_5,FUN_4
296696,28253,CUBE_R,FUN_6
296727,23597,FUN_4,FUN_3
296754,15312,CUBE_R,RET
296760,17441,FUN_1,FUN_2
296826,8791,RET,CUBE_R
296867,12341,FUN_3,FUN_2
296914,9000,FUN_1,FUN_2
296936,16734,FUN_2,FUN_3
296945,11850,CUBE_L,RET
296972,7326,FUN_2,FUN_1
296985,21829,FUN_3,FUN_4
296987,28529,CUBE_R,RET
297047,29858,FUN_2,FUN_3
297069,4088,FUN_2,FUN_3
297085,7955,FUN_1,FUN_2
297089,19290,FUN_2,FUN_1
297099,10861,FUN_2,FUN_3
297113,5487,CUBE_L,FUN_1
297135,13964,CUBE_R,FUN_6
297143,4873,FUN_5,FUN_6
297156,4594,FUN_2,FUN_3
297177,4673,FUN_1,FUN_2
297188,2700,FUN_4,FUN_5
297199,8699,FUN_1,FUN_2
297199,26855,CUBE_L,FUN_1
297208,27167,FUN_1,CUBE_L
297210,20446,CUBE_R,RET
297235,24463,FUN_4,FUN_3
297236,20857,FUN_4,FUN_3
297245,24603,CUBE_R,FUN_6
297250,21480,FUN_1,FUN_2
297259,14329,FUN_1,FUN_2
297263,19848,FUN_2,FUN_1
297272,10486,FUN_4,FUN_5
297274,21462,FUN_6,CUBE_R
297285,354,FUN_5,FUN_4
297300,26203,FUN_5,FUN_4
297324,1699,FUN_3,FUN_2
297351,2045,FUN_1,FUN_2
297366,25282,CUBE_L,RET
297404,9870,CUBE_R,FUN_6
297416,21736,FUN_1,FUN_2
297458,13733,FUN_1,FUN_2
297464,11410,RET,CUBE_R
297502,24313,FUN_2,FUN_3
297519,9868,RET,CUBE_L
297543,15520,RET,CUBE_L
297569,19957,FUN_2,FUN_1
297575,2335,RET,CUBE_L
297575,25200,FUN_4,FUN_3
297589,22597,FUN_4,FUN_5
297600,20901,FUN_3,FUN_2
297604,672,FUN_2,FUN_3
297607,905,FUN_2,FUN_1
297626,28580,RET,CUBE_L
297627,7326,FUN_1,FUN_2
297634,24463,FUN_3,FUN_4
297642,24733,RET,CUBE_R
297655,15635,FUN_4,FUN_3
297656,14857,FUN_3,FUN_2
297678,2042,FUN_3,FUN_4
297687,19969,FUN_4,FUN_5
297690,2335,CUBE_L,RET
297712,7362,FUN_1,CUBE_L
297716,27845,RET,CUBE_L
297753,29401,FUN_6,CUBE_R
297759,10375,FUN_2,FUN_3
297767,25225,FUN_4,FUN_5
297798,25172,CUBE_R,RET
297805,16075,FUN_2,FUN_3
297818,11504,FUN_6,FUN_5
297821,16218,FUN_3,FUN_2
297824,25334,RET,CUBE_R
297832,29807,FUN_6,CUBE_R
297895,28526,FUN_3,FUN_4
297905,5341,CUBE_R,RET
297928,28880,FUN_5,FUN_4
297929,11235,FUN_2,FUN_3
297936,15923,FUN_3,FUN_2
297989,1590,FUN_3,FUN_2
298013,23197,FUN_3,FUN_4
298019,29085,FUN_2,FUN_3
298036,25334,CUBE_R,RET
298059,16549,FUN_6,FUN_5
298073,5923,FUN_4,FUN_3
298096,14980,FUN_4,FUN_3
298109,24495,FUN_2,FUN_3
298130,28580,CUBE_L,RET
298185,10234,FUN_2,FUN_1
298196,356,CUBE_L,FUN_1
298221,4398,FUN_4,FUN_3
298241,2335,RET,CUBE_L
298257,13761,FUN_5,FUN_4
298295,11512,FUN_3,FUN_2
298315,29475,FUN_2,FUN_3
298339,28680,FUN_1,FUN_2
298352,19399,FUN_3,FUN_2
298409,14947,FUN_5,FUN_6
298431,10234,FUN_1,FUN_2
298449,4498,FUN_2,FUN_3
298462,27083,FUN_2,FUN_3
298506,6726,FUN_5,FUN_6
298512,14980,FUN_3,FUN_4
298525,23540,FUN_3,FUN_4
298531,19392,FUN_5,FUN_4
298546,9430,FUN_2,FUN_1
298564,6514,CUBE_L,RET
298567,7326,FUN_2,FUN_1
298573,20148,FUN_2,FUN_1
298577,485,FUN_5,FUN_4
298603,6143,FUN_2,FUN_1
298608,2882,FUN_6,CUBE_R
298621,23568,FUN_3,FUN_4
298626,1590,FUN_2,FUN_3
298638,29085,FUN_3,FUN_2
298647,13767,FUN_3,FUN_4
298650,10597,FUN_6,FUN_5
298658,18963,FUN_6,CUBE_R
298660,19290,FUN_1,FUN_2
298669,2782,FUN_2,FUN_3
298690,25334,RET,CUBE_R
298700,24167,FUN_2,FUN_3
298719,561,FUN_1,FUN_2
298724,16075,FUN_3,FUN_2
298725,11637,FUN_3,FUN_2
298732,16549,FUN_5,FUN_6
298740,2335,CUBE_L,RET
298752,24603,FUN_6,CUBE_R
298787,3370,CUBE_R,FUN_6
298821,25235,FUN_2,FUN_3
298835,25172,RET,CUBE_R
298844,27295,FUN_2,FUN_3
298851,20417,CUBE_R,RET
298863,22720,FUN_3,FUN_2
298878,3454,CUBE_R,FUN_6
298880,11856,FUN_3,FUN_2
298901,21647,FUN_6,CUBE_R
298903,6180,FUN_3,FUN_2
298931,14283,FUN_4,FUN_5
298934,24521,FUN_3,FUN_2
298945,15292,FUN_3,FUN_2
298948,4425,FUN_2,FUN_1
298948,20988,CUBE_L,FUN_1
298963,18774,RET,CUBE_R
299023,2467,FUN_3,FUN_4
299035,22826,FUN_2,FUN_3
299064,5341,RET,CUBE_R
299080,14253,CUBE_L,RET
299082,28170,CUBE_L,FUN_1
299092,19090,FUN_2,FUN_1
299099,5690,FUN_2,FUN_3
299135,20796,FUN_2,FUN_1
299148,4772,FUN_3,FUN_2
299152,16449,FUN_2,FUN_3
299178,13277,RET,CUBE_R
299190,2467,FUN_4,FUN_3
299202,12788,CUBE_L,RET
299209,2211,FUN_2,FUN_1
299224,9868,CUBE_L,RET
299238,11850,RET,CUBE_L
299254,27964,FUN_4,FUN_3
299271,8793,FUN_3,FUN_2
299275,5883,CUBE_L,RET
299277,24963,FUN_6,CUBE_R
299299,6726,FUN_6,FUN_5
299307,19784,FUN_2,FUN_3
299320,12131,FUN_5,FUN_4
299326,18102,FUN_6,FUN_5
299327,16075,FUN_2,FUN_3
299372,25675,FUN_6,CUBE_R
299390,26180,FUN_2,FUN_1
299394,354,FUN_4,FUN_5
299446,14947,FUN_6,FUN_5
299455,12471,FUN_4,FUN_3
299465,13181,FUN_1,FUN_2
299477,24003,FUN_3,FUN_4
299491,5677,FUN_5,FUN_4
299499,22368,FUN_2,FUN_3
299510,16218,FUN_2,FUN_3
299541,10461,FUN_2,FUN_1
299553,20148,FUN_1,FUN_2
299571,2467,FUN_3,FUN_4
299576,5576,FUN_4,FUN_3
299583,11850,CUBE_L,RET
299585,3921,FUN_4,FUN_3
299628,17533,FUN_2,FUN_1
299643,16218,FUN_3,FUN_2
299658,9196,FUN_3,FUN_2
299683,24167,FUN_3,FUN_2
299686,4398,FUN_3,FUN_4
299700,7691,FUN_2,FUN_3
299715,24988,FUN_4,FUN_5
299724,21705,FUN_1,FUN_2
299779,18171,FUN_1,CUBE_L
299780,14386,CUBE_L,FUN_1
299789,4088,FUN_3,FUN_2
299798,19399,FUN_2,FUN_3
299800,25938,FUN_4,FUN_5
299807,24268,FUN_4,FUN_5
299814,27083,FUN_3,FUN_2
299815,16075,FUN_3,FUN_2
299817,813,FUN_2,FUN_1
299826,28170,FUN_1,CUBE_L
299831,12941,CUBE_R,RET
299837,13181,FUN_2,FUN_1
299854,24733,CUBE_R,RET
299855,16383,FUN_1,FUN_2
299861,29401,CUBE_R,FUN_6
299869,15968,FUN_2,FUN_3
299896,1845,FUN_2,FUN_3
299922,21409,FUN_2,FUN_3
299931,19777,CUBE_L,RET
299933,364,FUN_4,FUN_3
299989,8779,FUN_4,FUN_5
