step,particle_id,from,to
3,28736,FUN_2,FUN_3
23,11578,FUN_2,FUN_3
29,16655,FUN_5,FUN_4
34,28819,FUN_4,FUN_5
39,16655,FUN_4,FUN_5
66,26083,CUBE_R,FUN_6
68,1874,CUBE_L,RET
72,23533,FUN_1,CUBE_L
77,13527,FUN_4,FUN_3
91,27779,FUN_2,FUN_3
92,6873,RET,CUBE_R
93,15872,CUBE_R,FUN_6
96,6123,CUBE_L,FUN_1
102,18495,FUN_2,FUN_3
116,6175,FUN_2,FUN_3
126,2133,FUN_4,FUN_5
137,29028,FUN_2,FUN_3
145,21105,FUN_4,FUN_5
152,8378,FUN_4,FUN_5
158,28736,FUN_3,FUN_2
165,20682,FUN_5,FUN_6
180,13560,FUN_3,FUN_4
185,6264,FUN_4,FUN_3
186,22037,CUBE_L,FUN_1
193,22316,FUN_3,FUN_4
198,15437,CUBE_L,FUN_1
231,8877,CUBE_R,RET
254,2004,FUN_2,FUN_3
266,18149,FUN_2,FUN_3
268,11853,FUN_4,FUN_3
278,24564,FUN_5,FUN_6
278,25200,FUN_4,FUN_3
293,24057,FUN_2,FUN_1
301,26169,FUN_4,FUN_3
307,2184,FUN_6,CUBE_R
311,8541,CUBE_R,RET
313,24082,RET,CUBE_L
318,25907,FUN_1,FUN_2
329,28951,FUN_5,FUN_6
341,281,FUN_2,FUN_3
348,7205,RET,CUBE_L
356,6944,FUN_2,FUN_1
364,19041,FUN_1,FUN_2
365,14266,FUN_5,FUN_6
370,9282,FUN_6,CUBE_R
377,17714,FUN_4,FUN_3
380,5629,FUN_1,FUN_2
384,7647,FUN_3,FUN_4
399,15095,FUN_3,FUN_2
404,14022,FUN_3,FUN_2
412,4459,FUN_6,CUBE_R
428,11063,RET,CUBE_R
434,10291,FUN_1,FUN_2
437,14469,FUN_3,FUN_2
449,14667,FUN_2,FUN_3
454,24909,FUN_2,FUN_3
467,26110,FUN_2,FUN_3
480,14454,FUN_3,FUN_4
493,8536,RET,CUBE_L
495,16165,FUN_1,FUN_2
499,24057,FUN_1,FUN_2
500,15965,FUN_5,FUN_4
501,3480,FUN_2,FUN_1
507,456,RET,CUBE_R
530,2003,FUN_6,FUN_5
531,20348,FUN_2,FUN_3
537,8834,FUN_3,FUN_2
542,7474,FUN_1,FUN_2
574,7912,FUN_1,FUN_2
582,12387,CUBE_L,RET
587,561,FUN_1,FUN_2
590,14266,FUN_6,FUN_5
593,5910,FUN_3,FUN_2
601,26449,FUN_3,FUN_2
609,8699,FUN_1,FUN_2
609,15705,FUN_3,FUN_2
620,20391,FUN_1,CUBE_L
631,14136,FUN_4,FUN_3
652,23206,CUBE_R,RET
660,29215,FUN_4,FUN_5
671,16589,FUN_3,FUN_4
675,29242,FUN_4,FUN_3
684,26247,FUN_1,FUN_2
690,17465,FUN_4,FUN_3
694,2925,FUN_1,FUN_2
695,13711,FUN_5,FUN_4
703,25442,FUN_1,FUN_2
716,27156,FUN_2,FUN_1
719,27156,FUN_1,FUN_2
725,26862,FUN_1,FUN_2
729,13741,FUN_6,CUBE_R
751,14287,FUN_3,FUN_4
751,15872,FUN_6,CUBE_R
751,28722,FUN_4,FUN_3
752,2444,RET,CUBE_R
754,24495,FUN_3,FUN_2
763,14831,FUN_4,FUN_5
816,9994,CUBE_L,RET
818,11584,FUN_4,FUN_5
828,20415,FUN_2,FUN_3
835,8918,FUN_1,FUN_2
840,21225,FUN_6,FUN_5
861,11184,FUN_5,FUN_6
873,10686,FUN_2,FUN_3
879,19566,FUN_1,FUN_2
894,24798,RET,CUBE_R
915,9335,FUN_5,FUN_4
916,13450,FUN_2,FUN_1
936,1771,FUN_2,FUN_3
937,8838,FUN_1,CUBE_L
938,6873,CUBE_R,RET
939,14831,FUN_5,FUN_4
949,1566,FUN_3,FUN_2
955,3618,FUN_4,FUN_5
962,21440,FUN_4,FUN_3
968,13822,FUN_1,FUN_2
979,11853,FUN_3,FUN_4
990,14223,CUBE_R,RET
1002,28541,FUN_3,FUN_2
1006,28606,FUN_2,FUN_1
1012,27156,FUN_2,FUN_1
1034,23030,FUN_3,FUN_4
1037,8918,FUN_2,FUN_1
1070,987,FUN_2,FUN_1
1070,20410,FUN_1,CUBE_L
1079,11563,FUN_2,FUN_3
1081,15536,FUN_2,FUN_3
1081,25567,FUN_1,FUN_2
1086,14136,FUN_3,FUN_4
1098,6164,FUN_1,FUN_2
1099,20369,FUN_2,FUN_3
1112,20158,CUBE_R,RET
1114,26520,FUN_4,FUN_3
1120,15536,FUN_3,FUN_2
1121,560,FUN_4,FUN_5
1136,21298,FUN_3,FUN_2
1138,5448,FUN_2,FUN_3
1148,5065,FUN_2,FUN_1
1148,21604,FUN_4,FUN_3
1152,24495,FUN_2,FUN_3
1158,21449,FUN_3,FUN_4
1161,15480,FUN_5,FUN_4
1162,11747,RET,CUBE_L
1162,18317,RET,CUBE_L
1165,7647,FUN_4,FUN_3
1166,10085,FUN_3,FUN_2
1175,22316,FUN_4,FUN_3
1182,2716,FUN_2,FUN_1
1192,26498,FUN_1,FUN_2
1199,15298,FUN_3,FUN_2
1207,2364,FUN_2,FUN_3
1229,2398,FUN_2,FUN_3
1238,213,FUN_6,CUBE_R
1253,20233,FUN_2,FUN_3
1268,7371,FUN_1,FUN_2
1310,7716,RET,CUBE_R
1318,29358,FUN_2,FUN_1
1329,16062,FUN_3,FUN_2
1344,25323,CUBE_L,RET
1345,2004,FUN_3,FUN_2
1346,19487,FUN_2,FUN_1
1364,26642,FUN_3,FUN_2
1374,9196,FUN_3,FUN_4
1381,10223,FUN_2,FUN_3
1391,20348,FUN_3,FUN_2
1407,12326,FUN_3,FUN_4
1411,7167,FUN_4,FUN_5
1425,8131,FUN_3,FUN_2
1425,14648,FUN_3,FUN_4
1428,23236,FUN_3,FUN_4
1431,10240,RET,CUBE_L
1432,6703,FUN_1,CUBE_L
1432,7536,RET,CUBE_R
1447,20415,FUN_3,FUN_2
1448,29952,FUN_1,FUN_2
1453,15632,FUN_6,CUBE_R
1459,28083,FUN_3,FUN_4
1462,7349,FUN_3,FUN_4
1462,7484,FUN_1,FUN_2
1462,20719,FUN_6,FUN_5
1465,26110,FUN_3,FUN_2
1483,19990,FUN_4,FUN_5
1491,20333,FUN_2,FUN_1
1493,23440,RET,CUBE_R
1511,25701,FUN_3,FUN_2
1516,20807,FUN_2,FUN_1
1529,9294,CUBE_L,RET
1540,11184,FUN_6,FUN_5
1546,456,CUBE_R,RET
1547,14287,FUN_4,FUN_3
1550,7390,FUN_1,FUN_2
1567,14329,FUN_2,FUN_1
1570,13946,FUN_1,FUN_2
1576,21042,FUN_2,FUN_3
1581,27928,FUN_4,FUN_5
1598,27086,FUN_4,FUN_3
1612,10895,FUN_3,FUN_2
1617,24922,FUN_3,FUN_2
1632,9661,FUN_5,FUN_6
1650,23609,FUN_4,FUN_5
1651,544,RET,CUBE_R
1654,1805,FUN_5,FUN_6
1657,6873,RET,CUBE_R
1663,16589,FUN_4,FUN_3
1664,24333,CUBE_R,RET
1672,26239,FUN_6,CUBE_R
1678,19395,FUN_2,FUN_1
1685,18457,FUN_3,FUN_2
1689,3042,CUBE_L,FUN_1
1691,7547,FUN_6,CUBE_R
1714,16417,CUBE_L,RET
1716,29952,FUN_2,FUN_1
1734,22462,FUN_3,FUN_2
1746,20537,FUN_3,FUN_2
1751,23704,FUN_5,FUN_6
1754,17167,FUN_2,FUN_1
1761,11443,FUN_1,CUBE_L
1761,14329,FUN_1,FUN_2
1763,2899,CUBE_R,RET
1775,11184,FUN_5,FUN_6
1779,28024,CUBE_R,FUN_6
1780,7806,FUN_3,FUN_2
1793,19666,FUN_3,FUN_2
1808,20348,FUN_2,FUN_3
1817,13380,RET,CUBE_L
1818,29242,FUN_3,FUN_4
1829,19354,CUBE_R,FUN_6
1829,23314,CUBE_R,RET
1834,26327,FUN_1,CUBE_L
1848,14648,FUN_4,FUN_3
1848,17739,RET,CUBE_R
1854,6557,FUN_5,FUN_4
1856,21668,CUBE_L,RET
1865,20369,FUN_3,FUN_2
1869,26128,RET,CUBE_R
1875,3210,FUN_5,FUN_4
1875,11767,FUN_4,FUN_5
1878,26327,CUBE_L,FUN_1
1888,15947,FUN_4,FUN_5
1897,16165,FUN_2,FUN_1
1911,16888,FUN_2,FUN_1
1913,16589,FUN_3,FUN_4
1926,19340,FUN_2,FUN_3
1928,20415,FUN_2,FUN_3
1933,6810,FUN_2,FUN_3
1935,21829,FUN_2,FUN_3
1942,19744,FUN_4,FUN_5
1943,20369,FUN_2,FUN_3
1948,24636,FUN_1,CUBE_L
1953,9868,CUBE_L,RET
1960,8958,FUN_2,FUN_3
1961,3530,FUN_2,FUN_3
1966,14089,FUN_4,FUN_5
1971,29744,FUN_4,FUN_3
1977,19168,RET,CUBE_R
1979,8793,FUN_3,FUN_2
1985,29432,FUN_4,FUN_3
1993,21109,CUBE_L,FUN_1
2012,5665,RET,CUBE_R
2018,13380,CUBE_L,RET
2018,16589,FUN_4,FUN_3
2032,28657,RET,CUBE_L
2046,1960,CUBE_L,RET
2046,8417,FUN_4,FUN_3
2047,14688,FUN_3,FUN_2
2050,3118,FUN_1,FUN_2
2053,9122,FUN_2,FUN_1
2066,2398,FUN_3,FUN_2
2076,22037,FUN_1,CUBE_L
2089,27688,FUN_3,FUN_2
2111,11184,FUN_6,FUN_5
2118,14454,FUN_4,FUN_3
2122,13476,CUBE_L,FUN_1
2125,17711,FUN_3,FUN_2
2129,23481,FUN_4,FUN_5
2144,879,FUN_5,FUN_6
2144,26327,FUN_1,CUBE_L
2146,24054,FUN_4,FUN_5
2146,25981,FUN_1,FUN_2
2162,25718,CUBE_L,RET
2174,11853,FUN_4,FUN_3
2177,18830,FUN_4,FUN_3
2184,24489,CUBE_R,RET
2196,23435,CUBE_R,RET
2208,1491,FUN_3,FUN_4
2209,213,CUBE_R,FUN_6
2216,5676,FUN_3,FUN_2
2226,21298,FUN_2,FUN_3
2237,28357,FUN_1,FUN_2
2267,24418,FUN_2,FUN_1
2269,25225,FUN_3,FUN_4
2275,19515,FUN_3,FUN_4
2275,19600,FUN_6,FUN_5
2285,27524,FUN_6,FUN_5
2298,15156,FUN_6,FUN_5
2299,24044,FUN_2,FUN_1
2300,23440,CUBE_R,RET
2316,21225,FUN_5,FUN_6
2328,29952,FUN_1,FUN_2
2343,11578,FUN_3,FUN_2
2349,28372,CUBE_L,RET
2354,27913,FUN_1,FUN_2
2357,5676,FUN_2,FUN_3
2359,23919,CUBE_L,FUN_1
2370,20119,FUN_1,FUN_2
2371,15298,FUN_2,FUN_3
2379,20063,FUN_2,FUN_1
2391,16589,FUN_3,FUN_4
2400,23030,FUN_4,FUN_3
2405,8383,CUBE_R,RET
2406,29251,FUN_2,FUN_3
2411,27688,FUN_2,FUN_3
2423,22316,FUN_3,FUN_4
2425,1113,FUN_1,FUN_2
2442,14743,FUN_3,FUN_2
2446,18112,RET,CUBE_L
2455,17798,FUN_2,FUN_3
2465,27415,FUN_2,FUN_1
2471,17111,FUN_3,FUN_2
2472,6478,FUN_3,FUN_2
2476,23587,FUN_3,FUN_2
2477,10086,FUN_5,FUN_4
2494,29602,FUN_6,FUN_5
2506,14223,RET,CUBE_R
2522,20598,FUN_3,FUN_2
2541,5898,CUBE_R,FUN_6
2552,17343,FUN_3,FUN_2
2559,3210,FUN_4,FUN_5
2563,28509,CUBE_L,RET
2584,9294,RET,CUBE_L
2590,22508,FUN_2,FUN_1
2593,28245,FUN_1,FUN_2
2594,20645,FUN_2,FUN_1
2604,24942,RET,CUBE_R
2617,16586,FUN_1,FUN_2
2622,23868,FUN_2,FUN_3
2629,18490,FUN_5,FUN_4
2657,2004,FUN_2,FUN_3
2668,6944,FUN_1,FUN_2
2679,11584,FUN_5,FUN_4
2680,18351,FUN_5,FUN_4
2682,24955,FUN_3,FUN_2
2683,28606,FUN_1,FUN_2
2687,213,FUN_6,CUBE_R
2688,19354,FUN_6,CUBE_R
2706,2660,FUN_3,FUN_2
2740,22061,FUN_1,FUN_2
2769,21604,FUN_3,FUN_4
2783,17167,FUN_1,FUN_2
2789,5031,FUN_4,FUN_3
2791,26718,FUN_3,FUN_4
2809,23435,RET,CUBE_R
2813,26681,FUN_2,FUN_3
2816,21933,FUN_6,FUN_5
2825,14805,FUN_5,FUN_4
2827,6039,FUN_2,FUN_1
2857,9112,FUN_4,FUN_5
2867,8378,FUN_5,FUN_4
2875,1874,RET,CUBE_L
2889,640,FUN_5,FUN_6
2932,29251,FUN_3,FUN_2
2934,20645,FUN_1,FUN_2
2979,18622,FUN_6,FUN_5
2986,17724,RET,CUBE_R
2987,24963,FUN_6,CUBE_R
2991,4481,FUN_5,FUN_4
2999,73,FUN_1,FUN_2
3018,6168,FUN_5,FUN_6
3025,13455,FUN_2,FUN_3
3027,6690,FUN_1,FUN_2
3027,20333,FUN_1,FUN_2
3030,8417,FUN_3,FUN_4
3038,21225,FUN_6,FUN_5
3056,8417,FUN_4,FUN_3
3061,22037,CUBE_L,FUN_1
3071,4459,CUBE_R,FUN_6
3079,14800,CUBE_R,RET
3080,19744,FUN_5,FUN_4
3101,20063,FUN_1,FUN_2
3111,461,FUN_2,FUN_3
3111,19860,FUN_1,FUN_2
3114,21662,FUN_3,FUN_2
3131,16356,FUN_6,FUN_5
3139,24051,FUN_2,FUN_1
3148,18268,RET,CUBE_L
3162,18149,FUN_3,FUN_2
3191,19649,CUBE_L,FUN_1
3192,7101,FUN_2,FUN_3
3195,17137,FUN_3,FUN_2
3207,16804,FUN_3,FUN_4
3212,13979,FUN_5,FUN_6
3213,16894,FUN_2,FUN_3
3229,1637,FUN_2,FUN_3
3243,2625,FUN_4,FUN_5
3252,1493,RET,CUBE_L
3252,7617,FUN_2,FUN_1
3266,29144,FUN_1,FUN_2
3284,26239,CUBE_R,FUN_6
3305,11563,FUN_3,FUN_2
3315,22077,RET,CUBE_R
3323,3480,FUN_1,FUN_2
3323,21225,FUN_5,FUN_6
3329,754,FUN_1,FUN_2
3329,11721,FUN_3,FUN_2
3330,17040,FUN_2,FUN_3
3341,14089,FUN_5,FUN_4
3342,8301,FUN_1,FUN_2
3342,22800,FUN_1,FUN_2
3351,26414,FUN_5,FUN_6
3355,21396,RET,CUBE_R
3376,9809,FUN_5,FUN_4
3385,21484,RET,CUBE_R
3386,21668,RET,CUBE_L
3388,14831,FUN_4,FUN_5
3397,1595,FUN_6,FUN_5
3405,6180,FUN_2,FUN_3
3409,6172,FUN_6,CUBE_R
3409,17915,CUBE_L,RET
3447,11063,CUBE_R,RET
3456,5186,FUN_2,FUN_3
3456,14506,FUN_1,FUN_2
3486,17167,FUN_2,FUN_1
3499,11767,FUN_5,FUN_4
3505,6043,FUN_5,FUN_4
3524,19245,FUN_3,FUN_2
3534,24909,FUN_3,FUN_2
3536,17220,FUN_4,FUN_5
3537,16721,FUN_4,FUN_5
3539,25250,FUN_1,FUN_2
3545,7007,CUBE_R,FUN_6
3548,29627,FUN_2,FUN_3
3550,18207,FUN_3,FUN_4
3552,24055,FUN_3,FUN_4
3558,15626,RET,CUBE_R
3565,8541,RET,CUBE_R
3566,14089,FUN_4,FUN_5
3579,9425,FUN_2,FUN_3
3579,23704,FUN_6,FUN_5
3579,26239,FUN_6,CUBE_R
3580,7059,FUN_2,FUN_3
3588,7664,FUN_6,CUBE_R
3595,15947,FUN_5,FUN_4
3622,11563,FUN_2,FUN_3
3634,7484,FUN_2,FUN_1
3635,1805,FUN_6,FUN_5
3644,23435,CUBE_R,RET
3648,13979,FUN_6,FUN_5
3658,1008,FUN_1,FUN_2
3658,21218,CUBE_L,RET
3661,11831,RET,CUBE_R
3678,10169,CUBE_L,RET
3680,6478,FUN_2,FUN_3
3681,28507,FUN_3,FUN_2
3705,26498,FUN_2,FUN_1
3707,21985,FUN_1,FUN_2
3719,905,FUN_2,FUN_1
3735,24564,FUN_6,FUN_5
3740,18223,CUBE_R,RET
3751,26110,FUN_2,FUN_3
3751,29251,FUN_2,FUN_3
3754,2133,FUN_5,FUN_4
3764,7547,CUBE_R,FUN_6
3775,2625,FUN_5,FUN_4
3776,7101,FUN_3,FUN_2
3781,26239,CUBE_R,FUN_6
3783,6164,FUN_2,FUN_1
3797,23587,FUN_2,FUN_3
3805,13979,FUN_5,FUN_6
3812,25509,CUBE_R,RET
3813,21874,RET,CUBE_R
3815,11832,CUBE_R,RET
3816,3629,FUN_2,FUN_3
3817,15947,FUN_4,FUN_5
3824,5044,RET,CUBE_L
3824,15662,FUN_3,FUN_4
3831,23435,RET,CUBE_R
3846,5675,FUN_1,FUN_2
3846,26128,CUBE_R,RET
3854,7622,CUBE_L,FUN_1
3878,5425,FUN_4,FUN_3
3892,11767,FUN_4,FUN_5
3892,11832,RET,CUBE_R
3902,23481,FUN_5,FUN_4
3917,21948,RET,CUBE_L
3918,12572,FUN_1,FUN_2
3923,1960,RET,CUBE_L
3923,10085,FUN_2,FUN_3
3925,24495,FUN_3,FUN_2
3938,467,FUN_4,FUN_5
3948,19469,FUN_5,FUN_6
3952,7942,CUBE_L,RET
3954,11832,CUBE_R,RET
3964,11184,FUN_5,FUN_6
3968,1202,FUN_1,FUN_2
3969,21527,FUN_6,CUBE_R
3977,23631,FUN_2,FUN_1
3993,25718,RET,CUBE_L
4008,2941,CUBE_L,RET
4012,10503,CUBE_L,FUN_1
4020,16589,FUN_4,FUN_3
4046,5722,FUN_2,FUN_1
4049,3629,FUN_3,FUN_2
4050,7617,FUN_1,FUN_2
4050,9869,FUN_2,FUN_3
4056,8793,FUN_2,FUN_3
4067,12134,FUN_2,FUN_1
4071,4776,FUN_3,FUN_4
4098,4910,RET,CUBE_R
4102,16579,FUN_2,FUN_1
4108,9923,FUN_4,FUN_5
4123,19671,FUN_2,FUN_3
4146,11095,FUN_3,FUN_2
4162,17137,FUN_2,FUN_3
4164,21109,FUN_1,CUBE_L
4173,29825,RET,CUBE_L
4191,1443,FUN_6,CUBE_R
4194,5898,FUN_6,CUBE_R
4203,21406,FUN_1,FUN_2
4207,13112,FUN_1,FUN_2
4226,18317,CUBE_L,RET
4270,18092,FUN_2,FUN_1
4280,22316,FUN_4,FUN_3
4282,8542,FUN_4,FUN_5
4288,29845,FUN_5,FUN_6
4297,24345,FUN_2,FUN_1
4298,21948,CUBE_L,RET
4309,11403,RET,CUBE_R
4315,24066,FUN_2,FUN_3
4318,22099,FUN_2,FUN_1
4324,26862,FUN_2,FUN_1
4331,5860,FUN_5,FUN_4
4342,5108,FUN_2,FUN_1
4343,23631,FUN_1,FUN_2
4351,20598,FUN_2,FUN_3
4353,4036,FUN_2,FUN_3
4361,12803,FUN_2,FUN_3
4364,14800,RET,CUBE_R
4366,2625,FUN_4,FUN_5
4367,23718,CUBE_L,FUN_1
4373,19475,CUBE_R,RET
4383,15431,FUN_1,FUN_2
4389,13979,FUN_6,FUN_5
4399,6557,FUN_4,FUN_5
4406,9923,FUN_5,FUN_4
4414,9001,CUBE_L,RET
4418,1852,FUN_6,CUBE_R
4429,22842,FUN_1,FUN_2
4431,11767,FUN_5,FUN_4
4438,9869,FUN_3,FUN_2
4449,10654,FUN_2,FUN_1
4461,2133,FUN_4,FUN_5
4478,21963,CUBE_R,RET
4492,26185,FUN_2,FUN_1
4493,16804,FUN_4,FUN_3
4501,11832,RET,CUBE_R
4514,22789,FUN_1,FUN_2
4518,843,RET,CUBE_R
4526,13542,RET,CUBE_L
4527,7499,FUN_1,FUN_2
4535,28676,CUBE_R,RET
4538,26981,FUN_2,FUN_1
4543,9294,CUBE_L,RET
4545,13909,FUN_2,FUN_3
4557,28024,FUN_6,CUBE_R
4565,10962,FUN_2,FUN_1
4571,24922,FUN_2,FUN_3
4581,4036,FUN_3,FUN_2
4599,2303,FUN_2,FUN_3
4603,13979,FUN_5,FUN_6
4605,21926,FUN_3,FUN_2
4609,9425,FUN_3,FUN_2
4609,16718,FUN_1,FUN_2
4617,22040,FUN_1,FUN_2
4635,5311,FUN_1,CUBE_L
4635,22508,FUN_1,FUN_2
4636,3480,FUN_2,FUN_1
4661,25809,FUN_4,FUN_3
4664,28372,RET,CUBE_L
4666,2211,FUN_1,FUN_2
4670,9869,FUN_2,FUN_3
4680,22462,FUN_2,FUN_3
4682,3144,FUN_2,FUN_3
4686,7349,FUN_4,FUN_3
4698,23435,CUBE_R,RET
4718,29893,FUN_3,FUN_2
4725,1248,RET,CUBE_R
4749,23094,FUN_3,FUN_2
4762,15411,RET,CUBE_R
4766,6180,FUN_3,FUN_2
4770,4279,FUN_3,FUN_2
4779,3983,FUN_3,FUN_2
4779,24055,FUN_4,FUN_3
4780,573,CUBE_L,RET
4790,28819,FUN_5,FUN_4
4805,4036,FUN_2,FUN_3
4826,29952,FUN_2,FUN_1
4841,13203,CUBE_L,RET
4844,4036,FUN_3,FUN_2
4850,16579,FUN_1,FUN_2
4854,10223,FUN_3,FUN_2
4879,9335,FUN_4,FUN_5
4899,26185,FUN_1,FUN_2
4902,9112,FUN_5,FUN_4
4913,21109,CUBE_L,FUN_1
4913,26348,FUN_3,FUN_4
4922,24044,FUN_1,FUN_2
4935,29443,FUN_2,FUN_1
4953,14287,FUN_3,FUN_4
4959,1960,CUBE_L,RET
4969,6163,FUN_3,FUN_4
4969,13822,FUN_2,FUN_1
4970,6180,FUN_2,FUN_3
4975,5898,CUBE_R,FUN_6
4977,21042,FUN_3,FUN_2
4982,18851,FUN_2,FUN_1
4987,9951,FUN_3,FUN_2
5003,9923,FUN_4,FUN_5
5004,29251,FUN_3,FUN_2
5007,14609,FUN_3,FUN_2
5008,1566,FUN_2,FUN_3
5028,2226,RET,CUBE_R
5028,24922,FUN_3,FUN_2
5032,26988,FUN_2,FUN_3
5038,7595,RET,CUBE_R
5059,29251,FUN_2,FUN_3
5084,27231,FUN_3,FUN_2
5098,5675,FUN_2,FUN_1
5102,23076,FUN_4,FUN_3
5109,8693,FUN_2,FUN_1
5110,24495,FUN_2,FUN_3
5112,9001,RET,CUBE_L
5118,23704,FUN_5,FUN_6
5123,20298,FUN_2,FUN_3
5126,7622,FUN_1,CUBE_L
5131,14743,FUN_2,FUN_3
5146,21668,CUBE_L,RET
5150,13455,FUN_3,FUN_2
5162,2067,FUN_2,FUN_3
5166,3686,FUN_3,FUN_2
5175,18324,FUN_3,FUN_4
5179,9919,FUN_2,FUN_1
5182,20075,FUN_2,FUN_1
5186,14899,FUN_3,FUN_2
5216,13203,RET,CUBE_L
5217,19853,FUN_1,FUN_2
5218,3471,CUBE_R,FUN_6
5224,21668,RET,CUBE_L
5227,20660,FUN_3,FUN_2
5237,14469,FUN_2,FUN_3
5242,1346,FUN_3,FUN_2
5246,1819,FUN_1,FUN_2
5256,28783,FUN_3,FUN_4
5264,16579,FUN_2,FUN_1
5269,8542,FUN_5,FUN_4
5278,18252,FUN_2,FUN_1
5289,5793,CUBE_R,FUN_6
5298,18102,FUN_6,FUN_5
5308,796,FUN_2,FUN_3
5323,15682,FUN_6,FUN_5
5323,27231,FUN_2,FUN_3
5331,29144,FUN_2,FUN_1
5337,9869,FUN_3,FUN_2
5350,11767,FUN_4,FUN_5
5356,25935,FUN_3,FUN_2
5360,28174,FUN_1,FUN_2
5374,3705,FUN_1,FUN_2
5375,6085,FUN_2,FUN_1
5378,23868,FUN_3,FUN_2
5379,12326,FUN_4,FUN_3
5382,13164,FUN_3,FUN_4
5392,1248,CUBE_R,RET
5410,16417,RET,CUBE_L
5423,20728,FUN_3,FUN_4
5466,23868,FUN_2,FUN_3
5469,23491,FUN_3,FUN_2
5472,1461,FUN_3,FUN_2
5474,20535,FUN_2,FUN_3
5483,1443,CUBE_R,FUN_6
5483,23868,FUN_3,FUN_2
5493,13542,CUBE_L,RET
5505,25037,FUN_2,FUN_3
5509,20810,FUN_6,FUN_5
5533,6432,FUN_5,FUN_4
5545,534,FUN_1,FUN_2
5561,905,FUN_1,FUN_2
5572,16383,FUN_3,FUN_2
5575,19853,FUN_2,FUN_1
5585,15947,FUN_5,FUN_4
5589,24734,FUN_6,FUN_5
5591,19036,CUBE_L,FUN_1
5597,9951,FUN_2,FUN_3
5609,2782,FUN_1,FUN_2
5610,7101,FUN_2,FUN_3
5610,18627,CUBE_R,RET
5614,28691,FUN_3,FUN_4
5646,21225,FUN_6,FUN_5
5647,10929,FUN_3,FUN_2
5651,19744,FUN_4,FUN_5
5666,6901,FUN_1,FUN_2
5706,10066,FUN_2,FUN_3
5712,5898,FUN_6,CUBE_R
5712,13613,FUN_2,FUN_3
5712,23587,FUN_3,FUN_2
5714,6557,FUN_5,FUN_4
5716,13450,FUN_1,FUN_2
5728,18906,FUN_3,FUN_2
5729,2569,RET,CUBE_L
5738,4800,FUN_4,FUN_3
5745,6264,FUN_3,FUN_4
5755,17208,FUN_2,FUN_1
5763,25292,FUN_3,FUN_2
5763,26548,FUN_2,FUN_3
5765,25935,FUN_2,FUN_3
5766,11838,CUBE_R,RET
5788,10929,FUN_2,FUN_3
5800,10240,CUBE_L,RET
5812,1590,FUN_3,FUN_2
5821,8783,CUBE_L,RET
5830,23587,FUN_2,FUN_3
5838,10066,FUN_3,FUN_2
5841,23820,FUN_2,FUN_1
5842,8478,FUN_1,FUN_2
5843,23868,FUN_2,FUN_3
5856,11504,FUN_6,CUBE_R
5859,11578,FUN_2,FUN_3
5863,2184,CUBE_R,FUN_6
5863,6039,FUN_1,FUN_2
5869,6901,FUN_2,FUN_1
5881,23076,FUN_3,FUN_4
5908,24189,FUN_1,CUBE_L
5909,16718,FUN_2,FUN_1
5917,5123,FUN_1,FUN_2
5926,4275,FUN_3,FUN_2
5928,12134,FUN_1,FUN_2
5954,27231,FUN_3,FUN_2
5967,28391,FUN_3,FUN_4
5981,14745,FUN_3,FUN_2
6009,16763,FUN_1,FUN_2
6014,20807,FUN_1,FUN_2
6023,7484,FUN_1,FUN_2
6034,7788,FUN_3,FUN_2
6043,10530,FUN_2,FUN_3
6050,1443,FUN_6,CUBE_R
6066,6085,FUN_1,FUN_2
6066,17111,FUN_2,FUN_3
6068,1541,FUN_2,FUN_1
6072,8383,RET,CUBE_R
6088,15952,FUN_4,FUN_5
6089,1701,FUN_1,FUN_2
6092,3615,FUN_4,FUN_3
6116,18214,FUN_2,FUN_3
6125,9001,CUBE_L,RET
6127,9951,FUN_3,FUN_2
6134,986,FUN_3,FUN_2
6139,12856,FUN_1,FUN_2
6140,27481,FUN_2,FUN_1
6149,9097,CUBE_L,RET
6161,18591,FUN_2,FUN_3
6172,25292,FUN_2,FUN_3
6174,3686,FUN_2,FUN_3
6175,11657,FUN_3,FUN_2
6180,29825,CUBE_L,RET
6181,27231,FUN_2,FUN_3
6193,19666,FUN_2,FUN_3
6212,27755,FUN_1,FUN_2
6219,21829,FUN_3,FUN_2
6219,25250,FUN_2,FUN_1
6233,13455,FUN_2,FUN_3
6241,26431,FUN_4,FUN_3
6243,8478,FUN_2,FUN_1
6247,18149,FUN_2,FUN_3
6251,20810,FUN_5,FUN_6
6252,2133,FUN_5,FUN_4
6258,9588,RET,CUBE_L
6263,7664,CUBE_R,FUN_6
6267,110,FUN_2,FUN_1
6275,29028,FUN_3,FUN_2
6276,2157,FUN_6,CUBE_R
6281,24874,FUN_3,FUN_4
6293,13181,FUN_1,FUN_2
6300,18929,FUN_2,FUN_1
6314,29251,FUN_3,FUN_2
6346,2005,FUN_3,FUN_2
6347,26320,FUN_2,FUN_1
6384,4772,FUN_3,FUN_2
6386,18906,FUN_2,FUN_3
6398,10654,FUN_1,FUN_2
6399,18627,RET,CUBE_R
6401,2782,FUN_2,FUN_1
6408,2283,FUN_2,FUN_3
6417,22302,FUN_1,FUN_2
6419,22040,FUN_2,FUN_1
6442,23609,FUN_5,FUN_4
6444,8478,FUN_1,FUN_2
6467,17928,FUN_6,CUBE_R
6468,9001,RET,CUBE_L
6475,5709,FUN_6,FUN_5
6475,18271,FUN_4,FUN_5
6476,24734,FUN_5,FUN_6
6490,21109,FUN_1,CUBE_L
6516,19036,FUN_1,CUBE_L
6531,17208,FUN_1,FUN_2
6532,23076,FUN_4,FUN_3
6534,20745,FUN_4,FUN_5
6536,6043,FUN_4,FUN_5
6543,7007,FUN_6,CUBE_R
6556,11114,RET,CUBE_R
6578,1393,FUN_2,FUN_1
6578,1960,RET,CUBE_L
6578,6093,FUN_2,FUN_3
6587,12071,FUN_3,FUN_2
6589,17435,FUN_5,FUN_6
6592,4288,FUN_3,FUN_2
6596,13613,FUN_3,FUN_2
6601,5944,FUN_3,FUN_2
6637,4411,FUN_2,FUN_3
6642,18324,FUN_4,FUN_3
6644,26409,CUBE_R,RET
6647,1590,FUN_2,FUN_3
6652,7942,RET,CUBE_L
6666,9097,RET,CUBE_L
6674,29004,FUN_1,FUN_2
6690,21110,FUN_1,FUN_2
6700,14852,FUN_3,FUN_2
6715,12856,FUN_2,FUN_1
6724,5860,FUN_4,FUN_5
6731,17711,FUN_2,FUN_3
6745,26239,FUN_6,CUBE_R
6748,19802,FUN_1,FUN_2
6774,22302,FUN_2,FUN_1
6786,26681,FUN_3,FUN_2
6795,21361,FUN_5,FUN_4
6801,16417,CUBE_L,RET
6816,21680,CUBE_R,RET
6823,13986,FUN_1,FUN_2
6850,9097,CUBE_L,RET
6851,10223,FUN_2,FUN_3
6851,24675,CUBE_R,FUN_6
6856,20719,FUN_5,FUN_6
6869,5310,FUN_2,FUN_1
6876,15431,FUN_2,FUN_1
6886,13455,FUN_3,FUN_2
6887,19536,FUN_2,FUN_3
6905,27156,FUN_1,FUN_2
6915,11210,FUN_3,FUN_4
6923,24489,RET,CUBE_R
6926,15536,FUN_2,FUN_3
6929,4485,FUN_2,FUN_1
6930,5425,FUN_3,FUN_4
6937,13821,RET,CUBE_L
6941,6085,FUN_2,FUN_1
6965,1493,CUBE_L,RET
6972,21361,FUN_4,FUN_5
6974,1162,FUN_2,FUN_3
6983,4583,FUN_2,FUN_3
6989,24055,FUN_3,FUN_4
6989,29117,FUN_1,FUN_2
6992,10310,FUN_1,FUN_2
6996,1541,FUN_1,FUN_2
7007,17954,FUN_2,FUN_1
7011,20719,FUN_6,FUN_5
7024,9294,RET,CUBE_L
7029,5171,FUN_2,FUN_3
7029,8542,FUN_4,FUN_5
7036,20645,FUN_2,FUN_1
7046,1590,FUN_3,FUN_2
7069,7717,RET,CUBE_L
7071,8417,FUN_3,FUN_4
7071,20660,FUN_2,FUN_3
7079,7536,CUBE_R,RET
7081,9951,FUN_2,FUN_3
7085,11578,FUN_3,FUN_2
7095,5676,FUN_3,FUN_2
7095,9294,CUBE_L,RET
7095,10718,FUN_2,FUN_1
7141,8463,CUBE_R,FUN_6
7143,25271,FUN_6,FUN_5
7145,23609,FUN_4,FUN_5
7159,5203,FUN_6,FUN_5
7163,2828,FUN_2,FUN_3
7165,19036,CUBE_L,FUN_1
7168,28736,FUN_2,FUN_3
7169,25891,FUN_5,FUN_4
7186,27231,FUN_3,FUN_2
7194,544,CUBE_R,RET
7201,20719,FUN_5,FUN_6
7226,11169,RET,CUBE_L
7227,7170,FUN_1,CUBE_L
7227,9120,FUN_5,FUN_6
7249,19848,FUN_3,FUN_2
7275,26909,RET,CUBE_L
7278,28636,FUN_1,FUN_2
7290,29117,FUN_2,FUN_1
7307,9294,RET,CUBE_L
7314,17954,FUN_1,FUN_2
7321,8241,CUBE_L,FUN_1
7325,8594,FUN_2,FUN_3
7327,18252,FUN_1,FUN_2
7338,10460,FUN_4,FUN_3
7354,15682,FUN_5,FUN_6
7356,16804,FUN_3,FUN_4
7363,7205,CUBE_L,RET
7370,27675,FUN_3,FUN_2
7374,7536,RET,CUBE_R
7382,12856,FUN_1,FUN_2
7383,19848,FUN_2,FUN_3
7388,11453,FUN_3,FUN_2
7396,9097,RET,CUBE_L
7397,1819,FUN_2,FUN_1
7399,25509,RET,CUBE_R
7443,8542,FUN_5,FUN_4
7445,8877,RET,CUBE_R
7454,20784,FUN_4,FUN_3
7470,26327,CUBE_L,FUN_1
7473,26409,RET,CUBE_R
7485,8877,CUBE_R,RET
7490,21002,RET,CUBE_L
7547,22197,FUN_3,FUN_2
7548,20719,FUN_6,FUN_5
7552,23094,FUN_2,FUN_3
7555,6043,FUN_5,FUN_4
7569,2004,FUN_3,FUN_2
7576,13909,FUN_3,FUN_2
7577,23609,FUN_5,FUN_4
7597,27651,FUN_3,FUN_2
7603,7004,FUN_5,FUN_4
7603,19848,FUN_3,FUN_2
7611,29144,FUN_1,FUN_2
7612,16356,FUN_5,FUN_6
7624,17334,CUBE_L,RET
7633,7057,FUN_2,FUN_1
7634,1393,FUN_1,FUN_2
7650,11657,FUN_2,FUN_3
7650,13736,FUN_2,FUN_3
7679,6043,FUN_4,FUN_5
7686,16888,FUN_1,FUN_2
7687,27980,FUN_2,FUN_1
7699,7167,FUN_5,FUN_4
7703,1251,RET,CUBE_L
7727,18317,RET,CUBE_L
7729,23435,RET,CUBE_R
7737,19036,FUN_1,CUBE_L
7748,15223,FUN_4,FUN_3
7759,26409,CUBE_R,RET
7768,27459,FUN_1,FUN_2
7778,23718,FUN_1,CUBE_L
7794,21308,FUN_6,CUBE_R
7804,24495,FUN_3,FUN_2
7816,10066,FUN_2,FUN_3
7825,19910,FUN_3,FUN_2
7829,18193,FUN_2,FUN_3
7862,20719,FUN_5,FUN_6
7874,25920,FUN_4,FUN_3
7890,25292,FUN_3,FUN_2
7896,8816,FUN_3,FUN_4
7913,14506,FUN_2,FUN_1
7915,21396,CUBE_R,RET
7928,26862,FUN_1,FUN_2
7929,19487,FUN_1,FUN_2
7930,24495,FUN_2,FUN_3
7933,14287,FUN_4,FUN_3
7960,20025,FUN_4,FUN_3
7964,13203,CUBE_L,RET
7967,21211,FUN_2,FUN_3
7989,12803,FUN_3,FUN_2
8007,1507,FUN_1,FUN_2
8013,21042,FUN_2,FUN_3
8025,7057,FUN_1,FUN_2
8057,15223,FUN_3,FUN_4
8084,4599,CUBE_L,RET
8084,18317,CUBE_L,RET
8098,23718,CUBE_L,FUN_1
8119,13560,FUN_4,FUN_3
8120,3471,FUN_6,CUBE_R
8128,28606,FUN_2,FUN_1
8135,1595,FUN_5,FUN_6
8139,26862,FUN_2,FUN_1
8140,16579,FUN_1,FUN_2
8176,15223,FUN_4,FUN_3
8182,16585,FUN_2,FUN_3
8188,4966,FUN_3,FUN_4
8210,3479,FUN_5,FUN_4
8216,26320,FUN_1,FUN_2
8218,14089,FUN_5,FUN_4
8218,21480,FUN_3,FUN_4
8230,22302,FUN_1,FUN_2
8236,22040,FUN_1,FUN_2
8248,12326,FUN_3,FUN_4
8262,16721,FUN_5,FUN_4
8263,18969,FUN_3,FUN_4
8267,193,FUN_3,FUN_4
8278,14643,FUN_4,FUN_5
8281,19553,FUN_4,FUN_3
8292,9294,CUBE_L,RET
8293,15198,FUN_3,FUN_2
8297,9869,FUN_2,FUN_3
8311,19671,FUN_3,FUN_2
8321,14469,FUN_3,FUN_2
8339,10310,FUN_2,FUN_1
8357,16723,FUN_3,FUN_2
8368,26681,FUN_2,FUN_3
8372,21817,FUN_1,FUN_2
8378,16356,FUN_6,FUN_5
8386,25442,FUN_2,FUN_1
8402,2782,FUN_1,FUN_2
8403,2269,FUN_3,FUN_2
8405,19334,FUN_3,FUN_2
8457,13450,FUN_2,FUN_1
8463,23236,FUN_4,FUN_3
8473,2742,FUN_3,FUN_4
8474,4481,FUN_4,FUN_5
8474,4485,FUN_1,FUN_2
8477,7897,RET,CUBE_R
8500,5395,RET,CUBE_L
8509,10497,RET,CUBE_R
8512,2160,FUN_2,FUN_1
8517,6039,FUN_2,FUN_1
8519,5074,FUN_5,FUN_6
8562,6132,FUN_2,FUN_3
8582,9335,FUN_5,FUN_4
8596,19468,FUN_2,FUN_1
8611,21225,FUN_5,FUN_6
8630,6180,FUN_3,FUN_2
8698,13044,FUN_1,FUN_2
8706,26988,FUN_3,FUN_2
8713,20233,FUN_3,FUN_2
8717,11657,FUN_3,FUN_2
8720,26320,FUN_2,FUN_1
8723,2406,FUN_3,FUN_4
8725,21110,FUN_2,FUN_1
8763,3625,FUN_3,FUN_2
8775,11444,FUN_1,FUN_2
8776,25271,FUN_5,FUN_6
8786,26327,FUN_1,CUBE_L
8789,8816,FUN_4,FUN_3
8803,10931,FUN_2,FUN_1
8825,6039,FUN_1,FUN_2
8827,26111,FUN_2,FUN_3
8852,26909,CUBE_L,RET
8855,10310,FUN_1,FUN_2
8856,4927,FUN_3,FUN_4
8866,24734,FUN_6,FUN_5
8901,4279,FUN_2,FUN_3
8912,1202,FUN_2,FUN_1
8912,8131,FUN_2,FUN_3
8915,18411,FUN_3,FUN_4
8921,18851,FUN_1,FUN_2
8924,28783,FUN_4,FUN_3
8933,28676,RET,CUBE_R
8943,21361,FUN_5,FUN_4
8944,12315,FUN_3,FUN_4
8953,5767,FUN_1,FUN_2
8983,7007,CUBE_R,FUN_6
8984,20660,FUN_3,FUN_2
9001,7942,CUBE_L,RET
9004,3885,RET,CUBE_R
9007,25920,FUN_3,FUN_4
9012,27347,CUBE_R,RET
9016,26320,FUN_1,FUN_2
9017,11902,FUN_5,FUN_6
9019,7791,FUN_2,FUN_1
9031,10931,FUN_1,FUN_2
9035,6168,FUN_6,FUN_5
9036,22316,FUN_3,FUN_4
9039,28676,CUBE_R,RET
9043,5860,FUN_5,FUN_4
9045,29363,FUN_2,FUN_1
9063,456,RET,CUBE_R
9070,10240,RET,CUBE_L
9080,24105,RET,CUBE_L
9082,2008,FUN_3,FUN_2
9106,1423,FUN_3,FUN_2
9107,10419,FUN_2,FUN_1
9115,21105,FUN_5,FUN_4
9124,7595,CUBE_R,RET
9126,21919,CUBE_L,RET
9129,16718,FUN_1,FUN_2
9144,12803,FUN_2,FUN_3
9156,13949,FUN_2,FUN_3
9163,6163,FUN_4,FUN_3
9168,10169,RET,CUBE_L
9182,21480,FUN_4,FUN_3
9202,29132,FUN_3,FUN_2
9204,26988,FUN_2,FUN_3
9213,7449,CUBE_L,RET
9220,22573,FUN_3,FUN_4
9224,2788,FUN_3,FUN_4
9244,13542,RET,CUBE_L
9260,19222,RET,CUBE_L
9274,25714,CUBE_R,FUN_6
9288,9661,FUN_6,FUN_5
9294,905,FUN_2,FUN_1
9303,17334,RET,CUBE_L
9317,23236,FUN_3,FUN_4
9322,5420,FUN_1,FUN_2
9324,8693,FUN_1,FUN_2
9333,28951,FUN_6,FUN_5
9334,13394,FUN_6,CUBE_R
9338,8657,CUBE_L,RET
9339,24583,FUN_4,FUN_5
9343,3035,FUN_3,FUN_2
9346,6404,CUBE_L,RET
9354,16273,FUN_4,FUN_3
9361,26327,CUBE_L,FUN_1
9380,1819,FUN_1,FUN_2
9381,24653,FUN_5,FUN_4
9389,21123,FUN_1,FUN_2
9415,13450,FUN_1,FUN_2
9420,1248,RET,CUBE_R
9421,25250,FUN_1,FUN_2
9426,26320,FUN_2,FUN_1
9446,19536,FUN_3,FUN_2
9456,11195,FUN_2,FUN_3
9477,3480,FUN_1,FUN_2
9478,2039,FUN_2,FUN_1
9480,2005,FUN_2,FUN_3
9481,21110,FUN_1,FUN_2
9484,1852,CUBE_R,FUN_6
9490,21919,RET,CUBE_L
9499,23596,FUN_3,FUN_2
9506,2099,RET,CUBE_L
9521,26348,FUN_4,FUN_3
9526,22061,FUN_2,FUN_1
9527,6132,FUN_3,FUN_2
9529,9163,FUN_3,FUN_4
9532,6696,FUN_2,FUN_3
9532,28675,FUN_4,FUN_5
9553,4010,CUBE_R,FUN_6
9557,21829,FUN_2,FUN_3
9569,28443,FUN_4,FUN_3
9570,7791,FUN_1,FUN_2
9595,742,FUN_1,CUBE_L
9650,25935,FUN_3,FUN_2
9677,27459,FUN_2,FUN_1
9677,28541,FUN_2,FUN_1
9696,22316,FUN_4,FUN_3
9704,10931,FUN_2,FUN_1
9711,20537,FUN_2,FUN_3
9712,8536,CUBE_L,RET
9738,4927,FUN_4,FUN_3
9744,23246,CUBE_R,RET
9748,2184,FUN_6,CUBE_R
9756,14771,FUN_5,FUN_4
9789,11767,FUN_5,FUN_4
9799,28714,FUN_4,FUN_5
9830,17996,RET,CUBE_L
9835,6209,FUN_3,FUN_2
9843,12803,FUN_3,FUN_2
9852,20333,FUN_2,FUN_1
9856,1113,FUN_2,FUN_1
9860,9919,FUN_1,FUN_2
9869,16723,FUN_2,FUN_3
9870,15952,FUN_5,FUN_4
9915,5860,FUN_4,FUN_5
9926,29519,FUN_1,CUBE_L
9927,13613,FUN_2,FUN_3
9930,23795,FUN_3,FUN_4
9940,16894,FUN_3,FUN_2
9949,9174,FUN_2,FUN_1
9957,12386,FUN_2,FUN_1
9966,2716,FUN_1,FUN_2
9975,7170,CUBE_L,FUN_1
9987,10066,FUN_3,FUN_2
9990,13731,CUBE_L,FUN_1
10012,27481,FUN_1,FUN_2
10024,21225,FUN_6,FUN_5
10050,23171,FUN_4,FUN_5
10068,7101,FUN_3,FUN_2
10074,29004,FUN_2,FUN_1
10082,21919,CUBE_L,RET
10084,3660,RET,CUBE_R
10085,27156,FUN_2,FUN_1
10086,11902,FUN_6,FUN_5
10091,4800,FUN_3,FUN_4
10095,4481,FUN_5,FUN_4
10113,14301,FUN_2,FUN_1
10114,6404,RET,CUBE_L
10137,27129,FUN_4,FUN_3
10149,27156,FUN_1,FUN_2
10154,13394,CUBE_R,FUN_6
10183,2406,FUN_4,FUN_3
10190,10530,FUN_3,FUN_2
10218,4314,FUN_1,FUN_2
10232,13055,RET,CUBE_R
10239,25471,FUN_3,FUN_4
10241,16579,FUN_2,FUN_1
10241,22458,FUN_3,FUN_2
10242,25471,FUN_4,FUN_3
10247,18622,FUN_5,FUN_6
10264,22677,CUBE_R,RET
10265,3951,FUN_5,FUN_6
10265,22587,FUN_4,FUN_5
10280,25891,FUN_4,FUN_5
10283,13203,RET,CUBE_L
10288,15377,FUN_3,FUN_2
10302,20233,FUN_2,FUN_3
10309,27006,FUN_6,FUN_5
10317,17915,RET,CUBE_L
10338,7595,RET,CUBE_R
10342,21874,CUBE_R,RET
10344,2606,CUBE_R,RET
10351,3814,FUN_6,CUBE_R
10356,9097,CUBE_L,RET
10372,27006,FUN_5,FUN_6
10375,6091,CUBE_R,FUN_6
10377,3618,FUN_5,FUN_4
10380,8962,FUN_3,FUN_4
10386,21298,FUN_3,FUN_2
10404,15830,FUN_5,FUN_4
10417,26862,FUN_1,FUN_2
10434,18969,FUN_4,FUN_3
10439,23024,FUN_4,FUN_3
10440,26743,FUN_5,FUN_4
10453,10982,FUN_4,FUN_3
10458,8938,FUN_3,FUN_4
10458,10240,CUBE_L,RET
10466,23094,FUN_3,FUN_2
10471,11403,CUBE_R,RET
10493,7170,FUN_1,CUBE_L
10496,25256,FUN_5,FUN_4
10503,15431,FUN_1,FUN_2
10505,6131,FUN_1,FUN_2
10522,25442,FUN_1,FUN_2
10528,5425,FUN_4,FUN_3
10531,11195,FUN_3,FUN_2
10531,23609,FUN_4,FUN_5
10534,26921,FUN_2,FUN_1
10538,9174,FUN_1,FUN_2
10540,28247,FUN_3,FUN_2
10549,16579,FUN_1,FUN_2
10555,17931,FUN_4,FUN_5
10557,10461,FUN_2,FUN_1
10571,1012,RET,CUBE_L
10585,28676,RET,CUBE_R
10606,29144,FUN_2,FUN_1
10607,4010,FUN_6,CUBE_R
10610,15411,CUBE_R,RET
10639,16894,FUN_2,FUN_3
10645,11784,FUN_3,FUN_2
10653,4036,FUN_2,FUN_3
10656,27045,CUBE_L,FUN_1
10667,12161,FUN_2,FUN_3
10671,28507,FUN_2,FUN_3
10677,14725,FUN_1,FUN_2
10686,7004,FUN_4,FUN_5
10688,22040,FUN_2,FUN_1
10698,17714,FUN_3,FUN_4
10727,23094,FUN_2,FUN_3
10732,19793,FUN_4,FUN_3
10737,26862,FUN_2,FUN_1
10742,24653,FUN_4,FUN_5
10746,11169,CUBE_L,RET
10748,6760,FUN_3,FUN_2
10757,26431,FUN_3,FUN_4
10768,2923,CUBE_L,RET
10770,29261,CUBE_R,RET
10776,5841,FUN_1,FUN_2
10796,23919,FUN_1,CUBE_L
10814,7449,RET,CUBE_L
10821,29182,FUN_1,FUN_2
10826,6131,FUN_2,FUN_1
10835,754,FUN_2,FUN_1
10837,5676,FUN_2,FUN_3
10838,27459,FUN_1,FUN_2
10839,13164,FUN_4,FUN_3
10839,14287,FUN_3,FUN_4
10843,9733,FUN_3,FUN_2
10848,27931,FUN_5,FUN_4
10850,8195,CUBE_L,FUN_1
10850,8542,FUN_4,FUN_5
10851,21480,FUN_3,FUN_4
10874,13613,FUN_3,FUN_2
10880,27688,FUN_3,FUN_2
10885,1443,CUBE_R,FUN_6
10893,2466,FUN_1,FUN_2
10899,28714,FUN_5,FUN_4
10905,17996,CUBE_L,RET
10912,1880,FUN_3,FUN_4
10912,27083,FUN_2,FUN_1
10914,10530,FUN_2,FUN_3
10917,23051,RET,CUBE_R
10939,25200,FUN_3,FUN_4
10966,9288,CUBE_L,RET
10974,986,FUN_2,FUN_3
11013,21407,FUN_4,FUN_3
11019,10811,FUN_2,FUN_1
11027,9097,RET,CUBE_L
11038,7059,FUN_3,FUN_2
11038,23452,FUN_3,FUN_4
11043,9122,FUN_1,FUN_2
11057,2716,FUN_2,FUN_1
11057,28714,FUN_4,FUN_5
11058,2606,RET,CUBE_R
11068,8089,CUBE_R,FUN_6
11071,10503,FUN_1,CUBE_L
11099,16059,CUBE_L,FUN_1
11101,4308,RET,CUBE_R
11113,2606,CUBE_R,RET
11123,20719,FUN_6,FUN_5
11125,23919,CUBE_L,FUN_1
11147,19713,FUN_1,FUN_2
11149,18271,FUN_5,FUN_4
11150,2659,FUN_4,FUN_5
11167,26258,FUN_3,FUN_4
11173,9029,FUN_5,FUN_4
11197,28549,RET,CUBE_L
11203,12315,FUN_4,FUN_3
11219,7806,FUN_2,FUN_3
11223,26351,FUN_3,FUN_4
11228,15536,FUN_3,FUN_2
11230,29097,FUN_3,FUN_2
11245,17111,FUN_3,FUN_2
11270,16273,FUN_3,FUN_4
11280,15662,FUN_4,FUN_3
11298,29144,FUN_1,FUN_2
11302,29640,CUBE_R,RET
11339,754,FUN_1,FUN_2
11340,10982,FUN_3,FUN_4
11347,3885,CUBE_R,RET
11350,5074,FUN_6,FUN_5
11358,25831,FUN_5,FUN_6
11381,544,RET,CUBE_R
11402,5203,FUN_5,FUN_6
11402,7622,CUBE_L,FUN_1
11415,21874,RET,CUBE_R
11417,27129,FUN_3,FUN_4
11433,23804,FUN_2,FUN_3
11442,2406,FUN_3,FUN_4
11478,3042,FUN_1,CUBE_L
11493,13731,FUN_1,CUBE_L
11495,13464,FUN_5,FUN_4
11520,29923,FUN_3,FUN_2
11524,10066,FUN_2,FUN_3
11547,8823,FUN_1,FUN_2
11552,24086,FUN_3,FUN_4
11557,5074,FUN_5,FUN_6
11576,15601,FUN_4,FUN_3
11580,6760,FUN_2,FUN_3
11583,10982,FUN_4,FUN_3
11585,15536,FUN_2,FUN_3
11588,4642,FUN_1,FUN_2
11619,15682,FUN_6,FUN_5
11627,17482,FUN_5,FUN_6
11644,3618,FUN_4,FUN_5
11645,1541,FUN_2,FUN_1
11654,22618,FUN_3,FUN_2
11660,10931,FUN_1,FUN_2
11660,17931,FUN_5,FUN_4
11694,15889,RET,CUBE_L
11695,15849,FUN_3,FUN_4
11701,15223,FUN_3,FUN_4
11715,16648,FUN_6,CUBE_R
11726,19658,FUN_6,CUBE_R
11738,9001,CUBE_L,RET
11740,11721,FUN_2,FUN_3
11765,4705,FUN_3,FUN_4
11771,18061,FUN_1,FUN_2
11790,29432,FUN_3,FUN_4
11807,14725,FUN_2,FUN_1
11811,7508,FUN_5,FUN_6
11827,21763,FUN_4,FUN_5
11827,23609,FUN_5,FUN_4
11841,29144,FUN_2,FUN_1
11842,26239,CUBE_R,FUN_6
11851,9425,FUN_2,FUN_3
11855,15095,FUN_2,FUN_3
11865,4759,CUBE_L,RET
11870,28176,CUBE_R,RET
11891,26449,FUN_2,FUN_3
11896,9733,FUN_2,FUN_3
11917,23868,FUN_3,FUN_2
11919,24457,RET,CUBE_L
11932,24086,FUN_4,FUN_3
11966,24374,CUBE_R,FUN_6
11967,12803,FUN_2,FUN_3
11976,12255,FUN_3,FUN_2
11977,21298,FUN_2,FUN_3
11988,20002,FUN_4,FUN_5
11990,12408,FUN_3,FUN_2
11999,9196,FUN_4,FUN_3
12003,1796,FUN_4,FUN_5
12006,5665,CUBE_R,RET
12014,9750,FUN_2,FUN_1
12027,4772,FUN_2,FUN_3
12047,26409,RET,CUBE_R
12053,25809,FUN_3,FUN_4
12074,4279,FUN_3,FUN_2
12074,27231,FUN_2,FUN_3
12078,5108,FUN_1,FUN_2
12098,29261,RET,CUBE_R
12100,21705,FUN_3,FUN_2
12104,560,FUN_5,FUN_4
12104,21440,FUN_3,FUN_4
12105,18271,FUN_4,FUN_5
12119,754,FUN_2,FUN_1
12133,3906,FUN_3,FUN_4
12152,22197,FUN_2,FUN_3
12163,27599,FUN_6,FUN_5
12170,21857,FUN_4,FUN_3
12178,11831,CUBE_R,RET
12182,25476,FUN_2,FUN_3
12183,4800,FUN_4,FUN_3
12189,3615,FUN_3,FUN_4
12190,15849,FUN_4,FUN_3
12199,28678,FUN_1,FUN_2
12222,13949,FUN_3,FUN_2
12224,17167,FUN_1,FUN_2
12224,22040,FUN_1,FUN_2
12241,15849,FUN_3,FUN_4
12279,15849,FUN_4,FUN_3
12281,12161,FUN_3,FUN_2
12285,23643,FUN_2,FUN_1
12289,19835,CUBE_L,RET
12292,1045,RET,CUBE_L
12332,13613,FUN_2,FUN_3
12342,17739,CUBE_R,RET
12358,12281,FUN_3,FUN_4
12362,8838,CUBE_L,FUN_1
12393,16062,FUN_2,FUN_3
12397,29111,FUN_3,FUN_4
12400,13613,FUN_3,FUN_2
12410,15091,FUN_2,FUN_1
12416,4705,FUN_4,FUN_3
12430,15095,FUN_3,FUN_2
12436,8910,FUN_5,FUN_6
12442,467,FUN_5,FUN_4
12443,12474,FUN_4,FUN_5
12458,16091,FUN_2,FUN_3
12465,8838,FUN_1,CUBE_L
12468,24418,FUN_1,FUN_2
12470,28675,FUN_5,FUN_4
12471,29893,FUN_2,FUN_3
12481,10419,FUN_1,FUN_2
12505,16763,FUN_2,FUN_1
12506,25219,FUN_4,FUN_3
12509,12408,FUN_2,FUN_3
12513,19396,FUN_3,FUN_4
12518,14725,FUN_1,FUN_2
12519,8301,FUN_2,FUN_1
12522,16579,FUN_2,FUN_1
12544,7664,FUN_6,CUBE_R
12550,21668,CUBE_L,RET
12552,8838,CUBE_L,FUN_1
12556,19487,FUN_2,FUN_1
12562,19953,FUN_2,FUN_3
12565,5044,CUBE_L,RET
12565,20333,FUN_1,FUN_2
12583,27675,FUN_2,FUN_3
12605,15601,FUN_3,FUN_4
12622,16184,FUN_5,FUN_6
12643,7170,CUBE_L,FUN_1
12648,8089,FUN_6,CUBE_R
12652,18322,FUN_4,FUN_5
12656,8657,RET,CUBE_L
12686,6123,FUN_1,CUBE_L
12707,5968,FUN_2,FUN_3
12720,24945,FUN_2,FUN_1
12726,6169,FUN_3,FUN_2
12728,10557,FUN_2,FUN_3
12731,16763,FUN_1,FUN_2
12732,11302,FUN_3,FUN_4
12749,13921,CUBE_L,FUN_1
12749,27468,CUBE_L,RET
12762,18620,FUN_4,FUN_5
12764,5203,FUN_6,FUN_5
12784,16059,FUN_1,CUBE_L
12785,23314,RET,CUBE_R
12800,5836,FUN_1,CUBE_L
12807,15223,FUN_4,FUN_3
12818,16579,FUN_1,FUN_2
12830,10179,FUN_2,FUN_3
12853,8834,FUN_2,FUN_3
12867,28176,RET,CUBE_R
12871,16631,FUN_1,FUN_2
12878,29557,FUN_3,FUN_4
12894,21361,FUN_4,FUN_5
12899,9265,FUN_2,FUN_3
12899,24032,CUBE_L,RET
12914,5665,RET,CUBE_R
12941,13164,FUN_3,FUN_4
12944,4489,CUBE_L,RET
12945,21308,CUBE_R,FUN_6
12959,18271,FUN_5,FUN_4
12963,19468,FUN_1,FUN_2
12967,12087,FUN_2,FUN_3
12976,25476,FUN_3,FUN_2
12977,138,CUBE_L,RET
12995,16763,FUN_2,FUN_1
12997,4673,FUN_2,FUN_1
12997,9097,CUBE_L,RET
12998,8536,RET,CUBE_L
12998,9122,FUN_2,FUN_1
13002,4713,FUN_4,FUN_3
13006,19041,FUN_2,FUN_1
13023,22040,FUN_2,FUN_1
13029,23596,FUN_2,FUN_3
13031,15411,RET,CUBE_R
13049,27266,CUBE_R,FUN_6
13056,5123,FUN_2,FUN_1
13068,12803,FUN_3,FUN_2
13076,23094,FUN_3,FUN_2
13080,14586,FUN_6,FUN_5
13080,28507,FUN_3,FUN_2
13081,25416,FUN_2,FUN_1
13114,7059,FUN_2,FUN_3
13132,1541,FUN_1,FUN_2
13132,3457,FUN_2,FUN_1
13134,6043,FUN_5,FUN_4
13139,2978,FUN_2,FUN_1
13177,110,FUN_1,FUN_2
13181,3457,FUN_1,FUN_2
13181,13450,FUN_2,FUN_1
13184,21919,RET,CUBE_L
13193,15286,FUN_3,FUN_4
13195,18031,FUN_3,FUN_2
13197,10773,FUN_4,FUN_5
13197,10806,FUN_1,FUN_2
13198,14552,FUN_2,FUN_1
13219,4885,FUN_4,FUN_3
13219,28507,FUN_2,FUN_3
13225,6412,FUN_3,FUN_2
13242,7474,FUN_2,FUN_1
13257,12386,FUN_1,FUN_2
13260,3625,FUN_2,FUN_3
13264,17931,FUN_4,FUN_5
13279,1373,FUN_1,FUN_2
13312,11302,FUN_4,FUN_3
13314,1491,FUN_4,FUN_3
13319,4314,FUN_2,FUN_1
13327,28717,FUN_3,FUN_2
13340,15027,FUN_1,FUN_2
13349,9425,FUN_3,FUN_2
13358,15952,FUN_4,FUN_5
13377,7499,FUN_2,FUN_1
13386,1346,FUN_2,FUN_3
13400,5074,FUN_6,FUN_5
13410,28910,FUN_3,FUN_2
13412,2606,RET,CUBE_R
13418,2647,FUN_3,FUN_2
13429,15095,FUN_2,FUN_3
13436,26897,FUN_3,FUN_2
13440,22377,FUN_2,FUN_3
13451,11302,FUN_3,FUN_4
13455,1393,FUN_2,FUN_1
13462,3398,FUN_2,FUN_1
13467,13921,FUN_1,CUBE_L
13469,25929,FUN_3,FUN_2
13477,11425,FUN_4,FUN_3
13487,4705,FUN_3,FUN_4
13509,12326,FUN_4,FUN_3
13522,28507,FUN_3,FUN_2
13524,28541,FUN_1,FUN_2
13532,4485,FUN_2,FUN_1
13535,29363,FUN_1,FUN_2
13546,23974,FUN_3,FUN_2
13547,15411,CUBE_R,RET
13551,4292,FUN_1,FUN_2
13552,8536,CUBE_L,RET
13557,13917,RET,CUBE_R
13584,20645,FUN_1,FUN_2
13591,9001,RET,CUBE_L
13604,23051,CUBE_R,RET
13617,3885,RET,CUBE_R
13682,7499,FUN_1,FUN_2
13692,2345,FUN_3,FUN_2
13708,19658,CUBE_R,FUN_6
13733,29117,FUN_1,FUN_2
13736,4279,FUN_2,FUN_3
13748,7956,FUN_4,FUN_5
13783,2899,RET,CUBE_R
13784,21450,FUN_4,FUN_3
13794,6636,RET,CUBE_R
13821,24290,FUN_2,FUN_3
13830,17343,FUN_2,FUN_1
13840,15269,FUN_4,FUN_5
13847,3204,FUN_3,FUN_2
13852,27484,RET,CUBE_L
13858,25840,CUBE_R,FUN_6
13872,7647,FUN_3,FUN_4
13876,21276,FUN_3,FUN_2
13877,5944,FUN_2,FUN_3
13878,9923,FUN_5,FUN_4
13886,11721,FUN_3,FUN_2
13891,11581,FUN_1,CUBE_L
13897,2406,FUN_4,FUN_3
13903,23256,FUN_2,FUN_1
13908,3893,FUN_3,FUN_2
13912,14122,FUN_4,FUN_5
13919,28083,FUN_4,FUN_3
13924,6404,CUBE_L,RET
13925,20719,FUN_5,FUN_6
13935,12746,FUN_6,CUBE_R
13939,24179,FUN_6,FUN_5
13949,2039,FUN_1,FUN_2
13949,29701,CUBE_R,RET
13951,17261,FUN_2,FUN_1
13953,18193,FUN_3,FUN_2
13957,742,CUBE_L,FUN_1
13958,17080,FUN_2,FUN_1
13972,1993,FUN_6,FUN_5
13983,21298,FUN_3,FUN_2
13987,9660,CUBE_L,RET
13994,3509,CUBE_R,FUN_6
14006,27468,RET,CUBE_L
14009,7622,FUN_1,CUBE_L
14013,17261,FUN_1,FUN_2
14022,4927,FUN_3,FUN_4
14023,10931,FUN_2,FUN_1
14035,754,FUN_1,FUN_2
14041,3625,FUN_3,FUN_2
14055,3906,FUN_4,FUN_3
14059,27006,FUN_6,FUN_5
14065,7243,CUBE_R,FUN_6
14066,17261,FUN_2,FUN_1
14069,11302,FUN_4,FUN_3
14073,11821,FUN_3,FUN_2
14074,16218,FUN_2,FUN_1
14078,25323,RET,CUBE_L
14081,26897,FUN_2,FUN_3
14086,13455,FUN_2,FUN_3
14087,22143,FUN_5,FUN_4
14093,2439,FUN_3,FUN_4
14105,26498,FUN_1,FUN_2
14138,29952,FUN_1,FUN_2
14141,5074,FUN_5,FUN_6
14145,7349,FUN_3,FUN_4
14158,14122,FUN_5,FUN_4
14159,19487,FUN_1,FUN_2
14163,14990,FUN_1,FUN_2
14166,7267,FUN_1,FUN_2
14203,26897,FUN_3,FUN_2
14210,11721,FUN_2,FUN_3
14216,14552,FUN_1,FUN_2
14240,11289,CUBE_R,RET
14246,4822,CUBE_L,FUN_1
14252,17261,FUN_1,FUN_2
14294,11341,CUBE_R,RET
14295,7455,CUBE_R,FUN_6
14318,6264,FUN_4,FUN_3
14319,24290,FUN_3,FUN_2
14323,18929,FUN_1,FUN_2
14330,9809,FUN_4,FUN_5
14332,986,FUN_3,FUN_2
14346,2546,FUN_6,CUBE_R
14357,28832,FUN_3,FUN_2
14368,12970,CUBE_R,FUN_6
14370,6093,FUN_3,FUN_2
14386,3035,FUN_2,FUN_3
14389,26748,FUN_2,FUN_3
14395,19367,FUN_5,FUN_4
14398,21308,FUN_6,CUBE_R
14419,12161,FUN_2,FUN_3
14420,24646,CUBE_R,RET
14453,8823,FUN_2,FUN_1
14461,15091,FUN_1,FUN_2
14469,15849,FUN_3,FUN_4
14471,160,FUN_6,FUN_5
14474,25809,FUN_4,FUN_3
14485,2269,FUN_2,FUN_3
14506,4496,FUN_3,FUN_2
14518,18490,FUN_4,FUN_5
14528,4408,FUN_3,FUN_2
14559,20719,FUN_6,FUN_5
14567,28507,FUN_2,FUN_3
14582,20537,FUN_3,FUN_2
14589,6264,FUN_3,FUN_4
14596,793,FUN_3,FUN_2
14602,3398,FUN_1,FUN_2
14631,16579,FUN_2,FUN_1
14652,13959,FUN_1,CUBE_L
14672,19780,FUN_3,FUN_4
14677,8962,FUN_4,FUN_3
14684,11282,FUN_2,FUN_1
14692,10806,FUN_2,FUN_1
14697,28910,FUN_2,FUN_3
14699,19395,FUN_1,FUN_2
14706,8548,FUN_2,FUN_1
14713,25809,FUN_3,FUN_4
14725,22061,FUN_1,FUN_2
14739,22104,CUBE_R,FUN_6
14742,22104,FUN_6,CUBE_R
14745,6477,FUN_6,FUN_5
14757,10811,FUN_1,FUN_2
14757,12386,FUN_2,FUN_1
14757,23868,FUN_2,FUN_3
14760,22302,FUN_2,FUN_1
14761,3660,CUBE_R,RET
14767,12408,FUN_3,FUN_2
14773,22104,CUBE_R,FUN_6
14787,23945,FUN_4,FUN_5
14797,29923,FUN_2,FUN_3
14812,21042,FUN_3,FUN_2
14820,12386,FUN_1,FUN_2
14822,2660,FUN_2,FUN_3
14827,24646,RET,CUBE_R
14834,29557,FUN_4,FUN_3
14837,14745,FUN_2,FUN_3
14837,16218,FUN_1,FUN_2
14847,4005,CUBE_R,FUN_6
14865,18271,FUN_4,FUN_5
14884,16579,FUN_1,FUN_2
14891,7622,CUBE_L,FUN_1
14892,7007,FUN_6,CUBE_R
14892,7791,FUN_2,FUN_1
14898,16184,FUN_6,FUN_5
14908,10286,FUN_5,FUN_4
14919,9112,FUN_4,FUN_5
14925,20333,FUN_2,FUN_1
14935,8567,CUBE_R,FUN_6
14950,8089,CUBE_R,FUN_6
14951,12386,FUN_2,FUN_1
14952,12415,FUN_6,FUN_5
14959,21361,FUN_5,FUN_4
14979,2466,FUN_2,FUN_1
15001,8793,FUN_3,FUN_2
15017,16091,FUN_3,FUN_2
15028,16579,FUN_2,FUN_1
15029,7622,FUN_1,CUBE_L
15036,27083,FUN_1,FUN_2
15039,3519,FUN_4,FUN_5
15040,1541,FUN_2,FUN_1
15044,13736,FUN_3,FUN_2
15051,22912,FUN_2,FUN_1
15052,28415,FUN_3,FUN_2
15054,11016,CUBE_R,RET
15072,17343,FUN_1,FUN_2
15075,2923,RET,CUBE_L
15078,13450,FUN_1,FUN_2
15091,23246,RET,CUBE_R
15101,12223,FUN_5,FUN_6
15107,15254,FUN_4,FUN_3
15112,4759,RET,CUBE_L
15112,10806,FUN_1,FUN_2
15122,14223,CUBE_R,RET
15122,15684,FUN_3,FUN_4
15129,15889,CUBE_L,RET
15159,6477,FUN_5,FUN_6
15164,7791,FUN_1,FUN_2
15168,17482,FUN_6,FUN_5
15176,16579,FUN_1,FUN_2
15182,8823,FUN_1,FUN_2
15206,11063,RET,CUBE_R
15209,26460,FUN_3,FUN_2
15218,1880,FUN_4,FUN_3
15220,16579,FUN_2,FUN_1
15231,16579,FUN_1,FUN_2
15238,24032,RET,CUBE_L
15253,11993,FUN_3,FUN_4
15266,29251,FUN_2,FUN_3
15270,16579,FUN_2,FUN_1
15275,29201,FUN_6,FUN_5
15283,10931,FUN_1,FUN_2
15290,14805,FUN_4,FUN_5
15290,19549,FUN_5,FUN_4
15294,22588,RET,CUBE_L
15298,12223,FUN_6,FUN_5
15309,26897,FUN_2,FUN_3
15316,21361,FUN_4,FUN_5
15341,7791,FUN_2,FUN_1
15345,9970,FUN_3,FUN_2
15353,3457,FUN_2,FUN_1
15372,23171,FUN_5,FUN_4
15374,10419,FUN_2,FUN_1
15375,25650,FUN_2,FUN_3
15376,16648,CUBE_R,FUN_6
15387,21042,FUN_2,FUN_3
15392,5310,FUN_1,FUN_2
15393,25831,FUN_6,FUN_5
15411,26460,FUN_2,FUN_3
15430,10012,FUN_2,FUN_3
15433,13312,FUN_4,FUN_3
15438,20645,FUN_2,FUN_1
15467,11282,FUN_1,FUN_2
15492,18500,FUN_6,CUBE_R
15501,4314,FUN_1,FUN_2
15516,6477,FUN_6,FUN_5
15522,19853,FUN_1,FUN_2
15526,23768,FUN_2,FUN_3
15530,29251,FUN_3,FUN_2
15531,2406,FUN_3,FUN_4
15546,29251,FUN_2,FUN_3
15550,20033,FUN_3,FUN_2
15552,29363,FUN_2,FUN_1
15559,29251,FUN_3,FUN_2
15563,15947,FUN_4,FUN_5
15563,20377,FUN_4,FUN_3
15568,25207,FUN_1,FUN_2
15569,1852,FUN_6,CUBE_R
15569,26779,RET,CUBE_L
15582,16061,FUN_3,FUN_4
15604,29117,FUN_2,FUN_1
15606,23633,FUN_1,FUN_2
15606,28114,FUN_4,FUN_5
15626,29858,FUN_3,FUN_4
15627,1958,FUN_3,FUN_4
15635,2064,FUN_3,FUN_2
15648,28410,RET,CUBE_R
15659,19160,FUN_3,FUN_2
15672,5395,CUBE_L,RET
15678,6477,FUN_5,FUN_6
15696,15080,FUN_2,FUN_3
15701,16301,FUN_3,FUN_2
15701,28980,FUN_2,FUN_1
15705,10811,FUN_2,FUN_1
15728,8657,CUBE_L,RET
15735,8214,FUN_2,FUN_3
15737,8548,FUN_1,FUN_2
15746,13455,FUN_3,FUN_2
15750,26069,FUN_2,FUN_3
15791,24418,FUN_2,FUN_1
15800,16594,FUN_2,FUN_1
15811,21162,FUN_6,CUBE_R
15832,11512,FUN_2,FUN_1
15840,5120,FUN_2,FUN_3
15850,7499,FUN_2,FUN_1
15861,27105,FUN_3,FUN_2
15868,1958,FUN_4,FUN_3
15874,4713,FUN_3,FUN_4
15882,11444,FUN_2,FUN_1
15883,27006,FUN_5,FUN_6
15886,15269,FUN_5,FUN_4
15886,28984,FUN_3,FUN_2
15890,11550,FUN_2,FUN_1
15892,21350,CUBE_R,FUN_6
15895,19558,FUN_2,FUN_3
15900,12925,FUN_2,FUN_3
15907,26420,RET,CUBE_L
15910,793,FUN_2,FUN_3
15910,23024,FUN_3,FUN_4
15950,19853,FUN_2,FUN_1
15965,5836,CUBE_L,FUN_1
15968,11581,CUBE_L,FUN_1
15972,9878,RET,CUBE_L
16001,20784,FUN_3,FUN_4
16002,29940,FUN_1,FUN_2
16007,22186,FUN_2,FUN_3
16015,8816,FUN_3,FUN_4
16027,13613,FUN_2,FUN_3
16033,6043,FUN_4,FUN_5
16039,26460,FUN_3,FUN_2
16052,160,FUN_5,FUN_6
16058,24290,FUN_2,FUN_3
16092,29923,FUN_3,FUN_2
16107,10012,FUN_3,FUN_2
16108,10461,FUN_1,FUN_2
16115,3885,CUBE_R,RET
16146,21298,FUN_2,FUN_3
16147,11767,FUN_4,FUN_5
16150,28507,FUN_3,FUN_2
16160,8353,FUN_4,FUN_3
16179,5968,FUN_3,FUN_2
16184,930,CUBE_L,RET
16189,7449,CUBE_L,RET
16189,26681,FUN_3,FUN_2
16217,28676,CUBE_R,RET
16228,16062,FUN_3,FUN_2
16235,6093,FUN_2,FUN_3
16258,23661,CUBE_R,FUN_6
16261,15091,FUN_2,FUN_1
16265,18873,FUN_4,FUN_3
16270,22186,FUN_3,FUN_2
16284,6131,FUN_1,FUN_2
16297,8548,FUN_2,FUN_1
16304,10806,FUN_2,FUN_1
16316,15286,FUN_4,FUN_3
16327,29701,RET,CUBE_R
16330,14026,FUN_2,FUN_1
16330,22186,FUN_2,FUN_3
16339,19848,FUN_2,FUN_3
16344,1493,RET,CUBE_L
16355,4822,FUN_1,CUBE_L
16373,6783,RET,CUBE_R
16423,2226,CUBE_R,RET
16464,13736,FUN_2,FUN_3
16466,25226,FUN_3,FUN_2
16467,1880,FUN_3,FUN_4
16467,9122,FUN_1,FUN_2
16468,29251,FUN_2,FUN_3
16477,11582,FUN_2,FUN_1
16489,17931,FUN_5,FUN_4
16526,23768,FUN_3,FUN_2
16539,10931,FUN_2,FUN_1
16553,21042,FUN_3,FUN_2
16577,2455,FUN_4,FUN_5
16584,13044,FUN_2,FUN_1
16594,17609,FUN_3,FUN_2
16598,396,FUN_3,FUN_2
16603,24922,FUN_2,FUN_3
16604,25952,RET,CUBE_R
16608,23718,FUN_1,CUBE_L
16614,11784,FUN_2,FUN_3
16617,273,FUN_5,FUN_6
16622,21665,RET,CUBE_L
16634,15947,FUN_5,FUN_4
16635,21426,FUN_3,FUN_2
16648,11821,FUN_2,FUN_3
16655,11721,FUN_3,FUN_2
16664,13959,CUBE_L,FUN_1
16670,15298,FUN_3,FUN_2
16672,10627,FUN_4,FUN_3
16673,7474,FUN_1,FUN_2
16679,21361,FUN_5,FUN_4
16683,13164,FUN_4,FUN_3
16692,1491,FUN_3,FUN_4
16699,26908,FUN_3,FUN_4
16705,5074,FUN_6,FUN_5
16733,27599,FUN_5,FUN_6
16741,3509,FUN_6,CUBE_R
16748,8962,FUN_3,FUN_4
16750,12223,FUN_5,FUN_6
16755,7267,FUN_2,FUN_1
16772,6783,CUBE_R,RET
16774,1491,FUN_4,FUN_3
16779,3906,FUN_3,FUN_4
16784,26921,FUN_1,FUN_2
16807,1541,FUN_1,FUN_2
16831,21450,FUN_3,FUN_4
16839,20432,FUN_3,FUN_2
16845,7215,FUN_3,FUN_2
16846,1491,FUN_3,FUN_4
16855,25840,FUN_6,CUBE_R
16860,10012,FUN_2,FUN_3
16861,25952,CUBE_R,RET
16864,987,FUN_1,FUN_2
16867,8350,FUN_3,FUN_2
16870,28507,FUN_2,FUN_3
16871,18453,FUN_4,FUN_3
16878,25929,FUN_2,FUN_3
16880,10503,CUBE_L,FUN_1
16882,20033,FUN_2,FUN_3
16893,19632,CUBE_L,RET
16920,13986,FUN_2,FUN_1
16921,5675,FUN_1,FUN_2
16940,8548,FUN_1,FUN_2
16948,17586,CUBE_R,RET
16949,21017,FUN_4,FUN_3
16956,7499,FUN_1,FUN_2
16960,2229,FUN_3,FUN_2
16961,2226,RET,CUBE_R
16962,2440,RET,CUBE_L
16977,3658,FUN_6,FUN_5
16978,25952,RET,CUBE_R
16992,27105,FUN_2,FUN_3
17000,754,FUN_2,FUN_1
17001,21225,FUN_5,FUN_6
17025,18853,FUN_3,FUN_2
17041,13312,FUN_3,FUN_4
17051,10530,FUN_3,FUN_2
17051,22186,FUN_3,FUN_2
17061,4642,FUN_2,FUN_1
17069,27688,FUN_2,FUN_3
17070,17315,FUN_4,FUN_5
17074,10875,FUN_2,FUN_1
17080,3615,FUN_4,FUN_3
17087,25666,FUN_3,FUN_2
17093,7349,FUN_4,FUN_3
17098,24861,FUN_4,FUN_5
17103,21350,FUN_6,CUBE_R
17114,18661,FUN_2,FUN_3
17123,10931,FUN_1,FUN_2
17141,4124,FUN_3,FUN_2
17142,24290,FUN_3,FUN_2
17171,13986,FUN_1,FUN_2
17175,2636,FUN_6,FUN_5
17195,19748,CUBE_R,RET
17210,23945,FUN_5,FUN_4
17215,28953,FUN_6,FUN_5
17226,6901,FUN_1,FUN_2
17243,7004,FUN_5,FUN_4
17243,29097,FUN_2,FUN_3
17247,12623,FUN_2,FUN_3
17252,25666,FUN_2,FUN_3
17262,25952,CUBE_R,RET
17267,29802,FUN_3,FUN_4
17288,7004,FUN_4,FUN_5
17293,11581,FUN_1,CUBE_L
17310,24290,FUN_2,FUN_3
17310,26743,FUN_4,FUN_5
17323,24054,FUN_5,FUN_4
17329,9877,RET,CUBE_L
17343,14506,FUN_1,FUN_2
17344,2636,FUN_5,FUN_6
17348,20333,FUN_1,FUN_2
17352,20591,RET,CUBE_L
17368,8793,FUN_2,FUN_3
17375,15298,FUN_2,FUN_3
17392,25929,FUN_3,FUN_2
17433,8701,FUN_4,FUN_5
17437,3658,FUN_5,FUN_6
17441,2636,FUN_6,FUN_5
17444,4986,FUN_3,FUN_4
17446,2923,CUBE_L,RET
17498,28650,FUN_4,FUN_5
17502,20361,FUN_3,FUN_2
17509,22061,FUN_2,FUN_1
17530,17806,RET,CUBE_R
17542,29097,FUN_3,FUN_2
17549,16361,CUBE_R,FUN_6
17572,27407,RET,CUBE_L
17572,28678,FUN_2,FUN_1
17574,25416,FUN_1,FUN_2
17581,8525,FUN_2,FUN_3
17587,13613,FUN_3,FUN_2
17587,22744,FUN_1,FUN_2
17588,29701,CUBE_R,RET
17592,5319,RET,CUBE_R
17594,28783,FUN_3,FUN_4
17596,5910,FUN_2,FUN_3
17596,14688,FUN_2,FUN_3
17618,9676,FUN_4,FUN_5
17624,28114,FUN_5,FUN_4
17636,22186,FUN_2,FUN_3
17649,29144,FUN_1,FUN_2
17651,18500,CUBE_R,FUN_6
17658,21361,FUN_4,FUN_5
17672,29284,CUBE_R,RET
17680,4855,CUBE_R,FUN_6
17680,8350,FUN_2,FUN_3
17702,25035,FUN_2,FUN_3
17713,10654,FUN_2,FUN_1
17715,29117,FUN_1,FUN_2
17731,11040,CUBE_L,RET
17736,11768,FUN_3,FUN_2
17745,5319,CUBE_R,RET
17746,27468,CUBE_L,RET
17746,27780,CUBE_R,FUN_6
17749,4496,FUN_2,FUN_3
17758,23745,CUBE_L,RET
17764,6771,FUN_4,FUN_3
17765,773,FUN_5,FUN_6
17774,7474,FUN_2,FUN_1
17778,11581,CUBE_L,FUN_1
17780,20682,FUN_6,FUN_5
17789,26069,FUN_3,FUN_2
17790,19374,FUN_2,FUN_1
17804,28832,FUN_2,FUN_3
17810,6477,FUN_6,FUN_5
17820,23123,FUN_3,FUN_2
17828,18453,FUN_3,FUN_4
17856,8525,FUN_3,FUN_2
17877,13959,FUN_1,CUBE_L
17904,16594,FUN_1,FUN_2
17911,4759,CUBE_L,RET
17922,22093,CUBE_L,FUN_1
17929,19396,FUN_4,FUN_3
17932,28957,CUBE_L,FUN_1
17934,17225,FUN_3,FUN_4
17954,15080,FUN_3,FUN_2
17958,11512,FUN_1,FUN_2
17964,19658,FUN_6,CUBE_R
17967,22377,FUN_3,FUN_2
17978,29825,RET,CUBE_L
17984,5836,FUN_1,CUBE_L
18006,14506,FUN_2,FUN_1
18010,3307,CUBE_L,RET
18043,8791,CUBE_R,RET
18044,29132,FUN_2,FUN_3
18061,7390,FUN_2,FUN_1
18064,10806,FUN_1,FUN_2
18075,20682,FUN_5,FUN_6
18081,24457,CUBE_L,RET
18083,9660,RET,CUBE_L
18094,27481,FUN_2,FUN_1
18098,3204,FUN_2,FUN_3
18105,10931,FUN_2,FUN_1
18120,13741,CUBE_R,FUN_6
18140,26327,FUN_1,CUBE_L
18165,27347,RET,CUBE_R
18170,7716,CUBE_R,RET
18184,29802,FUN_4,FUN_3
18189,28783,FUN_4,FUN_3
18197,24592,FUN_3,FUN_2
18209,14082,FUN_4,FUN_5
18225,2899,CUBE_R,RET
18275,773,FUN_6,FUN_5
18275,29455,FUN_1,FUN_2
18290,29251,FUN_3,FUN_2
18295,27432,CUBE_L,RET
18297,4257,FUN_2,FUN_3
18298,28714,FUN_5,FUN_4
18305,2455,FUN_5,FUN_4
18306,7462,FUN_4,FUN_3
18306,10461,FUN_2,FUN_1
18311,17704,FUN_5,FUN_4
18320,28494,FUN_3,FUN_2
18353,6169,FUN_2,FUN_3
18370,987,FUN_2,FUN_1
18372,11581,FUN_1,CUBE_L
18398,16644,FUN_4,FUN_5
18423,3480,FUN_2,FUN_1
18427,7449,RET,CUBE_L
18459,14098,FUN_2,FUN_3
18460,3893,FUN_2,FUN_3
18471,25705,FUN_2,FUN_3
18474,10461,FUN_1,FUN_2
18484,1993,FUN_5,FUN_6
18497,18591,FUN_3,FUN_2
18507,879,FUN_6,FUN_5
18517,10627,FUN_3,FUN_4
18538,15684,FUN_4,FUN_3
18551,14056,FUN_4,FUN_5
18558,7170,FUN_1,CUBE_L
18559,1880,FUN_4,FUN_3
18590,7032,FUN_1,FUN_2
18606,26686,FUN_3,FUN_2
18608,4776,FUN_4,FUN_3
18608,14743,FUN_3,FUN_2
18611,11831,RET,CUBE_R
18636,24054,FUN_4,FUN_5
18638,3495,FUN_3,FUN_2
18649,1171,FUN_5,FUN_6
18680,5793,FUN_6,CUBE_R
18680,13312,FUN_4,FUN_3
18684,3018,FUN_4,FUN_3
18685,16763,FUN_1,FUN_2
18688,26069,FUN_2,FUN_3
18702,7455,FUN_6,CUBE_R
18721,5836,CUBE_L,FUN_1
18723,19698,FUN_1,CUBE_L
18739,28953,FUN_5,FUN_6
18750,4673,FUN_1,FUN_2
18760,24861,FUN_5,FUN_4
18767,29940,FUN_2,FUN_1
18780,15705,FUN_2,FUN_1
18793,22377,FUN_2,FUN_3
18799,7788,FUN_2,FUN_3
18812,773,FUN_5,FUN_6
18818,19631,FUN_5,FUN_4
18845,27156,FUN_2,FUN_1
18856,5120,FUN_3,FUN_2
18868,8657,RET,CUBE_L
18886,17931,FUN_4,FUN_5
18911,12970,FUN_6,CUBE_R
18917,24290,FUN_3,FUN_2
18920,7004,FUN_5,FUN_4
18922,2371,FUN_5,FUN_4
18944,12970,CUBE_R,FUN_6
18956,23485,FUN_2,FUN_3
18967,28953,FUN_6,FUN_5
18968,21225,FUN_6,FUN_5
18974,9001,CUBE_L,RET
18995,22174,FUN_5,FUN_4
18998,6169,FUN_3,FUN_2
18999,21042,FUN_2,FUN_3
18999,29521,FUN_4,FUN_5
19014,28494,FUN_2,FUN_3
19046,9923,FUN_4,FUN_5
19062,9878,CUBE_L,RET
19076,10461,FUN_2,FUN_1
19077,8525,FUN_2,FUN_3
19090,10525,FUN_2,FUN_1
19144,20388,CUBE_L,RET
19145,28714,FUN_4,FUN_5
19154,16165,FUN_1,FUN_2
19173,13986,FUN_2,FUN_1
19175,26570,FUN_3,FUN_4
19193,14831,FUN_5,FUN_4
19243,1083,CUBE_R,FUN_6
19245,11425,FUN_3,FUN_4
19262,21440,FUN_4,FUN_3
19263,28717,FUN_2,FUN_3
19272,3020,FUN_4,FUN_3
19280,12569,FUN_6,FUN_5
19280,26111,FUN_3,FUN_2
19283,7760,FUN_6,FUN_5
19314,20144,FUN_2,FUN_1
19325,29858,FUN_4,FUN_3
19340,20967,FUN_2,FUN_1
19352,15705,FUN_1,FUN_2
19359,22093,FUN_1,CUBE_L
19361,12970,FUN_6,CUBE_R
19376,17244,FUN_1,CUBE_L
19376,28984,FUN_2,FUN_3
19379,18072,RET,CUBE_L
19390,2434,FUN_3,FUN_2
19391,18929,FUN_2,FUN_1
19415,15993,FUN_2,FUN_3
19418,23633,FUN_2,FUN_1
19425,23024,FUN_4,FUN_3
19427,5367,FUN_3,FUN_4
19434,22880,FUN_5,FUN_6
19443,17806,CUBE_R,RET
19449,2226,CUBE_R,RET
19456,24592,FUN_2,FUN_3
19459,12415,FUN_5,FUN_6
19472,24583,FUN_5,FUN_4
19494,22577,FUN_3,FUN_4
19502,2371,FUN_4,FUN_5
19516,27839,FUN_2,FUN_1
19537,10734,FUN_3,FUN_2
19543,29443,FUN_1,FUN_2
19549,25256,FUN_4,FUN_5
19561,14743,FUN_2,FUN_3
19586,15437,FUN_1,CUBE_L
19602,27751,FUN_4,FUN_5
19603,7806,FUN_3,FUN_2
19611,11503,FUN_2,FUN_1
19639,21123,FUN_2,FUN_1
19644,2434,FUN_2,FUN_3
19657,11767,FUN_5,FUN_4
19666,2899,RET,CUBE_R
19684,12386,FUN_1,FUN_2
19713,2923,RET,CUBE_L
19723,23974,FUN_2,FUN_3
19726,11444,FUN_1,FUN_2
19746,7061,FUN_4,FUN_3
19755,28678,FUN_1,FUN_2
19768,26327,CUBE_L,FUN_1
19779,843,CUBE_R,RET
19781,2420,FUN_6,FUN_5
19804,15095,FUN_3,FUN_2
19805,2978,FUN_1,FUN_2
19811,5944,FUN_3,FUN_2
19817,21218,RET,CUBE_L
19821,6824,FUN_2,FUN_1
19846,21006,CUBE_L,FUN_1
19864,742,FUN_1,CUBE_L
19868,25705,FUN_3,FUN_2
19906,8089,FUN_6,CUBE_R
19918,9146,FUN_2,FUN_3
19928,26862,FUN_1,FUN_2
19942,12009,CUBE_L,FUN_1
19952,4691,CUBE_L,FUN_1
19956,12387,RET,CUBE_L
19967,23652,CUBE_R,RET
19967,29358,FUN_1,FUN_2
19976,843,RET,CUBE_R
19977,1733,RET,CUBE_R
19989,9878,RET,CUBE_L
19993,3204,FUN_3,FUN_2
20004,2059,FUN_4,FUN_3
20006,27415,FUN_1,FUN_2
20014,10811,FUN_1,FUN_2
20020,5629,FUN_2,FUN_1
20020,11578,FUN_2,FUN_3
20024,10806,FUN_2,FUN_1
20025,4054,CUBE_R,RET
20036,4897,FUN_3,FUN_2
20037,17806,RET,CUBE_R
20050,8353,FUN_3,FUN_4
20055,29967,FUN_2,FUN_3
20061,18375,FUN_6,CUBE_R
20069,26266,FUN_4,FUN_3
20076,23768,FUN_2,FUN_3
20081,20361,FUN_2,FUN_3
20085,8525,FUN_3,FUN_2
20085,19200,FUN_3,FUN_2
20087,3658,FUN_6,FUN_5
20092,7008,FUN_1,FUN_2
20101,9970,FUN_2,FUN_3
20114,22404,FUN_2,FUN_3
20131,17763,FUN_2,FUN_1
20148,2466,FUN_1,FUN_2
20148,16891,RET,CUBE_L
20150,2838,FUN_2,FUN_1
20152,24290,FUN_2,FUN_3
20153,24945,FUN_1,FUN_2
20155,20445,FUN_2,FUN_3
20169,3625,FUN_2,FUN_3
20172,9178,FUN_3,FUN_4
20198,29971,CUBE_L,RET
20206,29928,FUN_4,FUN_3
20212,2455,FUN_4,FUN_5
20216,23661,FUN_6,CUBE_R
20222,28951,FUN_5,FUN_6
20297,3285,FUN_2,FUN_1
20299,14068,FUN_4,FUN_5
20313,27432,RET,CUBE_L
20317,6169,FUN_2,FUN_3
20327,14477,RET,CUBE_L
20362,17261,FUN_2,FUN_1
20368,29804,FUN_2,FUN_1
20372,23596,FUN_3,FUN_2
20380,15118,FUN_2,FUN_3
20397,23992,CUBE_R,FUN_6
20398,27156,FUN_1,FUN_2
20406,29804,FUN_1,FUN_2
20443,1965,FUN_3,FUN_4
20461,10557,FUN_3,FUN_2
20465,15662,FUN_3,FUN_4
20501,18495,FUN_3,FUN_2
20512,7008,FUN_2,FUN_1
20514,11721,FUN_2,FUN_3
20540,22302,FUN_1,FUN_2
20543,7267,FUN_1,FUN_2
20562,2567,FUN_3,FUN_2
20574,23485,FUN_3,FUN_2
20603,10811,FUN_2,FUN_1
20608,21815,FUN_1,FUN_2
20616,22577,FUN_4,FUN_3
20622,5915,FUN_4,FUN_5
20647,14506,FUN_1,FUN_2
20657,26449,FUN_3,FUN_2
20667,24418,FUN_1,FUN_2
20671,7008,FUN_1,FUN_2
20677,2899,CUBE_R,RET
20707,15729,FUN_1,FUN_2
20725,26351,FUN_4,FUN_3
20726,19880,FUN_2,FUN_3
20738,18686,FUN_1,FUN_2
20746,21017,FUN_3,FUN_4
20760,15536,FUN_3,FUN_2
20762,15684,FUN_3,FUN_4
20765,14477,CUBE_L,RET
20791,10875,FUN_1,FUN_2
20794,7032,FUN_2,FUN_1
20797,11578,FUN_3,FUN_2
20800,10875,FUN_2,FUN_1
20806,5743,FUN_3,FUN_2
20806,10875,FUN_1,FUN_2
20814,23596,FUN_2,FUN_3
20819,21460,FUN_3,FUN_4
20841,23745,RET,CUBE_L
20847,1945,FUN_4,FUN_3
20866,4897,FUN_2,FUN_3
20868,18193,FUN_2,FUN_3
20918,24418,FUN_2,FUN_1
20927,9146,FUN_3,FUN_2
20980,21298,FUN_3,FUN_2
20985,19161,CUBE_L,RET
21014,12856,FUN_2,FUN_1
21037,12351,FUN_1,FUN_2
21039,3282,FUN_4,FUN_5
21039,24472,FUN_3,FUN_4
21096,22059,CUBE_R,FUN_6
21109,10310,FUN_2,FUN_1
21129,19536,FUN_2,FUN_3
21131,18490,FUN_5,FUN_4
21132,27980,FUN_1,FUN_2
21160,2660,FUN_3,FUN_2
21161,19290,FUN_2,FUN_3
21169,27407,CUBE_L,RET
21182,29215,FUN_5,FUN_4
21187,6824,FUN_1,FUN_2
21188,5425,FUN_3,FUN_4
21213,12193,RET,CUBE_R
21219,12315,FUN_3,FUN_4
21222,25072,CUBE_L,RET
21235,20873,CUBE_L,RET
21243,4759,RET,CUBE_L
21244,13213,CUBE_R,FUN_6
21281,23326,FUN_2,FUN_1
21296,3863,FUN_2,FUN_3
21312,2716,FUN_1,FUN_2
21334,21815,FUN_2,FUN_1
21336,11578,FUN_2,FUN_3
21339,9146,FUN_2,FUN_3
21343,3618,FUN_5,FUN_4
21364,7390,FUN_1,FUN_2
21380,19631,FUN_4,FUN_5
21391,9174,FUN_2,FUN_1
21414,879,FUN_5,FUN_6
21417,29923,FUN_2,FUN_3
21419,17942,RET,CUBE_L
21423,16075,FUN_3,FUN_2
21438,29201,FUN_5,FUN_6
21447,5120,FUN_2,FUN_3
21447,21426,FUN_2,FUN_3
21453,6771,FUN_3,FUN_4
21459,28114,FUN_4,FUN_5
21481,22408,FUN_2,FUN_3
21520,5915,FUN_5,FUN_4
21531,26681,FUN_2,FUN_3
21544,27651,FUN_2,FUN_3
21544,29028,FUN_2,FUN_3
21545,2722,FUN_2,FUN_3
21546,17080,FUN_1,FUN_2
21578,16579,FUN_1,FUN_2
21590,3822,FUN_2,FUN_1
21597,10875,FUN_2,FUN_1
21636,19084,FUN_2,FUN_1
21644,1443,FUN_6,CUBE_R
21648,17472,FUN_3,FUN_4
21659,17261,FUN_1,FUN_2
21666,2059,FUN_3,FUN_4
21675,1733,CUBE_R,RET
21692,11582,FUN_1,FUN_2
21696,6305,CUBE_R,RET
21696,9950,CUBE_R,RET
21698,1085,FUN_5,FUN_4
21718,21298,FUN_2,FUN_3
21723,23679,FUN_3,FUN_4
21748,22997,RET,CUBE_R
21757,20591,CUBE_L,RET
21763,1541,FUN_2,FUN_1
21770,6696,FUN_3,FUN_2
21826,3618,FUN_4,FUN_5
21838,2567,FUN_2,FUN_3
21845,7474,FUN_1,FUN_2
21849,6460,FUN_2,FUN_1
21853,1945,FUN_3,FUN_4
21872,1733,RET,CUBE_R
21888,1733,CUBE_R,RET
21893,12931,FUN_5,FUN_4
21921,10654,FUN_1,FUN_2
21927,27086,FUN_3,FUN_4
21935,19476,RET,CUBE_R
21936,26751,CUBE_L,RET
21939,15705,FUN_2,FUN_1
21960,19953,FUN_3,FUN_2
21962,15411,RET,CUBE_R
21969,13312,FUN_3,FUN_4
21980,5629,FUN_1,FUN_2
21981,28239,FUN_3,FUN_2
21988,2597,FUN_2,FUN_1
21992,19487,FUN_2,FUN_1
22015,11040,RET,CUBE_L
22024,12931,FUN_4,FUN_5
22052,3177,FUN_2,FUN_1
22061,24799,FUN_4,FUN_5
22067,8195,FUN_1,CUBE_L
22071,6760,FUN_3,FUN_2
22108,4336,RET,CUBE_R
22130,10725,FUN_2,FUN_1
22138,26351,FUN_3,FUN_4
22182,16587,FUN_2,FUN_1
22184,19880,FUN_3,FUN_2
22186,7390,FUN_2,FUN_1
22188,14306,CUBE_R,FUN_6
22190,26570,FUN_4,FUN_3
22192,20815,CUBE_L,FUN_1
22227,24051,FUN_1,FUN_2
22236,1733,RET,CUBE_R
22241,26420,CUBE_L,RET
22246,15580,FUN_4,FUN_5
22252,3618,FUN_5,FUN_4
22257,4855,FUN_6,CUBE_R
22258,8380,FUN_1,FUN_2
22274,21123,FUN_1,FUN_2
22275,19536,FUN_3,FUN_2
22288,4054,RET,CUBE_R
22292,26239,FUN_6,CUBE_R
22301,9513,FUN_3,FUN_2
22319,26348,FUN_3,FUN_4
22331,3660,RET,CUBE_R
22333,15662,FUN_4,FUN_3
22335,26109,FUN_3,FUN_4
22338,13312,FUN_4,FUN_3
22360,19396,FUN_3,FUN_4
22371,16517,CUBE_R,RET
22375,8548,FUN_2,FUN_1
22388,29928,FUN_3,FUN_4
22391,13394,FUN_6,CUBE_R
22401,12931,FUN_5,FUN_4
22414,25184,FUN_2,FUN_3
22433,14301,FUN_1,FUN_2
22437,23679,FUN_4,FUN_3
22456,23707,CUBE_L,FUN_1
22466,29825,CUBE_L,RET
22471,15679,CUBE_R,FUN_6
22484,15947,FUN_4,FUN_5
22489,29455,FUN_2,FUN_1
22493,14552,FUN_2,FUN_1
22508,28114,FUN_5,FUN_4
22512,20873,RET,CUBE_L
22514,7595,CUBE_R,RET
22517,12386,FUN_2,FUN_1
22527,15856,FUN_3,FUN_4
22529,11581,CUBE_L,FUN_1
22564,1796,FUN_5,FUN_4
22592,21662,FUN_2,FUN_3
22596,22061,FUN_1,FUN_2
22601,24874,FUN_4,FUN_3
22612,3282,FUN_5,FUN_4
22614,1470,FUN_2,FUN_1
22620,9001,RET,CUBE_L
22620,19487,FUN_1,FUN_2
22631,21407,FUN_3,FUN_4
22632,13312,FUN_3,FUN_4
22642,21662,FUN_3,FUN_2
22645,5629,FUN_2,FUN_1
22661,19200,FUN_2,FUN_3
22669,16165,FUN_2,FUN_1
22676,6164,FUN_1,FUN_2
22701,2396,FUN_3,FUN_4
22705,12917,FUN_4,FUN_5
22723,2716,FUN_2,FUN_1
22724,22577,FUN_3,FUN_4
22735,22099,FUN_1,FUN_2
22737,16594,FUN_2,FUN_1
22753,1129,RET,CUBE_R
22760,3658,FUN_5,FUN_6
22792,10391,FUN_4,FUN_3
22840,21002,CUBE_L,RET
22850,1541,FUN_1,FUN_2
22850,23171,FUN_4,FUN_5
22866,29940,FUN_1,FUN_2
22868,17111,FUN_2,FUN_3
22882,24081,FUN_5,FUN_6
22888,10282,FUN_3,FUN_2
22890,15856,FUN_4,FUN_3
22910,10931,FUN_1,FUN_2
22912,11902,FUN_5,FUN_6
22915,6175,FUN_3,FUN_2
22947,14056,FUN_5,FUN_4
22963,4927,FUN_4,FUN_3
22970,29002,CUBE_R,FUN_6
22997,21123,FUN_2,FUN_1
23004,4642,FUN_1,FUN_2
23008,11444,FUN_2,FUN_1
23010,26420,RET,CUBE_L
23014,26431,FUN_4,FUN_3
23017,27407,RET,CUBE_L
23018,6930,CUBE_R,RET
23044,17111,FUN_3,FUN_2
23047,18271,FUN_5,FUN_4
23053,1945,FUN_4,FUN_3
23056,7620,FUN_3,FUN_2
23075,16723,FUN_3,FUN_2
23099,11550,FUN_1,FUN_2
23114,21791,CUBE_L,RET
23117,10557,FUN_2,FUN_3
23123,26351,FUN_4,FUN_3
23136,14552,FUN_1,FUN_2
23198,19308,FUN_5,FUN_6
23223,12264,FUN_4,FUN_3
23245,9532,FUN_3,FUN_4
23249,5629,FUN_1,FUN_2
23259,5120,FUN_3,FUN_2
23264,12315,FUN_4,FUN_3
23286,15149,FUN_3,FUN_4
23303,12259,FUN_2,FUN_1
23308,13822,FUN_1,FUN_2
23318,4040,FUN_4,FUN_5
23322,3020,FUN_3,FUN_4
23327,20591,RET,CUBE_L
23341,24081,FUN_6,FUN_5
23348,14733,RET,CUBE_L
23362,17711,FUN_3,FUN_2
23364,6738,FUN_2,FUN_3
23385,11444,FUN_1,FUN_2
23390,6150,FUN_3,FUN_2
23414,29825,RET,CUBE_L
23431,5836,FUN_1,CUBE_L
23467,20784,FUN_4,FUN_3
23475,29943,FUN_2,FUN_1
23476,6037,FUN_4,FUN_3
23479,29521,FUN_5,FUN_4
23496,13542,CUBE_L,RET
23498,16685,FUN_3,FUN_2
23507,15952,FUN_5,FUN_4
23512,25256,FUN_5,FUN_4
23519,4705,FUN_4,FUN_3
23525,14266,FUN_5,FUN_6
23542,15039,FUN_3,FUN_4
23545,16761,FUN_2,FUN_1
23559,8594,FUN_3,FUN_2
23566,26327,FUN_1,CUBE_L
23569,21308,CUBE_R,FUN_6
23578,16594,FUN_1,FUN_2
23612,22104,FUN_6,CUBE_R
23618,3822,FUN_1,FUN_2
23622,2846,FUN_3,FUN_2
23639,18500,FUN_6,CUBE_R
23657,13312,FUN_4,FUN_3
23674,16761,FUN_1,FUN_2
23683,25225,FUN_4,FUN_3
23691,18686,FUN_2,FUN_1
23695,18271,FUN_4,FUN_5
23701,13797,FUN_3,FUN_2
23707,15285,FUN_1,FUN_2
23711,3285,FUN_1,FUN_2
23711,27459,FUN_2,FUN_1
23716,16761,FUN_2,FUN_1
23718,2660,FUN_2,FUN_3
23720,22458,FUN_2,FUN_3
23722,24057,FUN_2,FUN_1
23739,21407,FUN_4,FUN_3
23740,24003,FUN_3,FUN_2
23749,18615,RET,CUBE_L
23795,22037,FUN_1,CUBE_L
23796,27839,FUN_1,FUN_2
23807,20041,FUN_2,FUN_1
23810,3177,FUN_1,FUN_2
23823,19487,FUN_2,FUN_1
23843,27931,FUN_4,FUN_5
23851,10088,FUN_2,FUN_3
23867,24418,FUN_1,FUN_2
23871,10401,FUN_3,FUN_4
23880,26920,FUN_3,FUN_4
23899,7897,CUBE_R,RET
23915,9174,FUN_1,FUN_2
23925,19953,FUN_2,FUN_3
23937,531,FUN_6,FUN_5
23941,6677,FUN_3,FUN_4
23946,15684,FUN_4,FUN_3
23969,29858,FUN_3,FUN_4
23981,11550,FUN_2,FUN_1
24001,1129,CUBE_R,RET
24005,25226,FUN_2,FUN_3
24010,29825,CUBE_L,RET
24018,1248,CUBE_R,RET
24019,17609,FUN_2,FUN_3
24031,29952,FUN_2,FUN_1
24034,16587,FUN_1,FUN_2
24035,2481,FUN_4,FUN_5
24036,4642,FUN_2,FUN_1
24038,2597,FUN_1,FUN_2
24038,20967,FUN_1,FUN_2
24040,26348,FUN_4,FUN_3
24048,7595,RET,CUBE_R
24050,20445,FUN_3,FUN_2
24075,15719,FUN_2,FUN_1
24100,26568,RET,CUBE_R
24139,19549,FUN_4,FUN_5
24145,3615,FUN_3,FUN_4
24150,13560,FUN_3,FUN_4
24163,848,FUN_4,FUN_3
24163,7620,FUN_2,FUN_3
24174,20333,FUN_2,FUN_1
24179,5434,FUN_2,FUN_1
24190,20841,FUN_1,FUN_2
24196,10082,FUN_2,FUN_1
24201,24675,FUN_6,CUBE_R
24205,11281,FUN_3,FUN_4
24208,8353,FUN_4,FUN_3
24225,5793,CUBE_R,FUN_6
24241,29940,FUN_2,FUN_1
24243,1248,RET,CUBE_R
24248,7620,FUN_3,FUN_2
24284,12700,FUN_3,FUN_2
24296,8588,RET,CUBE_L
24301,15684,FUN_3,FUN_4
24304,6748,FUN_3,FUN_2
24319,21142,FUN_3,FUN_2
24321,15269,FUN_4,FUN_5
24370,16059,CUBE_L,FUN_1
24373,7620,FUN_2,FUN_3
24390,14883,FUN_2,FUN_1
24403,26838,FUN_6,CUBE_R
24406,27343,FUN_2,FUN_1
24421,15118,FUN_3,FUN_2
24437,10082,FUN_1,FUN_2
24456,9425,FUN_2,FUN_3
24463,25326,FUN_3,FUN_2
24467,9878,CUBE_L,RET
24470,1085,FUN_4,FUN_5
24482,11164,FUN_2,FUN_3
24483,898,FUN_2,FUN_3
24484,29825,RET,CUBE_L
24485,28391,FUN_4,FUN_3
24486,7627,FUN_3,FUN_2
24489,6164,FUN_2,FUN_1
24491,2420,FUN_5,FUN_6
24494,10875,FUN_1,FUN_2
24496,27459,FUN_1,FUN_2
24510,2972,FUN_6,FUN_5
24512,25225,FUN_3,FUN_4
24526,11768,FUN_2,FUN_3
24532,24003,FUN_2,FUN_3
24534,20841,FUN_2,FUN_1
24536,21006,FUN_1,CUBE_L
24538,27675,FUN_3,FUN_2
24617,6636,CUBE_R,RET
24622,21791,RET,CUBE_L
24650,18050,FUN_2,FUN_1
24651,29804,FUN_2,FUN_1
24678,20873,CUBE_L,RET
24687,25225,FUN_4,FUN_3
24710,12792,CUBE_R,RET
24715,12931,FUN_4,FUN_5
24731,5860,FUN_5,FUN_4
24731,26520,FUN_3,FUN_4
24748,22099,FUN_2,FUN_1
24753,273,FUN_6,FUN_5
24754,25200,FUN_4,FUN_3
24764,19847,FUN_3,FUN_2
24766,16685,FUN_2,FUN_3
24772,16761,FUN_1,FUN_2
24782,2005,FUN_3,FUN_2
24788,4905,CUBE_L,RET
24789,2846,FUN_2,FUN_3
24801,6037,FUN_3,FUN_4
24802,11584,FUN_4,FUN_5
24846,22557,FUN_2,FUN_1
24861,7620,FUN_3,FUN_2
24865,10184,RET,CUBE_L
24872,573,RET,CUBE_L
24886,1788,CUBE_L,RET
24899,6150,FUN_2,FUN_3
24906,8195,CUBE_L,FUN_1
24906,25225,FUN_3,FUN_4
24907,14883,FUN_1,FUN_2
24907,17261,FUN_2,FUN_1
24915,18500,CUBE_R,FUN_6
24943,16631,FUN_2,FUN_1
24954,12836,FUN_3,FUN_2
24962,2005,FUN_2,FUN_3
24979,1819,FUN_2,FUN_1
24995,11444,FUN_2,FUN_1
25024,28953,FUN_5,FUN_6
25029,11386,FUN_3,FUN_4
25039,12259,FUN_1,FUN_2
25042,16731,FUN_2,FUN_3
25043,24457,RET,CUBE_L
25046,1788,RET,CUBE_L
25051,25962,CUBE_R,FUN_6
25068,27931,FUN_5,FUN_4
25078,26247,FUN_2,FUN_3
25096,25962,FUN_6,CUBE_R
25097,19536,FUN_2,FUN_3
25123,27083,FUN_2,FUN_1
25130,1129,RET,CUBE_R
25135,13513,FUN_1,FUN_2
25138,8594,FUN_2,FUN_3
25150,16594,FUN_2,FUN_1
25164,24082,CUBE_L,RET
25168,14056,FUN_4,FUN_5
25174,24441,FUN_3,FUN_2
25189,6748,FUN_2,FUN_3
25189,22775,FUN_2,FUN_1
25196,12814,CUBE_L,FUN_1
25214,15198,FUN_2,FUN_3
25231,12917,FUN_5,FUN_4
25239,26036,FUN_6,CUBE_R
25244,18471,CUBE_R,FUN_6
25246,20075,FUN_1,FUN_2
25281,21396,RET,CUBE_R
25304,1965,FUN_4,FUN_3
25304,11958,FUN_4,FUN_5
25306,13958,FUN_3,FUN_2
25313,28714,FUN_5,FUN_4
25321,19953,FUN_3,FUN_2
25324,27701,CUBE_L,RET
25324,28304,FUN_4,FUN_3
25331,28391,FUN_3,FUN_4
25335,27086,FUN_4,FUN_3
25337,29215,FUN_4,FUN_5
25339,10424,FUN_2,FUN_1
25359,11503,FUN_1,FUN_2
25360,5629,FUN_2,FUN_1
25380,23694,FUN_2,FUN_1
25404,7138,FUN_4,FUN_3
25410,4905,RET,CUBE_L
25424,17124,FUN_6,CUBE_R
25433,26247,FUN_3,FUN_2
25444,9645,FUN_2,FUN_1
25448,3018,FUN_3,FUN_4
25448,10557,FUN_3,FUN_2
25464,2659,FUN_5,FUN_4
25473,26570,FUN_3,FUN_4
25479,773,FUN_6,FUN_5
25486,20649,FUN_2,FUN_1
25491,16804,FUN_4,FUN_3
25514,27432,CUBE_L,RET
25520,7243,FUN_6,CUBE_R
25521,22775,FUN_1,FUN_2
25526,573,CUBE_L,RET
25527,1461,FUN_2,FUN_3
25532,25072,RET,CUBE_L
25539,17486,FUN_3,FUN_2
25545,29455,FUN_1,FUN_2
25546,16731,FUN_3,FUN_2
25570,24457,CUBE_L,RET
25576,4705,FUN_3,FUN_4
25576,18495,FUN_2,FUN_3
25594,8417,FUN_4,FUN_3
25599,26743,FUN_5,FUN_4
25652,15948,FUN_6,CUBE_R
25652,20592,FUN_3,FUN_4
25656,3742,RET,CUBE_R
25679,20552,FUN_2,FUN_3
25685,10588,FUN_3,FUN_2
25697,26908,FUN_4,FUN_3
25710,3618,FUN_4,FUN_5
25718,9216,FUN_2,FUN_1
25743,1085,FUN_5,FUN_4
25757,22573,FUN_4,FUN_3
25761,16383,FUN_2,FUN_3
25764,19290,FUN_3,FUN_2
25764,27343,FUN_1,FUN_2
25770,22369,FUN_3,FUN_4
25815,25326,FUN_2,FUN_3
25818,19847,FUN_2,FUN_3
25822,22929,FUN_2,FUN_1
25828,12623,FUN_3,FUN_2
25851,9216,FUN_1,FUN_2
25879,5629,FUN_1,FUN_2
25890,16655,FUN_5,FUN_4
25892,16075,FUN_2,FUN_3
25904,9939,CUBE_L,RET
25904,21017,FUN_4,FUN_3
25916,26320,FUN_1,FUN_2
25917,28951,FUN_6,FUN_5
25933,6225,CUBE_R,RET
25944,6305,RET,CUBE_R
25948,15670,FUN_4,FUN_3
25949,28826,RET,CUBE_L
25950,14899,FUN_2,FUN_1
25956,27751,FUN_5,FUN_4
25958,21705,FUN_2,FUN_3
25969,5722,FUN_1,FUN_2
25969,9809,FUN_5,FUN_4
25974,5023,FUN_3,FUN_2
26005,110,FUN_2,FUN_1
26042,8444,FUN_3,FUN_2
26057,8699,FUN_2,FUN_1
26057,16165,FUN_1,FUN_2
26063,19953,FUN_2,FUN_3
26065,11284,CUBE_R,RET
26081,29971,RET,CUBE_L
26095,22557,FUN_1,FUN_2
26103,8838,FUN_1,CUBE_L
26113,11732,FUN_4,FUN_5
26122,11550,FUN_1,FUN_2
26127,17472,FUN_4,FUN_3
26137,23123,FUN_2,FUN_3
26152,6901,FUN_2,FUN_1
26170,13542,RET,CUBE_L
26182,2455,FUN_5,FUN_4
26183,3844,FUN_2,FUN_1
26185,28485,CUBE_R,FUN_6
26206,573,RET,CUBE_L
26222,5065,FUN_1,FUN_2
26228,13979,FUN_6,FUN_5
26239,26036,CUBE_R,FUN_6
26241,18322,FUN_5,FUN_4
26246,21791,CUBE_L,RET
26247,22302,FUN_2,FUN_1
26247,27202,FUN_3,FUN_4
26248,13917,CUBE_R,RET
26258,11263,CUBE_R,FUN_6
26261,19245,FUN_2,FUN_1
26278,3282,FUN_4,FUN_5
26288,10811,FUN_1,FUN_2
26300,18813,FUN_2,FUN_1
26314,8179,FUN_3,FUN_2
26314,17806,CUBE_R,RET
26323,14122,FUN_4,FUN_5
26330,29825,CUBE_L,RET
26336,28826,CUBE_L,RET
26338,19035,FUN_3,FUN_2
26340,23020,CUBE_R,RET
26345,20041,FUN_1,FUN_2
26349,8463,FUN_6,CUBE_R
26350,23992,FUN_6,CUBE_R
26358,1423,FUN_2,FUN_3
26373,15580,FUN_5,FUN_4
26376,12104,RET,CUBE_R
26383,1085,FUN_4,FUN_5
26389,6180,FUN_2,FUN_3
26400,26920,FUN_4,FUN_3
26419,22728,FUN_3,FUN_4
26435,6037,FUN_4,FUN_3
26436,3020,FUN_4,FUN_3
26462,17220,FUN_5,FUN_4
26463,5862,FUN_3,FUN_2
26470,20033,FUN_3,FUN_2
26472,5031,FUN_3,FUN_4
26478,23514,CUBE_R,FUN_6
26480,3844,FUN_1,FUN_2
26480,11662,FUN_3,FUN_2
26492,12112,FUN_3,FUN_4
26497,24625,CUBE_L,RET
26498,20041,FUN_2,FUN_1
26499,10725,FUN_1,FUN_2
26511,22557,FUN_2,FUN_1
26535,29215,FUN_5,FUN_4
26543,26327,CUBE_L,FUN_1
26549,4040,FUN_5,FUN_4
26553,25037,FUN_3,FUN_2
26575,25962,CUBE_R,FUN_6
26581,4461,CUBE_L,RET
26581,19245,FUN_1,FUN_2
26594,20333,FUN_1,FUN_2
26605,19857,FUN_3,FUN_4
26618,13099,FUN_2,FUN_1
26625,6175,FUN_2,FUN_3
26631,21210,FUN_3,FUN_2
26636,24964,RET,CUBE_L
26658,12315,FUN_3,FUN_4
26658,24345,FUN_1,FUN_2
26671,6873,CUBE_R,RET
26690,15968,FUN_3,FUN_2
26706,27432,RET,CUBE_L
26718,12386,FUN_1,FUN_2
26725,27701,RET,CUBE_L
26729,24162,CUBE_L,RET
26733,1543,FUN_6,FUN_5
26733,10588,FUN_2,FUN_3
26740,22573,FUN_3,FUN_4
26743,24583,FUN_4,FUN_5
26749,7138,FUN_3,FUN_4
26749,19290,FUN_2,FUN_3
26757,10962,FUN_1,FUN_2
26762,12161,FUN_3,FUN_2
26769,3457,FUN_1,FUN_2
26774,21396,CUBE_R,RET
26780,12259,FUN_2,FUN_1
26802,29804,FUN_1,FUN_2
26805,8241,FUN_1,CUBE_L
26817,15580,FUN_4,FUN_5
26819,18415,FUN_2,FUN_3
26830,8478,FUN_2,FUN_1
26830,28462,FUN_4,FUN_3
26831,6460,FUN_1,FUN_2
26862,6636,RET,CUBE_R
26865,5031,FUN_4,FUN_3
26870,22557,FUN_1,FUN_2
26871,4774,FUN_5,FUN_4
26880,26570,FUN_4,FUN_3
26884,24457,RET,CUBE_L
26889,26327,FUN_1,CUBE_L
26894,27569,FUN_6,FUN_5
26921,9661,FUN_5,FUN_6
26937,10391,FUN_3,FUN_4
26948,2782,FUN_2,FUN_1
26956,1625,FUN_2,FUN_1
26958,10734,FUN_2,FUN_3
26958,26920,FUN_3,FUN_4
26961,15269,FUN_5,FUN_4
26964,8478,FUN_1,FUN_2
26971,1321,FUN_4,FUN_5
26973,12259,FUN_1,FUN_2
26993,4986,FUN_4,FUN_3
27000,23452,FUN_4,FUN_3
27047,14477,RET,CUBE_L
27048,11063,CUBE_R,RET
27057,5031,FUN_3,FUN_4
27062,5564,FUN_3,FUN_2
27076,19558,FUN_3,FUN_2
27085,26348,FUN_3,FUN_4
27086,16226,CUBE_L,RET
27086,22557,FUN_2,FUN_1
27089,16215,CUBE_R,RET
27089,21829,FUN_3,FUN_2
27095,11063,RET,CUBE_R
27097,11727,FUN_5,FUN_6
27099,4485,FUN_1,FUN_2
27108,24592,FUN_3,FUN_2
27115,25293,CUBE_R,FUN_6
27131,19880,FUN_2,FUN_3
27135,11063,CUBE_R,RET
27139,15437,CUBE_L,FUN_1
27163,12259,FUN_2,FUN_1
27171,3282,FUN_5,FUN_4
27185,9294,RET,CUBE_L
27203,11662,FUN_2,FUN_3
27209,8658,FUN_6,FUN_5
27217,7349,FUN_3,FUN_4
27235,6305,CUBE_R,RET
27259,26920,FUN_4,FUN_3
27280,12165,FUN_3,FUN_2
27297,29259,RET,CUBE_L
27300,23208,FUN_4,FUN_3
27301,23024,FUN_3,FUN_4
27308,8241,CUBE_L,FUN_1
27322,15968,FUN_2,FUN_3
27323,19910,FUN_2,FUN_3
27337,930,RET,CUBE_L
27356,9939,RET,CUBE_L
27366,29190,CUBE_R,FUN_6
27377,1085,FUN_5,FUN_4
27396,6560,FUN_6,FUN_5
27405,29952,FUN_1,FUN_2
27407,16061,FUN_4,FUN_3
27453,12044,FUN_2,FUN_3
27481,19696,FUN_3,FUN_2
27491,15856,FUN_3,FUN_4
27511,8568,RET,CUBE_R
27517,6901,FUN_1,FUN_2
27519,26568,CUBE_R,RET
27537,18798,FUN_3,FUN_2
27546,20033,FUN_2,FUN_3
27546,23185,RET,CUBE_R
27561,24140,FUN_3,FUN_2
27566,22557,FUN_1,FUN_2
27572,28826,RET,CUBE_L
27587,11215,CUBE_R,RET
27608,19245,FUN_2,FUN_1
27610,25561,RET,CUBE_L
27613,6871,FUN_2,FUN_1
27616,29940,FUN_1,FUN_2
27628,24345,FUN_2,FUN_1
27638,10177,FUN_6,CUBE_R
27664,8378,FUN_4,FUN_5
27678,26109,FUN_4,FUN_3
27684,11727,FUN_6,FUN_5
27685,26348,FUN_4,FUN_3
27691,6093,FUN_3,FUN_2
27709,20298,FUN_3,FUN_2
27713,16226,RET,CUBE_L
27723,4654,FUN_3,FUN_2
27730,5793,FUN_6,CUBE_R
27737,18813,FUN_1,FUN_2
27754,4557,FUN_3,FUN_2
27762,2686,FUN_6,CUBE_R
27770,4040,FUN_4,FUN_5
27772,2,FUN_5,FUN_4
27809,6930,RET,CUBE_R
27814,11727,FUN_5,FUN_6
27862,21361,FUN_5,FUN_4
27867,26348,FUN_3,FUN_4
27875,10720,CUBE_R,RET
27877,28606,FUN_1,FUN_2
27880,20063,FUN_2,FUN_1
27883,16761,FUN_2,FUN_1
27888,29893,FUN_3,FUN_2
27891,23036,FUN_4,FUN_5
27896,5564,FUN_2,FUN_3
27921,12814,FUN_1,CUBE_L
27939,11662,FUN_3,FUN_2
27939,15156,FUN_5,FUN_6
27981,15317,FUN_6,CUBE_R
27987,15719,FUN_1,FUN_2
27996,19033,CUBE_R,FUN_6
28004,25666,FUN_3,FUN_2
28009,13594,CUBE_R,RET
28011,14990,FUN_2,FUN_1
28017,20884,RET,CUBE_R
28019,1470,FUN_1,FUN_2
28020,2466,FUN_2,FUN_1
28021,25442,FUN_2,FUN_1
28022,10088,FUN_3,FUN_2
28037,27083,FUN_1,FUN_2
28049,23474,CUBE_R,RET
28053,21544,FUN_3,FUN_4
28081,8588,CUBE_L,RET
28098,10525,FUN_1,FUN_2
28116,11263,FUN_6,CUBE_R
28119,16517,RET,CUBE_R
28122,15662,FUN_3,FUN_4
28128,2440,CUBE_L,RET
28140,28368,CUBE_L,RET
28146,29284,RET,CUBE_R
28151,29190,FUN_6,CUBE_R
28162,2782,FUN_1,FUN_2
28163,19886,FUN_2,FUN_3
28169,11451,RET,CUBE_L
28208,25705,FUN_2,FUN_3
28233,26568,RET,CUBE_R
28236,4642,FUN_1,FUN_2
28238,12455,FUN_5,FUN_6
28241,3906,FUN_4,FUN_3
28241,5694,FUN_3,FUN_4
28271,29259,CUBE_L,RET
28275,28947,CUBE_R,RET
28277,3869,FUN_3,FUN_4
28281,6037,FUN_3,FUN_4
28285,19566,FUN_2,FUN_1
28286,22601,CUBE_R,RET
28288,16685,FUN_3,FUN_2
28301,11584,FUN_5,FUN_4
28326,4654,FUN_2,FUN_3
28362,15095,FUN_2,FUN_3
28373,931,FUN_1,CUBE_L
28377,26348,FUN_4,FUN_3
28378,6933,FUN_5,FUN_6
28378,21308,FUN_6,CUBE_R
28382,23768,FUN_3,FUN_2
28412,2659,FUN_4,FUN_5
28422,16644,FUN_5,FUN_4
28429,16226,CUBE_L,RET
28434,29190,CUBE_R,FUN_6
28437,6225,RET,CUBE_R
28441,6164,FUN_1,FUN_2
28441,25960,FUN_3,FUN_2
28442,8568,CUBE_R,RET
28442,15254,FUN_3,FUN_4
28448,26568,CUBE_R,RET
28451,6748,FUN_3,FUN_2
28468,19748,RET,CUBE_R
28477,5785,CUBE_R,RET
28482,19281,CUBE_R,RET
28484,5862,FUN_2,FUN_3
28497,2364,FUN_3,FUN_2
28509,28562,FUN_4,FUN_3
28512,11727,FUN_6,FUN_5
28524,9196,FUN_3,FUN_4
28531,11747,CUBE_L,RET
28536,7717,CUBE_L,RET
28548,5629,FUN_2,FUN_1
28551,19835,RET,CUBE_L
28573,15662,FUN_4,FUN_3
28585,9809,FUN_4,FUN_5
28588,14122,FUN_5,FUN_4
28596,328,FUN_3,FUN_2
28598,17421,FUN_3,FUN_2
28599,27415,FUN_2,FUN_1
28609,19748,CUBE_R,RET
28612,12387,CUBE_L,RET
28629,1461,FUN_3,FUN_2
28630,12778,FUN_4,FUN_5
28635,19853,FUN_1,FUN_2
28658,388,FUN_3,FUN_2
28663,2440,RET,CUBE_L
28667,29943,FUN_1,FUN_2
28675,11550,FUN_2,FUN_1
28683,2008,FUN_2,FUN_3
28691,2722,FUN_3,FUN_2
28701,13657,FUN_5,FUN_6
28701,27932,FUN_6,CUBE_R
28703,2005,FUN_3,FUN_2
28718,9869,FUN_3,FUN_2
28725,14893,FUN_4,FUN_5
28729,8588,RET,CUBE_L
28733,10720,RET,CUBE_R
28734,19133,FUN_3,FUN_4
28772,5743,FUN_2,FUN_3
28791,16075,FUN_3,FUN_2
28792,24788,FUN_3,FUN_2
28795,9247,FUN_6,CUBE_R
28807,28606,FUN_2,FUN_1
28816,10734,FUN_3,FUN_2
28826,2160,FUN_1,FUN_2
28836,8542,FUN_5,FUN_4
28840,12259,FUN_1,FUN_2
28852,19383,FUN_2,FUN_1
28862,17610,FUN_6,CUBE_R
28871,21361,FUN_4,FUN_5
28884,13394,CUBE_R,FUN_6
28889,15118,FUN_2,FUN_3
28901,8241,FUN_1,CUBE_L
28903,29455,FUN_2,FUN_1
28922,13515,FUN_2,FUN_1
28929,25037,FUN_2,FUN_3
28944,17482,FUN_5,FUN_6
28956,24162,RET,CUBE_L
28972,18223,RET,CUBE_R
28986,20552,FUN_3,FUN_2
28986,23171,FUN_5,FUN_4
28995,8195,FUN_1,CUBE_L
29020,29701,RET,CUBE_R
29024,29190,FUN_6,CUBE_R
29029,22957,CUBE_L,RET
29047,11229,FUN_3,FUN_2
29075,9288,RET,CUBE_L
29094,28549,CUBE_L,RET
29095,28562,FUN_3,FUN_4
29115,13657,FUN_6,FUN_5
29128,16731,FUN_2,FUN_3
29135,18813,FUN_2,FUN_1
29152,11263,CUBE_R,FUN_6
29177,24583,FUN_5,FUN_4
29193,5448,FUN_3,FUN_2
29214,4759,CUBE_L,RET
29225,16193,FUN_3,FUN_2
29245,328,FUN_2,FUN_3
29247,7647,FUN_4,FUN_3
29259,25929,FUN_2,FUN_3
29267,13394,FUN_6,CUBE_R
29301,13731,CUBE_L,FUN_1
29317,10720,CUBE_R,RET
29320,18591,FUN_2,FUN_3
29320,19084,FUN_1,FUN_2
29321,26920,FUN_3,FUN_4
29331,22312,FUN_3,FUN_2
29335,11566,FUN_1,FUN_2
29335,19566,FUN_1,FUN_2
29345,12319,FUN_2,FUN_1
29348,22099,FUN_1,FUN_2
29362,22990,FUN_3,FUN_2
29373,5743,FUN_3,FUN_2
29376,1491,FUN_4,FUN_3
29389,3705,FUN_2,FUN_3
29395,27459,FUN_2,FUN_1
29400,6873,RET,CUBE_R
29417,13394,CUBE_R,FUN_6
29418,28606,FUN_1,FUN_2
29434,986,FUN_2,FUN_3
29449,898,FUN_3,FUN_2
29456,11229,FUN_2,FUN_3
29459,13711,FUN_4,FUN_5
29465,9284,FUN_1,FUN_2
29465,12455,FUN_6,FUN_5
29483,18508,FUN_3,FUN_4
29512,17806,RET,CUBE_R
29513,7101,FUN_2,FUN_3
29544,27459,FUN_1,FUN_2
29564,13312,FUN_3,FUN_4
29614,15948,CUBE_R,FUN_6
29639,5860,FUN_4,FUN_5
29652,18193,FUN_3,FUN_2
29655,11302,FUN_3,FUN_4
29660,3282,FUN_4,FUN_5
29670,19196,CUBE_R,RET
29686,7788,FUN_3,FUN_2
29695,8195,CUBE_L,FUN_1
29710,2846,FUN_3,FUN_2
29710,4040,FUN_5,FUN_4
29727,1491,FUN_3,FUN_4
29728,3121,FUN_3,FUN_2
29728,11512,FUN_2,FUN_1
29729,23992,CUBE_R,FUN_6
29731,6873,CUBE_R,RET
29732,7449,CUBE_L,RET
29739,25380,CUBE_L,RET
29754,20552,FUN_2,FUN_3
29762,20298,FUN_2,FUN_3
29764,21211,FUN_3,FUN_2
29773,8594,FUN_3,FUN_2
29779,16231,FUN_2,FUN_1
29803,22880,FUN_6,FUN_5
29805,22040,FUN_1,FUN_2
29831,28510,CUBE_L,RET
29840,9645,FUN_1,FUN_2
29844,25183,FUN_2,FUN_3
29853,24179,FUN_5,FUN_6
29873,21120,FUN_2,FUN_1
29878,25907,FUN_2,FUN_1
29893,7101,FUN_3,FUN_2
29901,9754,CUBE_R,FUN_6
29909,26460,FUN_2,FUN_1
29915,6132,FUN_2,FUN_3
29932,6098,FUN_3,FUN_4
29955,17586,RET,CUBE_R
29961,18050,FUN_1,FUN_2
29965,16589,FUN_3,FUN_4
29982,7101,FUN_2,FUN_3
30001,12259,FUN_2,FUN_1
30005,7101,FUN_3,FUN_2
30006,9869,FUN_2,FUN_3
30012,28676,RET,CUBE_R
30018,29893,FUN_2,FUN_3
30034,16383,FUN_3,FUN_2
30041,10077,FUN_6,FUN_5
30042,17167,FUN_2,FUN_1
30054,15039,FUN_4,FUN_3
30067,2722,FUN_2,FUN_3
30067,9623,FUN_3,FUN_2
30083,26897,FUN_3,FUN_2
30086,7101,FUN_2,FUN_3
30098,3921,FUN_3,FUN_4
30109,16231,FUN_1,FUN_2
30119,18591,FUN_3,FUN_2
30163,17763,FUN_1,FUN_2
30168,4040,FUN_4,FUN_5
30177,7101,FUN_3,FUN_2
30194,6460,FUN_2,FUN_1
30208,4485,FUN_2,FUN_1
30217,1202,FUN_1,FUN_2
30220,1017,FUN_2,FUN_3
30223,19383,FUN_1,FUN_2
30257,10311,FUN_3,FUN_2
30262,25293,FUN_6,CUBE_R
30265,26751,RET,CUBE_L
30267,24179,FUN_6,FUN_5
30272,20649,FUN_1,FUN_2
30276,24964,CUBE_L,RET
30279,27006,FUN_6,FUN_5
30289,10806,FUN_1,FUN_2
30291,24081,FUN_5,FUN_6
30297,29475,FUN_3,FUN_2
30298,24653,FUN_5,FUN_4
30302,10419,FUN_1,FUN_2
30302,24583,FUN_4,FUN_5
30311,22174,FUN_4,FUN_5
30324,21724,RET,CUBE_R
30350,20815,FUN_1,CUBE_L
30354,19285,FUN_2,FUN_1
30373,7955,FUN_2,FUN_1
30376,6624,FUN_2,FUN_1
30398,20011,FUN_5,FUN_6
30399,11504,CUBE_R,FUN_6
30402,1423,FUN_3,FUN_2
30441,9922,FUN_6,FUN_5
30456,22143,FUN_4,FUN_5
30457,29512,CUBE_R,FUN_6
30465,5715,FUN_2,FUN_1
30493,11302,FUN_4,FUN_3
30495,95,FUN_4,FUN_3
30496,24140,FUN_2,FUN_3
30541,20011,FUN_6,FUN_5
30553,14862,FUN_5,FUN_4
30553,18280,FUN_3,FUN_4
30555,16587,FUN_2,FUN_1
30565,1941,FUN_3,FUN_4
30571,25754,FUN_3,FUN_2
30573,27459,FUN_2,FUN_1
30581,12289,FUN_5,FUN_4
30597,11242,FUN_2,FUN_3
30600,11063,RET,CUBE_R
30602,13491,FUN_3,FUN_2
30613,9939,CUBE_L,RET
30622,15254,FUN_4,FUN_3
30627,22766,FUN_3,FUN_2
30635,18913,FUN_5,FUN_6
30659,29928,FUN_4,FUN_3
30661,11444,FUN_1,FUN_2
30664,7806,FUN_2,FUN_3
30668,16193,FUN_2,FUN_3
30687,3282,FUN_5,FUN_4
30690,9588,CUBE_L,RET
30707,14678,FUN_3,FUN_4
30727,13025,FUN_4,FUN_3
30728,7008,FUN_2,FUN_1
30732,16718,FUN_2,FUN_1
30736,19196,RET,CUBE_R
30755,25262,CUBE_L,FUN_1
30771,14745,FUN_3,FUN_2
30776,10720,RET,CUBE_R
30780,3367,FUN_3,FUN_2
30799,21210,FUN_2,FUN_3
30806,26987,FUN_5,FUN_4
30809,1470,FUN_2,FUN_1
30810,50,FUN_4,FUN_5
30814,7620,FUN_2,FUN_3
30820,16594,FUN_1,FUN_2
30830,12408,FUN_2,FUN_3
30842,913,FUN_3,FUN_4
30869,13613,FUN_2,FUN_3
30908,20415,FUN_3,FUN_2
30934,7381,FUN_5,FUN_4
30948,12791,FUN_3,FUN_2
30961,9623,FUN_2,FUN_3
30986,2008,FUN_3,FUN_2
30998,11169,RET,CUBE_L
31002,6974,FUN_3,FUN_2
31017,17954,FUN_2,FUN_1
31025,4485,FUN_1,FUN_2
31030,12917,FUN_4,FUN_5
31037,905,FUN_1,FUN_2
31056,4691,FUN_1,CUBE_L
31062,20901,FUN_3,FUN_2
31068,12408,FUN_3,FUN_2
31088,18676,RET,CUBE_L
31103,29215,FUN_4,FUN_5
31117,879,FUN_6,FUN_5
31145,17472,FUN_3,FUN_4
31149,24457,CUBE_L,RET
31160,25899,FUN_2,FUN_1
31202,7620,FUN_3,FUN_2
31211,9265,FUN_3,FUN_2
31214,13491,FUN_2,FUN_3
31221,6774,FUN_2,FUN_3
31236,24057,FUN_1,FUN_2
31238,3173,FUN_4,FUN_3
31240,29555,FUN_3,FUN_2
31262,24051,FUN_2,FUN_1
31302,2722,FUN_3,FUN_2
31316,16731,FUN_3,FUN_2
31318,27919,FUN_2,FUN_1
31324,4040,FUN_5,FUN_4
31326,4485,FUN_2,FUN_1
31343,23485,FUN_2,FUN_3
31350,19245,FUN_1,FUN_2
31360,898,FUN_2,FUN_3
31371,10245,FUN_2,FUN_1
31372,19848,FUN_3,FUN_2
31402,2422,CUBE_L,FUN_1
31414,29215,FUN_5,FUN_4
31426,8658,FUN_5,FUN_6
31439,1945,FUN_3,FUN_4
31464,5448,FUN_2,FUN_3
31471,25326,FUN_3,FUN_2
31482,7349,FUN_4,FUN_3
31496,12792,RET,CUBE_R
31507,12259,FUN_1,FUN_2
31508,13741,FUN_6,CUBE_R
31519,21361,FUN_5,FUN_4
31529,9923,FUN_5,FUN_4
31534,5457,FUN_2,FUN_3
31543,14027,FUN_5,FUN_4
31559,2700,FUN_4,FUN_3
31573,28980,FUN_1,FUN_2
31618,27887,FUN_5,FUN_6
31620,5123,FUN_1,FUN_2
31650,22285,CUBE_R,FUN_6
31652,10477,FUN_6,FUN_5
31661,7243,CUBE_R,FUN_6
31662,28561,FUN_3,FUN_4
31665,16234,FUN_3,FUN_2
31669,25754,FUN_2,FUN_3
31680,23868,FUN_3,FUN_2
31682,418,FUN_3,FUN_2
31691,29215,FUN_4,FUN_5
31711,22573,FUN_4,FUN_3
31725,17942,CUBE_L,RET
31761,25293,CUBE_R,FUN_6
31766,13711,FUN_5,FUN_4
31785,20873,RET,CUBE_L
31796,1291,FUN_5,FUN_4
31815,21218,CUBE_L,RET
31827,10401,FUN_4,FUN_3
31830,396,FUN_2,FUN_3
31845,10082,FUN_2,FUN_1
31848,10982,FUN_3,FUN_4
31850,29802,FUN_3,FUN_4
31854,10982,FUN_4,FUN_3
31854,16234,FUN_2,FUN_3
31866,26058,FUN_2,FUN_3
31872,10077,FUN_5,FUN_6
31894,19487,FUN_1,FUN_2
31897,16718,FUN_1,FUN_2
31924,10510,FUN_4,FUN_3
31925,20623,CUBE_R,RET
31935,23829,CUBE_L,RET
31952,15149,FUN_4,FUN_3
31954,11451,CUBE_L,RET
31963,16718,FUN_2,FUN_1
31965,273,FUN_5,FUN_6
31987,11263,FUN_6,CUBE_R
31992,5479,FUN_3,FUN_2
32021,16718,FUN_1,FUN_2
32026,14469,FUN_2,FUN_3
32027,28549,RET,CUBE_L
32045,18591,FUN_2,FUN_3
32048,16718,FUN_2,FUN_1
32066,21815,FUN_1,FUN_2
32087,4910,CUBE_R,RET
32100,16234,FUN_3,FUN_2
32104,26987,FUN_4,FUN_5
32106,15816,FUN_3,FUN_4
32112,22143,FUN_5,FUN_4
32113,24583,FUN_5,FUN_4
32130,29455,FUN_1,FUN_2
32132,11657,FUN_2,FUN_1
32142,21146,FUN_3,FUN_2
32154,6624,FUN_1,FUN_2
32169,2700,FUN_3,FUN_4
32179,25488,FUN_3,FUN_2
32183,21002,RET,CUBE_L
32190,6696,FUN_2,FUN_3
32201,6175,FUN_3,FUN_2
32208,20063,FUN_1,FUN_2
32211,18495,FUN_3,FUN_2
32227,14678,FUN_4,FUN_3
32227,27083,FUN_2,FUN_1
32230,16731,FUN_2,FUN_3
32232,6098,FUN_4,FUN_3
32261,20660,FUN_2,FUN_1
32263,12161,FUN_2,FUN_3
32264,22324,FUN_3,FUN_2
32266,10282,FUN_2,FUN_3
32289,1590,FUN_2,FUN_1
32302,19769,FUN_5,FUN_6
32310,1732,FUN_3,FUN_4
32332,10510,FUN_3,FUN_4
32332,17451,CUBE_L,RET
32333,28485,FUN_6,CUBE_R
32336,18931,FUN_1,CUBE_L
32347,21893,FUN_3,FUN_4
32355,25960,FUN_2,FUN_3
32360,26646,RET,CUBE_R
32382,25200,FUN_3,FUN_4
32385,28694,FUN_2,FUN_1
32390,27660,FUN_3,FUN_2
32411,13394,FUN_6,CUBE_R
32430,12315,FUN_4,FUN_3
32447,2686,CUBE_R,FUN_6
32448,22597,FUN_4,FUN_5
32462,2176,FUN_3,FUN_2
32468,8932,FUN_2,FUN_1
32482,8195,FUN_1,CUBE_L
32500,19383,FUN_2,FUN_1
32501,13761,FUN_4,FUN_5
32507,14990,FUN_1,FUN_2
32515,5448,FUN_3,FUN_2
32525,15437,FUN_1,CUBE_L
32534,1941,FUN_4,FUN_3
32534,15849,FUN_4,FUN_3
32555,7349,FUN_3,FUN_4
32567,13613,FUN_3,FUN_2
32567,26417,FUN_2,FUN_1
32580,21203,FUN_2,FUN_3
32585,29802,FUN_4,FUN_3
32596,27651,FUN_3,FUN_2
32643,24675,CUBE_R,FUN_6
32647,28947,RET,CUBE_R
32648,6582,FUN_3,FUN_2
32650,27343,FUN_2,FUN_1
32664,29757,FUN_1,FUN_2
32671,29802,FUN_3,FUN_4
32675,13560,FUN_4,FUN_3
32681,29802,FUN_4,FUN_3
32691,11169,CUBE_L,RET
32691,25899,FUN_1,FUN_2
32715,19886,FUN_3,FUN_2
32726,9623,FUN_3,FUN_2
32741,17740,FUN_2,FUN_1
32748,2722,FUN_2,FUN_3
32748,17482,FUN_6,FUN_5
32753,17225,FUN_4,FUN_3
32753,27415,FUN_1,FUN_2
32760,26897,FUN_2,FUN_3
32764,22587,FUN_5,FUN_4
32767,9869,FUN_3,FUN_2
32768,110,FUN_1,FUN_2
32769,21896,FUN_2,FUN_1
32778,29802,FUN_3,FUN_4
32793,23208,FUN_3,FUN_4
32802,7101,FUN_2,FUN_3
32807,25732,FUN_3,FUN_2
32821,22557,FUN_2,FUN_1
32824,19469,FUN_6,FUN_5
32831,18798,FUN_2,FUN_3
32833,7004,FUN_4,FUN_5
32841,25960,FUN_3,FUN_2
32842,8128,FUN_3,FUN_2
32847,15039,FUN_3,FUN_4
32850,21002,CUBE_L,RET
32850,29940,FUN_2,FUN_1
32863,2261,FUN_4,FUN_5
32868,21426,FUN_3,FUN_2
32882,11289,RET,CUBE_R
32884,4124,FUN_2,FUN_3
32884,17451,RET,CUBE_L
32894,10931,FUN_2,FUN_1
32901,29251,FUN_2,FUN_3
32919,21604,FUN_4,FUN_3
32919,22456,FUN_3,FUN_2
32923,6031,FUN_3,FUN_4
32929,25754,FUN_3,FUN_2
32931,14306,FUN_6,CUBE_R
32931,28526,FUN_3,FUN_2
32932,27078,FUN_6,CUBE_R
32935,2261,FUN_5,FUN_4
32943,19376,RET,CUBE_L
32947,26327,CUBE_L,FUN_1
32949,21582,FUN_2,FUN_3
32998,19234,FUN_4,FUN_3
33000,17421,FUN_2,FUN_3
33016,9623,FUN_2,FUN_3
33028,2261,FUN_4,FUN_5
33030,2176,FUN_2,FUN_3
33030,9294,CUBE_L,RET
33030,24955,FUN_2,FUN_3
33047,17111,FUN_2,FUN_3
33062,13731,FUN_1,CUBE_L
33081,2567,FUN_3,FUN_2
33112,22508,FUN_2,FUN_3
33118,22766,FUN_2,FUN_3
33123,17704,FUN_4,FUN_5
33134,6930,CUBE_R,RET
33151,24057,FUN_2,FUN_1
33158,10082,FUN_1,FUN_2
33158,29215,FUN_5,FUN_4
33192,26348,FUN_3,FUN_4
33201,28562,FUN_4,FUN_3
33215,10931,FUN_1,FUN_2
33234,18193,FUN_2,FUN_3
33245,29182,FUN_2,FUN_3
33251,12809,FUN_2,FUN_1
33266,13958,FUN_2,FUN_3
33267,24081,FUN_6,FUN_5
33276,1129,CUBE_R,RET
33278,6774,FUN_3,FUN_2
33281,1248,CUBE_R,RET
33302,14733,CUBE_L,RET
33312,20660,FUN_1,FUN_2
33313,16234,FUN_2,FUN_3
33315,3950,FUN_2,FUN_1
33319,24051,FUN_1,FUN_2
33322,21002,RET,CUBE_L
33330,17931,FUN_5,FUN_4
33335,4314,FUN_2,FUN_1
33341,24212,FUN_5,FUN_6
33348,1045,CUBE_L,RET
33353,8195,CUBE_L,FUN_1
33356,5629,FUN_1,FUN_2
33366,15620,FUN_3,FUN_4
33382,4146,FUN_4,FUN_3
33392,28826,CUBE_L,RET
33404,9208,FUN_3,FUN_2
33420,3839,CUBE_R,RET
33422,13054,FUN_3,FUN_2
33428,5434,FUN_1,FUN_2
33429,1012,CUBE_L,RET
33444,18102,FUN_5,FUN_6
33445,20211,FUN_5,FUN_6
33458,9288,CUBE_L,RET
33475,18913,FUN_6,FUN_5
33479,26908,FUN_3,FUN_4
33494,4005,FUN_6,CUBE_R
33504,28707,FUN_5,FUN_4
33520,28562,FUN_3,FUN_4
33545,7717,RET,CUBE_L
33545,22508,FUN_3,FUN_2
33554,25488,FUN_2,FUN_3
33560,13732,FUN_2,FUN_3
33568,21195,FUN_5,FUN_4
33569,28561,FUN_4,FUN_3
33584,17078,FUN_2,FUN_3
33586,1941,FUN_3,FUN_4
33593,14746,CUBE_R,RET
33619,11453,FUN_2,FUN_3
33622,7955,FUN_1,FUN_2
33629,7717,CUBE_L,RET
33631,9869,FUN_2,FUN_3
33635,27108,FUN_6,CUBE_R
33644,5448,FUN_2,FUN_3
33645,14301,FUN_2,FUN_1
33657,19285,FUN_1,FUN_2
33667,11229,FUN_3,FUN_2
33670,29943,FUN_2,FUN_1
33675,29672,FUN_2,FUN_3
33689,21896,FUN_1,FUN_2
33728,17806,CUBE_R,RET
33735,15684,FUN_4,FUN_3
33740,23829,RET,CUBE_L
33746,1491,FUN_4,FUN_3
33751,9750,FUN_1,FUN_2
33752,12623,FUN_2,FUN_3
33761,2406,FUN_4,FUN_3
33775,2261,FUN_5,FUN_4
33775,17863,FUN_5,FUN_6
33786,17078,FUN_3,FUN_2
33811,2422,FUN_1,CUBE_L
33816,29475,FUN_2,FUN_3
33818,26348,FUN_4,FUN_3
33819,19796,FUN_2,FUN_1
33821,28774,RET,CUBE_L
33822,1423,FUN_2,FUN_3
33829,25037,FUN_3,FUN_2
33845,24212,FUN_6,FUN_5
33874,15849,FUN_3,FUN_4
33899,13054,FUN_2,FUN_3
33924,13099,FUN_1,FUN_2
33940,1941,FUN_4,FUN_3
33962,25184,FUN_3,FUN_2
33991,773,FUN_5,FUN_6
33997,1941,FUN_3,FUN_4
34030,26460,FUN_1,FUN_2
34040,8567,FUN_6,CUBE_R
34045,193,FUN_4,FUN_3
34066,14643,FUN_5,FUN_4
34078,1941,FUN_4,FUN_3
34081,23868,FUN_2,FUN_3
34088,6305,RET,CUBE_R
34127,5448,FUN_3,FUN_2
34128,24583,FUN_4,FUN_5
34144,26348,FUN_3,FUN_4
34155,11319,FUN_3,FUN_4
34157,23474,RET,CUBE_R
34166,16591,FUN_3,FUN_2
34171,16731,FUN_3,FUN_2
34176,26109,FUN_3,FUN_4
34195,19341,CUBE_R,FUN_6
34195,23835,FUN_3,FUN_2
34199,10931,FUN_2,FUN_1
34218,1461,FUN_2,FUN_3
34222,1227,RET,CUBE_R
34224,14883,FUN_2,FUN_1
34226,7032,FUN_1,FUN_2
34231,15580,FUN_5,FUN_4
34257,16583,FUN_3,FUN_2
34260,17300,FUN_3,FUN_2
34266,27931,FUN_4,FUN_5
34286,11737,FUN_3,FUN_2
34290,5214,FUN_4,FUN_3
34300,10957,CUBE_R,FUN_6
34301,27052,FUN_2,FUN_3
34301,28774,CUBE_L,RET
34304,12809,FUN_1,FUN_2
34308,21420,FUN_2,FUN_1
34314,24212,FUN_5,FUN_6
34336,25732,FUN_2,FUN_3
34338,19835,CUBE_L,RET
34354,11284,RET,CUBE_R
34378,56,CUBE_R,RET
34385,2467,FUN_5,FUN_4
34387,24909,FUN_2,FUN_1
34390,1851,RET,CUBE_R
34396,24955,FUN_3,FUN_2
34402,24583,FUN_5,FUN_4
34422,610,FUN_4,FUN_3
34464,26460,FUN_2,FUN_1
34465,9174,FUN_2,FUN_3
34466,16231,FUN_2,FUN_1
34486,21396,RET,CUBE_R
34501,24051,FUN_2,FUN_1
34501,26646,CUBE_R,RET
34505,9563,CUBE_L,RET
34521,10982,FUN_3,FUN_4
34523,7806,FUN_3,FUN_2
34528,12315,FUN_3,FUN_4
34534,27610,FUN_4,FUN_5
34540,11504,FUN_6,CUBE_R
34546,6690,FUN_2,FUN_1
34547,7101,FUN_3,FUN_2
34555,5564,FUN_3,FUN_2
34570,22728,FUN_4,FUN_3
34579,11130,FUN_6,FUN_5
34585,21893,FUN_4,FUN_3
34596,4895,FUN_3,FUN_4
34603,15948,FUN_6,CUBE_R
34604,1443,CUBE_R,FUN_6
34626,26743,FUN_4,FUN_5
34635,19234,FUN_3,FUN_4
34641,25225,FUN_4,FUN_3
34651,8195,FUN_1,CUBE_L
34665,6596,CUBE_L,RET
34666,6861,CUBE_R,FUN_6
34669,21202,FUN_5,FUN_6
34683,26460,FUN_1,FUN_2
34686,19084,FUN_2,FUN_1
34715,1491,FUN_3,FUN_4
34717,29052,FUN_2,FUN_3
34730,2261,FUN_4,FUN_5
34748,7503,FUN_3,FUN_4
34754,29591,FUN_6,FUN_5
34762,19632,RET,CUBE_L
34768,21396,CUBE_R,RET
34768,27121,RET,CUBE_R
34770,773,FUN_6,FUN_5
34789,6098,FUN_3,FUN_4
34789,14862,FUN_4,FUN_5
34818,28561,FUN_3,FUN_4
34832,25262,FUN_1,CUBE_L
34836,20745,FUN_5,FUN_4
34841,56,RET,CUBE_R
34847,24441,FUN_2,FUN_3
34862,2261,FUN_5,FUN_4
34864,29251,FUN_3,FUN_2
34865,19848,FUN_2,FUN_3
34868,26908,FUN_4,FUN_3
34876,2331,FUN_4,FUN_3
34879,15039,FUN_4,FUN_3
34881,11195,FUN_2,FUN_3
34881,11341,RET,CUBE_R
34890,5055,CUBE_R,FUN_6
34890,26743,FUN_5,FUN_4
34891,26570,FUN_3,FUN_4
34900,25226,FUN_3,FUN_2
34908,12195,FUN_4,FUN_5
34909,16383,FUN_2,FUN_3
34912,12319,FUN_1,FUN_2
34913,11589,CUBE_L,RET
34920,23036,FUN_5,FUN_4
34943,18457,FUN_2,FUN_3
34959,1248,RET,CUBE_R
34983,12917,FUN_5,FUN_4
34991,29251,FUN_2,FUN_3
35002,10350,FUN_3,FUN_2
35006,23992,FUN_6,CUBE_R
35016,15684,FUN_3,FUN_4
35020,21893,FUN_3,FUN_4
35035,19748,RET,CUBE_R
35037,26118,FUN_4,FUN_3
35041,967,FUN_2,FUN_1
35043,3839,RET,CUBE_R
35055,2303,FUN_3,FUN_2
35056,8932,FUN_1,FUN_2
35057,561,FUN_2,FUN_1
35071,4485,FUN_1,FUN_2
35085,19469,FUN_5,FUN_6
35087,19566,FUN_2,FUN_1
35093,1227,CUBE_R,RET
35099,8195,CUBE_L,FUN_1
35101,18411,FUN_4,FUN_3
35101,27052,FUN_3,FUN_2
35104,17740,FUN_1,FUN_2
35167,24051,FUN_1,FUN_2
35169,19090,FUN_2,FUN_1
35180,13623,FUN_5,FUN_4
35181,2467,FUN_4,FUN_5
35183,4305,FUN_6,CUBE_R
35213,7032,FUN_2,FUN_1
35230,25488,FUN_3,FUN_2
35243,6736,FUN_1,CUBE_L
35251,6873,RET,CUBE_R
35258,25567,FUN_2,FUN_1
35265,19281,RET,CUBE_R
35267,4905,CUBE_L,RET
35274,11130,FUN_5,FUN_6
35276,11737,FUN_2,FUN_3
35280,27418,FUN_6,CUBE_R
35323,27887,FUN_6,FUN_5
35337,17806,RET,CUBE_R
35351,9288,RET,CUBE_L
35362,18615,CUBE_L,RET
35373,5569,FUN_5,FUN_6
35375,25183,FUN_3,FUN_2
35391,8055,FUN_4,FUN_5
35393,23679,FUN_3,FUN_4
35420,20211,FUN_6,FUN_5
35427,16685,FUN_2,FUN_3
35427,26910,FUN_5,FUN_6
35429,2849,FUN_6,CUBE_R
35436,14056,FUN_5,FUN_4
35440,29560,FUN_3,FUN_4
35441,15684,FUN_4,FUN_3
35451,13613,FUN_2,FUN_3
35453,15849,FUN_4,FUN_3
35463,5911,CUBE_L,RET
35472,10088,FUN_2,FUN_3
35501,2261,FUN_4,FUN_5
35504,29940,FUN_1,FUN_2
35511,20873,CUBE_L,RET
35523,25184,FUN_2,FUN_3
35529,3863,FUN_3,FUN_2
35534,21893,FUN_4,FUN_3
35535,15684,FUN_3,FUN_4
35537,20211,FUN_5,FUN_6
35537,29251,FUN_3,FUN_2
35546,21582,FUN_3,FUN_2
35556,1960,CUBE_L,RET
35558,1491,FUN_4,FUN_3
35584,17227,FUN_5,FUN_4
35592,15684,FUN_4,FUN_3
35595,15889,RET,CUBE_L
35611,10895,FUN_2,FUN_3
35619,14990,FUN_2,FUN_1
35624,15176,FUN_5,FUN_6
35636,6861,FUN_6,CUBE_R
35641,26743,FUN_4,FUN_5
35653,19084,FUN_1,FUN_2
35658,11229,FUN_2,FUN_3
35664,14871,CUBE_R,RET
35671,27083,FUN_1,FUN_2
35675,19041,FUN_1,FUN_2
35694,21311,CUBE_R,RET
35695,19367,FUN_4,FUN_5
35697,21953,FUN_3,FUN_2
35706,2261,FUN_5,FUN_4
35706,24441,FUN_3,FUN_2
35756,20873,RET,CUBE_L
35766,7717,RET,CUBE_L
35776,7647,FUN_3,FUN_4
35778,12809,FUN_2,FUN_1
35782,10931,FUN_1,FUN_2
35807,27931,FUN_5,FUN_4
35835,9174,FUN_3,FUN_2
35837,20884,CUBE_R,RET
35853,3950,FUN_1,FUN_2
35860,24441,FUN_2,FUN_3
35871,21460,FUN_4,FUN_3
35898,28562,FUN_4,FUN_3
35905,18271,FUN_5,FUN_4
35918,19090,FUN_1,FUN_2
35920,8877,RET,CUBE_R
35924,5448,FUN_2,FUN_3
35927,16763,FUN_2,FUN_3
35936,12415,FUN_6,FUN_5
36001,3545,FUN_3,FUN_2
36018,6736,CUBE_L,FUN_1
36067,21953,FUN_2,FUN_3
36075,25935,FUN_2,FUN_3
36107,26646,RET,CUBE_R
36108,6175,FUN_2,FUN_3
36122,18894,FUN_2,FUN_1
36127,10854,FUN_5,FUN_4
36131,29640,RET,CUBE_R
36141,18225,FUN_4,FUN_5
36147,1590,FUN_1,FUN_2
36161,26058,FUN_3,FUN_2
36165,14733,RET,CUBE_L
36167,18220,CUBE_R,RET
36188,19566,FUN_1,FUN_2
36201,28368,RET,CUBE_L
36207,26247,FUN_2,FUN_3
36244,15039,FUN_3,FUN_4
36248,8444,FUN_2,FUN_3
36293,2315,FUN_5,FUN_4
36300,21582,FUN_2,FUN_3
36304,28368,CUBE_L,RET
36321,15684,FUN_3,FUN_4
36364,19367,FUN_5,FUN_4
36367,25292,FUN_2,FUN_3
36370,24212,FUN_6,FUN_5
36382,19334,FUN_2,FUN_3
36406,26489,FUN_4,FUN_5
36411,15039,FUN_4,FUN_3
36414,15620,FUN_4,FUN_3
36414,21315,FUN_4,FUN_3
36418,10957,FUN_6,CUBE_R
36426,19234,FUN_4,FUN_3
36431,11401,FUN_3,FUN_4
36473,21123,FUN_1,FUN_2
36474,19285,FUN_2,FUN_1
36477,11444,FUN_2,FUN_1
36477,17300,FUN_2,FUN_3
36491,7382,CUBE_L,FUN_1
36500,28817,FUN_6,FUN_5
36520,9869,FUN_3,FUN_2
36544,2020,FUN_6,FUN_5
36548,15118,FUN_3,FUN_2
36549,16591,FUN_2,FUN_3
36550,6596,RET,CUBE_L
36553,21409,FUN_3,FUN_2
36559,7067,FUN_5,FUN_4
36565,11512,FUN_1,FUN_2
36580,23835,FUN_2,FUN_3
36595,14733,CUBE_L,RET
36612,16723,FUN_2,FUN_3
36616,27964,FUN_3,FUN_4
36617,19367,FUN_4,FUN_5
36632,8179,FUN_2,FUN_3
36641,28606,FUN_2,FUN_1
36645,1227,RET,CUBE_R
36645,13731,CUBE_L,FUN_1
36658,15421,FUN_3,FUN_2
36663,26743,FUN_5,FUN_4
36697,18495,FUN_2,FUN_3
36706,15620,FUN_3,FUN_4
36711,4649,CUBE_L,FUN_1
36727,13761,FUN_5,FUN_4
36728,6098,FUN_4,FUN_3
36732,20333,FUN_2,FUN_1
36740,17486,FUN_2,FUN_1
36745,12415,FUN_5,FUN_6
36776,15062,FUN_3,FUN_2
36783,18471,FUN_6,CUBE_R
36785,2518,FUN_2,FUN_1
36800,22246,FUN_1,CUBE_L
36805,22077,CUBE_R,RET
36821,26247,FUN_3,FUN_2
36826,11856,FUN_2,FUN_1
36826,24426,FUN_6,FUN_5
36827,21420,FUN_1,FUN_2
36835,15632,CUBE_R,FUN_6
36850,4557,FUN_2,FUN_3
36851,19848,FUN_3,FUN_2
36860,10282,FUN_3,FUN_2
36865,9007,RET,CUBE_R
36886,9623,FUN_3,FUN_2
36897,10982,FUN_4,FUN_3
36899,6447,FUN_3,FUN_2
36908,2283,FUN_3,FUN_2
36928,5434,FUN_2,FUN_1
36933,27675,FUN_2,FUN_3
36935,28774,RET,CUBE_L
36945,20063,FUN_2,FUN_1
36946,25442,FUN_1,FUN_2
36973,24009,FUN_2,FUN_3
36976,18457,FUN_3,FUN_2
37004,29560,FUN_4,FUN_3
37005,11063,CUBE_R,RET
37016,22302,FUN_1,FUN_2
37026,7449,RET,CUBE_L
37027,25226,FUN_2,FUN_3
37034,22059,FUN_6,CUBE_R
37045,11386,FUN_4,FUN_3
37052,22816,FUN_3,FUN_2
37053,19796,FUN_1,FUN_2
37057,418,FUN_2,FUN_3
37069,25200,FUN_4,FUN_3
37070,18930,FUN_3,FUN_4
37093,7647,FUN_4,FUN_3
37096,20592,FUN_4,FUN_3
37098,6901,FUN_2,FUN_1
37104,27481,FUN_1,FUN_2
37118,931,CUBE_L,FUN_1
37124,14733,RET,CUBE_L
37129,25326,FUN_2,FUN_3
37136,15620,FUN_4,FUN_3
37146,19649,FUN_1,CUBE_L
37151,27459,FUN_1,FUN_2
37153,1443,FUN_6,CUBE_R
37159,27780,FUN_6,CUBE_R
37166,1491,FUN_3,FUN_4
37180,28526,FUN_2,FUN_3
37201,5694,FUN_4,FUN_3
37201,25705,FUN_3,FUN_2
37218,20063,FUN_1,FUN_2
37219,7449,CUBE_L,RET
37223,9869,FUN_2,FUN_3
37228,21582,FUN_3,FUN_2
37244,3619,FUN_1,FUN_2
37246,12195,FUN_5,FUN_4
37252,21426,FUN_2,FUN_3
37254,19661,FUN_2,FUN_3
37257,7008,FUN_1,FUN_2
37258,1788,CUBE_L,RET
37270,7449,RET,CUBE_L
37271,21210,FUN_3,FUN_2
37283,7329,FUN_3,FUN_2
37289,4691,CUBE_L,FUN_1
37299,9765,FUN_4,FUN_5
37317,27410,CUBE_L,RET
37328,15684,FUN_4,FUN_3
37344,10957,CUBE_R,FUN_6
37344,21396,RET,CUBE_R
37355,1194,FUN_3,FUN_4
37366,18457,FUN_2,FUN_3
37374,10350,FUN_2,FUN_3
37376,14643,FUN_4,FUN_5
37376,26489,FUN_5,FUN_4
37385,12161,FUN_3,FUN_2
37388,23707,FUN_1,CUBE_L
37398,18930,FUN_4,FUN_3
37402,11425,FUN_4,FUN_3
37425,19650,FUN_6,CUBE_R
37426,6098,FUN_3,FUN_4
37439,8567,CUBE_R,FUN_6
37452,2250,CUBE_L,RET
37470,2606,CUBE_R,RET
37470,29325,FUN_1,CUBE_L
37474,12415,FUN_6,FUN_5
37482,6930,RET,CUBE_R
37496,21002,CUBE_L,RET
37499,9919,FUN_2,FUN_1
37500,5861,FUN_2,FUN_1
37506,6797,RET,CUBE_L
37507,11713,FUN_3,FUN_2
37510,12387,RET,CUBE_L
37512,10734,FUN_2,FUN_3
37514,13560,FUN_3,FUN_4
37517,1393,FUN_1,FUN_2
37535,18322,FUN_4,FUN_5
37571,19835,RET,CUBE_L
37587,2283,FUN_2,FUN_3
37591,24290,FUN_3,FUN_2
37592,28980,FUN_2,FUN_1
37609,18930,FUN_3,FUN_4
37609,21002,RET,CUBE_L
37615,12195,FUN_4,FUN_5
37621,28304,FUN_3,FUN_4
37648,12087,FUN_3,FUN_2
37658,11838,RET,CUBE_R
37663,28247,FUN_2,FUN_3
37666,9288,CUBE_L,RET
37688,14990,FUN_1,FUN_2
37698,10982,FUN_3,FUN_4
37706,6098,FUN_4,FUN_3
37708,5785,RET,CUBE_R
37709,14469,FUN_3,FUN_2
37731,16587,FUN_1,FUN_2
37731,22816,FUN_2,FUN_3
37735,21460,FUN_3,FUN_4
37762,21544,FUN_4,FUN_3
37764,6447,FUN_2,FUN_3
37766,19281,CUBE_R,RET
37778,24489,CUBE_R,RET
37787,20033,FUN_3,FUN_2
37796,23633,FUN_1,FUN_2
37834,28032,FUN_2,FUN_1
37841,8353,FUN_3,FUN_4
37845,28670,CUBE_R,RET
37849,29629,FUN_3,FUN_2
37855,14508,FUN_3,FUN_2
37857,14056,FUN_4,FUN_5
37862,29477,FUN_1,FUN_2
37864,14056,FUN_5,FUN_4
37879,854,CUBE_L,RET
37898,2686,FUN_6,CUBE_R
37898,24718,CUBE_R,FUN_6
37901,27610,FUN_5,FUN_4
37905,11130,FUN_6,FUN_5
37905,14658,FUN_2,FUN_3
37909,19285,FUN_1,FUN_2
37914,28341,CUBE_R,FUN_6
37925,21146,FUN_2,FUN_3
37948,26570,FUN_4,FUN_3
37952,14056,FUN_4,FUN_5
37953,16974,FUN_4,FUN_3
37961,17975,FUN_6,FUN_5
37964,26414,FUN_6,FUN_5
37967,9588,RET,CUBE_L
37968,16362,CUBE_R,FUN_6
37970,17371,CUBE_R,RET
37977,21120,FUN_1,FUN_2
38009,277,FUN_3,FUN_2
38011,11550,FUN_1,FUN_2
38015,11856,FUN_1,FUN_2
38017,12351,FUN_2,FUN_1
38044,5434,FUN_1,FUN_2
38055,19285,FUN_2,FUN_1
38059,27083,FUN_2,FUN_1
38063,19285,FUN_1,FUN_2
38068,10920,FUN_1,CUBE_L
38072,19285,FUN_2,FUN_1
38079,10282,FUN_2,FUN_3
38089,10297,CUBE_L,RET
38102,19285,FUN_1,FUN_2
38104,18322,FUN_5,FUN_4
38104,27202,FUN_4,FUN_3
38113,20033,FUN_2,FUN_3
38122,18457,FUN_3,FUN_2
38123,24212,FUN_5,FUN_6
38124,14566,FUN_5,FUN_4
38130,28817,FUN_5,FUN_6
38133,19285,FUN_2,FUN_1
38135,19661,FUN_3,FUN_2
38139,25561,CUBE_L,RET
38142,1941,FUN_3,FUN_4
38143,24489,RET,CUBE_R
38161,14056,FUN_5,FUN_4
38163,11386,FUN_3,FUN_4
38163,15569,FUN_4,FUN_3
38164,13560,FUN_4,FUN_3
38164,26327,FUN_1,CUBE_L
38172,21311,RET,CUBE_R
38177,22280,FUN_1,FUN_2
38177,24212,FUN_6,FUN_5
38178,7208,CUBE_R,FUN_6
38205,29560,FUN_3,FUN_4
38208,18903,FUN_3,FUN_2
38209,12104,CUBE_R,RET
38212,20033,FUN_3,FUN_2
38213,10854,FUN_4,FUN_5
38216,21123,FUN_2,FUN_1
38227,16614,RET,CUBE_R
38238,19632,CUBE_L,RET
38245,11210,FUN_4,FUN_3
38248,5660,FUN_2,FUN_1
38256,17167,FUN_1,FUN_2
38266,1665,RET,CUBE_R
38267,28704,RET,CUBE_L
38272,17761,CUBE_R,RET
38276,1732,FUN_4,FUN_3
38319,11504,CUBE_R,FUN_6
38330,23643,FUN_1,FUN_2
38341,9215,FUN_3,FUN_2
38341,18853,FUN_2,FUN_3
38359,25981,FUN_2,FUN_3
38371,5023,FUN_2,FUN_3
38371,11040,CUBE_L,RET
38385,20211,FUN_6,FUN_5
38392,20333,FUN_1,FUN_2
38402,18903,FUN_2,FUN_3
38409,8568,RET,CUBE_R
38433,26548,FUN_3,FUN_2
38440,10477,FUN_5,FUN_6
38446,13803,CUBE_L,RET
38447,10920,CUBE_L,FUN_1
38449,22197,FUN_3,FUN_2
38476,29770,FUN_3,FUN_2
38481,9178,FUN_4,FUN_3
38494,26320,FUN_2,FUN_1
38508,26109,FUN_4,FUN_3
38515,11063,RET,CUBE_R
38523,13731,FUN_1,CUBE_L
38524,13735,FUN_4,FUN_5
38524,25938,FUN_4,FUN_5
38527,1393,FUN_2,FUN_1
38531,5449,FUN_4,FUN_5
38554,21409,FUN_2,FUN_3
38568,4557,FUN_3,FUN_2
38568,25219,FUN_3,FUN_4
38575,18813,FUN_1,FUN_2
38594,905,FUN_2,FUN_1
38598,10350,FUN_3,FUN_2
38614,6901,FUN_1,FUN_2
38622,8179,FUN_3,FUN_2
38643,2765,FUN_4,FUN_3
38653,15938,FUN_2,FUN_1
38660,25183,FUN_2,FUN_3
38660,25292,FUN_3,FUN_2
38665,17315,FUN_5,FUN_4
38665,17740,FUN_2,FUN_1
38666,21482,FUN_2,FUN_3
38671,20211,FUN_5,FUN_6
38672,24909,FUN_1,FUN_2
38676,28717,FUN_3,FUN_2
38679,28774,CUBE_L,RET
38682,26646,CUBE_R,RET
38683,13109,FUN_4,FUN_3
38684,13761,FUN_4,FUN_5
38692,25567,FUN_1,FUN_2
38718,396,FUN_3,FUN_2
38721,19632,RET,CUBE_L
38745,10310,FUN_1,FUN_2
38745,17970,CUBE_R,RET
38747,21728,FUN_3,FUN_2
38751,18802,FUN_3,FUN_2
38752,21791,RET,CUBE_L
38761,25476,FUN_2,FUN_1
38765,3282,FUN_4,FUN_5
38773,24489,CUBE_R,RET
38776,2481,FUN_5,FUN_4
38778,12415,FUN_5,FUN_6
38783,20033,FUN_2,FUN_3
38810,21202,FUN_6,FUN_5
38811,13613,FUN_3,FUN_2
38820,8479,FUN_3,FUN_2
38844,18853,FUN_3,FUN_2
38845,6429,FUN_2,FUN_1
38857,3814,CUBE_R,FUN_6
38862,15681,CUBE_R,RET
38870,27255,FUN_4,FUN_3
38872,20030,FUN_4,FUN_5
38874,27129,FUN_4,FUN_3
38896,21582,FUN_2,FUN_3
38908,12415,FUN_6,FUN_5
38934,9178,FUN_3,FUN_4
38958,11856,FUN_2,FUN_1
38970,14241,FUN_3,FUN_2
38980,22990,FUN_2,FUN_3
38982,18930,FUN_4,FUN_3
38986,23436,FUN_1,FUN_2
38989,27474,FUN_1,FUN_2
38996,5602,FUN_2,FUN_3
38997,26743,FUN_4,FUN_5
39023,11210,FUN_3,FUN_4
39028,2176,FUN_3,FUN_2
39051,29802,FUN_4,FUN_3
39070,6974,FUN_2,FUN_3
39073,18495,FUN_3,FUN_2
39079,29242,FUN_4,FUN_3
39087,9215,FUN_2,FUN_3
39102,14643,FUN_5,FUN_4
39110,5448,FUN_3,FUN_2
39110,8479,FUN_2,FUN_3
39113,4314,FUN_1,FUN_2
39114,26327,CUBE_L,FUN_1
39116,5564,FUN_2,FUN_3
39116,8594,FUN_2,FUN_3
39118,1393,FUN_1,FUN_2
39120,11289,CUBE_R,RET
39123,29245,RET,CUBE_L
39128,5108,FUN_2,FUN_1
39154,15254,FUN_3,FUN_4
39163,13476,FUN_1,CUBE_L
39165,13761,FUN_5,FUN_4
39203,9353,FUN_2,FUN_3
39206,11341,CUBE_R,RET
39229,11016,RET,CUBE_R
39233,18853,FUN_2,FUN_3
39234,7382,FUN_1,CUBE_L
39258,27610,FUN_4,FUN_5
39261,11958,FUN_5,FUN_4
39272,22990,FUN_3,FUN_2
39275,28774,RET,CUBE_L
39285,18220,RET,CUBE_R
39289,6038,FUN_2,FUN_3
39290,23068,FUN_3,FUN_4
39301,1587,FUN_2,FUN_1
39331,10177,CUBE_R,FUN_6
39334,16193,FUN_3,FUN_2
39347,5911,RET,CUBE_L
39358,4096,CUBE_L,FUN_1
39363,20051,CUBE_R,FUN_6
39373,6593,FUN_3,FUN_2
39401,26112,FUN_5,FUN_4
39430,18225,FUN_5,FUN_4
39435,29884,FUN_4,FUN_5
39442,13639,CUBE_L,RET
39444,5055,FUN_6,CUBE_R
39462,7788,FUN_2,FUN_3
39469,15039,FUN_3,FUN_4
39472,10477,FUN_6,FUN_5
39481,24909,FUN_2,FUN_1
39483,14469,FUN_2,FUN_3
39483,25417,RET,CUBE_L
39487,8444,FUN_3,FUN_2
39496,10312,CUBE_L,RET
39503,26366,FUN_6,CUBE_R
39504,10811,FUN_2,FUN_1
39508,27900,FUN_1,FUN_2
39528,15254,FUN_4,FUN_3
39536,15849,FUN_3,FUN_4
39536,28489,CUBE_R,RET
39539,26460,FUN_2,FUN_1
39541,3921,FUN_4,FUN_3
39564,16164,CUBE_R,RET
39569,6085,FUN_1,FUN_2
39573,13594,RET,CUBE_R
39577,6624,FUN_2,FUN_1
39584,3572,CUBE_R,FUN_6
39598,29305,FUN_2,FUN_1
39624,5629,FUN_2,FUN_1
39628,2324,FUN_6,FUN_5
39629,28032,FUN_1,FUN_2
39632,24338,RET,CUBE_R
39651,14613,CUBE_R,FUN_6
39667,11550,FUN_2,FUN_1
39668,13803,RET,CUBE_L
39676,20030,FUN_5,FUN_4
39683,1543,FUN_5,FUN_6
39688,14469,FUN_3,FUN_2
39690,12161,FUN_2,FUN_3
39711,1941,FUN_4,FUN_3
39722,16761,FUN_1,FUN_2
39724,26920,FUN_4,FUN_3
39725,26460,FUN_1,FUN_2
39742,14122,FUN_4,FUN_5
39750,2467,FUN_5,FUN_4
39753,8179,FUN_2,FUN_3
39761,27006,FUN_5,FUN_6
39762,2059,FUN_4,FUN_3
39762,11184,FUN_6,FUN_5
39808,3833,FUN_3,FUN_2
39816,9062,FUN_3,FUN_4
39828,19117,FUN_3,FUN_2
39846,18851,FUN_2,FUN_3
39865,17931,FUN_4,FUN_5
39879,7339,FUN_6,CUBE_R
39881,29477,FUN_2,FUN_1
39886,20355,RET,CUBE_R
39893,6901,FUN_2,FUN_1
39895,24247,FUN_3,FUN_4
39905,27045,FUN_1,CUBE_L
39923,29050,FUN_5,FUN_4
39941,13000,CUBE_R,FUN_6
39965,15633,FUN_2,FUN_1
40000,9265,FUN_2,FUN_3
40000,29242,FUN_3,FUN_4
40004,11657,FUN_1,FUN_2
40010,11550,FUN_1,FUN_2
40013,6412,FUN_2,FUN_1
40023,11550,FUN_2,FUN_1
40035,25476,FUN_1,FUN_2
40039,16193,FUN_2,FUN_3
40049,18508,FUN_4,FUN_3
40053,1960,RET,CUBE_L
40062,27610,FUN_5,FUN_4
40088,18620,FUN_5,FUN_4
40089,1665,CUBE_R,RET
40103,24955,FUN_2,FUN_3
40112,29884,FUN_5,FUN_4
40113,2686,CUBE_R,FUN_6
40115,396,FUN_2,FUN_3
40140,20333,FUN_2,FUN_1
40153,13000,FUN_6,CUBE_R
40162,11958,FUN_4,FUN_5
40165,3042,CUBE_L,FUN_1
40182,8224,FUN_3,FUN_4
40200,11215,RET,CUBE_R
40208,5023,FUN_3,FUN_2
40212,27129,FUN_3,FUN_4
40222,6031,FUN_4,FUN_3
40231,19473,FUN_4,FUN_5
40234,1507,FUN_2,FUN_3
40241,15620,FUN_3,FUN_4
40245,1491,FUN_4,FUN_3
40251,1637,FUN_3,FUN_2
40252,27045,CUBE_L,FUN_1
40253,6364,CUBE_R,RET
40261,29555,FUN_2,FUN_3
40269,21582,FUN_3,FUN_2
40285,1491,FUN_3,FUN_4
40287,22369,FUN_4,FUN_3
40289,29117,FUN_2,FUN_1
40304,10525,FUN_2,FUN_1
40316,23123,FUN_3,FUN_2
40320,9588,CUBE_L,RET
40342,8128,FUN_2,FUN_3
40356,18813,FUN_2,FUN_1
40358,20033,FUN_3,FUN_2
40360,13025,FUN_3,FUN_4
40381,9337,FUN_2,FUN_1
40385,19903,FUN_2,FUN_1
40408,10477,FUN_5,FUN_6
40434,21407,FUN_3,FUN_4
40435,28817,FUN_6,FUN_5
40439,29893,FUN_3,FUN_2
40446,18207,FUN_4,FUN_3
40451,967,FUN_1,FUN_2
40478,13871,RET,CUBE_R
40479,7697,FUN_5,FUN_6
40484,16193,FUN_3,FUN_2
40492,18903,FUN_3,FUN_2
40495,14838,FUN_3,FUN_2
40507,4124,FUN_3,FUN_2
40543,10477,FUN_6,FUN_5
40561,13949,FUN_2,FUN_3
40566,1491,FUN_4,FUN_3
40570,10245,FUN_1,FUN_2
40574,27919,FUN_1,FUN_2
40599,1543,FUN_6,FUN_5
40611,11856,FUN_1,FUN_2
40612,531,FUN_5,FUN_6
40630,20030,FUN_4,FUN_5
40641,1788,RET,CUBE_L
40650,28266,FUN_3,FUN_2
40661,18903,FUN_2,FUN_3
40671,11063,CUBE_R,RET
40688,26981,FUN_1,FUN_2
40699,9597,FUN_3,FUN_2
40704,22697,RET,CUBE_L
40712,25256,FUN_4,FUN_5
40725,11144,FUN_2,FUN_3
40731,22040,FUN_2,FUN_1
40737,10811,FUN_1,FUN_2
40769,21441,RET,CUBE_L
40773,3839,CUBE_R,RET
40774,10469,CUBE_L,RET
40774,28826,RET,CUBE_L
40788,11581,FUN_1,CUBE_L
40794,7631,FUN_3,FUN_4
40803,6037,FUN_4,FUN_3
40807,1302,FUN_5,FUN_4
40808,10177,FUN_6,CUBE_R
40809,5140,FUN_2,FUN_3
40813,16193,FUN_2,FUN_3
40833,23514,FUN_6,CUBE_R
40843,3530,FUN_3,FUN_2
40843,3885,RET,CUBE_R
40859,20030,FUN_5,FUN_4
40865,12836,FUN_2,FUN_3
40895,19396,FUN_4,FUN_3
40900,19396,FUN_3,FUN_4
40900,25705,FUN_2,FUN_3
40901,28341,FUN_6,CUBE_R
40902,19396,FUN_4,FUN_3
40913,17610,CUBE_R,FUN_6
40915,19396,FUN_3,FUN_4
40918,8224,FUN_4,FUN_3
40936,7215,FUN_2,FUN_3
40938,23006,FUN_5,FUN_6
40947,11453,FUN_3,FUN_2
40971,9294,RET,CUBE_L
40981,273,FUN_6,FUN_5
40985,26646,RET,CUBE_R
40997,7969,CUBE_L,RET
41000,25907,FUN_1,FUN_2
41003,17863,FUN_6,FUN_5
41037,12009,FUN_1,CUBE_L
41040,28266,FUN_2,FUN_3
41042,11210,FUN_4,FUN_3
41069,26417,FUN_1,FUN_2
41088,21482,FUN_3,FUN_2
41095,8224,FUN_3,FUN_4
41099,22990,FUN_2,FUN_3
41114,18903,FUN_3,FUN_2
41120,20355,CUBE_R,RET
41145,14469,FUN_2,FUN_3
41147,13455,FUN_2,FUN_3
41148,22369,FUN_3,FUN_4
41153,20011,FUN_5,FUN_6
41162,277,FUN_2,FUN_3
41165,2467,FUN_4,FUN_5
41165,15526,FUN_2,FUN_3
41174,12009,CUBE_L,FUN_1
41179,1587,FUN_1,FUN_2
41187,14552,FUN_2,FUN_1
41215,15298,FUN_3,FUN_2
41215,28032,FUN_2,FUN_1
41222,26247,FUN_2,FUN_3
41231,15620,FUN_4,FUN_3
41254,23006,FUN_6,FUN_5
41257,1314,FUN_2,FUN_1
41263,1960,CUBE_L,RET
41275,28817,FUN_5,FUN_6
41301,15198,FUN_3,FUN_2
41302,5140,FUN_3,FUN_2
41311,3285,FUN_2,FUN_3
41311,15536,FUN_2,FUN_3
41316,19117,FUN_2,FUN_3
41325,28817,FUN_6,FUN_5
41327,9196,FUN_4,FUN_3
41345,28656,FUN_2,FUN_3
41360,2303,FUN_2,FUN_3
41377,8350,FUN_3,FUN_2
41384,26423,RET,CUBE_L
41415,24675,FUN_6,CUBE_R
41421,23755,FUN_5,FUN_4
41435,25476,FUN_2,FUN_1
41450,2303,FUN_3,FUN_2
41466,2606,RET,CUBE_R
41475,17208,FUN_2,FUN_3
41485,11195,FUN_3,FUN_2
41519,18207,FUN_3,FUN_4
41519,25960,FUN_2,FUN_3
41530,16108,CUBE_L,RET
41538,13797,FUN_2,FUN_3
41540,6596,CUBE_L,RET
41546,17371,RET,CUBE_R
41549,531,FUN_6,FUN_5
41550,21880,CUBE_L,RET
41572,10088,FUN_3,FUN_2
41596,14552,FUN_1,FUN_2
41599,5862,FUN_3,FUN_2
41609,3530,FUN_2,FUN_3
41614,8224,FUN_4,FUN_3
41617,7101,FUN_2,FUN_3
41623,7536,CUBE_R,RET
41628,3634,FUN_1,FUN_2
41639,11016,CUBE_R,RET
41639,17610,FUN_6,CUBE_R
41669,12856,FUN_1,FUN_2
41669,29242,FUN_4,FUN_3
41670,27839,FUN_2,FUN_1
41674,14082,FUN_5,FUN_4
41679,27900,FUN_2,FUN_1
41684,19487,FUN_2,FUN_1
41688,3658,FUN_6,FUN_5
41690,15039,FUN_4,FUN_3
41723,14643,FUN_4,FUN_5
41745,24226,FUN_3,FUN_4
41753,8594,FUN_3,FUN_2
41761,12455,FUN_5,FUN_6
41782,15460,FUN_2,FUN_1
41782,18722,CUBE_L,FUN_1
41786,18383,FUN_3,FUN_2
41792,17714,FUN_4,FUN_3
41804,27640,FUN_4,FUN_5
41808,17320,FUN_3,FUN_2
41822,14745,FUN_2,FUN_3
41837,23996,CUBE_L,RET
41879,27839,FUN_1,FUN_2
41882,13761,FUN_4,FUN_5
41886,20611,FUN_6,FUN_5
41898,1543,FUN_5,FUN_6
41901,6553,FUN_2,FUN_1
41909,1045,RET,CUBE_L
41914,12856,FUN_2,FUN_1
41914,16731,FUN_2,FUN_3
41940,13594,CUBE_R,RET
41995,23474,CUBE_R,RET
42001,5801,CUBE_R,FUN_6
42001,25754,FUN_2,FUN_3
42006,26838,CUBE_R,FUN_6
42019,11215,CUBE_R,RET
42026,20976,CUBE_R,RET
42039,9196,FUN_3,FUN_4
42044,13949,FUN_3,FUN_2
42068,11195,FUN_2,FUN_3
42070,10734,FUN_3,FUN_2
42085,14871,RET,CUBE_R
42094,3833,FUN_2,FUN_3
42094,11504,FUN_6,CUBE_R
42094,17610,CUBE_R,FUN_6
42096,22912,FUN_1,FUN_2
42111,5686,FUN_4,FUN_5
42111,9523,FUN_4,FUN_3
42117,14893,FUN_5,FUN_4
42123,13000,CUBE_R,FUN_6
42130,7455,CUBE_R,FUN_6
42147,20030,FUN_4,FUN_5
42151,110,FUN_2,FUN_1
42167,16994,FUN_3,FUN_2
42180,26460,FUN_2,FUN_1
42185,4096,FUN_1,CUBE_L
42194,13645,FUN_6,FUN_5
42200,14658,FUN_3,FUN_2
42212,24874,FUN_3,FUN_4
42226,1085,FUN_4,FUN_5
42232,18239,FUN_3,FUN_2
42239,2008,FUN_2,FUN_3
42257,879,FUN_5,FUN_6
42257,7032,FUN_1,FUN_2
42276,5594,FUN_4,FUN_3
42290,276,FUN_3,FUN_4
42294,14401,CUBE_R,RET
42318,8102,FUN_3,FUN_2
42330,13455,FUN_3,FUN_2
42351,1733,CUBE_R,RET
42351,15062,FUN_2,FUN_3
42353,16587,FUN_2,FUN_1
42360,16583,FUN_2,FUN_3
42385,20333,FUN_1,FUN_2
42389,786,FUN_3,FUN_2
42390,15062,FUN_3,FUN_2
42419,418,FUN_3,FUN_2
42437,18930,FUN_3,FUN_4
42443,2406,FUN_3,FUN_4
42443,9588,RET,CUBE_L
42448,14613,FUN_6,CUBE_R
42466,25037,FUN_2,FUN_3
42503,29943,FUN_1,FUN_2
42512,9247,CUBE_R,FUN_6
42516,14745,FUN_3,FUN_2
42526,14906,FUN_2,FUN_1
42527,23707,CUBE_L,FUN_1
42532,10088,FUN_2,FUN_3
42539,11195,FUN_3,FUN_2
42558,5031,FUN_4,FUN_3
42567,6582,FUN_2,FUN_3
42574,14643,FUN_5,FUN_4
42581,11581,CUBE_L,FUN_1
42596,19285,FUN_1,FUN_2
42619,10734,FUN_2,FUN_3
42622,2978,FUN_2,FUN_3
42631,5686,FUN_5,FUN_4
42655,22864,CUBE_L,FUN_1
42665,8353,FUN_4,FUN_3
42681,625,FUN_3,FUN_4
42682,29242,FUN_3,FUN_4
42690,21006,CUBE_L,FUN_1
42692,23099,FUN_6,FUN_5
42748,5023,FUN_2,FUN_3
42784,25380,RET,CUBE_L
42791,5594,FUN_3,FUN_4
42807,11856,FUN_2,FUN_1
42819,15062,FUN_2,FUN_3
42832,6460,FUN_1,FUN_2
42840,22458,FUN_3,FUN_2
42841,20051,FUN_6,CUBE_R
42868,26743,FUN_5,FUN_4
42872,238,FUN_3,FUN_2
42879,10734,FUN_3,FUN_2
42885,7547,FUN_6,CUBE_R
42932,1491,FUN_3,FUN_4
42932,6721,FUN_3,FUN_2
42947,11444,FUN_1,FUN_2
42954,15198,FUN_2,FUN_3
42967,21985,FUN_2,FUN_1
42968,23707,FUN_1,CUBE_L
42969,1637,FUN_2,FUN_3
42984,5055,CUBE_R,FUN_6
42993,9265,FUN_3,FUN_2
43000,2467,FUN_5,FUN_4
43001,6429,FUN_1,FUN_2
43035,3924,FUN_4,FUN_3
43049,5602,FUN_3,FUN_2
43049,22976,FUN_4,FUN_5
43055,11550,FUN_1,FUN_2
43062,4660,CUBE_L,RET
43077,12455,FUN_6,FUN_5
43100,160,FUN_6,FUN_5
43109,18903,FUN_2,FUN_3
43110,11195,FUN_2,FUN_3
43131,26178,FUN_3,FUN_2
43132,8224,FUN_3,FUN_4
43156,14859,FUN_6,CUBE_R
43161,14883,FUN_1,FUN_2
43162,11856,FUN_1,FUN_2
43167,28670,RET,CUBE_R
43182,5715,FUN_1,FUN_2
43198,21407,FUN_4,FUN_3
43199,20119,FUN_2,FUN_3
43200,29050,FUN_4,FUN_5
43202,6132,FUN_3,FUN_2
43210,26838,FUN_6,CUBE_R
43212,17763,FUN_2,FUN_1
43228,854,RET,CUBE_L
43253,16994,FUN_2,FUN_3
43266,28024,CUBE_R,FUN_6
43267,19487,FUN_1,FUN_2
43268,14401,RET,CUBE_R
43281,8658,FUN_6,FUN_5
43291,16154,CUBE_R,RET
43301,13645,FUN_5,FUN_6
43305,2812,FUN_2,FUN_1
43316,15938,FUN_1,FUN_2
43337,11504,CUBE_R,FUN_6
43340,20976,RET,CUBE_R
43347,1665,RET,CUBE_R
43362,5629,FUN_1,FUN_2
43369,17419,FUN_3,FUN_2
43372,5055,FUN_6,CUBE_R
43372,25416,FUN_2,FUN_1
43379,25960,FUN_3,FUN_2
43383,4910,RET,CUBE_R
43389,18220,CUBE_R,RET
43402,7592,RET,CUBE_L
43413,18802,FUN_2,FUN_3
43417,5055,CUBE_R,FUN_6
43417,7595,CUBE_R,RET
43438,11195,FUN_3,FUN_2
43440,15032,FUN_3,FUN_2
43441,9119,CUBE_L,FUN_1
43450,19196,CUBE_R,RET
43468,27640,FUN_5,FUN_4
43475,5203,FUN_5,FUN_6
43475,15633,FUN_1,FUN_2
43485,625,FUN_4,FUN_3
43500,22990,FUN_3,FUN_2
43507,6553,FUN_1,FUN_2
43513,28024,FUN_6,CUBE_R
43514,29455,FUN_2,FUN_1
43528,13000,FUN_6,CUBE_R
43541,17258,FUN_2,FUN_1
43544,9062,FUN_4,FUN_3
43549,26897,FUN_3,FUN_2
43573,920,FUN_2,FUN_1
43590,27284,FUN_4,FUN_3
43596,1960,RET,CUBE_L
43610,6624,FUN_1,FUN_2
43612,11444,FUN_2,FUN_1
43618,13594,RET,CUBE_R
43637,11130,FUN_5,FUN_6
43643,24653,FUN_4,FUN_5
43652,8594,FUN_2,FUN_3
43656,4897,FUN_3,FUN_2
43657,22444,CUBE_R,FUN_6
43665,276,FUN_4,FUN_3
43671,1373,FUN_2,FUN_3
43674,13613,FUN_2,FUN_3
43695,25754,FUN_3,FUN_2
43714,24290,FUN_2,FUN_3
43719,9623,FUN_2,FUN_3
43731,2978,FUN_3,FUN_2
43755,281,FUN_3,FUN_2
43759,2625,FUN_5,FUN_4
43768,20901,FUN_2,FUN_3
43771,2636,FUN_5,FUN_6
43771,29240,CUBE_L,RET
43788,12700,FUN_2,FUN_3
43808,11016,RET,CUBE_R
43810,14301,FUN_1,FUN_2
43818,142,FUN_3,FUN_4
43821,29028,FUN_3,FUN_2
43833,23068,FUN_4,FUN_3
43859,19294,FUN_4,FUN_3
43872,10920,FUN_1,CUBE_L
43876,14613,CUBE_R,FUN_6
43884,9054,FUN_6,CUBE_R
43894,23491,FUN_2,FUN_3
43923,24351,FUN_2,FUN_1
43924,10297,RET,CUBE_L
43924,21507,FUN_3,FUN_2
43937,14508,FUN_2,FUN_3
43959,6026,FUN_6,CUBE_R
43959,24583,FUN_4,FUN_5
43967,26686,FUN_2,FUN_3
43989,16994,FUN_3,FUN_2
44016,2226,RET,CUBE_R
44019,21276,FUN_2,FUN_1
44021,1821,FUN_4,FUN_3
44023,21210,FUN_2,FUN_3
44046,12700,FUN_3,FUN_2
44050,4660,RET,CUBE_L
44051,4489,RET,CUBE_L
44073,22076,CUBE_R,FUN_6
44088,8969,FUN_4,FUN_3
44093,15080,FUN_2,FUN_1
44100,1482,RET,CUBE_R
44100,25952,RET,CUBE_R
44106,12700,FUN_2,FUN_3
44106,29825,RET,CUBE_L
44117,20552,FUN_3,FUN_2
44117,27557,FUN_2,FUN_1
44138,18220,RET,CUBE_R
44151,15684,FUN_3,FUN_4
44163,2184,CUBE_R,FUN_6
44166,11504,FUN_6,CUBE_R
44175,1199,FUN_3,FUN_4
44177,22568,FUN_5,FUN_4
44179,16631,FUN_1,FUN_2
44182,9661,FUN_6,FUN_5
44192,1482,CUBE_R,RET
44194,25836,FUN_4,FUN_3
44209,23474,RET,CUBE_R
44210,5862,FUN_2,FUN_3
44210,7791,FUN_1,FUN_2
44211,18271,FUN_4,FUN_5
44213,26058,FUN_2,FUN_3
44231,28714,FUN_4,FUN_5
44245,24334,FUN_5,FUN_4
44250,4485,FUN_2,FUN_1
44267,28766,FUN_4,FUN_5
44272,7717,CUBE_L,RET
44274,14745,FUN_2,FUN_3
44287,20552,FUN_2,FUN_3
44287,26460,FUN_1,FUN_2
44289,15377,FUN_2,FUN_3
44299,21507,FUN_2,FUN_3
44300,1964,FUN_2,FUN_1
44312,21211,FUN_2,FUN_3
44312,25684,CUBE_L,RET
44320,8933,FUN_2,FUN_3
44321,21857,FUN_3,FUN_4
44333,1947,CUBE_L,RET
44345,7032,FUN_2,FUN_1
44348,1948,CUBE_R,RET
44361,3618,FUN_5,FUN_4
44361,5801,FUN_6,CUBE_R
44363,26276,RET,CUBE_L
44366,22618,FUN_2,FUN_3
44372,879,FUN_6,FUN_5
44390,160,FUN_5,FUN_6
44403,8102,FUN_2,FUN_3
44413,9919,FUN_1,FUN_2
44436,12315,FUN_4,FUN_3
44438,16718,FUN_1,FUN_2
44457,26247,FUN_3,FUN_2
44459,17714,FUN_3,FUN_4
44468,5694,FUN_3,FUN_4
44475,19649,CUBE_L,FUN_1
44479,4485,FUN_1,FUN_2
44492,7791,FUN_2,FUN_1
44500,26079,FUN_4,FUN_3
44504,5437,FUN_3,FUN_4
44506,17320,FUN_2,FUN_3
44508,28176,CUBE_R,RET
44519,1314,FUN_1,FUN_2
44526,28880,FUN_5,FUN_4
44540,20415,FUN_2,FUN_3
44551,10311,FUN_2,FUN_3
44559,12009,FUN_1,CUBE_L
44559,15889,CUBE_L,RET
44569,21815,FUN_2,FUN_1
44571,7791,FUN_1,FUN_2
44574,26460,FUN_2,FUN_1
44578,21105,FUN_4,FUN_5
44585,20167,FUN_2,FUN_3
44586,9337,FUN_1,FUN_2
44592,26079,FUN_3,FUN_4
44612,28485,CUBE_R,FUN_6
44620,6901,FUN_1,FUN_2
44627,20355,RET,CUBE_R
44638,22508,FUN_2,FUN_3
44638,23474,CUBE_R,RET
44679,22076,FUN_6,CUBE_R
44688,13527,FUN_3,FUN_4
44695,14566,FUN_4,FUN_5
44695,22076,CUBE_R,FUN_6
44718,22076,FUN_6,CUBE_R
44721,25157,FUN_6,FUN_5
44765,18415,FUN_3,FUN_2
44774,281,FUN_2,FUN_3
44777,15439,RET,CUBE_R
44778,28826,CUBE_L,RET
44783,19383,FUN_1,FUN_2
44785,5924,FUN_2,FUN_1
44799,22618,FUN_3,FUN_2
44806,21142,FUN_2,FUN_1
44816,29770,FUN_2,FUN_3
44819,13586,FUN_2,FUN_1
44827,28368,RET,CUBE_L
44833,5604,FUN_2,FUN_3
44838,9007,CUBE_R,RET
44842,21276,FUN_1,FUN_2
44856,18722,FUN_1,CUBE_L
44859,9765,FUN_5,FUN_4
44872,2518,FUN_1,FUN_2
44879,26460,FUN_1,FUN_2
44882,6031,FUN_3,FUN_4
44889,1908,FUN_3,FUN_4
44894,17486,FUN_1,FUN_2
44902,22174,FUN_5,FUN_4
44905,21507,FUN_3,FUN_2
44913,19769,FUN_6,FUN_5
44916,6085,FUN_2,FUN_1
44921,6805,FUN_6,CUBE_R
44947,11512,FUN_2,FUN_1
44948,16718,FUN_2,FUN_1
44960,8815,FUN_2,FUN_1
44960,17646,FUN_2,FUN_1
44969,6871,FUN_1,FUN_2
44970,19245,FUN_2,FUN_1
44972,28670,CUBE_R,RET
44973,1098,FUN_2,FUN_1
44984,13871,CUBE_R,RET
45020,15536,FUN_3,FUN_2
45042,2303,FUN_2,FUN_3
45043,1482,RET,CUBE_R
45048,19886,FUN_2,FUN_1
45053,8594,FUN_3,FUN_2
45055,23718,CUBE_L,FUN_1
45079,26548,FUN_2,FUN_3
45084,19853,FUN_2,FUN_1
45106,5923,FUN_4,FUN_3
45127,26964,FUN_6,CUBE_R
45144,5537,FUN_4,FUN_5
45179,19649,FUN_1,CUBE_L
45182,24290,FUN_3,FUN_2
45192,6039,FUN_2,FUN_1
45197,14508,FUN_3,FUN_2
45216,25509,CUBE_R,RET
45229,13906,FUN_4,FUN_3
45234,18930,FUN_4,FUN_3
45268,13949,FUN_2,FUN_3
45276,18383,FUN_2,FUN_3
45303,6416,FUN_5,FUN_4
45313,4660,CUBE_L,RET
45313,5594,FUN_4,FUN_3
45332,25598,CUBE_L,RET
45334,11356,CUBE_R,RET
45353,5437,FUN_4,FUN_3
45361,14871,CUBE_R,RET
45388,19848,FUN_2,FUN_3
45390,19294,FUN_3,FUN_4
45421,3530,FUN_3,FUN_2
45421,21604,FUN_3,FUN_4
45438,13645,FUN_6,FUN_5
45450,18676,CUBE_L,RET
45454,24081,FUN_5,FUN_6
45457,11281,FUN_4,FUN_3
45472,2812,FUN_1,FUN_2
45478,8594,FUN_2,FUN_3
45480,273,FUN_5,FUN_6
45493,12700,FUN_3,FUN_2
45509,11713,FUN_2,FUN_3
45512,11063,RET,CUBE_R
45557,27493,FUN_2,FUN_1
45564,8815,FUN_1,FUN_2
45579,7306,FUN_4,FUN_5
45597,1227,CUBE_R,RET
45614,29455,FUN_1,FUN_2
45617,461,FUN_3,FUN_2
45625,20445,FUN_2,FUN_3
45641,10525,FUN_1,FUN_2
45646,23718,FUN_1,CUBE_L
45654,8380,FUN_2,FUN_3
45663,16994,FUN_2,FUN_3
45674,23718,CUBE_L,FUN_1
45681,21396,CUBE_R,RET
45688,1637,FUN_3,FUN_2
45692,25754,FUN_2,FUN_3
45707,21441,CUBE_L,RET
45707,29455,FUN_2,FUN_1
45715,19245,FUN_1,FUN_2
45722,10488,FUN_2,FUN_1
45731,25694,CUBE_L,RET
45744,20903,RET,CUBE_R
45760,6593,FUN_2,FUN_3
45761,28736,FUN_3,FUN_2
45768,22408,FUN_3,FUN_2
45792,20552,FUN_3,FUN_2
45794,15032,FUN_2,FUN_3
45809,7339,CUBE_R,FUN_6
45818,1543,FUN_6,FUN_5
45826,11215,RET,CUBE_R
45851,29455,FUN_1,FUN_2
45866,14301,FUN_2,FUN_1
45873,26642,FUN_2,FUN_3
45884,7791,FUN_2,FUN_1
45885,7032,FUN_1,FUN_2
45885,23452,FUN_3,FUN_4
45915,9489,FUN_6,FUN_5
45919,1045,CUBE_L,RET
45940,23707,CUBE_L,FUN_1
45940,24874,FUN_4,FUN_3
45943,6150,FUN_3,FUN_2
45950,9623,FUN_3,FUN_2
45973,23718,FUN_1,CUBE_L
45977,18398,FUN_4,FUN_3
45997,6974,FUN_3,FUN_2
45999,26058,FUN_3,FUN_2
46001,10854,FUN_5,FUN_4
46005,5722,FUN_2,FUN_1
46010,12932,FUN_3,FUN_2
46010,15032,FUN_3,FUN_2
46012,7074,FUN_2,FUN_1
46024,28180,FUN_3,FUN_4
46025,11713,FUN_3,FUN_2
46025,29491,FUN_5,FUN_6
46032,16804,FUN_3,FUN_4
46034,19396,FUN_4,FUN_3
46041,28489,RET,CUBE_R
46046,5449,FUN_5,FUN_4
46069,26420,CUBE_L,RET
46070,13946,FUN_2,FUN_3
46072,10128,FUN_3,FUN_4
46077,8478,FUN_2,FUN_1
46093,16718,FUN_1,FUN_2
46103,4408,FUN_2,FUN_3
46114,22983,FUN_4,FUN_5
46137,20903,CUBE_R,RET
46151,17763,FUN_1,FUN_2
46169,6150,FUN_2,FUN_3
46179,6677,FUN_4,FUN_3
46185,11302,FUN_3,FUN_4
46190,14401,CUBE_R,RET
46203,26247,FUN_2,FUN_3
46206,22990,FUN_2,FUN_3
46214,2716,FUN_1,FUN_2
46214,8992,FUN_4,FUN_5
46215,21363,CUBE_L,RET
46232,4124,FUN_2,FUN_3
46243,29560,FUN_4,FUN_3
46272,11144,FUN_3,FUN_2
46278,15080,FUN_1,FUN_2
46281,26897,FUN_2,FUN_3
46281,27086,FUN_3,FUN_4
46290,10460,FUN_3,FUN_4
46309,8594,FUN_3,FUN_2
46314,25417,CUBE_L,RET
46329,2226,CUBE_R,RET
46329,19835,CUBE_L,RET
46335,18415,FUN_2,FUN_3
46350,15039,FUN_3,FUN_4
46359,26838,CUBE_R,FUN_6
46362,8380,FUN_3,FUN_2
46373,2283,FUN_3,FUN_2
46385,15993,FUN_3,FUN_2
46388,13586,FUN_1,FUN_2
46392,4822,CUBE_L,FUN_1
46398,6760,FUN_2,FUN_3
46406,27912,FUN_3,FUN_2
46409,13906,FUN_3,FUN_4
46412,7595,RET,CUBE_R
46419,20903,RET,CUBE_R
46444,25952,CUBE_R,RET
46451,18722,CUBE_L,FUN_1
46466,26414,FUN_5,FUN_6
46471,6824,FUN_2,FUN_1
46477,20369,FUN_3,FUN_2
46478,11144,FUN_2,FUN_3
46478,25684,RET,CUBE_L
46496,13000,CUBE_R,FUN_6
46497,5788,CUBE_R,RET
46500,24874,FUN_3,FUN_4
46507,3950,FUN_2,FUN_3
46509,2518,FUN_2,FUN_1
46509,22174,FUN_4,FUN_5
46511,5923,FUN_3,FUN_4
46524,21953,FUN_3,FUN_2
46539,1819,FUN_1,FUN_2
46540,21311,CUBE_R,RET
46562,1199,FUN_4,FUN_3
46580,5537,FUN_5,FUN_4
46597,22236,CUBE_R,FUN_6
46607,28736,FUN_2,FUN_3
46607,29477,FUN_1,FUN_2
46620,967,FUN_2,FUN_1
46627,28391,FUN_4,FUN_3
46635,16685,FUN_3,FUN_2
46682,27557,FUN_1,FUN_2
46688,23719,FUN_2,FUN_1
46695,21441,RET,CUBE_L
46740,4314,FUN_2,FUN_1
46741,2716,FUN_2,FUN_1
46755,27900,FUN_1,FUN_2
46759,11195,FUN_2,FUN_3
46766,22568,FUN_4,FUN_5
46770,13109,FUN_3,FUN_4
46799,24933,FUN_3,FUN_2
46843,24057,FUN_1,FUN_2
46852,20445,FUN_3,FUN_2
46857,13527,FUN_4,FUN_3
46858,17482,FUN_5,FUN_6
46865,14026,FUN_1,FUN_2
46873,12791,FUN_2,FUN_3
46893,1964,FUN_1,FUN_2
46902,9489,FUN_5,FUN_6
46926,29487,FUN_3,FUN_2
46934,11589,RET,CUBE_L
46949,2422,CUBE_L,FUN_1
46957,7547,CUBE_R,FUN_6
46957,16804,FUN_4,FUN_3
46979,6582,FUN_3,FUN_2
46984,16685,FUN_2,FUN_3
46994,26548,FUN_3,FUN_2
46999,19084,FUN_2,FUN_1
47023,16685,FUN_3,FUN_2
47049,17703,FUN_6,CUBE_R
47069,25952,RET,CUBE_R
47085,3634,FUN_2,FUN_1
47095,13797,FUN_3,FUN_2
47101,21396,RET,CUBE_R
47104,18457,FUN_2,FUN_3
47107,3530,FUN_2,FUN_3
47109,16685,FUN_2,FUN_3
47123,28741,FUN_3,FUN_2
47126,4461,RET,CUBE_L
47126,26423,CUBE_L,RET
47151,11215,CUBE_R,RET
47154,22444,FUN_6,CUBE_R
47156,3619,FUN_2,FUN_1
47157,17261,FUN_1,FUN_2
47169,20575,FUN_3,FUN_2
47182,14401,RET,CUBE_R
47185,4660,RET,CUBE_L
47188,18239,FUN_2,FUN_3
47191,4689,FUN_2,FUN_3
47191,14740,FUN_4,FUN_3
47203,18928,FUN_2,FUN_1
47205,28351,CUBE_R,RET
47229,14851,CUBE_R,FUN_6
47233,19855,FUN_4,FUN_5
47246,1482,CUBE_R,RET
47247,22104,CUBE_R,FUN_6
47248,6797,CUBE_L,RET
47251,8567,FUN_6,CUBE_R
47258,22377,FUN_3,FUN_2
47258,26489,FUN_4,FUN_5
47277,11302,FUN_4,FUN_3
47285,11504,CUBE_R,FUN_6
47286,7101,FUN_3,FUN_2
47308,20011,FUN_6,FUN_5
47316,2716,FUN_1,FUN_2
47323,5594,FUN_3,FUN_4
47323,19451,CUBE_L,RET
47329,29111,FUN_4,FUN_3
47367,1947,RET,CUBE_L
47369,22377,FUN_2,FUN_3
47374,24861,FUN_4,FUN_5
47389,17258,FUN_1,FUN_2
47393,22990,FUN_3,FUN_2
47411,18239,FUN_3,FUN_2
47415,12315,FUN_3,FUN_4
47425,6774,FUN_2,FUN_3
47428,23587,FUN_3,FUN_2
47438,11143,CUBE_L,RET
47442,12289,FUN_4,FUN_5
47445,5602,FUN_2,FUN_3
47451,27493,FUN_1,FUN_2
47455,29560,FUN_3,FUN_4
47460,22104,FUN_6,CUBE_R
47464,9895,FUN_5,FUN_4
47469,7717,RET,CUBE_L
47472,29477,FUN_2,FUN_1
47482,23394,FUN_3,FUN_4
47495,20063,FUN_2,FUN_1
47513,24963,CUBE_R,FUN_6
47530,5788,RET,CUBE_R
47538,3799,FUN_3,FUN_4
47551,24874,FUN_4,FUN_3
47567,18050,FUN_2,FUN_1
47581,29240,RET,CUBE_L
47583,12908,FUN_3,FUN_2
47595,2440,CUBE_L,RET
47608,26178,FUN_2,FUN_3
47630,7917,CUBE_R,FUN_6
47633,16957,FUN_5,FUN_6
47638,14893,FUN_4,FUN_5
47663,2716,FUN_2,FUN_1
47670,6085,FUN_1,FUN_2
47684,29770,FUN_3,FUN_2
47700,22568,FUN_5,FUN_4
47715,18187,CUBE_R,FUN_6
47737,19536,FUN_3,FUN_2
47749,12856,FUN_1,FUN_2
47755,21105,FUN_5,FUN_4
47761,4814,CUBE_R,FUN_6
47782,29475,FUN_3,FUN_2
47793,23394,FUN_4,FUN_3
47794,9208,FUN_2,FUN_3
47827,17548,FUN_2,FUN_1
47827,17646,FUN_1,FUN_2
47828,8478,FUN_1,FUN_2
47828,9489,FUN_6,FUN_5
47829,1045,RET,CUBE_L
47833,19886,FUN_1,FUN_2
47840,11164,FUN_3,FUN_2
47844,13797,FUN_2,FUN_3
47853,20719,FUN_5,FUN_6
47860,7917,FUN_6,CUBE_R
47873,50,FUN_5,FUN_4
47874,2716,FUN_1,FUN_2
47879,17320,FUN_3,FUN_2
47886,27755,FUN_2,FUN_1
47888,9977,FUN_3,FUN_2
47901,22377,FUN_3,FUN_2
47903,5565,FUN_2,FUN_1
47904,25262,CUBE_L,FUN_1
47927,24351,FUN_1,FUN_2
47928,22706,FUN_4,FUN_3
47944,19769,FUN_5,FUN_6
47958,16718,FUN_2,FUN_1
47963,3814,FUN_6,CUBE_R
47976,1845,FUN_2,FUN_1
47983,786,FUN_2,FUN_3
47996,1113,FUN_1,FUN_2
48002,27493,FUN_2,FUN_1
48028,18930,FUN_3,FUN_4
48031,20369,FUN_2,FUN_3
48034,11504,FUN_6,CUBE_R
48041,28880,FUN_4,FUN_5
48047,21728,FUN_2,FUN_3
48047,22957,RET,CUBE_L
48049,418,FUN_2,FUN_3
48058,27052,FUN_2,FUN_3
48061,21315,FUN_3,FUN_4
48062,8195,FUN_1,CUBE_L
48065,15039,FUN_4,FUN_3
48090,9119,FUN_1,CUBE_L
48116,3950,FUN_3,FUN_2
48120,1129,RET,CUBE_R
48124,3767,FUN_2,FUN_1
48130,12809,FUN_1,FUN_2
48152,24963,FUN_6,CUBE_R
48156,4910,CUBE_R,RET
48168,9878,RET,CUBE_L
48179,1098,FUN_1,FUN_2
48183,160,FUN_6,FUN_5
48184,27493,FUN_1,FUN_2
48191,11184,FUN_5,FUN_6
48192,27964,FUN_4,FUN_3
48194,5924,FUN_1,FUN_2
48207,7074,FUN_1,FUN_2
48224,28032,FUN_1,FUN_2
48233,24806,FUN_2,FUN_1
48241,9597,FUN_2,FUN_3
48253,22377,FUN_2,FUN_3
48255,22557,FUN_1,FUN_2
48269,10177,CUBE_R,FUN_6
48277,13594,CUBE_R,RET
48279,29487,FUN_2,FUN_3
48291,931,FUN_1,CUBE_L
48296,22093,CUBE_L,FUN_1
48309,5108,FUN_1,FUN_2
48310,1165,CUBE_L,RET
48319,17111,FUN_3,FUN_2
48371,25836,FUN_3,FUN_4
48399,24053,CUBE_R,RET
48401,27083,FUN_1,FUN_2
48418,26897,FUN_3,FUN_2
48423,18296,FUN_3,FUN_2
48428,14893,FUN_5,FUN_4
48444,14332,FUN_3,FUN_4
48453,2176,FUN_2,FUN_3
48453,25705,FUN_3,FUN_2
48461,17173,FUN_4,FUN_5
48466,28485,FUN_6,CUBE_R
48480,12895,FUN_1,FUN_2
48493,15361,FUN_3,FUN_2
48497,27045,FUN_1,CUBE_L
48522,25564,FUN_3,FUN_2
48523,12791,FUN_3,FUN_2
48540,5715,FUN_2,FUN_1
48544,15663,RET,CUBE_L
48546,29240,CUBE_L,RET
48547,28372,CUBE_L,RET
48558,18383,FUN_3,FUN_2
48564,22957,CUBE_L,RET
48571,12791,FUN_2,FUN_3
48571,23707,FUN_1,CUBE_L
48591,16685,FUN_3,FUN_2
48594,854,CUBE_L,RET
48595,26460,FUN_2,FUN_1
48597,25262,FUN_1,CUBE_L
48612,4314,FUN_1,FUN_2
48614,8302,FUN_6,CUBE_R
48615,142,FUN_4,FUN_3
48616,14899,FUN_1,FUN_2
48646,17435,FUN_6,FUN_5
48659,12791,FUN_3,FUN_2
48661,7449,CUBE_L,RET
48661,29265,RET,CUBE_L
48665,7215,FUN_3,FUN_2
48680,27839,FUN_2,FUN_1
48683,20807,FUN_2,FUN_3
48690,24053,RET,CUBE_R
48700,18415,FUN_3,FUN_2
48707,17173,FUN_5,FUN_4
48711,625,FUN_3,FUN_4
48724,20807,FUN_3,FUN_2
48740,281,FUN_3,FUN_2
48742,17482,FUN_6,FUN_5
48744,5448,FUN_2,FUN_3
48745,12027,FUN_2,FUN_1
48758,17320,FUN_2,FUN_3
48764,14193,FUN_3,FUN_2
48765,19713,FUN_2,FUN_1
48774,2261,FUN_4,FUN_5
48777,7595,CUBE_R,RET
48784,6871,FUN_2,FUN_1
48784,19281,RET,CUBE_R
48785,18296,FUN_2,FUN_3
48787,18296,FUN_3,FUN_2
48790,8478,FUN_2,FUN_1
48812,25694,RET,CUBE_L
48840,6774,FUN_3,FUN_2
48873,22104,CUBE_R,FUN_6
48875,13408,CUBE_R,RET
48876,11130,FUN_6,FUN_5
48886,18296,FUN_2,FUN_3
48920,19512,FUN_2,FUN_1
48926,4461,CUBE_L,RET
48933,22104,FUN_6,CUBE_R
48933,23777,FUN_3,FUN_2
48943,15830,FUN_4,FUN_5
48957,23394,FUN_3,FUN_4
48962,29050,FUN_5,FUN_4
48967,22104,CUBE_R,FUN_6
48975,8037,FUN_2,FUN_3
48982,20156,FUN_4,FUN_3
49004,22912,FUN_2,FUN_1
49011,26838,FUN_6,CUBE_R
49023,28375,FUN_3,FUN_2
49026,19536,FUN_2,FUN_3
49043,12836,FUN_3,FUN_2
49046,8992,FUN_5,FUN_4
49052,3767,FUN_1,FUN_2
49063,1098,FUN_2,FUN_1
49081,503,FUN_3,FUN_2
49093,1443,CUBE_R,FUN_6
49104,25836,FUN_4,FUN_3
49123,17610,FUN_6,CUBE_R
49124,14811,FUN_2,FUN_1
49151,8350,FUN_2,FUN_3
49167,12932,FUN_2,FUN_3
49179,14946,CUBE_R,FUN_6
49190,14301,FUN_1,FUN_2
49198,16761,FUN_2,FUN_1
49209,15080,FUN_2,FUN_1
49214,22104,FUN_6,CUBE_R
49219,4275,FUN_2,FUN_3
49221,29242,FUN_4,FUN_3
49226,18113,CUBE_R,FUN_6
49239,6180,FUN_3,FUN_2
49255,3028,CUBE_R,RET
49286,28032,FUN_2,FUN_1
49308,21481,FUN_3,FUN_2
49314,5660,FUN_1,FUN_2
49316,24813,CUBE_L,FUN_1
49319,11215,RET,CUBE_R
49323,8478,FUN_1,FUN_2
49342,21548,CUBE_L,RET
49347,26351,FUN_3,FUN_4
49351,27839,FUN_1,FUN_2
49376,28218,FUN_4,FUN_3
49378,18220,CUBE_R,RET
49382,24152,FUN_5,FUN_4
49384,25705,FUN_2,FUN_3
49406,28541,FUN_2,FUN_1
49429,8055,FUN_5,FUN_4
49441,14899,FUN_2,FUN_1
49442,23755,FUN_4,FUN_5
49455,7032,FUN_2,FUN_1
49455,23768,FUN_2,FUN_3
49467,17954,FUN_1,FUN_2
49480,6871,FUN_1,FUN_2
49485,5788,CUBE_R,RET
49488,5924,FUN_2,FUN_1
49506,18603,RET,CUBE_R
49511,19769,FUN_6,FUN_5
49511,26779,CUBE_L,RET
49513,23303,CUBE_R,RET
49531,22706,FUN_3,FUN_4
49555,9007,RET,CUBE_R
49555,25705,FUN_3,FUN_2
49557,4485,FUN_2,FUN_1
49578,29770,FUN_2,FUN_3
49595,8962,FUN_4,FUN_3
49600,29242,FUN_3,FUN_4
49609,26779,RET,CUBE_L
49611,9545,FUN_2,FUN_1
49616,6974,FUN_2,FUN_3
49626,14740,FUN_3,FUN_4
49637,9877,CUBE_L,RET
49637,12009,CUBE_L,FUN_1
49637,19650,CUBE_R,FUN_6
49664,24861,FUN_5,FUN_4
49670,17111,FUN_2,FUN_3
49681,17803,FUN_3,FUN_2
49710,11958,FUN_5,FUN_4
49720,24334,FUN_4,FUN_5
49731,26520,FUN_4,FUN_3
49764,16204,FUN_2,FUN_1
49768,23718,CUBE_L,FUN_1
49771,7595,RET,CUBE_R
49791,27569,FUN_5,FUN_6
49807,2716,FUN_2,FUN_1
49827,4689,FUN_3,FUN_2
49831,16895,CUBE_L,RET
49844,29314,CUBE_L,RET
49845,24963,CUBE_R,FUN_6
49860,21482,FUN_2,FUN_3
49897,6429,FUN_2,FUN_1
49911,1964,FUN_2,FUN_1
49919,15269,FUN_4,FUN_5
49930,27900,FUN_2,FUN_1
49934,29487,FUN_3,FUN_2
49936,5819,FUN_2,FUN_1
49938,21664,CUBE_R,FUN_6
49953,20592,FUN_3,FUN_4
49960,14508,FUN_2,FUN_3
49967,15976,CUBE_R,RET
49970,503,FUN_2,FUN_3
49974,19487,FUN_2,FUN_1
49979,19903,FUN_1,FUN_2
50001,26022,FUN_2,FUN_1
50020,19886,FUN_2,FUN_1
50024,2440,RET,CUBE_L
50043,8037,FUN_3,FUN_2
50055,10391,FUN_4,FUN_3
50060,24583,FUN_5,FUN_4
50070,24861,FUN_4,FUN_5
50083,12259,FUN_2,FUN_1
50097,4922,RET,CUBE_R
50100,21728,FUN_3,FUN_2
50109,9489,FUN_5,FUN_6
50127,21913,FUN_2,FUN_3
50135,25219,FUN_4,FUN_3
50142,12386,FUN_2,FUN_1
50168,24517,FUN_3,FUN_2
50170,12778,FUN_5,FUN_4
50172,9977,FUN_2,FUN_3
50202,18113,FUN_6,CUBE_R
50216,22458,FUN_2,FUN_3
50230,22983,FUN_5,FUN_4
50249,23838,FUN_3,FUN_2
50255,28174,FUN_2,FUN_1
50256,1443,FUN_6,CUBE_R
50260,24963,FUN_6,CUBE_R
50273,3369,FUN_3,FUN_4
50289,11284,CUBE_R,RET
50298,21815,FUN_1,FUN_2
50305,1199,FUN_3,FUN_4
50307,1443,CUBE_R,FUN_6
50308,25030,FUN_3,FUN_2
50335,26320,FUN_1,FUN_2
50345,1482,RET,CUBE_R
50380,17225,FUN_3,FUN_4
50390,19469,FUN_6,FUN_5
50416,28741,FUN_2,FUN_3
50434,6797,RET,CUBE_L
50471,59,CUBE_L,RET
50479,26897,FUN_2,FUN_3
50479,29050,FUN_4,FUN_5
50483,15526,FUN_3,FUN_2
50484,13586,FUN_2,FUN_1
50496,23024,FUN_4,FUN_3
50497,20587,FUN_3,FUN_4
50500,20030,FUN_5,FUN_4
50507,29491,FUN_6,FUN_5
50522,24874,FUN_3,FUN_4
50523,6690,FUN_1,FUN_2
50523,11504,CUBE_R,FUN_6
50526,21507,FUN_2,FUN_3
50528,15298,FUN_2,FUN_3
50529,19953,FUN_3,FUN_2
50532,18271,FUN_5,FUN_4
50552,11184,FUN_6,FUN_5
50556,1443,FUN_6,CUBE_R
50556,14851,FUN_6,CUBE_R
50573,1637,FUN_2,FUN_3
50584,19451,RET,CUBE_L
50592,4660,CUBE_L,RET
50594,27045,CUBE_L,FUN_1
50613,29591,FUN_5,FUN_6
50622,18113,CUBE_R,FUN_6
50627,6582,FUN_2,FUN_3
50630,25262,CUBE_L,FUN_1
50633,990,FUN_3,FUN_4
50642,18415,FUN_2,FUN_3
50649,8037,FUN_2,FUN_3
50650,21379,FUN_2,FUN_1
50654,13949,FUN_3,FUN_2
50670,26914,FUN_6,FUN_5
50673,5788,RET,CUBE_R
50676,9877,RET,CUBE_L
50679,24080,CUBE_R,RET
50697,13005,FUN_5,FUN_4
50742,17548,FUN_1,FUN_2
50746,2636,FUN_6,FUN_5
50751,21897,FUN_2,FUN_3
50756,24861,FUN_5,FUN_4
50767,11284,RET,CUBE_R
50803,1441,FUN_1,FUN_2
50805,11164,FUN_2,FUN_3
50810,14405,FUN_3,FUN_2
50826,3971,FUN_2,FUN_1
50848,854,RET,CUBE_L
50856,50,FUN_4,FUN_5
50861,18744,RET,CUBE_R
50890,24290,FUN_2,FUN_3
50902,25952,CUBE_R,RET
50904,12702,FUN_3,FUN_2
50911,19661,FUN_2,FUN_3
50911,28489,CUBE_R,RET
50918,3140,FUN_5,FUN_4
50919,14871,RET,CUBE_R
50959,19558,FUN_2,FUN_3
50962,6026,CUBE_R,FUN_6
50968,25476,FUN_1,FUN_2
50971,11662,FUN_2,FUN_3
50974,8992,FUN_4,FUN_5
50989,19512,FUN_1,FUN_2
50990,24051,FUN_2,FUN_1
50991,29117,FUN_1,FUN_2
50997,16154,RET,CUBE_R
51017,6412,FUN_1,FUN_2
51023,19886,FUN_1,FUN_2
51035,28880,FUN_5,FUN_4
51038,11453,FUN_2,FUN_3
51056,28691,FUN_4,FUN_3
51061,24347,FUN_3,FUN_4
51068,19670,FUN_3,FUN_2
51079,1113,FUN_2,FUN_1
51091,26779,CUBE_L,RET
51095,16644,FUN_4,FUN_5
51129,28015,FUN_2,FUN_1
51131,15298,FUN_3,FUN_2
51137,14180,FUN_3,FUN_4
51158,21967,FUN_6,FUN_5
51169,7071,CUBE_R,RET
51170,1443,CUBE_R,FUN_6
51202,18508,FUN_3,FUN_4
51216,5594,FUN_4,FUN_3
51226,24334,FUN_5,FUN_4
51229,4705,FUN_4,FUN_3
51238,24057,FUN_2,FUN_1
51254,25024,FUN_3,FUN_2
51269,14851,CUBE_R,FUN_6
51271,16579,FUN_2,FUN_1
51289,28541,FUN_1,FUN_2
51296,854,CUBE_L,RET
51298,11979,CUBE_L,RET
51309,12104,RET,CUBE_R
51322,26489,FUN_5,FUN_4
51328,7791,FUN_1,FUN_2
51334,22077,RET,CUBE_R
51369,3501,FUN_4,FUN_3
51376,15133,CUBE_L,RET
51388,18813,FUN_1,FUN_2
51409,28174,FUN_1,FUN_2
51452,26276,CUBE_L,RET
51477,11143,RET,CUBE_L
51482,9941,FUN_5,FUN_6
51496,27493,FUN_2,FUN_1
51504,9288,RET,CUBE_L
51506,2176,FUN_3,FUN_2
51512,20903,CUBE_R,RET
51516,8567,CUBE_R,FUN_6
51517,5692,CUBE_L,RET
51517,12623,FUN_3,FUN_2
51527,17435,FUN_5,FUN_6
51534,1226,FUN_3,FUN_2
51535,10129,FUN_3,FUN_2
51538,13946,FUN_3,FUN_2
51560,21544,FUN_3,FUN_4
51565,20807,FUN_2,FUN_3
51570,19853,FUN_1,FUN_2
51571,160,FUN_5,FUN_6
51581,12705,FUN_2,FUN_1
51594,28951,FUN_5,FUN_6
51599,4040,FUN_4,FUN_5
51605,7717,CUBE_L,RET
51609,5910,FUN_3,FUN_2
51611,3369,FUN_4,FUN_3
51616,21211,FUN_3,FUN_2
51636,6974,FUN_3,FUN_2
51653,5924,FUN_1,FUN_2
51658,19670,FUN_2,FUN_3
51666,12702,FUN_2,FUN_3
51675,15762,FUN_3,FUN_2
51688,16034,FUN_2,FUN_1
51705,7484,FUN_2,FUN_1
51708,12195,FUN_5,FUN_4
51723,10588,FUN_3,FUN_2
51725,14906,FUN_1,FUN_2
51741,7595,CUBE_R,RET
51751,12984,CUBE_L,RET
51753,11235,FUN_2,FUN_1
51759,26646,CUBE_R,RET
51776,19294,FUN_4,FUN_3
51783,15976,RET,CUBE_R
51787,4705,FUN_3,FUN_4
51788,281,FUN_2,FUN_3
51824,6085,FUN_2,FUN_1
51836,10811,FUN_2,FUN_1
51840,418,FUN_3,FUN_2
51854,20369,FUN_3,FUN_2
51857,28691,FUN_3,FUN_4
51893,29555,FUN_3,FUN_2
51897,24592,FUN_2,FUN_3
51920,28489,RET,CUBE_R
51922,16309,FUN_1,CUBE_L
51923,12195,FUN_4,FUN_5
51923,19835,RET,CUBE_L
51924,29627,FUN_3,FUN_2
51963,17300,FUN_3,FUN_2
51989,23768,FUN_3,FUN_2
51999,15993,FUN_2,FUN_3
52003,9053,FUN_1,FUN_2
52003,29810,FUN_3,FUN_4
52009,21146,FUN_3,FUN_2
52018,13000,FUN_6,CUBE_R
52033,16644,FUN_5,FUN_4
52037,27701,CUBE_L,RET
52049,25488,FUN_2,FUN_1
52053,25691,FUN_2,FUN_1
52056,14180,FUN_4,FUN_3
52076,5690,FUN_2,FUN_3
52084,1196,FUN_3,FUN_2
52084,15080,FUN_1,FUN_2
52092,29111,FUN_3,FUN_4
52095,4995,FUN_4,FUN_3
52100,18239,FUN_2,FUN_3
52109,24706,CUBE_R,RET
52111,20445,FUN_2,FUN_3
52113,5677,FUN_4,FUN_3
52117,6797,CUBE_L,RET
52117,28372,RET,CUBE_L
52130,13515,FUN_1,FUN_2
52132,8477,CUBE_L,FUN_1
52136,9977,FUN_3,FUN_2
52142,24057,FUN_1,FUN_2
52145,8350,FUN_3,FUN_2
52145,19835,CUBE_L,RET
52169,23452,FUN_4,FUN_3
52171,17208,FUN_3,FUN_2
52175,513,FUN_3,FUN_2
52195,1914,CUBE_L,RET
52202,3285,FUN_3,FUN_2
52211,1199,FUN_4,FUN_3
52214,3501,FUN_3,FUN_4
52220,17761,RET,CUBE_R
52230,9563,RET,CUBE_L
52253,4995,FUN_3,FUN_4
52255,6980,RET,CUBE_R
52275,23155,FUN_3,FUN_2
52296,24963,CUBE_R,FUN_6
52301,17132,CUBE_L,RET
52301,25705,FUN_2,FUN_3
52305,28691,FUN_4,FUN_3
52320,11713,FUN_2,FUN_3
52325,12260,RET,CUBE_R
52345,1092,FUN_2,FUN_1
52349,1590,FUN_2,FUN_3
52361,4822,FUN_1,CUBE_L
52367,14811,FUN_1,FUN_2
52379,160,FUN_6,FUN_5
52389,17208,FUN_2,FUN_3
52424,9922,FUN_5,FUN_6
52426,22280,FUN_2,FUN_1
52435,24065,FUN_5,FUN_4
52451,5055,FUN_6,CUBE_R
52454,18928,FUN_1,FUN_2
52461,281,FUN_3,FUN_2
52471,25705,FUN_3,FUN_2
52473,10588,FUN_2,FUN_3
52475,16054,CUBE_L,FUN_1
52482,12908,FUN_2,FUN_3
52496,29770,FUN_3,FUN_2
52500,2004,FUN_2,FUN_3
52512,24861,FUN_4,FUN_5
52513,21146,FUN_2,FUN_3
52524,16685,FUN_2,FUN_3
52526,22976,FUN_5,FUN_4
52526,24706,RET,CUBE_R
52533,319,FUN_2,FUN_1
52533,12010,FUN_3,FUN_4
52533,13205,FUN_4,FUN_5
52544,12009,FUN_1,CUBE_L
52552,418,FUN_2,FUN_3
52552,15684,FUN_4,FUN_3
52559,21315,FUN_4,FUN_3
52572,29117,FUN_2,FUN_1
52573,19855,FUN_5,FUN_4
52586,28691,FUN_3,FUN_4
52598,12700,FUN_2,FUN_3
52601,117,FUN_3,FUN_2
52604,16644,FUN_4,FUN_5
52607,7071,RET,CUBE_R
52611,5924,FUN_2,FUN_1
52611,11523,FUN_5,FUN_6
52623,2606,CUBE_R,RET
52623,3210,FUN_5,FUN_4
52627,19903,FUN_2,FUN_1
52641,14469,FUN_3,FUN_2
52642,13131,CUBE_R,RET
52650,28386,FUN_4,FUN_5
52652,20592,FUN_4,FUN_3
52653,5819,FUN_1,FUN_2
52654,8350,FUN_2,FUN_3
52657,12984,RET,CUBE_L
52658,3921,FUN_3,FUN_4
52659,18453,FUN_4,FUN_3
52659,28691,FUN_4,FUN_3
52682,905,FUN_1,FUN_2
52684,59,RET,CUBE_L
52696,3140,FUN_4,FUN_5
52703,20027,CUBE_L,RET
52706,11852,CUBE_R,RET
52721,10588,FUN_3,FUN_2
52722,4995,FUN_4,FUN_3
52722,22377,FUN_3,FUN_2
52723,4922,CUBE_R,RET
52726,6797,RET,CUBE_L
52742,8536,RET,CUBE_L
52769,5123,FUN_2,FUN_1
52769,5715,FUN_1,FUN_2
52787,905,FUN_2,FUN_1
52801,1227,RET,CUBE_R
52820,4314,FUN_2,FUN_1
52824,19857,FUN_4,FUN_3
52834,10036,CUBE_L,RET
52837,5677,FUN_3,FUN_4
52876,29182,FUN_3,FUN_2
52896,21171,FUN_3,FUN_2
52898,16309,CUBE_L,FUN_1
52955,6774,FUN_2,FUN_3
52962,15198,FUN_3,FUN_2
52962,25442,FUN_2,FUN_3
52974,12623,FUN_2,FUN_3
52977,22458,FUN_3,FUN_2
52985,6304,FUN_3,FUN_4
52993,21311,RET,CUBE_R
53002,17548,FUN_2,FUN_1
53003,10772,FUN_5,FUN_6
53020,24517,FUN_2,FUN_3
53039,4814,FUN_6,CUBE_R
53061,2724,FUN_2,FUN_1
53064,17931,FUN_5,FUN_4
53072,14180,FUN_3,FUN_4
53081,27474,FUN_2,FUN_1
53085,9563,CUBE_L,RET
53085,14056,FUN_4,FUN_5
53093,1423,FUN_3,FUN_2
53113,8783,RET,CUBE_L
53120,14332,FUN_4,FUN_3
53127,15856,FUN_4,FUN_3
53129,6824,FUN_1,FUN_2
53146,17486,FUN_2,FUN_1
53178,8301,FUN_1,FUN_2
53180,1251,CUBE_L,RET
53181,12700,FUN_3,FUN_2
53209,16309,FUN_1,CUBE_L
53221,29555,FUN_2,FUN_3
53226,10245,FUN_2,FUN_1
53246,18046,CUBE_R,RET
53253,15910,CUBE_R,RET
53253,26351,FUN_4,FUN_3
53264,843,CUBE_R,RET
53278,23679,FUN_4,FUN_3
53279,24351,FUN_2,FUN_1
53284,19041,FUN_2,FUN_1
53286,11164,FUN_3,FUN_2
53287,6736,FUN_1,CUBE_L
53289,19903,FUN_1,FUN_2
53291,9545,FUN_1,FUN_2
53295,28489,CUBE_R,RET
53305,29050,FUN_5,FUN_4
53311,8350,FUN_3,FUN_2
53311,19670,FUN_3,FUN_2
53312,4910,RET,CUBE_R
53317,15062,FUN_3,FUN_2
53353,20156,FUN_3,FUN_4
53362,24964,RET,CUBE_L
53396,26570,FUN_3,FUN_4
53401,13131,RET,CUBE_R
53408,28676,CUBE_R,RET
53434,1092,FUN_1,FUN_2
53446,2846,FUN_2,FUN_3
53486,27938,FUN_3,FUN_4
53489,26366,CUBE_R,FUN_6
53496,28015,FUN_1,FUN_2
53497,25929,FUN_3,FUN_2
53506,14871,CUBE_R,RET
53510,8301,FUN_2,FUN_1
53522,25960,FUN_2,FUN_3
53530,11284,CUBE_R,RET
53530,16091,FUN_2,FUN_3
53531,5677,FUN_4,FUN_3
53537,1665,CUBE_R,RET
53550,25691,FUN_1,FUN_2
53554,19536,FUN_3,FUN_2
53568,10920,CUBE_L,FUN_1
53579,3204,FUN_2,FUN_3
53589,3689,FUN_3,FUN_2
53599,5677,FUN_3,FUN_4
53609,24290,FUN_3,FUN_2
53620,24452,FUN_4,FUN_3
53645,11898,FUN_3,FUN_4
53651,6225,CUBE_R,RET
53657,14180,FUN_4,FUN_3
53663,29004,FUN_1,FUN_2
53664,23333,CUBE_L,RET
53695,6225,RET,CUBE_R
53711,23208,FUN_4,FUN_3
53713,17320,FUN_3,FUN_2
53723,15118,FUN_2,FUN_3
53724,25929,FUN_2,FUN_3
53731,8202,FUN_6,FUN_5
53741,8037,FUN_3,FUN_2
53753,29672,FUN_3,FUN_2
53757,15500,FUN_3,FUN_2
53757,20552,FUN_2,FUN_3
53764,5677,FUN_4,FUN_3
53765,879,FUN_5,FUN_6
53773,2724,FUN_1,FUN_2
53774,17931,FUN_4,FUN_5
53782,57,FUN_4,FUN_5
53790,15198,FUN_2,FUN_3
53790,26858,FUN_2,FUN_1
53795,6901,FUN_2,FUN_1
53799,26595,FUN_1,FUN_2
53814,15431,FUN_2,FUN_1
53832,11302,FUN_3,FUN_4
53833,3797,FUN_3,FUN_2
53842,26351,FUN_3,FUN_4
53845,6933,FUN_6,FUN_5
53850,1098,FUN_1,FUN_2
53858,21010,FUN_3,FUN_4
53864,19035,FUN_2,FUN_3
53870,21171,FUN_2,FUN_3
53873,4897,FUN_2,FUN_3
53879,28691,FUN_3,FUN_4
53882,27052,FUN_3,FUN_2
53885,19953,FUN_2,FUN_3
53906,25684,CUBE_L,RET
53934,26320,FUN_2,FUN_1
53946,19041,FUN_1,FUN_2
53958,24442,RET,CUBE_L
53997,13005,FUN_4,FUN_5
54009,21006,FUN_1,CUBE_L
54032,15910,RET,CUBE_R
54042,986,FUN_3,FUN_2
54049,29117,FUN_1,FUN_2
54056,27949,CUBE_L,RET
54063,15285,FUN_2,FUN_3
54084,20592,FUN_3,FUN_4
54093,17300,FUN_2,FUN_3
54107,20549,RET,CUBE_L
54111,9353,FUN_3,FUN_2
54126,2691,CUBE_R,RET
54128,188,RET,CUBE_L
54133,22324,FUN_2,FUN_1
54134,16410,RET,CUBE_R
54141,17320,FUN_2,FUN_3
54142,2176,FUN_2,FUN_3
54160,11852,RET,CUBE_R
54163,50,FUN_5,FUN_4
54166,24706,CUBE_R,RET
54176,1665,RET,CUBE_R
54181,27347,CUBE_R,RET
54184,1491,FUN_4,FUN_3
54187,11662,FUN_3,FUN_2
54194,18220,RET,CUBE_R
54197,24086,FUN_3,FUN_2
54207,8350,FUN_2,FUN_3
54215,7215,FUN_2,FUN_3
54218,28375,FUN_2,FUN_3
54255,2269,FUN_3,FUN_2
54259,25684,RET,CUBE_L
54269,22197,FUN_2,FUN_3
54277,9053,FUN_2,FUN_1
54281,19855,FUN_4,FUN_5
54288,8202,FUN_5,FUN_6
54292,14851,FUN_6,CUBE_R
54300,14893,FUN_4,FUN_5
54308,20903,RET,CUBE_R
54326,21002,CUBE_L,RET
54332,238,FUN_2,FUN_3
54332,17975,FUN_5,FUN_6
54355,18508,FUN_4,FUN_3
54366,6901,FUN_1,FUN_2
54370,25034,FUN_3,FUN_4
54372,24351,FUN_1,FUN_2
54375,10627,FUN_4,FUN_3
54375,20592,FUN_4,FUN_3
54385,10245,FUN_1,FUN_2
54402,3501,FUN_4,FUN_3
54414,9869,FUN_3,FUN_2
54416,11235,FUN_1,FUN_2
54420,29314,RET,CUBE_L
54425,18744,CUBE_R,RET
54438,27949,RET,CUBE_L
54441,22728,FUN_3,FUN_4
54449,754,FUN_1,FUN_2
54452,18295,CUBE_L,FUN_1
54470,20592,FUN_3,FUN_4
54482,10129,FUN_2,FUN_3
54490,25684,CUBE_L,RET
54492,28180,FUN_4,FUN_3
54506,15952,FUN_4,FUN_5
54506,23123,FUN_2,FUN_3
54511,15526,FUN_2,FUN_3
54512,19903,FUN_2,FUN_1
54518,25293,FUN_6,CUBE_R
54523,29491,FUN_5,FUN_6
54575,843,RET,CUBE_R
54596,24009,FUN_3,FUN_2
54605,21146,FUN_3,FUN_2
54612,15062,FUN_2,FUN_3
54615,2439,FUN_4,FUN_3
54625,1574,CUBE_L,FUN_1
54634,12315,FUN_4,FUN_3
54646,1625,FUN_1,FUN_2
54657,21379,FUN_1,FUN_2
54662,22472,CUBE_L,RET
54693,24706,RET,CUBE_R
54694,425,FUN_4,FUN_5
54695,21527,CUBE_R,FUN_6
54710,15269,FUN_5,FUN_4
54712,22458,FUN_2,FUN_3
54720,1441,FUN_2,FUN_1
54731,17078,FUN_2,FUN_3
54737,1443,FUN_6,CUBE_R
54751,24290,FUN_2,FUN_3
54752,24247,FUN_4,FUN_3
54758,23333,RET,CUBE_L
54761,18673,CUBE_R,FUN_6
54765,17803,FUN_2,FUN_3
54782,10460,FUN_4,FUN_3
54793,10811,FUN_1,FUN_2
54799,17803,FUN_3,FUN_2
54808,12232,CUBE_R,RET
54819,6980,CUBE_R,RET
54840,21002,RET,CUBE_L
54846,16804,FUN_3,FUN_4
54847,14150,FUN_5,FUN_6
54848,4031,CUBE_L,FUN_1
54882,21584,FUN_3,FUN_2
54891,12386,FUN_1,FUN_2
54892,2226,RET,CUBE_R
54932,28375,FUN_3,FUN_2
54938,19340,FUN_3,FUN_2
54945,27971,FUN_3,FUN_2
54952,5924,FUN_1,FUN_2
54988,9007,CUBE_R,RET
55024,17714,FUN_4,FUN_3
55041,21379,FUN_2,FUN_1
55043,19340,FUN_2,FUN_3
55046,18928,FUN_2,FUN_1
55047,14566,FUN_5,FUN_4
55052,17300,FUN_3,FUN_2
55059,10488,FUN_1,FUN_2
55061,17803,FUN_2,FUN_3
55063,16587,FUN_1,FUN_2
55063,28714,FUN_5,FUN_4
55069,15670,FUN_3,FUN_4
55108,28489,RET,CUBE_R
55112,25929,FUN_3,FUN_2
55113,10974,CUBE_R,FUN_6
55114,23718,FUN_1,CUBE_L
55119,23024,FUN_3,FUN_4
55124,10419,FUN_2,FUN_1
55134,24636,CUBE_L,FUN_1
55136,8699,FUN_1,FUN_2
55137,6621,FUN_2,FUN_1
55139,5785,CUBE_R,RET
55141,21010,FUN_4,FUN_3
55144,7627,FUN_2,FUN_1
55147,20552,FUN_3,FUN_2
55170,26111,FUN_2,FUN_1
55170,29314,CUBE_L,RET
55178,19739,RET,CUBE_L
55215,10460,FUN_3,FUN_4
55215,24706,CUBE_R,RET
55236,1165,RET,CUBE_L
55242,23256,FUN_1,FUN_2
55244,27327,FUN_4,FUN_5
55260,24351,FUN_2,FUN_1
55260,25598,RET,CUBE_L
55275,27493,FUN_1,FUN_2
55281,1482,CUBE_R,RET
55289,28375,FUN_2,FUN_3
55300,6582,FUN_3,FUN_2
55302,28634,FUN_6,FUN_5
55310,1482,RET,CUBE_R
55310,6824,FUN_2,FUN_1
55324,23719,FUN_1,FUN_2
55329,1482,CUBE_R,RET
55342,20156,FUN_4,FUN_3
55348,4489,CUBE_L,RET
55362,1482,RET,CUBE_R
55369,10718,FUN_1,FUN_2
55375,19713,FUN_1,FUN_2
55386,24053,CUBE_R,RET
55388,23137,FUN_3,FUN_2
55397,16098,FUN_1,FUN_2
55406,25293,CUBE_R,FUN_6
55411,12623,FUN_3,FUN_2
55413,24065,FUN_4,FUN_5
55426,12045,FUN_3,FUN_2
55427,20110,CUBE_R,FUN_6
55441,19161,RET,CUBE_L
55464,10128,FUN_4,FUN_3
55481,19365,FUN_5,FUN_6
55498,21662,FUN_2,FUN_3
55525,24442,CUBE_L,RET
55560,23333,CUBE_L,RET
55560,24806,FUN_1,FUN_2
55580,27661,FUN_3,FUN_2
55581,14332,FUN_3,FUN_4
55584,754,FUN_2,FUN_1
55586,16761,FUN_1,FUN_2
55589,5715,FUN_2,FUN_1
55602,26855,FUN_1,CUBE_L
55608,17863,FUN_5,FUN_6
55618,29050,FUN_4,FUN_5
55623,19649,CUBE_L,FUN_1
55625,418,FUN_3,FUN_2
55641,8477,FUN_1,CUBE_L
55647,19161,CUBE_L,RET
55661,16587,FUN_2,FUN_1
55673,10920,FUN_1,CUBE_L
55678,19769,FUN_5,FUN_6
55678,21006,CUBE_L,FUN_1
55682,25326,FUN_3,FUN_2
55685,23465,FUN_2,FUN_1
55687,3799,FUN_4,FUN_3
55699,6225,CUBE_R,RET
55709,9919,FUN_2,FUN_1
55718,5604,FUN_3,FUN_2
55724,16587,FUN_1,FUN_2
55727,29627,FUN_2,FUN_3
55732,16587,FUN_2,FUN_1
55735,10895,FUN_3,FUN_2
55737,18928,FUN_1,FUN_2
55742,10879,CUBE_R,FUN_6
55754,4031,FUN_1,CUBE_L
55759,15526,FUN_3,FUN_2
55765,8675,FUN_1,FUN_2
55770,19650,FUN_6,CUBE_R
55772,10460,FUN_4,FUN_3
55775,13066,FUN_4,FUN_5
55779,18903,FUN_3,FUN_2
55784,14150,FUN_6,FUN_5
55790,2269,FUN_2,FUN_3
55792,23219,CUBE_R,FUN_6
55804,13976,FUN_4,FUN_5
55809,25017,CUBE_L,RET
55820,24053,RET,CUBE_R
55828,2004,FUN_3,FUN_2
55848,13586,FUN_1,FUN_2
55857,21010,FUN_3,FUN_4
55859,28218,FUN_3,FUN_4
55884,16587,FUN_1,FUN_2
55907,28880,FUN_4,FUN_5
55912,2439,FUN_3,FUN_4
55922,19769,FUN_6,FUN_5
55940,17340,FUN_2,FUN_1
55953,10557,FUN_2,FUN_3
55956,25567,FUN_2,FUN_1
55980,25417,RET,CUBE_L
55994,5602,FUN_3,FUN_2
56003,23694,FUN_1,FUN_2
56011,25564,FUN_2,FUN_3
56012,6131,FUN_2,FUN_1
56016,17714,FUN_3,FUN_4
56017,22682,FUN_4,FUN_5
56019,9923,FUN_4,FUN_5
56021,5910,FUN_2,FUN_3
56038,29182,FUN_2,FUN_3
56042,15198,FUN_3,FUN_2
56048,22990,FUN_2,FUN_1
56051,9353,FUN_2,FUN_3
56058,25207,FUN_2,FUN_3
56060,21171,FUN_3,FUN_2
56063,3020,FUN_3,FUN_4
56089,14241,FUN_2,FUN_1
56093,4995,FUN_3,FUN_4
56094,11269,FUN_3,FUN_2
56096,5619,FUN_4,FUN_5
56099,11235,FUN_2,FUN_1
56101,26366,FUN_6,CUBE_R
56109,9751,FUN_2,FUN_1
56116,4124,FUN_3,FUN_2
56125,5031,FUN_3,FUN_4
56125,18066,FUN_3,FUN_2
56132,3971,FUN_1,FUN_2
56152,6621,FUN_1,FUN_2
56167,25024,FUN_2,FUN_3
56180,22312,FUN_2,FUN_3
56189,21010,FUN_4,FUN_3
56194,23465,FUN_1,FUN_2
56194,27524,FUN_5,FUN_4
56202,24053,CUBE_R,RET
56240,15272,FUN_5,FUN_4
56240,16587,FUN_2,FUN_1
56247,10974,FUN_6,CUBE_R
56268,25293,FUN_6,CUBE_R
56279,573,CUBE_L,RET
56287,16469,RET,CUBE_R
56300,8037,FUN_2,FUN_3
56302,10557,FUN_3,FUN_2
56304,25035,FUN_3,FUN_2
56305,21985,FUN_1,FUN_2
56307,19536,FUN_2,FUN_3
56310,7621,FUN_2,FUN_1
56322,20355,CUBE_R,RET
56334,24053,RET,CUBE_R
56342,8675,FUN_2,FUN_1
56351,12035,RET,CUBE_L
56355,1819,FUN_2,FUN_1
56356,824,FUN_4,FUN_5
56369,21350,CUBE_R,FUN_6
56386,6347,FUN_3,FUN_2
56389,11898,FUN_4,FUN_3
56394,15705,FUN_1,FUN_2
56406,16650,FUN_3,FUN_2
56406,27433,RET,CUBE_L
56407,23430,FUN_3,FUN_4
56414,24247,FUN_3,FUN_4
56416,1914,RET,CUBE_L
56420,29284,CUBE_R,RET
56435,5959,CUBE_L,FUN_1
56438,13822,FUN_2,FUN_1
56450,15720,FUN_3,FUN_2
56459,4408,FUN_3,FUN_2
56470,17803,FUN_3,FUN_2
56475,18658,FUN_3,FUN_4
56478,2691,RET,CUBE_R
56479,29050,FUN_5,FUN_4
56484,5031,FUN_4,FUN_3
56495,8567,FUN_6,CUBE_R
56496,5715,FUN_1,FUN_2
56507,24636,FUN_1,CUBE_L
56520,1914,CUBE_L,RET
56523,20051,CUBE_R,FUN_6
56525,8675,FUN_1,FUN_2
56528,20140,FUN_2,FUN_1
56535,17548,FUN_1,FUN_2
56542,11550,FUN_2,FUN_1
56547,13196,FUN_4,FUN_3
56558,24057,FUN_2,FUN_1
56569,8675,FUN_2,FUN_1
56569,16469,CUBE_R,RET
56571,10391,FUN_3,FUN_4
56587,25567,FUN_1,FUN_2
56599,14811,FUN_2,FUN_1
56608,12035,CUBE_L,RET
56615,11852,CUBE_R,RET
56622,26436,CUBE_R,FUN_6
56631,4124,FUN_2,FUN_3
56636,29305,FUN_1,FUN_2
56652,8675,FUN_1,FUN_2
56652,27156,FUN_2,FUN_3
56667,21146,FUN_2,FUN_3
56680,17714,FUN_4,FUN_3
56687,25200,FUN_3,FUN_4
56691,22174,FUN_5,FUN_4
56692,3519,FUN_5,FUN_4
56731,17803,FUN_2,FUN_3
56736,22462,FUN_3,FUN_2
56743,24347,FUN_4,FUN_3
56757,5801,CUBE_R,FUN_6
56761,110,FUN_1,FUN_2
56767,27860,CUBE_L,RET
56771,967,FUN_1,FUN_2
56789,3937,FUN_2,FUN_1
56790,6621,FUN_2,FUN_1
56802,9216,FUN_2,FUN_1
56844,14899,FUN_1,FUN_2
56845,23718,CUBE_L,FUN_1
56846,21502,FUN_3,FUN_2
56860,17208,FUN_3,FUN_2
56864,5031,FUN_3,FUN_4
56871,6026,FUN_6,CUBE_R
56881,19953,FUN_3,FUN_2
56889,10920,CUBE_L,FUN_1
56906,5722,FUN_1,FUN_2
56931,19234,FUN_3,FUN_4
56953,20108,FUN_3,FUN_2
56964,17132,RET,CUBE_L
56968,15526,FUN_2,FUN_3
56970,14,FUN_4,FUN_3
56978,5031,FUN_4,FUN_3
57006,14871,RET,CUBE_R
57014,13723,FUN_3,FUN_4
57020,1947,CUBE_L,RET
57025,19466,FUN_2,FUN_1
57052,21171,FUN_2,FUN_3
57060,16650,FUN_2,FUN_3
57061,26568,RET,CUBE_R
57073,28980,FUN_1,FUN_2
57093,281,FUN_2,FUN_3
57099,26981,FUN_2,FUN_1
57108,29627,FUN_3,FUN_2
57110,25598,CUBE_L,RET
57122,12623,FUN_2,FUN_3
57126,25207,FUN_3,FUN_2
57136,7329,FUN_2,FUN_3
57139,22456,FUN_2,FUN_3
57157,22456,FUN_3,FUN_2
57172,786,FUN_3,FUN_2
57175,19127,RET,CUBE_R
57177,22456,FUN_2,FUN_3
57186,9438,FUN_3,FUN_2
57204,22312,FUN_3,FUN_2
57208,13586,FUN_2,FUN_1
57211,17486,FUN_1,FUN_2
57214,5565,FUN_1,FUN_2
57223,6582,FUN_2,FUN_3
57236,3971,FUN_2,FUN_1
57238,25200,FUN_4,FUN_3
57254,18322,FUN_4,FUN_5
57254,19281,CUBE_R,RET
57262,2269,FUN_3,FUN_2
57305,7831,FUN_3,FUN_2
57318,12984,CUBE_L,RET
57321,6774,FUN_3,FUN_2
57322,23024,FUN_4,FUN_3
57329,6429,FUN_1,FUN_2
57333,17340,FUN_1,FUN_2
57341,12836,FUN_2,FUN_3
57349,27343,FUN_1,FUN_2
57369,5715,FUN_2,FUN_1
57405,5120,FUN_2,FUN_3
57413,7449,RET,CUBE_L
57415,25743,CUBE_R,RET
57417,9761,FUN_3,FUN_2
57421,14241,FUN_1,FUN_2
57425,17975,FUN_6,FUN_5
57443,8693,FUN_2,FUN_1
57453,25929,FUN_2,FUN_3
57455,29314,RET,CUBE_L
57457,10920,FUN_1,CUBE_L
57468,16804,FUN_4,FUN_3
57469,13196,FUN_3,FUN_4
57482,23036,FUN_4,FUN_5
57512,4408,FUN_2,FUN_3
57515,7339,FUN_6,CUBE_R
57522,26210,CUBE_L,RET
57524,27919,FUN_2,FUN_3
57535,29305,FUN_2,FUN_1
57552,29111,FUN_4,FUN_3
57557,21584,FUN_2,FUN_3
57561,22816,FUN_3,FUN_2
57568,12836,FUN_3,FUN_2
57585,13917,RET,CUBE_R
57588,29491,FUN_6,FUN_5
57607,27078,CUBE_R,FUN_6
57609,8477,CUBE_L,FUN_1
57610,2518,FUN_1,FUN_2
57634,14613,FUN_6,CUBE_R
57638,7390,FUN_1,FUN_2
57647,21481,FUN_2,FUN_3
57656,19558,FUN_3,FUN_2
57667,9208,FUN_3,FUN_2
57668,22935,FUN_4,FUN_5
57676,19035,FUN_3,FUN_2
57693,1965,FUN_3,FUN_4
57698,17942,RET,CUBE_L
57704,27982,FUN_4,FUN_3
57711,7592,CUBE_L,RET
57725,9007,RET,CUBE_R
57729,29004,FUN_2,FUN_1
57729,29050,FUN_4,FUN_5
57744,15133,RET,CUBE_L
57748,2247,FUN_5,FUN_6
57769,11095,FUN_2,FUN_1
57770,7449,CUBE_L,RET
57772,6933,FUN_5,FUN_6
57789,16034,FUN_1,FUN_2
57836,2433,FUN_2,FUN_1
57847,14193,FUN_2,FUN_3
57857,17225,FUN_4,FUN_3
57861,8179,FUN_3,FUN_2
57870,25183,FUN_3,FUN_2
57877,12415,FUN_5,FUN_6
57882,1482,CUBE_R,RET
57891,24351,FUN_1,FUN_2
57893,22508,FUN_3,FUN_2
57899,19536,FUN_3,FUN_2
57911,2838,FUN_1,FUN_2
57919,7057,FUN_2,FUN_3
57922,117,FUN_2,FUN_3
57927,9062,FUN_3,FUN_4
57932,824,FUN_5,FUN_4
57932,23129,FUN_2,FUN_1
57950,27661,FUN_2,FUN_3
57952,10391,FUN_4,FUN_3
57960,20592,FUN_4,FUN_3
57963,23838,FUN_2,FUN_3
57978,5065,FUN_2,FUN_1
57997,7503,FUN_4,FUN_3
58016,18508,FUN_3,FUN_4
58026,14,FUN_3,FUN_4
58048,13146,FUN_3,FUN_2
58048,19853,FUN_2,FUN_1
58061,28707,FUN_4,FUN_5
58069,28443,FUN_3,FUN_2
58092,17414,FUN_4,FUN_5
58093,19747,FUN_1,CUBE_L
58097,29893,FUN_2,FUN_3
58118,3629,FUN_2,FUN_1
58123,22618,FUN_2,FUN_3
58138,17486,FUN_2,FUN_1
58144,2226,CUBE_R,RET
58148,5690,FUN_3,FUN_2
58164,13205,FUN_5,FUN_4
58165,6677,FUN_3,FUN_4
58175,17548,FUN_2,FUN_1
58192,7513,FUN_2,FUN_1
58200,6621,FUN_1,FUN_2
58203,6037,FUN_3,FUN_4
58220,17482,FUN_5,FUN_6
58221,21544,FUN_4,FUN_3
58225,12232,RET,CUBE_R
58227,29190,CUBE_R,FUN_6
58240,23452,FUN_3,FUN_4
58255,17803,FUN_3,FUN_2
58259,24199,CUBE_R,RET
58276,29305,FUN_1,FUN_2
58277,29928,FUN_3,FUN_4
58285,561,FUN_1,FUN_2
58289,24442,RET,CUBE_L
58296,19553,FUN_3,FUN_4
58298,3480,FUN_1,FUN_2
58298,19281,RET,CUBE_R
58360,12415,FUN_6,FUN_5
58370,17486,FUN_1,FUN_2
58381,25567,FUN_2,FUN_1
58387,21311,CUBE_R,RET
58394,13066,FUN_5,FUN_4
58396,20575,FUN_2,FUN_3
58398,18054,FUN_3,FUN_2
58399,8992,FUN_5,FUN_4
58400,26909,RET,CUBE_L
58401,8675,FUN_2,FUN_1
58404,20603,FUN_4,FUN_3
58406,17937,CUBE_R,RET
58410,20167,FUN_3,FUN_2
58413,22312,FUN_2,FUN_3
58418,28880,FUN_5,FUN_4
58422,25442,FUN_3,FUN_2
58427,19553,FUN_4,FUN_3
58440,24807,FUN_4,FUN_5
58442,11873,CUBE_R,RET
58450,9750,FUN_2,FUN_1
58452,561,FUN_2,FUN_1
58462,16718,FUN_1,FUN_2
58463,18634,CUBE_L,FUN_1
58468,29443,FUN_2,FUN_1
58473,2518,FUN_2,FUN_1
58482,19507,FUN_4,FUN_5
58498,10063,FUN_6,FUN_5
58506,21210,FUN_3,FUN_2
58517,10667,FUN_3,FUN_2
58520,26351,FUN_4,FUN_3
58523,28826,RET,CUBE_L
58526,4275,FUN_3,FUN_2
58527,12415,FUN_5,FUN_6
58535,13586,FUN_1,FUN_2
58540,13515,FUN_2,FUN_1
58543,7592,RET,CUBE_L
58551,17320,FUN_3,FUN_2
58552,18485,RET,CUBE_L
58570,19041,FUN_2,FUN_1
58593,23838,FUN_3,FUN_2
58594,3480,FUN_2,FUN_1
58603,9054,CUBE_R,FUN_6
58609,27493,FUN_2,FUN_1
58641,15500,FUN_2,FUN_3
58650,2647,FUN_2,FUN_1
58664,6901,FUN_2,FUN_1
58677,12358,CUBE_L,RET
58680,27079,RET,CUBE_L
58683,6677,FUN_4,FUN_3
58708,2049,FUN_3,FUN_2
58712,23838,FUN_2,FUN_3
58715,4314,FUN_1,FUN_2
58717,22462,FUN_2,FUN_3
58720,15910,CUBE_R,RET
58725,57,FUN_5,FUN_4
58734,640,FUN_6,CUBE_R
58746,4896,FUN_2,FUN_1
58759,18252,FUN_2,FUN_1
58775,3629,FUN_1,FUN_2
58777,9438,FUN_2,FUN_3
58791,2978,FUN_2,FUN_1
58793,21776,FUN_3,FUN_2
58813,13213,FUN_6,CUBE_R
58820,27433,CUBE_L,RET
58821,19649,FUN_1,CUBE_L
58831,19127,CUBE_R,RET
58835,786,FUN_2,FUN_3
58853,9923,FUN_5,FUN_4
58853,25929,FUN_3,FUN_2
58857,22039,FUN_3,FUN_4
58862,22064,FUN_2,FUN_1
58879,561,FUN_1,FUN_2
58879,23707,CUBE_L,FUN_1
58895,2751,FUN_2,FUN_1
58903,19133,FUN_4,FUN_3
58905,20784,FUN_3,FUN_4
58905,21171,FUN_3,FUN_2
58915,17486,FUN_2,FUN_1
58921,22368,FUN_2,FUN_1
58937,5677,FUN_3,FUN_4
58955,5123,FUN_1,FUN_2
58957,12045,FUN_2,FUN_3
58963,22251,CUBE_L,FUN_1
58967,28880,FUN_4,FUN_5
59009,14,FUN_4,FUN_3
59009,22267,FUN_4,FUN_5
59052,17208,FUN_2,FUN_3
59054,23054,FUN_3,FUN_4
59056,22324,FUN_1,FUN_2
59067,20131,FUN_5,FUN_4
59075,8859,CUBE_L,RET
59077,26351,FUN_3,FUN_4
59091,21753,FUN_2,FUN_1
59102,13912,CUBE_R,RET
59105,15952,FUN_5,FUN_4
59119,6621,FUN_2,FUN_1
59124,1965,FUN_4,FUN_3
59132,28680,FUN_2,FUN_1
59138,14180,FUN_3,FUN_4
59165,22302,FUN_2,FUN_1
59174,19117,FUN_3,FUN_2
59184,11452,CUBE_R,FUN_6
59187,19285,FUN_2,FUN_1
59213,21857,FUN_4,FUN_3
59222,22957,RET,CUBE_L
59229,22912,FUN_1,FUN_2
59232,18673,FUN_6,CUBE_R
59236,561,FUN_2,FUN_1
59275,26032,CUBE_R,RET
59281,9923,FUN_4,FUN_5
59287,16356,FUN_5,FUN_6
59294,8992,FUN_4,FUN_5
59299,4896,FUN_1,FUN_2
59307,2636,FUN_5,FUN_6
59308,24688,FUN_2,FUN_1
59319,26489,FUN_4,FUN_5
59321,26749,CUBE_R,RET
59325,11662,FUN_2,FUN_3
59328,6339,CUBE_L,RET
59333,2269,FUN_2,FUN_3
59342,12087,FUN_2,FUN_3
59367,12702,FUN_3,FUN_2
59368,3742,CUBE_R,RET
59393,21120,FUN_2,FUN_1
59407,15272,FUN_4,FUN_5
59413,26178,FUN_3,FUN_2
59416,561,FUN_1,FUN_2
59421,24152,FUN_4,FUN_5
59433,5785,RET,CUBE_R
59435,21210,FUN_2,FUN_3
59445,4995,FUN_4,FUN_3
59445,24284,FUN_4,FUN_5
59450,25929,FUN_2,FUN_3
59460,25183,FUN_2,FUN_3
59463,13822,FUN_1,FUN_2
59490,17486,FUN_1,FUN_2
59507,26349,FUN_2,FUN_1
59518,5807,CUBE_L,RET
59544,11504,FUN_6,CUBE_R
59559,14332,FUN_4,FUN_3
59567,22816,FUN_2,FUN_3
59582,16309,CUBE_L,FUN_1
59584,9216,FUN_1,FUN_2
59596,1246,FUN_3,FUN_2
59603,21276,FUN_2,FUN_1
59606,22251,FUN_1,CUBE_L
59618,10240,RET,CUBE_L
59651,23333,RET,CUBE_L
59658,16410,CUBE_R,RET
59672,28783,FUN_3,FUN_4
59674,1965,FUN_3,FUN_4
59676,6037,FUN_4,FUN_3
59677,15312,CUBE_R,RET
59681,7513,FUN_1,FUN_2
59703,15272,FUN_5,FUN_4
59732,21120,FUN_1,FUN_2
59738,22408,FUN_2,FUN_3
59740,28176,RET,CUBE_R
59744,8357,CUBE_L,FUN_1
59761,11512,FUN_1,FUN_2
59774,10667,FUN_2,FUN_3
59777,15133,CUBE_L,RET
59780,6596,RET,CUBE_L
59814,13205,FUN_4,FUN_5
59815,6225,RET,CUBE_R
59832,13865,FUN_3,FUN_2
59842,28783,FUN_4,FUN_3
59844,14052,FUN_6,FUN_5
59852,884,FUN_1,FUN_2
59865,16587,FUN_1,FUN_2
59871,26036,FUN_6,FUN_5
59879,561,FUN_2,FUN_1
59881,28443,FUN_2,FUN_3
59943,2049,FUN_2,FUN_3
59946,19649,CUBE_L,FUN_1
59972,22312,FUN_3,FUN_2
59974,23430,FUN_4,FUN_3
59976,24152,FUN_5,FUN_4
59980,4995,FUN_3,FUN_4
59998,20167,FUN_2,FUN_3
59999,20628,CUBE_R,RET
60006,16071,FUN_4,FUN_3
60009,20967,FUN_2,FUN_1
60015,25326,FUN_2,FUN_3
60022,17703,CUBE_R,FUN_6
60026,10974,CUBE_R,FUN_6
60029,17703,FUN_6,CUBE_R
60048,17703,CUBE_R,FUN_6
60049,27661,FUN_3,FUN_2
60073,14490,CUBE_R,FUN_6
60076,15091,FUN_1,FUN_2
60076,27661,FUN_2,FUN_3
60078,22267,FUN_5,FUN_4
60079,1441,FUN_1,FUN_2
60102,19754,FUN_2,FUN_1
60105,25024,FUN_3,FUN_2
60113,25035,FUN_2,FUN_3
60125,24066,FUN_3,FUN_2
60128,7831,FUN_2,FUN_3
60132,18031,FUN_2,FUN_3
60144,27661,FUN_3,FUN_2
60170,11504,CUBE_R,FUN_6
60174,15952,FUN_4,FUN_5
60174,20719,FUN_6,FUN_5
60175,19446,CUBE_R,FUN_6
60176,15720,FUN_2,FUN_3
60186,22174,FUN_4,FUN_5
60189,25034,FUN_4,FUN_3
60199,2398,FUN_2,FUN_1
60211,27661,FUN_2,FUN_3
60229,29150,FUN_3,FUN_4
60242,5944,FUN_2,FUN_3
60249,20538,RET,CUBE_L
60254,2978,FUN_1,FUN_2
60258,3173,FUN_3,FUN_4
60258,21210,FUN_3,FUN_2
60262,20538,CUBE_L,RET
60264,16809,FUN_3,FUN_4
60270,5420,FUN_2,FUN_1
60281,5065,FUN_1,FUN_2
60283,9228,CUBE_R,RET
60290,15910,RET,CUBE_R
60311,5924,FUN_2,FUN_1
60341,26686,FUN_3,FUN_2
60343,4905,RET,CUBE_L
60358,24051,FUN_1,FUN_2
60364,15814,FUN_2,FUN_1
60377,21896,FUN_2,FUN_1
60394,10391,FUN_3,FUN_4
60403,1179,FUN_3,FUN_4
60403,17320,FUN_2,FUN_3
60431,9054,FUN_6,CUBE_R
60434,15312,RET,CUBE_R
60445,21409,FUN_3,FUN_2
60458,9054,CUBE_R,FUN_6
60463,25938,FUN_5,FUN_4
60466,25488,FUN_1,FUN_2
60468,3285,FUN_2,FUN_3
60470,6901,FUN_1,FUN_2
60473,7791,FUN_2,FUN_1
60476,5715,FUN_1,FUN_2
60481,10291,FUN_2,FUN_1
60482,19853,FUN_1,FUN_2
60503,19487,FUN_1,FUN_2
60506,1246,FUN_2,FUN_3
60506,28919,FUN_2,FUN_1
60531,13949,FUN_2,FUN_3
60562,29187,FUN_3,FUN_2
60563,28817,FUN_5,FUN_6
60602,11512,FUN_2,FUN_1
60607,6071,FUN_2,FUN_1
60659,19903,FUN_1,FUN_2
60660,20552,FUN_2,FUN_3
60677,15091,FUN_2,FUN_1
60699,9830,FUN_3,FUN_4
60700,8536,CUBE_L,RET
60706,5968,FUN_2,FUN_3
60730,9007,CUBE_R,RET
60730,28783,FUN_3,FUN_4
60736,2042,FUN_3,FUN_4
60745,9054,FUN_6,CUBE_R
60752,29305,FUN_2,FUN_1
60761,19133,FUN_3,FUN_4
60780,13365,RET,CUBE_R
60789,12027,FUN_1,FUN_2
60793,23895,CUBE_L,FUN_1
60796,1914,RET,CUBE_L
60803,23694,FUN_2,FUN_1
60809,2049,FUN_3,FUN_2
60822,16587,FUN_2,FUN_1
60824,4689,FUN_2,FUN_3
60824,10652,FUN_3,FUN_2
60854,2433,FUN_1,FUN_2
60861,5944,FUN_3,FUN_2
60864,23123,FUN_3,FUN_2
60867,6364,RET,CUBE_R
60871,18225,FUN_4,FUN_5
60876,18894,FUN_1,FUN_2
60896,2978,FUN_2,FUN_1
60896,12917,FUN_4,FUN_5
60897,10128,FUN_3,FUN_4
60910,21409,FUN_2,FUN_3
60913,24082,RET,CUBE_L
60922,20369,FUN_2,FUN_3
60926,13661,FUN_3,FUN_4
60932,29455,FUN_2,FUN_1
60938,9054,CUBE_R,FUN_6
60942,21896,FUN_1,FUN_2
60948,20719,FUN_5,FUN_6
60968,388,FUN_2,FUN_3
60969,27607,FUN_3,FUN_4
60981,20719,FUN_6,FUN_5
60995,20167,FUN_3,FUN_2
61008,10245,FUN_2,FUN_1
61013,29226,FUN_3,FUN_2
61016,8444,FUN_2,FUN_3
61027,10310,FUN_2,FUN_3
61037,22251,CUBE_L,FUN_1
61039,14648,FUN_3,FUN_4
61048,24334,FUN_4,FUN_5
61061,18615,RET,CUBE_L
61065,14,FUN_3,FUN_4
61076,19600,FUN_5,FUN_6
61089,14771,FUN_4,FUN_5
61102,21276,FUN_1,FUN_2
61112,2005,FUN_2,FUN_3
61114,25024,FUN_2,FUN_3
61121,3634,FUN_1,FUN_2
61121,8536,RET,CUBE_L
61128,7806,FUN_2,FUN_3
61150,25008,FUN_3,FUN_4
61154,25663,FUN_3,FUN_2
61156,858,FUN_5,FUN_6
61162,9977,FUN_2,FUN_3
61162,26987,FUN_5,FUN_4
61165,16309,FUN_1,CUBE_L
61167,16034,FUN_2,FUN_1
61179,8353,FUN_3,FUN_4
61195,20538,RET,CUBE_L
61201,2049,FUN_2,FUN_3
61204,14859,CUBE_R,FUN_6
61211,22899,CUBE_R,FUN_6
61216,29770,FUN_2,FUN_3
61222,10424,FUN_1,FUN_2
61222,28678,FUN_2,FUN_3
61223,21276,FUN_2,FUN_1
61228,6901,FUN_2,FUN_1
61233,24066,FUN_2,FUN_3
61264,28680,FUN_1,FUN_2
61269,12134,FUN_2,FUN_1
61299,19466,FUN_1,FUN_2
61303,5123,FUN_2,FUN_1
61328,22957,CUBE_L,RET
61342,4538,CUBE_L,RET
61347,1226,FUN_2,FUN_3
61351,8353,FUN_4,FUN_3
61354,20027,RET,CUBE_L
61359,2765,FUN_3,FUN_4
61371,858,FUN_6,FUN_5
61372,15272,FUN_4,FUN_5
61374,13257,CUBE_R,RET
61389,23719,FUN_2,FUN_3
61409,21002,CUBE_L,RET
61430,23024,FUN_3,FUN_4
61433,12387,CUBE_L,RET
61433,15729,FUN_2,FUN_1
61435,2226,RET,CUBE_R
61435,6518,RET,CUBE_R
61439,5677,FUN_4,FUN_3
61440,15814,FUN_1,FUN_2
61444,10557,FUN_2,FUN_3
61448,23694,FUN_1,FUN_2
61452,1665,CUBE_R,RET
61452,14332,FUN_3,FUN_4
61453,10772,FUN_6,FUN_5
61462,1725,FUN_2,FUN_1
61468,561,FUN_1,FUN_2
61468,6412,FUN_2,FUN_1
61478,25598,RET,CUBE_L
61481,17459,FUN_3,FUN_2
61493,26897,FUN_3,FUN_2
61527,19848,FUN_3,FUN_2
61528,12856,FUN_2,FUN_1
61535,17441,FUN_2,FUN_1
61540,12702,FUN_2,FUN_3
61541,11386,FUN_4,FUN_3
61541,28676,RET,CUBE_R
61555,13365,CUBE_R,RET
61571,15091,FUN_1,FUN_2
61572,13979,FUN_5,FUN_6
61580,1541,FUN_2,FUN_1
61584,15993,FUN_3,FUN_2
61621,6373,FUN_3,FUN_4
61623,4897,FUN_3,FUN_2
61643,20587,FUN_4,FUN_3
61654,25476,FUN_2,FUN_1
61664,5401,CUBE_L,RET
61678,24909,FUN_1,FUN_2
61684,26058,FUN_2,FUN_3
61690,3020,FUN_4,FUN_3
61692,13865,FUN_2,FUN_3
61702,10486,FUN_4,FUN_5
61745,15198,FUN_2,FUN_3
61757,28678,FUN_3,FUN_2
61788,17340,FUN_2,FUN_1
61791,16437,FUN_3,FUN_4
61795,15312,CUBE_R,RET
61797,110,FUN_2,FUN_1
61818,12836,FUN_2,FUN_3
61833,10787,FUN_4,FUN_3
61836,17441,FUN_1,FUN_2
61842,14750,FUN_2,FUN_1
61862,12244,FUN_3,FUN_4
61863,10667,FUN_3,FUN_2
61868,1733,RET,CUBE_R
61877,14,FUN_4,FUN_3
61879,6518,CUBE_R,RET
61888,11095,FUN_1,FUN_2
61912,22515,FUN_2,FUN_3
61914,13365,RET,CUBE_R
61922,22462,FUN_3,FUN_2
61941,20719,FUN_5,FUN_6
61943,10419,FUN_1,FUN_2
61945,19553,FUN_3,FUN_4
61954,16587,FUN_1,FUN_2
61973,28694,FUN_1,FUN_2
61979,20587,FUN_3,FUN_4
61987,24731,CUBE_R,FUN_6
61993,21311,RET,CUBE_R
61999,6037,FUN_3,FUN_4
62001,16236,FUN_3,FUN_2
62007,26436,FUN_6,CUBE_R
62011,14750,FUN_1,FUN_2
62013,11184,FUN_5,FUN_6
62013,18252,FUN_1,FUN_2
62018,15312,RET,CUBE_R
62024,20051,FUN_6,CUBE_R
62028,15771,FUN_2,FUN_1
62035,22224,FUN_2,FUN_3
62066,7339,CUBE_R,FUN_6
62077,23174,CUBE_L,FUN_1
62077,29111,FUN_3,FUN_4
62083,15441,FUN_3,FUN_2
62093,19039,FUN_4,FUN_3
62094,22577,FUN_4,FUN_3
62095,24053,CUBE_R,RET
62120,20445,FUN_3,FUN_2
62136,17510,FUN_2,FUN_1
62149,4995,FUN_4,FUN_3
62159,29284,RET,CUBE_R
62161,9216,FUN_2,FUN_1
62165,12244,FUN_4,FUN_3
62168,7791,FUN_1,FUN_2
62196,24688,FUN_1,FUN_2
62197,22280,FUN_1,FUN_2
62200,8380,FUN_2,FUN_3
62219,20167,FUN_2,FUN_3
62237,13005,FUN_5,FUN_4
62247,3552,RET,CUBE_R
62256,25938,FUN_4,FUN_5
62259,2226,CUBE_R,RET
62271,7269,FUN_3,FUN_2
62282,19035,FUN_2,FUN_3
62285,3793,FUN_4,FUN_3
62301,10772,FUN_5,FUN_6
62317,18658,FUN_4,FUN_3
62322,12244,FUN_3,FUN_4
62323,10557,FUN_3,FUN_2
62325,10066,FUN_3,FUN_2
62337,9977,FUN_3,FUN_2
62353,22368,FUN_1,FUN_2
62361,29858,FUN_4,FUN_3
62370,14259,FUN_2,FUN_1
62375,110,FUN_1,FUN_2
62397,2606,RET,CUBE_R
62403,5785,CUBE_R,RET
62419,1541,FUN_1,FUN_2
62421,16071,FUN_3,FUN_4
62430,2226,RET,CUBE_R
62430,12244,FUN_4,FUN_3
62450,2042,FUN_4,FUN_3
62463,25488,FUN_2,FUN_1
62469,19084,FUN_1,FUN_2
62472,2985,RET,CUBE_R
62481,14897,RET,CUBE_L
62486,17671,FUN_2,FUN_1
62487,19133,FUN_4,FUN_3
62487,29858,FUN_3,FUN_4
62491,21459,FUN_2,FUN_3
62494,14955,FUN_5,FUN_4
62496,23694,FUN_2,FUN_1
62537,12244,FUN_3,FUN_4
62552,10895,FUN_2,FUN_3
62554,20369,FUN_3,FUN_2
62557,15744,FUN_3,FUN_2
62559,2765,FUN_4,FUN_3
62571,15441,FUN_2,FUN_3
62577,24053,RET,CUBE_R
62581,6225,CUBE_R,RET
62612,23957,FUN_4,FUN_3
62620,23099,FUN_5,FUN_6
62627,24057,FUN_1,FUN_2
62632,17459,FUN_2,FUN_3
62635,11504,FUN_6,CUBE_R
62645,19910,FUN_3,FUN_2
62647,13515,FUN_1,FUN_2
62667,6043,FUN_5,FUN_4
62672,8293,CUBE_R,FUN_6
62682,25482,CUBE_R,RET
62694,15486,FUN_4,FUN_5
62696,10787,FUN_3,FUN_4
62698,10658,FUN_5,FUN_4
62699,6736,CUBE_L,FUN_1
62702,21211,FUN_2,FUN_3
62704,10424,FUN_2,FUN_1
62718,4279,FUN_3,FUN_2
62726,18634,FUN_1,CUBE_L
62740,15312,CUBE_R,RET
62765,4275,FUN_2,FUN_3
62769,27982,FUN_3,FUN_4
62783,10652,FUN_2,FUN_3
62795,12195,FUN_5,FUN_4
62805,5123,FUN_1,FUN_2
62819,28817,FUN_6,FUN_5
62874,29858,FUN_4,FUN_3
62880,10914,FUN_3,FUN_2
62889,20041,FUN_1,FUN_2
62890,29002,FUN_6,CUBE_R
62893,15814,FUN_2,FUN_1
62920,7791,FUN_2,FUN_1
62923,1179,FUN_4,FUN_3
62926,18508,FUN_4,FUN_3
62930,24053,CUBE_R,RET
62947,9923,FUN_5,FUN_4
62961,8293,FUN_6,CUBE_R
62965,21123,FUN_1,FUN_2
62974,13205,FUN_5,FUN_4
62983,2226,CUBE_R,RET
62999,7627,FUN_1,FUN_2
63005,16804,FUN_3,FUN_4
63022,23123,FUN_2,FUN_3
63033,22929,FUN_1,FUN_2
63057,16804,FUN_4,FUN_3
63059,18658,FUN_3,FUN_4
63065,24988,FUN_4,FUN_3
63075,11452,FUN_6,CUBE_R
63081,8521,FUN_3,FUN_2
63082,27640,FUN_4,FUN_5
63093,1965,FUN_4,FUN_3
63093,16579,FUN_1,FUN_2
63097,29242,FUN_4,FUN_3
63100,18853,FUN_3,FUN_2
63101,4408,FUN_3,FUN_2
63105,561,FUN_2,FUN_1
63106,6518,RET,CUBE_R
63107,2765,FUN_3,FUN_4
63121,21276,FUN_1,FUN_2
63137,7381,FUN_4,FUN_5
63145,8293,CUBE_R,FUN_6
63160,23381,CUBE_R,RET
63160,24955,FUN_3,FUN_2
63161,18500,FUN_6,CUBE_R
63183,9208,FUN_2,FUN_3
63196,14469,FUN_2,FUN_3
63219,29455,FUN_1,FUN_2
63228,15814,FUN_1,FUN_2
63233,16804,FUN_3,FUN_4
63264,6596,CUBE_L,RET
63279,3615,FUN_4,FUN_3
63285,23024,FUN_4,FUN_3
63287,15580,FUN_4,FUN_5
63301,23452,FUN_4,FUN_3
63305,12836,FUN_3,FUN_2
63307,27204,CUBE_L,FUN_1
63315,25417,CUBE_L,RET
63330,6412,FUN_1,FUN_2
63385,21450,FUN_4,FUN_3
63391,3629,FUN_2,FUN_1
63416,22064,FUN_1,FUN_2
63426,18310,FUN_2,FUN_1
63431,9968,CUBE_L,FUN_1
63433,17369,FUN_5,FUN_4
63438,10982,FUN_4,FUN_3
63438,15219,FUN_2,FUN_1
63441,20901,FUN_3,FUN_2
63443,15536,FUN_2,FUN_3
63483,20445,FUN_2,FUN_3
63501,2371,FUN_5,FUN_4
63505,5694,FUN_4,FUN_3
63526,16804,FUN_4,FUN_3
63537,1541,FUN_2,FUN_1
63544,8293,FUN_6,CUBE_R
63546,29085,FUN_3,FUN_4
63554,2049,FUN_3,FUN_2
63555,8055,FUN_4,FUN_5
63558,6596,RET,CUBE_L
63571,9761,FUN_2,FUN_3
63576,9513,FUN_2,FUN_3
63580,10879,FUN_6,CUBE_R
63587,8179,FUN_2,FUN_3
63597,28826,CUBE_L,RET
63612,11184,FUN_6,FUN_5
63633,24688,FUN_2,FUN_1
63645,28541,FUN_2,FUN_1
63651,7269,FUN_2,FUN_3
63668,23164,FUN_3,FUN_2
63686,7329,FUN_3,FUN_2
63690,24625,RET,CUBE_L
63708,21211,FUN_3,FUN_2
63714,22438,FUN_4,FUN_3
63718,2518,FUN_1,FUN_2
63730,23300,FUN_2,FUN_1
63735,18930,FUN_4,FUN_3
63737,25684,RET,CUBE_L
63777,13005,FUN_4,FUN_5
63816,8477,FUN_1,CUBE_L
63817,858,FUN_5,FUN_6
63824,2625,FUN_4,FUN_5
63840,24586,FUN_3,FUN_2
63852,17584,FUN_3,FUN_2
63853,8055,FUN_5,FUN_4
63856,1092,FUN_2,FUN_1
63862,6901,FUN_1,FUN_2
63865,23382,FUN_5,FUN_6
63886,15762,FUN_2,FUN_3
63905,8353,FUN_3,FUN_4
63918,21123,FUN_2,FUN_1
63924,11210,FUN_3,FUN_4
63935,5924,FUN_1,FUN_2
63937,20603,FUN_3,FUN_4
63945,11315,FUN_2,FUN_1
63957,15580,FUN_5,FUN_4
63967,28634,FUN_5,FUN_6
63969,12623,FUN_3,FUN_2
63985,14469,FUN_3,FUN_2
63991,15536,FUN_3,FUN_2
63994,10291,FUN_1,FUN_2
63997,27069,CUBE_L,RET
64008,18140,FUN_3,FUN_2
64018,1251,RET,CUBE_L
64027,8477,CUBE_L,FUN_1
64029,11282,FUN_2,FUN_3
64038,10245,FUN_1,FUN_2
64039,13099,FUN_2,FUN_3
64047,20445,FUN_3,FUN_2
64071,19117,FUN_2,FUN_3
64079,22557,FUN_2,FUN_1
64080,18485,CUBE_L,RET
64086,4557,FUN_2,FUN_3
64096,8293,CUBE_R,FUN_6
64098,18054,FUN_2,FUN_3
64099,6209,FUN_2,FUN_3
64113,22197,FUN_3,FUN_2
64122,3839,RET,CUBE_R
64126,20355,RET,CUBE_R
64129,8477,FUN_1,CUBE_L
64163,13834,FUN_2,FUN_1
64171,6738,FUN_3,FUN_2
64178,27860,RET,CUBE_L
64180,8693,FUN_1,FUN_2
64202,8477,CUBE_L,FUN_1
64227,2049,FUN_2,FUN_3
64228,9830,FUN_4,FUN_3
64233,29546,FUN_5,FUN_6
64244,20051,CUBE_R,FUN_6
64248,21713,CUBE_R,FUN_6
64248,27069,RET,CUBE_L
64248,29814,FUN_2,FUN_1
64259,16587,FUN_2,FUN_1
64266,12705,FUN_1,FUN_2
64274,19886,FUN_2,FUN_1
64293,25488,FUN_1,FUN_2
64304,11452,CUBE_R,FUN_6
64307,21507,FUN_3,FUN_2
64317,1179,FUN_3,FUN_4
64320,27721,FUN_3,FUN_4
64325,22935,FUN_5,FUN_4
64347,10036,RET,CUBE_L
64350,18744,RET,CUBE_R
64354,1179,FUN_4,FUN_3
64354,18295,FUN_1,CUBE_L
64371,25705,FUN_2,FUN_3
64373,12856,FUN_1,FUN_2
64383,17258,FUN_2,FUN_3
64392,23707,FUN_1,CUBE_L
64394,1226,FUN_3,FUN_2
64398,20719,FUN_6,FUN_5
64413,14750,FUN_2,FUN_1
64413,20369,FUN_2,FUN_3
64415,22197,FUN_2,FUN_3
64415,22957,RET,CUBE_L
64436,21379,FUN_1,FUN_2
64444,25564,FUN_3,FUN_2
64461,26460,FUN_1,FUN_2
64469,884,FUN_2,FUN_1
64480,17704,FUN_5,FUN_4
64485,25157,FUN_5,FUN_6
64503,28716,FUN_3,FUN_2
64521,29614,FUN_6,CUBE_R
64540,8222,FUN_2,FUN_1
64541,21947,CUBE_R,FUN_6
64541,29810,FUN_4,FUN_3
64551,21123,FUN_1,FUN_2
64552,10740,FUN_2,FUN_1
64553,19039,FUN_3,FUN_4
64570,4649,FUN_1,CUBE_L
64579,2004,FUN_2,FUN_3
64580,2700,FUN_4,FUN_3
64598,2567,FUN_2,FUN_1
64602,11235,FUN_1,FUN_2
64623,28541,FUN_1,FUN_2
64633,2978,FUN_1,FUN_2
64640,3634,FUN_2,FUN_1
64661,9216,FUN_1,FUN_2
64670,22935,FUN_4,FUN_5
64675,6043,FUN_4,FUN_5
64680,24625,CUBE_L,RET
64681,16076,FUN_6,FUN_5
64693,10066,FUN_2,FUN_3
64695,8353,FUN_4,FUN_3
64716,17803,FUN_2,FUN_3
64740,22368,FUN_2,FUN_1
64744,6209,FUN_3,FUN_2
64761,19236,CUBE_L,RET
64770,28707,FUN_5,FUN_4
64775,21544,FUN_3,FUN_4
64779,21665,CUBE_L,RET
64782,28023,RET,CUBE_R
64783,18054,FUN_3,FUN_2
64786,14859,FUN_6,CUBE_R
64798,23054,FUN_4,FUN_3
64805,18310,FUN_1,FUN_2
64808,2812,FUN_2,FUN_1
64814,19553,FUN_4,FUN_3
64817,26784,FUN_1,FUN_2
64823,4408,FUN_2,FUN_3
64846,4040,FUN_5,FUN_4
64857,6364,CUBE_R,RET
64870,20628,RET,CUBE_R
64879,25488,FUN_2,FUN_1
64893,640,CUBE_R,FUN_6
64910,15441,FUN_3,FUN_2
64929,25152,FUN_2,FUN_3
64943,27980,FUN_2,FUN_3
64951,6901,FUN_2,FUN_1
64987,13068,RET,CUBE_R
64994,27493,FUN_1,FUN_2
65005,22197,FUN_3,FUN_2
65005,28541,FUN_2,FUN_1
65008,9054,FUN_6,CUBE_R
65009,5968,FUN_3,FUN_2
65036,8222,FUN_1,FUN_2
65045,3020,FUN_3,FUN_4
65066,6071,FUN_1,FUN_2
65078,561,FUN_1,FUN_2
65079,28541,FUN_1,FUN_2
65083,2371,FUN_4,FUN_5
65084,6596,CUBE_L,RET
65096,23134,CUBE_R,FUN_6
65109,6043,FUN_5,FUN_4
65111,9923,FUN_4,FUN_5
65124,22826,FUN_3,FUN_2
65126,610,FUN_3,FUN_4
65134,19793,FUN_3,FUN_4
65169,15439,CUBE_R,RET
65179,17227,FUN_4,FUN_5
65208,19713,FUN_2,FUN_1
65222,11737,FUN_3,FUN_2
65231,25219,FUN_3,FUN_4
65243,276,FUN_3,FUN_4
65252,10460,FUN_3,FUN_4
65265,22935,FUN_5,FUN_4
65278,21680,RET,CUBE_R
65286,24586,FUN_2,FUN_3
65289,10811,FUN_2,FUN_3
65293,10740,FUN_1,FUN_2
65302,26239,CUBE_R,FUN_6
65310,14645,CUBE_L,RET
65316,23123,FUN_3,FUN_2
65324,18207,FUN_4,FUN_3
65329,18310,FUN_2,FUN_1
65335,6043,FUN_4,FUN_5
65347,29546,FUN_6,FUN_5
65348,7484,FUN_1,FUN_2
65353,28541,FUN_2,FUN_1
65356,5968,FUN_2,FUN_3
65359,4995,FUN_3,FUN_4
65360,12836,FUN_2,FUN_3
65366,4570,CUBE_L,RET
65392,20575,FUN_3,FUN_2
65395,21211,FUN_2,FUN_3
65408,13696,CUBE_R,FUN_6
65428,29028,FUN_2,FUN_3
65433,27860,CUBE_L,RET
65438,11512,FUN_1,FUN_2
65446,2567,FUN_1,FUN_2
65447,15631,FUN_3,FUN_2
65449,23006,FUN_5,FUN_6
65464,12908,FUN_3,FUN_2
65472,19910,FUN_2,FUN_3
65476,12009,CUBE_L,FUN_1
65477,28779,FUN_3,FUN_2
65490,26436,CUBE_R,FUN_6
65513,13099,FUN_3,FUN_2
65514,6339,RET,CUBE_L
65518,8477,FUN_1,CUBE_L
65531,5959,FUN_1,CUBE_L
65532,19860,FUN_2,FUN_1
65572,9159,FUN_4,FUN_5
65589,27493,FUN_2,FUN_1
65599,13099,FUN_2,FUN_3
65604,1965,FUN_3,FUN_4
65616,3971,FUN_1,FUN_2
65619,117,FUN_3,FUN_2
65622,14332,FUN_4,FUN_3
65625,18113,FUN_6,CUBE_R
65626,10066,FUN_3,FUN_2
65626,17931,FUN_5,FUN_4
65629,11367,FUN_3,FUN_2
65650,24625,RET,CUBE_L
65652,21123,FUN_2,FUN_1
65660,21146,FUN_3,FUN_2
65663,23719,FUN_3,FUN_2
65666,25488,FUN_1,FUN_2
65671,29591,FUN_6,FUN_5
65682,27751,FUN_4,FUN_5
65698,19507,FUN_5,FUN_4
65700,13257,RET,CUBE_R
65714,20967,FUN_1,FUN_2
65716,26210,RET,CUBE_L
65725,28321,CUBE_R,FUN_6
65745,19041,FUN_1,FUN_2
65758,7791,FUN_1,FUN_2
65760,12836,FUN_3,FUN_2
65763,2247,FUN_6,FUN_5
65765,24586,FUN_3,FUN_2
65786,2765,FUN_4,FUN_3
65808,15312,RET,CUBE_R
65834,13099,FUN_3,FUN_2
65849,25705,FUN_3,FUN_2
65860,13196,FUN_4,FUN_3
65862,10460,FUN_4,FUN_3
65873,11282,FUN_3,FUN_2
65873,21450,FUN_3,FUN_4
65874,12009,FUN_1,CUBE_L
65883,21146,FUN_2,FUN_3
65896,14469,FUN_2,FUN_3
65900,20445,FUN_2,FUN_3
65907,8542,FUN_4,FUN_3
65909,6930,CUBE_R,RET
65909,16007,FUN_3,FUN_4
65912,22197,FUN_2,FUN_3
65912,23719,FUN_2,FUN_3
65913,25567,FUN_1,FUN_2
65932,21123,FUN_1,FUN_2
65941,5861,FUN_1,FUN_2
65956,18634,CUBE_L,FUN_1
65979,14150,FUN_5,FUN_6
65996,277,FUN_3,FUN_2
66006,281,FUN_3,FUN_2
66009,10895,FUN_3,FUN_2
66026,21211,FUN_3,FUN_2
66027,1226,FUN_2,FUN_3
66044,1092,FUN_1,FUN_2
66047,8156,FUN_4,FUN_3
66047,18823,CUBE_R,FUN_6
66056,15578,CUBE_L,FUN_1
66061,3937,FUN_1,FUN_2
66067,14405,FUN_2,FUN_3
66067,28506,FUN_4,FUN_3
66076,21123,FUN_2,FUN_1
66079,13196,FUN_3,FUN_4
66100,12195,FUN_4,FUN_5
66101,15439,RET,CUBE_R
66117,19793,FUN_4,FUN_3
66130,24051,FUN_2,FUN_1
66133,4691,FUN_1,CUBE_L
66143,2371,FUN_5,FUN_4
66150,561,FUN_2,FUN_1
66151,28783,FUN_4,FUN_3
66175,13196,FUN_4,FUN_3
66201,19853,FUN_2,FUN_1
66216,18054,FUN_2,FUN_3
66217,27493,FUN_1,FUN_2
66226,10982,FUN_3,FUN_4
66240,10787,FUN_4,FUN_3
66242,17727,FUN_4,FUN_5
66245,21123,FUN_1,FUN_2
66253,26568,CUBE_R,RET
66264,25691,FUN_2,FUN_1
66274,16549,FUN_5,FUN_6
66276,23895,FUN_1,CUBE_L
66283,27651,FUN_2,FUN_1
66289,11143,CUBE_L,RET
66291,21211,FUN_2,FUN_3
66313,561,FUN_1,FUN_2
66315,11269,FUN_2,FUN_3
66326,3282,FUN_5,FUN_4
66354,19374,FUN_1,FUN_2
66380,23219,FUN_6,CUBE_R
66386,20552,FUN_3,FUN_2
66397,5582,FUN_3,FUN_4
66433,15771,FUN_1,FUN_2
66433,28217,FUN_3,FUN_2
66436,3121,FUN_2,FUN_1
66444,17508,FUN_2,FUN_1
66445,18500,CUBE_R,FUN_6
66463,7831,FUN_3,FUN_2
66463,9923,FUN_5,FUN_4
66463,19558,FUN_2,FUN_1
66466,21406,FUN_2,FUN_1
66478,13365,CUBE_R,RET
66479,22935,FUN_4,FUN_5
66484,6304,FUN_4,FUN_3
66492,12009,CUBE_L,FUN_1
66499,22462,FUN_2,FUN_3
66499,27052,FUN_2,FUN_3
66531,11315,FUN_1,FUN_2
66563,7329,FUN_2,FUN_3
66570,25017,RET,CUBE_L
66588,14082,FUN_4,FUN_5
66588,27343,FUN_2,FUN_1
66602,17671,FUN_1,FUN_2
66614,19552,FUN_5,FUN_6
66620,6553,FUN_2,FUN_1
66622,5959,CUBE_L,FUN_1
66623,22728,FUN_4,FUN_3
66642,29226,FUN_2,FUN_3
66643,4279,FUN_2,FUN_3
66646,20016,FUN_3,FUN_2
66655,17486,FUN_2,FUN_1
66658,27860,RET,CUBE_L
66668,7595,RET,CUBE_R
66668,8357,FUN_1,CUBE_L
66668,29810,FUN_3,FUN_4
66674,13599,FUN_3,FUN_2
66681,1248,CUBE_R,RET
66681,28817,FUN_5,FUN_6
66709,19629,FUN_3,FUN_4
66710,21459,FUN_3,FUN_2
66718,4614,FUN_2,FUN_3
66778,29915,CUBE_L,RET
66789,23719,FUN_3,FUN_2
66791,2184,FUN_6,CUBE_R
66806,6626,FUN_2,FUN_1
66828,10562,FUN_3,FUN_4
66832,5959,FUN_1,CUBE_L
66859,12009,FUN_1,CUBE_L
66865,25891,FUN_5,FUN_6
66866,28376,FUN_3,FUN_4
66874,29358,FUN_2,FUN_1
66909,27496,FUN_2,FUN_1
66913,8658,FUN_5,FUN_6
66918,15631,FUN_2,FUN_3
66925,27860,CUBE_L,RET
66927,25555,CUBE_L,FUN_1
66929,17510,FUN_1,FUN_2
66941,5457,FUN_3,FUN_2
66943,12045,FUN_3,FUN_2
66944,17584,FUN_2,FUN_3
66957,8693,FUN_2,FUN_1
66977,21420,FUN_2,FUN_1
66990,277,FUN_2,FUN_3
66991,20361,FUN_3,FUN_2
66996,29810,FUN_4,FUN_3
67026,3656,FUN_6,FUN_5
67031,1092,FUN_2,FUN_1
67033,23718,FUN_1,CUBE_L
67040,21504,FUN_4,FUN_3
67045,22826,FUN_2,FUN_3
67052,3619,FUN_1,FUN_2
67065,22438,FUN_3,FUN_4
67069,5910,FUN_3,FUN_2
67071,5395,RET,CUBE_L
67072,21582,FUN_2,FUN_3
67091,12455,FUN_5,FUN_6
67098,2985,CUBE_R,RET
67123,561,FUN_2,FUN_1
67142,13196,FUN_3,FUN_4
67176,21680,CUBE_R,RET
67181,22990,FUN_1,FUN_2
67201,3950,FUN_2,FUN_3
67201,29614,CUBE_R,FUN_6
67205,20719,FUN_5,FUN_6
67210,10753,FUN_6,CUBE_R
67214,19196,RET,CUBE_R
67217,3121,FUN_1,FUN_2
67239,20063,FUN_1,FUN_2
67241,21713,FUN_6,CUBE_R
67249,13949,FUN_3,FUN_2
67251,22935,FUN_5,FUN_4
67257,5959,CUBE_L,FUN_1
67268,9288,CUBE_L,RET
67279,5677,FUN_3,FUN_4
67290,14082,FUN_5,FUN_4
67290,15948,CUBE_R,FUN_6
67302,5690,FUN_2,FUN_3
67309,26308,CUBE_R,FUN_6
67310,5420,FUN_1,FUN_2
67328,25417,RET,CUBE_L
67331,26351,FUN_4,FUN_3
67333,884,FUN_1,FUN_2
67343,20552,FUN_2,FUN_3
67345,27651,FUN_1,FUN_2
67351,18207,FUN_3,FUN_4
67355,10772,FUN_6,FUN_5
67359,9968,FUN_1,CUBE_L
67362,610,FUN_4,FUN_3
67365,27493,FUN_2,FUN_1
67372,9288,RET,CUBE_L
67379,9571,FUN_3,FUN_2
67389,3629,FUN_1,FUN_2
67401,14745,FUN_3,FUN_2
67407,7339,FUN_6,CUBE_R
67419,8548,FUN_1,FUN_2
67420,23694,FUN_1,FUN_2
67442,9391,FUN_2,FUN_3
67444,20156,FUN_3,FUN_4
67451,3177,FUN_2,FUN_1
67460,9288,CUBE_L,RET
67466,10128,FUN_4,FUN_3
67476,15062,FUN_3,FUN_2
67476,28460,FUN_6,CUBE_R
67494,14329,FUN_2,FUN_3
67500,11581,FUN_1,CUBE_L
67501,1531,FUN_3,FUN_2
67503,14586,FUN_5,FUN_6
67509,27860,RET,CUBE_L
67528,11821,FUN_3,FUN_2
67529,3235,RET,CUBE_R
67542,16071,FUN_4,FUN_3
67558,29305,FUN_1,FUN_2
67568,13906,FUN_4,FUN_3
67580,754,FUN_1,FUN_2
67586,16804,FUN_3,FUN_4
67590,24731,FUN_6,CUBE_R
67593,4040,FUN_4,FUN_5
67602,8765,FUN_2,FUN_1
67602,22251,FUN_1,CUBE_L
67617,6930,RET,CUBE_R
67621,19649,FUN_1,CUBE_L
67633,10391,FUN_4,FUN_3
67634,12836,FUN_2,FUN_3
67638,16236,FUN_2,FUN_3
67639,5007,FUN_2,FUN_1
67647,22990,FUN_2,FUN_1
67671,4774,FUN_4,FUN_5
67691,16524,FUN_6,CUBE_R
67692,6805,CUBE_R,FUN_6
67706,20361,FUN_2,FUN_3
67710,2659,FUN_5,FUN_4
67718,4570,RET,CUBE_L
67719,18207,FUN_4,FUN_3
67728,13196,FUN_4,FUN_3
67777,18457,FUN_3,FUN_2
67779,17761,CUBE_R,RET
67781,25694,CUBE_L,RET
67784,29853,CUBE_R,FUN_6
67792,987,FUN_1,FUN_2
67799,5457,FUN_2,FUN_3
67799,9288,RET,CUBE_L
67809,29052,FUN_3,FUN_2
67860,18500,FUN_6,CUBE_R
67892,10658,FUN_4,FUN_5
67893,26489,FUN_5,FUN_4
67906,28460,CUBE_R,FUN_6
67910,1725,FUN_1,FUN_2
67924,20660,FUN_2,FUN_1
67925,17227,FUN_5,FUN_4
67926,2184,CUBE_R,FUN_6
67929,344,FUN_3,FUN_4
67932,17548,FUN_1,FUN_2
67937,5619,FUN_5,FUN_4
67941,19649,CUBE_L,FUN_1
67956,15219,FUN_1,FUN_2
67958,1248,RET,CUBE_R
67970,23382,FUN_6,FUN_5
67977,7329,FUN_3,FUN_2
67983,9062,FUN_4,FUN_3
67989,10824,FUN_6,FUN_5
67996,13661,FUN_4,FUN_3
67997,18225,FUN_5,FUN_4
68004,10582,FUN_2,FUN_1
68004,22568,FUN_4,FUN_5
68015,21146,FUN_3,FUN_2
68018,9830,FUN_3,FUN_4
68022,24718,FUN_6,CUBE_R
68023,24586,FUN_2,FUN_3
68024,19196,CUBE_R,RET
68038,2985,RET,CUBE_R
68043,24861,FUN_5,FUN_4
68046,13146,FUN_2,FUN_3
68061,19618,CUBE_R,FUN_6
68068,14811,FUN_1,FUN_2
68075,986,FUN_2,FUN_3
68099,28541,FUN_1,FUN_2
68105,19390,FUN_3,FUN_2
68113,10879,CUBE_R,FUN_6
68133,20033,FUN_2,FUN_3
68136,12181,CUBE_L,RET
68137,22935,FUN_4,FUN_5
68139,19553,FUN_3,FUN_4
68143,4570,CUBE_L,RET
68172,13390,FUN_3,FUN_4
68190,17113,CUBE_R,FUN_6
68198,20967,FUN_2,FUN_1
68202,5690,FUN_3,FUN_2
68214,13594,RET,CUBE_R
68215,10914,FUN_2,FUN_3
68222,9751,FUN_1,FUN_2
68222,18878,FUN_4,FUN_3
68227,2697,FUN_5,FUN_4
68232,12089,CUBE_R,FUN_6
68235,20361,FUN_3,FUN_2
68236,22368,FUN_1,FUN_2
68277,4040,FUN_5,FUN_4
68277,28779,FUN_2,FUN_3
68284,10394,FUN_5,FUN_4
68287,27751,FUN_5,FUN_4
68292,26568,RET,CUBE_R
68315,14259,FUN_1,FUN_2
68344,15464,FUN_2,FUN_1
68370,21557,FUN_1,CUBE_L
68386,27493,FUN_1,FUN_2
68388,13761,FUN_5,FUN_4
68413,23260,FUN_5,FUN_4
68417,9288,CUBE_L,RET
68418,22368,FUN_2,FUN_1
68419,17703,FUN_6,CUBE_R
68441,1248,CUBE_R,RET
68448,15578,FUN_1,CUBE_L
68454,26646,RET,CUBE_R
68481,19649,FUN_1,CUBE_L
68487,7536,RET,CUBE_R
68488,11979,RET,CUBE_L
68497,7390,FUN_2,FUN_1
68508,13865,FUN_3,FUN_2
68527,11370,FUN_2,FUN_1
68530,15948,FUN_6,CUBE_R
68538,14750,FUN_1,FUN_2
68541,18220,CUBE_R,RET
68549,12195,FUN_5,FUN_4
68557,11315,FUN_2,FUN_1
68574,19618,FUN_6,CUBE_R
68594,15272,FUN_5,FUN_4
68595,24955,FUN_2,FUN_3
68599,20016,FUN_2,FUN_3
68623,29915,RET,CUBE_L
68624,2985,CUBE_R,RET
68629,18054,FUN_3,FUN_2
68640,10266,FUN_4,FUN_3
68642,905,FUN_1,FUN_2
68645,13599,FUN_2,FUN_3
68659,561,FUN_1,FUN_2
68667,17739,RET,CUBE_R
68676,21763,FUN_5,FUN_4
68693,2647,FUN_1,FUN_2
68707,610,FUN_3,FUN_4
68710,2229,FUN_2,FUN_3
68711,18207,FUN_3,FUN_4
68730,25416,FUN_1,FUN_2
68732,25338,FUN_3,FUN_4
68733,10879,FUN_6,CUBE_R
68733,14586,FUN_6,FUN_5
68734,23430,FUN_3,FUN_4
68739,5944,FUN_2,FUN_3
68770,10678,FUN_2,FUN_1
68771,5690,FUN_2,FUN_3
68772,17727,FUN_5,FUN_4
68786,19039,FUN_4,FUN_3
68794,19236,RET,CUBE_L
68810,28736,FUN_3,FUN_2
68813,2004,FUN_3,FUN_2
68819,21006,FUN_1,CUBE_L
68826,4896,FUN_2,FUN_1
68844,17508,FUN_1,FUN_2
68867,23694,FUN_2,FUN_1
68874,10931,FUN_2,FUN_1
68881,10667,FUN_2,FUN_3
68899,14745,FUN_2,FUN_3
68918,27640,FUN_5,FUN_4
68919,6421,CUBE_R,FUN_6
68922,7326,FUN_2,FUN_3
68924,987,FUN_2,FUN_1
68940,20159,CUBE_R,FUN_6
68943,27751,FUN_4,FUN_5
68950,26970,FUN_2,FUN_1
68955,23260,FUN_4,FUN_5
68959,20361,FUN_2,FUN_3
68960,21100,FUN_5,FUN_6
68962,11768,FUN_3,FUN_2
68977,8477,CUBE_L,FUN_1
69001,1819,FUN_1,FUN_2
69017,1196,FUN_2,FUN_3
69031,28032,FUN_1,FUN_2
69034,14586,FUN_5,FUN_6
69042,6007,CUBE_R,RET
69042,16204,FUN_1,FUN_2
69043,19853,FUN_1,FUN_2
69046,20361,FUN_3,FUN_2
69049,19857,FUN_3,FUN_4
69054,23382,FUN_5,FUN_6
69059,22912,FUN_2,FUN_1
69061,19399,FUN_4,FUN_5
69061,29358,FUN_1,FUN_2
69069,22557,FUN_1,FUN_2
69082,14805,FUN_5,FUN_4
69092,8693,FUN_1,FUN_2
69094,15441,FUN_2,FUN_3
69095,24586,FUN_3,FUN_2
69156,17671,FUN_2,FUN_1
69178,7089,CUBE_R,RET
69184,10394,FUN_4,FUN_5
69205,3619,FUN_2,FUN_1
69208,29915,CUBE_L,RET
69240,3225,FUN_3,FUN_2
69257,27593,FUN_4,FUN_5
69270,2398,FUN_1,FUN_2
69277,23300,FUN_1,FUN_2
69278,22899,FUN_6,CUBE_R
69287,10740,FUN_2,FUN_1
69288,11821,FUN_2,FUN_3
69302,3144,FUN_3,FUN_2
69306,19399,FUN_5,FUN_4
69337,8765,FUN_1,FUN_2
69346,9159,FUN_5,FUN_4
69369,13599,FUN_3,FUN_2
69377,27020,FUN_2,FUN_1
69378,16309,CUBE_L,FUN_1
69381,26032,RET,CUBE_R
69386,2269,FUN_3,FUN_2
69396,7390,FUN_1,FUN_2
69401,2406,FUN_4,FUN_3
69412,2447,CUBE_R,FUN_6
69419,20628,CUBE_R,RET
69420,15631,FUN_3,FUN_2
69447,2625,FUN_5,FUN_4
69457,12215,RET,CUBE_L
69469,16613,FUN_6,FUN_5
69472,16076,FUN_5,FUN_6
69475,13023,FUN_2,FUN_1
69484,14586,FUN_6,FUN_5
69490,27496,FUN_1,FUN_2
69521,19451,CUBE_L,RET
69528,15889,RET,CUBE_L
69537,19793,FUN_3,FUN_4
69539,15662,FUN_3,FUN_4
69551,14405,FUN_3,FUN_2
69552,21406,FUN_1,FUN_2
69563,2765,FUN_3,FUN_4
69568,28736,FUN_2,FUN_3
69570,6901,FUN_1,FUN_2
69572,28386,FUN_5,FUN_4
69582,20784,FUN_4,FUN_3
69584,15298,FUN_2,FUN_3
69591,425,FUN_5,FUN_4
69591,18990,FUN_5,FUN_4
69600,13834,FUN_1,FUN_2
69605,20903,CUBE_R,RET
69616,17703,CUBE_R,FUN_6
69617,14787,CUBE_R,FUN_6
69620,3730,CUBE_L,RET
69620,29707,RET,CUBE_R
69624,16076,FUN_6,FUN_5
69624,16437,FUN_4,FUN_3
69626,16587,FUN_1,FUN_2
69636,5619,FUN_4,FUN_5
69664,12836,FUN_3,FUN_2
69669,20361,FUN_2,FUN_3
69677,10486,FUN_5,FUN_4
69681,26320,FUN_1,FUN_2
69685,15272,FUN_4,FUN_5
69694,28386,FUN_4,FUN_5
69699,28114,FUN_4,FUN_5
69702,23835,FUN_3,FUN_2
69709,858,FUN_6,FUN_5
69724,19754,FUN_1,FUN_2
69731,16076,FUN_5,FUN_6
69734,6037,FUN_4,FUN_3
69736,11235,FUN_2,FUN_1
69772,3937,FUN_2,FUN_1
69788,19399,FUN_4,FUN_5
69801,23303,RET,CUBE_R
69807,14645,RET,CUBE_L
69815,20863,CUBE_L,FUN_1
69831,13599,FUN_2,FUN_3
69846,17315,FUN_4,FUN_5
69897,20628,RET,CUBE_R
69908,24586,FUN_2,FUN_3
69924,4922,RET,CUBE_R
69941,23436,FUN_2,FUN_1
69983,13599,FUN_3,FUN_2
69985,28736,FUN_3,FUN_2
69987,3121,FUN_2,FUN_1
69996,20159,FUN_6,CUBE_R
70001,11254,CUBE_R,RET
70002,19399,FUN_5,FUN_4
70009,16219,RET,CUBE_R
70010,277,FUN_3,FUN_2
70013,12232,CUBE_R,RET
70084,12054,FUN_3,FUN_4
70087,5065,FUN_2,FUN_1
70098,29627,FUN_2,FUN_3
70101,18756,CUBE_R,RET
70105,13909,FUN_2,FUN_3
70110,3619,FUN_1,FUN_2
70111,19049,FUN_5,FUN_6
70118,6901,FUN_2,FUN_1
70122,17761,RET,CUBE_R
70130,21406,FUN_2,FUN_1
70131,6416,FUN_4,FUN_5
70133,19552,FUN_6,FUN_5
70135,3619,FUN_2,FUN_1
70140,3649,FUN_5,FUN_4
70142,6421,FUN_6,CUBE_R
70148,29814,FUN_1,FUN_2
70151,15272,FUN_5,FUN_4
70165,4897,FUN_2,FUN_3
70173,2812,FUN_1,FUN_2
70174,10962,FUN_2,FUN_3
70183,7089,RET,CUBE_R
70187,10824,FUN_5,FUN_6
70219,16076,FUN_6,FUN_5
70225,29052,FUN_2,FUN_3
70238,11269,FUN_3,FUN_2
70242,5944,FUN_3,FUN_2
70251,20628,CUBE_R,RET
70269,6626,FUN_1,FUN_2
70274,13365,RET,CUBE_R
70282,21548,RET,CUBE_L
70296,11269,FUN_2,FUN_3
70297,22912,FUN_1,FUN_2
70302,10658,FUN_5,FUN_4
70319,15292,FUN_3,FUN_2
70320,21544,FUN_4,FUN_3
70320,28832,FUN_3,FUN_2
70322,20159,CUBE_R,FUN_6
70345,987,FUN_1,FUN_2
70347,20361,FUN_3,FUN_2
70350,15439,CUBE_R,RET
70353,8816,FUN_4,FUN_3
70374,20159,FUN_6,CUBE_R
70385,13023,FUN_1,FUN_2
70385,21763,FUN_4,FUN_5
70396,18430,CUBE_R,FUN_6
70400,25938,FUN_5,FUN_4
70402,117,FUN_2,FUN_3
70405,4279,FUN_3,FUN_2
70413,21123,FUN_2,FUN_1
70414,28707,FUN_4,FUN_5
70415,110,FUN_2,FUN_1
70423,5354,FUN_5,FUN_6
70431,18207,FUN_4,FUN_3
70440,20901,FUN_2,FUN_3
70456,6377,FUN_4,FUN_5
70457,8444,FUN_3,FUN_2
70462,10286,FUN_4,FUN_5
70472,13599,FUN_2,FUN_3
70476,19860,FUN_1,FUN_2
70485,20628,RET,CUBE_R
70486,21006,CUBE_L,FUN_1
70491,8156,FUN_3,FUN_4
70492,13661,FUN_3,FUN_4
70507,18823,FUN_6,CUBE_R
70513,3619,FUN_1,FUN_2
70520,25691,FUN_1,FUN_2
70539,425,FUN_4,FUN_5
70546,14893,FUN_5,FUN_4
70561,3276,CUBE_L,FUN_1
70566,29915,RET,CUBE_L
70567,23646,FUN_3,FUN_2
70570,10678,FUN_1,FUN_2
70597,16076,FUN_5,FUN_6
70646,14586,FUN_5,FUN_6
70662,7339,CUBE_R,FUN_6
70674,2160,FUN_2,FUN_3
70680,5354,FUN_6,FUN_5
70684,16829,CUBE_L,RET
70694,18627,CUBE_R,RET
70700,10240,CUBE_L,RET
70703,1113,FUN_1,FUN_2
70705,8765,FUN_2,FUN_1
70709,15993,FUN_2,FUN_3
70710,18050,FUN_1,FUN_2
70717,14645,CUBE_L,RET
70721,25034,FUN_3,FUN_4
70745,8659,RET,CUBE_L
70748,26718,FUN_4,FUN_3
70769,25338,FUN_4,FUN_3
70781,25891,FUN_6,FUN_5
70785,5619,FUN_5,FUN_4
70786,25705,FUN_2,FUN_3
70788,7390,FUN_2,FUN_1
70799,9174,FUN_2,FUN_3
70840,18083,RET,CUBE_L
70879,20903,RET,CUBE_R
70881,13309,FUN_3,FUN_4
70922,7513,FUN_2,FUN_1
70923,22990,FUN_1,FUN_2
70932,8477,FUN_1,CUBE_L
70935,27593,FUN_5,FUN_4
70937,20901,FUN_3,FUN_2
70945,27088,FUN_2,FUN_3
70946,24955,FUN_3,FUN_2
70970,21002,RET,CUBE_L
70973,22816,FUN_3,FUN_2
70975,6131,FUN_1,FUN_2
70979,2226,RET,CUBE_R
70983,2160,FUN_3,FUN_2
70989,21171,FUN_2,FUN_3
70992,24269,FUN_2,FUN_1
71006,14777,CUBE_L,FUN_1
71013,2521,FUN_3,FUN_2
71017,986,FUN_3,FUN_2
71018,14795,FUN_3,FUN_2
71018,22251,CUBE_L,FUN_1
71022,786,FUN_3,FUN_2
71024,28717,FUN_2,FUN_1
71042,5831,CUBE_L,RET
71044,26276,RET,CUBE_L
71047,17727,FUN_4,FUN_5
71053,9563,RET,CUBE_L
71063,2521,FUN_2,FUN_3
71071,2521,FUN_3,FUN_2
71072,14645,RET,CUBE_L
71072,20361,FUN_2,FUN_3
71096,14609,FUN_2,FUN_1
71097,3530,FUN_3,FUN_2
71100,22990,FUN_2,FUN_1
71114,5690,FUN_3,FUN_2
71120,10654,FUN_2,FUN_3
71138,10146,FUN_6,FUN_5
71144,20156,FUN_4,FUN_3
71166,28217,FUN_2,FUN_3
71177,14469,FUN_3,FUN_2
71181,25564,FUN_2,FUN_3
71182,13305,FUN_3,FUN_2
71190,9174,FUN_3,FUN_2
71204,24241,FUN_3,FUN_4
71205,28707,FUN_5,FUN_4
71205,29164,CUBE_R,RET
71207,24988,FUN_3,FUN_4
71209,24338,CUBE_R,RET
71217,12559,FUN_3,FUN_2
71219,1020,FUN_2,FUN_1
71219,12931,FUN_5,FUN_4
71233,18883,FUN_5,FUN_4
71243,11319,FUN_4,FUN_5
71291,16655,FUN_4,FUN_5
71298,7791,FUN_2,FUN_1
71304,9736,FUN_2,FUN_1
71312,8156,FUN_4,FUN_3
71326,5093,CUBE_R,FUN_6
71330,9174,FUN_2,FUN_3
71333,6043,FUN_5,FUN_4
71340,987,FUN_2,FUN_1
71344,19552,FUN_5,FUN_6
71351,24257,CUBE_R,FUN_6
71353,3730,RET,CUBE_L
71358,10223,FUN_3,FUN_4
71360,2261,FUN_5,FUN_4
71378,22990,FUN_1,FUN_2
71383,8958,FUN_3,FUN_4
71389,18903,FUN_2,FUN_3
71394,27913,FUN_2,FUN_1
71395,14054,CUBE_R,RET
71398,15361,FUN_2,FUN_3
71409,21504,FUN_3,FUN_4
71429,27204,FUN_1,CUBE_L
71439,16613,FUN_5,FUN_6
71444,24086,FUN_2,FUN_3
71457,18140,FUN_2,FUN_3
71467,14609,FUN_1,FUN_2
71476,7406,FUN_3,FUN_4
71488,23382,FUN_6,FUN_5
71500,9686,FUN_4,FUN_5
71522,13005,FUN_5,FUN_4
71538,22990,FUN_2,FUN_1
71543,19552,FUN_6,FUN_5
71545,7339,FUN_6,CUBE_R
71552,8156,FUN_3,FUN_4
71591,10582,FUN_1,FUN_2
71597,24442,CUBE_L,RET
71605,8505,CUBE_R,FUN_6
71606,18828,CUBE_R,FUN_6
71608,3530,FUN_2,FUN_3
71610,29182,FUN_3,FUN_2
71611,2521,FUN_2,FUN_3
71613,7831,FUN_2,FUN_3
71622,4528,FUN_2,FUN_1
71633,21315,FUN_3,FUN_4
71639,22040,FUN_1,FUN_2
71645,14052,FUN_5,FUN_6
71651,20660,FUN_1,FUN_2
71655,2420,FUN_6,FUN_5
71658,22990,FUN_1,FUN_2
71672,3839,CUBE_R,RET
71682,987,FUN_1,FUN_2
71682,20159,CUBE_R,FUN_6
71683,26855,CUBE_L,FUN_1
71694,16076,FUN_6,FUN_5
71714,9977,FUN_2,FUN_3
71726,26270,FUN_3,FUN_4
71734,17486,FUN_1,FUN_2
71736,25442,FUN_2,FUN_3
71750,4976,CUBE_R,FUN_6
71787,27701,RET,CUBE_L
71790,23436,FUN_1,FUN_2
71793,14743,FUN_3,FUN_2
71795,5881,FUN_3,FUN_4
71808,9159,FUN_4,FUN_5
71817,3619,FUN_2,FUN_1
71831,24909,FUN_2,FUN_1
71844,28716,FUN_2,FUN_3
71849,22246,CUBE_L,FUN_1
71851,13099,FUN_2,FUN_3
71854,20660,FUN_2,FUN_1
71862,22990,FUN_2,FUN_1
71904,22990,FUN_1,FUN_2
71905,16061,FUN_3,FUN_4
71911,18457,FUN_2,FUN_3
71923,29240,RET,CUBE_L
71924,786,FUN_2,FUN_3
71927,7329,FUN_2,FUN_3
71940,1945,FUN_4,FUN_3
71951,16613,FUN_6,FUN_5
71966,25682,FUN_4,FUN_5
71975,1587,FUN_2,FUN_1
71982,27415,FUN_2,FUN_1
71987,8505,FUN_6,CUBE_R
71995,23300,FUN_2,FUN_1
72012,21480,FUN_4,FUN_3
72026,14506,FUN_2,FUN_1
72027,4813,FUN_2,FUN_3
72029,27640,FUN_4,FUN_5
72049,277,FUN_2,FUN_3
72078,3276,FUN_1,CUBE_L
72083,11451,RET,CUBE_L
72083,23382,FUN_5,FUN_6
72100,15439,RET,CUBE_R
72103,8765,FUN_1,FUN_2
72108,13594,CUBE_R,RET
72117,24345,FUN_1,FUN_2
72136,24909,FUN_1,FUN_2
72140,3457,FUN_2,FUN_1
72146,26032,CUBE_R,RET
72156,18457,FUN_3,FUN_2
72191,238,FUN_3,FUN_2
72192,29915,CUBE_L,RET
72194,10658,FUN_4,FUN_5
72194,29591,FUN_5,FUN_6
72215,27640,FUN_5,FUN_4
72226,10146,FUN_5,FUN_6
72226,19802,FUN_2,FUN_1
72228,2226,CUBE_R,RET
72234,24413,CUBE_R,FUN_6
72235,29491,FUN_5,FUN_6
72238,6933,FUN_6,FUN_5
72269,24345,FUN_2,FUN_1
72274,22990,FUN_2,FUN_1
72275,29915,RET,CUBE_L
72292,13735,FUN_5,FUN_4
72293,17740,FUN_1,FUN_2
72306,6930,CUBE_R,RET
72325,19748,CUBE_R,RET
72330,20432,FUN_2,FUN_3
72340,14405,FUN_2,FUN_3
72349,3519,FUN_4,FUN_5
72367,25938,FUN_4,FUN_5
72386,27415,FUN_1,FUN_2
72416,1725,FUN_2,FUN_1
72420,506,FUN_6,CUBE_R
72420,27593,FUN_4,FUN_5
72447,4995,FUN_4,FUN_3
72451,29002,CUBE_R,FUN_6
72470,2261,FUN_4,FUN_5
72471,16594,FUN_2,FUN_1
72487,21728,FUN_2,FUN_1
72507,394,FUN_3,FUN_2
72549,25183,FUN_3,FUN_2
72550,14332,FUN_3,FUN_4
72553,10982,FUN_4,FUN_3
72554,10787,FUN_3,FUN_4
72557,19041,FUN_2,FUN_1
72563,28035,CUBE_L,RET
72645,8156,FUN_4,FUN_3
72662,19552,FUN_5,FUN_6
72694,7627,FUN_2,FUN_1
72700,16994,FUN_3,FUN_2
72701,25416,FUN_2,FUN_1
72702,19649,CUBE_L,FUN_1
72703,23382,FUN_6,FUN_5
72752,10282,FUN_3,FUN_2
72760,18878,FUN_3,FUN_4
72761,23137,FUN_2,FUN_3
72766,8037,FUN_3,FUN_2
72767,18296,FUN_3,FUN_2
72773,12836,FUN_2,FUN_3
72781,23838,FUN_3,FUN_2
72794,20903,CUBE_R,RET
72827,281,FUN_2,FUN_3
72836,1725,FUN_1,FUN_2
72845,9686,FUN_5,FUN_4
72848,13723,FUN_4,FUN_3
72851,23838,FUN_2,FUN_3
72879,22990,FUN_1,FUN_2
72897,2160,FUN_2,FUN_3
72911,17703,FUN_6,CUBE_R
72919,1965,FUN_4,FUN_3
72931,8378,FUN_5,FUN_4
72963,10394,FUN_5,FUN_4
72965,23099,FUN_6,FUN_5
72967,10931,FUN_1,FUN_2
72972,3649,FUN_4,FUN_5
72974,10861,FUN_3,FUN_4
72978,971,FUN_5,FUN_4
72978,6553,FUN_1,FUN_2
72998,17004,FUN_5,FUN_6
73020,8701,FUN_5,FUN_4
73024,25183,FUN_2,FUN_3
73046,20355,CUBE_R,RET
73056,5619,FUN_4,FUN_5
73063,21430,CUBE_R,RET
73067,2261,FUN_5,FUN_4
73070,23155,FUN_2,FUN_1
73079,13099,FUN_3,FUN_2
73094,21713,CUBE_R,FUN_6
73105,5065,FUN_1,FUN_2
73143,26073,FUN_2,FUN_1
73155,20807,FUN_3,FUN_2
73165,14469,FUN_2,FUN_3
73168,15298,FUN_3,FUN_2
73173,28541,FUN_2,FUN_1
73180,9463,CUBE_R,FUN_6
73206,18878,FUN_4,FUN_3
73208,27701,CUBE_L,RET
73215,29455,FUN_2,FUN_1
73222,16594,FUN_1,FUN_2
73237,8378,FUN_4,FUN_5
73257,2184,FUN_6,CUBE_R
73259,19144,FUN_4,FUN_3
73269,10146,FUN_6,FUN_5
73278,3158,FUN_2,FUN_1
73278,20388,RET,CUBE_L
73281,4976,FUN_6,CUBE_R
73293,13759,FUN_4,FUN_5
73301,3619,FUN_1,FUN_2
73317,6771,FUN_4,FUN_3
73319,15361,FUN_3,FUN_2
73323,23155,FUN_1,FUN_2
73324,21791,CUBE_L,RET
73346,2247,FUN_5,FUN_6
73347,23174,FUN_1,CUBE_L
73354,25691,FUN_2,FUN_1
73367,14046,FUN_4,FUN_5
73384,7513,FUN_1,FUN_2
73386,14052,FUN_6,FUN_5
73387,7824,CUBE_R,RET
73399,3634,FUN_1,FUN_2
73411,26349,FUN_1,FUN_2
73436,20541,FUN_3,FUN_2
73438,16614,CUBE_R,RET
73440,20755,FUN_5,FUN_6
73453,22312,FUN_2,FUN_3
73453,22728,FUN_3,FUN_4
73455,20603,FUN_4,FUN_3
73458,4010,CUBE_R,FUN_6
73480,13196,FUN_3,FUN_4
73482,15312,CUBE_R,RET
73483,24955,FUN_2,FUN_3
73494,24167,FUN_3,FUN_2
73506,15361,FUN_2,FUN_3
73518,27701,RET,CUBE_L
73523,25292,FUN_2,FUN_3
73532,5040,CUBE_R,FUN_6
73533,18878,FUN_3,FUN_4
73546,4010,FUN_6,CUBE_R
73548,24257,FUN_6,CUBE_R
73556,8037,FUN_2,FUN_3
73560,29002,FUN_6,CUBE_R
73576,8378,FUN_5,FUN_4
73598,986,FUN_2,FUN_3
73601,18322,FUN_5,FUN_4
73604,11235,FUN_1,FUN_2
73611,18929,FUN_1,FUN_2
73613,19029,CUBE_L,RET
73630,5690,FUN_2,FUN_3
73631,879,FUN_6,FUN_5
73642,10286,FUN_5,FUN_4
73649,27640,FUN_4,FUN_5
73652,15985,CUBE_R,FUN_6
73652,21171,FUN_3,FUN_2
73661,10654,FUN_3,FUN_2
73662,3225,FUN_2,FUN_3
73671,1725,FUN_2,FUN_1
73671,28247,FUN_3,FUN_2
73685,7824,RET,CUBE_R
73685,25691,FUN_1,FUN_2
73701,19713,FUN_1,FUN_2
73717,22864,FUN_1,CUBE_L
73721,12134,FUN_1,FUN_2
73722,14046,FUN_5,FUN_4
73730,17761,CUBE_R,RET
73740,19146,CUBE_L,FUN_1
73761,6930,RET,CUBE_R
73781,14046,FUN_4,FUN_5
73795,13696,FUN_6,CUBE_R
73800,15298,FUN_2,FUN_3
73801,6038,FUN_3,FUN_2
73805,26858,FUN_1,FUN_2
73823,25694,RET,CUBE_L
73831,12069,FUN_2,FUN_1
73831,13205,FUN_4,FUN_5
73836,28477,FUN_3,FUN_2
73864,11367,FUN_2,FUN_3
73869,1196,FUN_3,FUN_2
73895,29591,FUN_6,FUN_5
73896,26686,FUN_2,FUN_3
73909,14811,FUN_2,FUN_1
73912,8839,FUN_3,FUN_2
73917,8293,FUN_6,CUBE_R
73929,23382,FUN_5,FUN_6
73938,23919,FUN_1,CUBE_L
73947,23838,FUN_3,FUN_2
73952,7503,FUN_3,FUN_4
73960,26761,RET,CUBE_L
73962,20541,FUN_2,FUN_3
73987,7824,CUBE_R,RET
73990,22076,CUBE_R,FUN_6
73991,8816,FUN_3,FUN_4
74008,15198,FUN_3,FUN_2
74008,18744,CUBE_R,RET
74012,2166,RET,CUBE_R
74028,3121,FUN_1,FUN_2
74054,10562,FUN_4,FUN_3
74056,18752,FUN_2,FUN_3
74089,29591,FUN_5,FUN_6
74120,26855,FUN_1,CUBE_L
74135,28247,FUN_2,FUN_3
74139,21461,FUN_5,FUN_4
74141,23006,FUN_6,FUN_5
74142,2398,FUN_2,FUN_1
74144,4976,CUBE_R,FUN_6
74150,8816,FUN_4,FUN_3
74153,2269,FUN_2,FUN_3
74155,22912,FUN_2,FUN_1
74162,8251,CUBE_R,FUN_6
74168,25745,FUN_5,FUN_6
74194,7098,CUBE_L,RET
74207,28477,FUN_2,FUN_3
74216,11504,CUBE_R,FUN_6
74232,11184,FUN_5,FUN_6
74258,25691,FUN_2,FUN_1
74269,14771,FUN_5,FUN_4
74294,6377,FUN_5,FUN_4
74295,24955,FUN_3,FUN_2
74299,29097,FUN_2,FUN_1
74299,29591,FUN_6,FUN_5
74308,21006,FUN_1,CUBE_L
74318,25293,CUBE_R,FUN_6
74321,17320,FUN_3,FUN_2
74335,6824,FUN_1,FUN_2
74365,5040,FUN_6,CUBE_R
74380,5354,FUN_5,FUN_6
74383,686,FUN_3,FUN_4
74384,5659,FUN_1,FUN_2
74427,20541,FUN_3,FUN_2
74456,9208,FUN_3,FUN_2
74457,28736,FUN_2,FUN_3
74459,15198,FUN_2,FUN_3
74459,18083,CUBE_L,RET
74469,5690,FUN_3,FUN_2
74475,2269,FUN_3,FUN_2
74481,10962,FUN_3,FUN_2
74482,12045,FUN_2,FUN_3
74483,2160,FUN_3,FUN_2
74500,19848,FUN_2,FUN_3
74505,28509,RET,CUBE_L
74507,11130,FUN_5,FUN_6
74507,16342,FUN_4,FUN_3
74532,3100,FUN_6,FUN_5
74557,15198,FUN_3,FUN_2
74561,1587,FUN_1,FUN_2
74566,858,FUN_5,FUN_6
74566,19117,FUN_3,FUN_2
74570,16187,FUN_3,FUN_2
74572,19853,FUN_2,FUN_1
74574,4279,FUN_2,FUN_3
74576,16994,FUN_2,FUN_3
74591,3730,CUBE_L,RET
74591,14795,FUN_2,FUN_3
74597,5040,CUBE_R,FUN_6
74602,14750,FUN_2,FUN_1
74606,21430,RET,CUBE_R
74608,987,FUN_2,FUN_1
74625,4557,FUN_3,FUN_2
74630,25682,FUN_5,FUN_4
74687,15198,FUN_2,FUN_3
74690,16804,FUN_4,FUN_3
74705,16829,RET,CUBE_L
74731,27964,FUN_3,FUN_4
74744,5040,FUN_6,CUBE_R
74744,21879,FUN_4,FUN_3
74746,23835,FUN_2,FUN_3
74747,3457,FUN_1,FUN_2
74769,20541,FUN_2,FUN_3
74774,24167,FUN_2,FUN_3
74791,12624,CUBE_R,RET
74812,7347,CUBE_L,RET
74843,2166,CUBE_R,RET
74852,5457,FUN_3,FUN_2
74868,14805,FUN_4,FUN_5
74879,19924,FUN_2,FUN_1
74884,27347,RET,CUBE_R
74889,10286,FUN_4,FUN_5
74893,14469,FUN_3,FUN_2
74894,22312,FUN_3,FUN_2
74908,5910,FUN_2,FUN_3
74941,12358,RET,CUBE_L
74942,21763,FUN_5,FUN_4
74945,2812,FUN_2,FUN_1
74945,18433,FUN_3,FUN_4
74958,12455,FUN_6,FUN_5
74963,2398,FUN_1,FUN_2
74964,5040,CUBE_R,FUN_6
74973,20807,FUN_2,FUN_3
74991,24557,FUN_3,FUN_2
74997,2812,FUN_1,FUN_2
75018,686,FUN_4,FUN_3
75020,24636,CUBE_L,FUN_1
75048,9977,FUN_3,FUN_2
75056,20541,FUN_3,FUN_2
75060,2812,FUN_2,FUN_1
75061,4976,FUN_6,CUBE_R
75068,20541,FUN_2,FUN_3
75090,7339,CUBE_R,FUN_6
75109,21406,FUN_1,FUN_2
75117,29358,FUN_2,FUN_1
75138,2398,FUN_2,FUN_1
75152,22846,RET,CUBE_L
75166,25488,FUN_2,FUN_1
75182,27964,FUN_4,FUN_3
75187,12027,FUN_2,FUN_1
75202,987,FUN_1,FUN_2
75204,9970,FUN_3,FUN_2
75214,23937,FUN_2,FUN_3
75225,29113,CUBE_R,RET
75229,132,CUBE_L,RET
75237,3863,FUN_2,FUN_1
75243,2166,RET,CUBE_R
75266,20541,FUN_3,FUN_2
75270,11456,FUN_3,FUN_2
75273,3863,FUN_1,FUN_2
75285,14,FUN_3,FUN_4
75286,11456,FUN_2,FUN_3
75288,2518,FUN_2,FUN_1
75295,15985,FUN_6,CUBE_R
75300,4995,FUN_3,FUN_4
75308,14405,FUN_3,FUN_2
75311,8597,CUBE_R,FUN_6
75319,29707,CUBE_R,RET
75326,13390,FUN_4,FUN_3
75331,4275,FUN_3,FUN_2
75342,23382,FUN_6,FUN_5
75346,8216,CUBE_R,RET
75360,23436,FUN_2,FUN_1
75376,8597,FUN_6,CUBE_R
75382,12553,FUN_2,FUN_1
75387,19041,FUN_1,FUN_2
75388,23561,FUN_6,CUBE_R
75394,13759,FUN_5,FUN_4
75407,26036,FUN_5,FUN_6
75416,10652,FUN_3,FUN_2
75425,22368,FUN_1,FUN_2
75426,17863,FUN_6,FUN_5
75427,26111,FUN_1,FUN_2
75429,24044,FUN_2,FUN_1
75438,21286,FUN_1,CUBE_L
75450,29904,FUN_3,FUN_2
75453,3235,CUBE_R,RET
75455,28096,FUN_2,FUN_1
75461,7449,RET,CUBE_L
75464,954,FUN_5,FUN_6
75465,7347,RET,CUBE_L
75493,13109,FUN_4,FUN_3
75503,3235,RET,CUBE_R
75520,14777,FUN_1,CUBE_L
75555,6621,FUN_1,FUN_2
75563,27701,CUBE_L,RET
75568,8597,CUBE_R,FUN_6
75568,21187,FUN_3,FUN_4
75571,7627,FUN_1,FUN_2
75577,14046,FUN_5,FUN_4
75589,4813,FUN_3,FUN_2
75590,19747,CUBE_L,FUN_1
75604,858,FUN_6,FUN_5
75608,20541,FUN_2,FUN_3
75616,2184,CUBE_R,FUN_6
75619,8216,RET,CUBE_R
75620,560,FUN_4,FUN_5
75630,13189,FUN_3,FUN_2
75641,1248,RET,CUBE_R
75641,28015,FUN_2,FUN_3
75668,4275,FUN_2,FUN_3
75676,17727,FUN_5,FUN_4
75704,2160,FUN_2,FUN_3
75705,11319,FUN_5,FUN_4
75717,1113,FUN_2,FUN_1
75717,28247,FUN_3,FUN_2
75718,19853,FUN_1,FUN_2
75732,17937,RET,CUBE_R
75739,29358,FUN_1,FUN_2
75757,10291,FUN_2,FUN_3
75758,913,FUN_4,FUN_3
75773,23300,FUN_1,FUN_2
75792,21951,CUBE_R,FUN_6
75808,9972,FUN_4,FUN_3
75824,7508,FUN_6,FUN_5
75829,11891,FUN_6,FUN_5
75842,25243,CUBE_L,RET
75842,27964,FUN_3,FUN_4
75862,2160,FUN_3,FUN_2
75866,10588,FUN_2,FUN_3
75871,10654,FUN_2,FUN_3
75880,9159,FUN_5,FUN_4
75880,11373,FUN_3,FUN_4
75888,10824,FUN_6,FUN_5
75898,10350,FUN_2,FUN_3
75900,20660,FUN_1,FUN_2
75901,4010,CUBE_R,FUN_6
75902,15938,FUN_2,FUN_1
75912,9661,FUN_5,FUN_6
75924,20348,FUN_3,FUN_2
75944,24338,RET,CUBE_R
75948,11444,FUN_1,FUN_2
75950,26855,CUBE_L,FUN_1
75967,7277,FUN_3,FUN_4
75967,24269,FUN_1,FUN_2
75974,9328,FUN_5,FUN_6
75991,23174,CUBE_L,FUN_1
76007,19558,FUN_1,FUN_2
76023,11016,CUBE_R,RET
76036,7084,FUN_3,FUN_2
76037,1665,RET,CUBE_R
76040,11367,FUN_3,FUN_2
76060,20903,RET,CUBE_R
76071,29491,FUN_6,FUN_5
76082,21146,FUN_2,FUN_3
76087,9053,FUN_1,FUN_2
76096,28832,FUN_2,FUN_3
76107,19804,RET,CUBE_L
76118,7347,CUBE_L,RET
76124,10740,FUN_1,FUN_2
76128,18433,FUN_4,FUN_3
76147,21363,RET,CUBE_L
76151,29052,FUN_3,FUN_2
76196,14777,CUBE_L,FUN_1
76215,21142,FUN_1,FUN_2
76219,22990,FUN_2,FUN_1
76223,28766,FUN_5,FUN_4
76238,19549,FUN_5,FUN_4
76242,3235,CUBE_R,RET
76288,19146,FUN_1,CUBE_L
76290,22245,FUN_6,FUN_5
76311,12553,FUN_1,FUN_2
76312,7098,RET,CUBE_L
76340,4279,FUN_3,FUN_2
76345,2371,FUN_4,FUN_5
76347,24988,FUN_4,FUN_3
76359,8816,FUN_3,FUN_4
76365,4642,FUN_2,FUN_1
76368,28817,FUN_6,FUN_5
76373,2166,CUBE_R,RET
76387,9029,FUN_4,FUN_3
76390,26349,FUN_2,FUN_1
76404,28541,FUN_1,FUN_2
76416,3121,FUN_2,FUN_1
76421,10899,FUN_3,FUN_2
76422,14885,FUN_2,FUN_3
76428,14645,CUBE_L,RET
76447,21728,FUN_1,FUN_2
76452,2269,FUN_2,FUN_3
76462,12045,FUN_3,FUN_2
76472,7826,FUN_2,FUN_1
76486,7317,CUBE_L,RET
76490,17937,CUBE_R,RET
76496,15469,CUBE_R,RET
76514,5881,FUN_4,FUN_3
76545,23937,FUN_3,FUN_2
76584,9623,FUN_2,FUN_3
76585,26270,FUN_4,FUN_3
76589,17124,CUBE_R,FUN_6
76592,16815,FUN_5,FUN_4
76594,11164,FUN_2,FUN_3
76596,2269,FUN_3,FUN_2
76603,17510,FUN_2,FUN_1
76604,5093,FUN_6,CUBE_R
76610,986,FUN_3,FUN_2
76619,12027,FUN_1,FUN_2
76633,26349,FUN_1,FUN_2
76634,5007,FUN_1,FUN_2
76636,456,CUBE_R,RET
76640,5619,FUN_5,FUN_4
76640,27347,CUBE_R,RET
76646,3398,FUN_2,FUN_1
76675,21459,FUN_2,FUN_3
76696,18883,FUN_4,FUN_5
76711,25417,CUBE_L,RET
76716,29475,FUN_2,FUN_1
76728,26858,FUN_2,FUN_1
76730,11909,FUN_1,FUN_2
76741,3144,FUN_2,FUN_3
76746,27524,FUN_4,FUN_5
76747,2398,FUN_1,FUN_2
76748,1678,CUBE_L,RET
76750,17740,FUN_2,FUN_1
76755,5915,FUN_4,FUN_5
76763,4275,FUN_3,FUN_2
76770,7084,FUN_2,FUN_3
76797,14,FUN_4,FUN_3
76804,10861,FUN_4,FUN_3
76813,3235,RET,CUBE_R
76813,5881,FUN_3,FUN_4
76829,12871,FUN_2,FUN_3
76832,19973,FUN_4,FUN_5
76837,14771,FUN_4,FUN_5
76845,13735,FUN_4,FUN_5
76848,8594,FUN_2,FUN_1
76849,22618,FUN_3,FUN_2
76854,2160,FUN_2,FUN_3
76858,5677,FUN_4,FUN_3
76861,24557,FUN_2,FUN_3
76871,4279,FUN_2,FUN_3
76888,25899,FUN_2,FUN_1
76925,8378,FUN_4,FUN_5
76933,14241,FUN_2,FUN_1
76934,15133,RET,CUBE_L
76939,3235,CUBE_R,RET
76942,9453,FUN_2,FUN_3
76954,7326,FUN_3,FUN_2
76958,27900,FUN_1,FUN_2
76961,19041,FUN_2,FUN_1
76966,2812,FUN_1,FUN_2
76979,15578,CUBE_L,FUN_1
76988,11373,FUN_4,FUN_3
76998,28880,FUN_5,FUN_4
77023,10146,FUN_5,FUN_6
77032,26169,FUN_3,FUN_2
77087,25416,FUN_1,FUN_2
77090,21557,CUBE_L,FUN_1
77092,17171,FUN_3,FUN_2
77093,19498,CUBE_L,RET
77103,26169,FUN_2,FUN_3
77106,29037,FUN_4,FUN_5
77107,12181,RET,CUBE_L
77118,19133,FUN_3,FUN_4
77122,13906,FUN_3,FUN_4
77134,22766,FUN_3,FUN_2
77148,18752,FUN_3,FUN_2
77151,2518,FUN_1,FUN_2
77169,5659,FUN_2,FUN_1
77177,986,FUN_2,FUN_3
77177,3971,FUN_2,FUN_1
77177,21210,FUN_2,FUN_3
77180,3100,FUN_5,FUN_6
77186,24044,FUN_1,FUN_2
77202,19451,RET,CUBE_L
77216,7032,FUN_1,FUN_2
77223,19473,FUN_5,FUN_4
77226,668,FUN_3,FUN_2
77233,27964,FUN_4,FUN_3
77259,27701,RET,CUBE_L
77267,14329,FUN_3,FUN_2
77303,16410,RET,CUBE_R
77306,10740,FUN_2,FUN_1
77310,2347,FUN_2,FUN_1
77311,11452,FUN_6,CUBE_R
77318,22251,FUN_1,CUBE_L
77339,15344,FUN_4,FUN_3
77343,11662,FUN_3,FUN_2
77350,17719,CUBE_R,RET
77357,20445,FUN_3,FUN_2
77385,6026,CUBE_R,FUN_6
77393,26970,FUN_1,FUN_2
77402,858,FUN_5,FUN_6
77420,7717,RET,CUBE_L
77420,21791,RET,CUBE_L
77435,25226,FUN_3,FUN_2
77441,19144,FUN_3,FUN_4
77443,12181,CUBE_L,RET
77460,971,FUN_4,FUN_5
77472,9761,FUN_3,FUN_2
77478,8378,FUN_5,FUN_4
77526,17004,FUN_6,FUN_5
77532,24803,FUN_3,FUN_2
77534,24988,FUN_3,FUN_4
77535,9623,FUN_3,FUN_2
77536,23207,FUN_3,FUN_2
77552,7632,CUBE_L,RET
77559,21406,FUN_2,FUN_1
77563,22408,FUN_3,FUN_2
77574,14852,FUN_2,FUN_3
77578,8816,FUN_4,FUN_3
77584,15976,CUBE_R,RET
77610,5203,FUN_6,FUN_5
77616,26210,CUBE_L,RET
77627,5354,FUN_6,FUN_5
77632,7357,FUN_5,FUN_4
77649,2812,FUN_2,FUN_1
77653,5959,FUN_1,CUBE_L
77653,9686,FUN_4,FUN_5
77656,24426,FUN_5,FUN_6
77659,13099,FUN_2,FUN_3
77663,3471,CUBE_R,FUN_6
77688,28096,FUN_1,FUN_2
77689,11891,FUN_5,FUN_6
77696,9661,FUN_6,FUN_5
77701,28304,FUN_4,FUN_3
77703,20445,FUN_2,FUN_3
77705,22368,FUN_2,FUN_1
77713,22990,FUN_1,FUN_2
77716,24269,FUN_2,FUN_1
77717,7347,RET,CUBE_L
77751,1678,RET,CUBE_L
77775,21728,FUN_2,FUN_1
77778,16614,RET,CUBE_R
77781,20361,FUN_3,FUN_2
77781,21286,CUBE_L,FUN_1
77788,17040,FUN_3,FUN_2
77818,9736,FUN_1,FUN_2
77827,20348,FUN_2,FUN_3
77840,10282,FUN_2,FUN_3
77855,2812,FUN_1,FUN_2
77860,16187,FUN_2,FUN_3
77874,5801,FUN_6,CUBE_R
77875,4275,FUN_2,FUN_3
77876,7824,RET,CUBE_R
77878,22104,CUBE_R,FUN_6
77901,14805,FUN_5,FUN_4
77933,2269,FUN_2,FUN_3
77940,25417,RET,CUBE_L
77956,15080,FUN_2,FUN_1
77960,4019,FUN_3,FUN_2
77983,5457,FUN_2,FUN_3
78005,10510,FUN_4,FUN_3
78008,26970,FUN_2,FUN_1
78011,7157,FUN_2,FUN_1
78027,2812,FUN_2,FUN_1
78032,2439,FUN_4,FUN_3
78041,15985,CUBE_R,FUN_6
78075,21406,FUN_1,FUN_2
78077,20230,FUN_4,FUN_3
78081,18310,FUN_1,FUN_2
78091,16204,FUN_2,FUN_1
78093,2691,CUBE_R,RET
78100,8444,FUN_2,FUN_3
78103,3398,FUN_1,FUN_2
78104,15536,FUN_2,FUN_3
78122,20388,CUBE_L,RET
78124,23137,FUN_3,FUN_2
78136,19144,FUN_4,FUN_3
78141,21791,CUBE_L,RET
78148,15836,CUBE_R,FUN_6
78150,20541,FUN_3,FUN_2
78177,27231,FUN_3,FUN_2
78182,26239,FUN_6,CUBE_R
78185,1531,FUN_2,FUN_3
78193,13723,FUN_3,FUN_4
78211,28217,FUN_3,FUN_2
78214,24557,FUN_3,FUN_2
78215,6696,FUN_3,FUN_2
78229,10740,FUN_1,FUN_2
78259,25035,FUN_3,FUN_2
78265,25907,FUN_2,FUN_1
78269,26784,FUN_2,FUN_1
78299,7326,FUN_2,FUN_3
78306,17937,RET,CUBE_R
78311,21311,CUBE_R,RET
78331,5210,FUN_2,FUN_1
78336,24803,FUN_2,FUN_3
78346,7032,FUN_2,FUN_1
78349,24338,CUBE_R,RET
78394,3088,FUN_5,FUN_4
78402,21459,FUN_3,FUN_2
78425,25326,FUN_3,FUN_2
78451,15536,FUN_3,FUN_2
78455,26111,FUN_2,FUN_1
78458,1678,CUBE_L,RET
78470,23137,FUN_2,FUN_3
78479,1725,FUN_1,FUN_2
78484,9750,FUN_1,FUN_2
78497,21728,FUN_1,FUN_2
78503,16585,FUN_3,FUN_2
78514,29028,FUN_3,FUN_2
78521,20445,FUN_3,FUN_2
78535,20575,FUN_2,FUN_1
78553,13044,FUN_1,FUN_2
78554,4279,FUN_3,FUN_2
78558,29113,RET,CUBE_R
78560,21544,FUN_3,FUN_4
78567,1085,FUN_5,FUN_4
78576,21728,FUN_2,FUN_1
78578,19748,RET,CUBE_R
78583,24899,CUBE_L,RET
78600,7617,FUN_2,FUN_3
78630,8022,FUN_2,FUN_3
78647,21728,FUN_1,FUN_2
78649,25745,FUN_6,FUN_5
78657,26032,RET,CUBE_R
78659,21829,FUN_2,FUN_3
78668,4274,FUN_5,FUN_4
78673,9471,FUN_1,FUN_2
78686,8669,FUN_4,FUN_5
78689,9489,FUN_6,FUN_5
78693,5035,FUN_3,FUN_2
78693,20119,FUN_3,FUN_2
78715,19857,FUN_4,FUN_3
78750,5773,CUBE_L,RET
78754,7620,FUN_2,FUN_1
78754,27971,FUN_2,FUN_3
78756,11384,FUN_3,FUN_2
78762,8669,FUN_5,FUN_4
78771,19451,CUBE_L,RET
78787,29928,FUN_4,FUN_3
78799,8669,FUN_4,FUN_5
78815,12624,RET,CUBE_R
78817,29627,FUN_3,FUN_2
78834,15985,FUN_6,CUBE_R
78859,10740,FUN_2,FUN_1
78863,12387,RET,CUBE_L
78868,19383,FUN_2,FUN_1
78882,6738,FUN_2,FUN_3
78898,17548,FUN_2,FUN_1
78909,17421,FUN_3,FUN_4
78939,20159,FUN_6,CUBE_R
78944,7955,FUN_2,FUN_1
78955,3005,FUN_4,FUN_5
78978,17951,CUBE_L,RET
78983,7717,CUBE_L,RET
79000,18310,FUN_2,FUN_1
79011,26342,CUBE_L,RET
79017,3971,FUN_1,FUN_2
79029,5881,FUN_4,FUN_3
79050,1020,FUN_1,FUN_2
79067,14405,FUN_2,FUN_3
79070,20575,FUN_1,FUN_2
79073,19446,FUN_6,CUBE_R
79082,26169,FUN_3,FUN_2
79096,15133,CUBE_L,RET
79099,23137,FUN_3,FUN_2
79102,2716,FUN_1,FUN_2
79110,7824,CUBE_R,RET
79131,24636,FUN_1,CUBE_L
79136,27045,FUN_1,CUBE_L
79154,20575,FUN_2,FUN_1
79159,3471,FUN_6,CUBE_R
79172,4774,FUN_5,FUN_4
79174,28820,CUBE_R,FUN_6
79175,19536,FUN_2,FUN_3
79180,19039,FUN_3,FUN_4
79210,2261,FUN_4,FUN_5
79232,26431,FUN_3,FUN_2
79240,10424,FUN_1,FUN_2
79245,1092,FUN_1,FUN_2
79254,11373,FUN_3,FUN_4
79262,8669,FUN_5,FUN_4
79285,8699,FUN_2,FUN_1
79287,28856,FUN_4,FUN_3
79297,7267,FUN_2,FUN_1
79303,9700,FUN_6,FUN_5
79333,28707,FUN_4,FUN_5
79336,12232,RET,CUBE_R
79341,13827,FUN_3,FUN_4
79357,3005,FUN_5,FUN_4
79363,7717,RET,CUBE_L
79380,2636,FUN_6,FUN_5
79382,235,FUN_3,FUN_4
79396,107,CUBE_L,RET
79404,19383,FUN_1,FUN_2
79412,7098,CUBE_L,RET
79415,2247,FUN_6,FUN_5
79416,7157,FUN_1,FUN_2
79420,3177,FUN_1,FUN_2
79421,13917,CUBE_R,RET
79423,22557,FUN_2,FUN_1
79425,21146,FUN_3,FUN_2
79431,5210,FUN_1,FUN_2
79442,19341,FUN_6,CUBE_R
79452,26342,RET,CUBE_L
79470,14871,CUBE_R,RET
79475,5819,FUN_2,FUN_3
79483,2812,FUN_1,FUN_2
79488,4972,FUN_3,FUN_4
79493,6871,FUN_2,FUN_1
79499,24988,FUN_4,FUN_3
79500,29358,FUN_2,FUN_1
79506,25035,FUN_2,FUN_3
79523,21791,RET,CUBE_L
79530,23596,FUN_3,FUN_2
79533,20575,FUN_1,FUN_2
79533,29629,FUN_2,FUN_3
79536,19857,FUN_3,FUN_4
79539,9159,FUN_4,FUN_5
79549,20361,FUN_2,FUN_3
79580,18622,FUN_6,FUN_5
79591,7617,FUN_3,FUN_2
79606,22568,FUN_5,FUN_4
79611,3471,CUBE_R,FUN_6
79636,11384,FUN_2,FUN_3
79640,21499,FUN_3,FUN_4
79662,18031,FUN_3,FUN_2
79674,29097,FUN_1,FUN_2
79675,13390,FUN_3,FUN_4
79682,23723,CUBE_L,FUN_1
79701,2521,FUN_3,FUN_2
79705,21459,FUN_2,FUN_3
79706,11425,FUN_3,FUN_4
79715,20575,FUN_2,FUN_1
79748,1125,FUN_3,FUN_4
79751,29827,FUN_4,FUN_5
79758,7617,FUN_2,FUN_3
79763,15062,FUN_2,FUN_3
79763,29810,FUN_3,FUN_4
79770,20575,FUN_1,FUN_2
79784,372,FUN_5,FUN_4
79800,560,FUN_5,FUN_4
79801,17510,FUN_1,FUN_2
79808,18485,RET,CUBE_L
79811,27496,FUN_2,FUN_1
79813,5457,FUN_3,FUN_2
79826,26169,FUN_2,FUN_3
79837,2467,FUN_4,FUN_5
79865,18878,FUN_4,FUN_3
79868,10286,FUN_5,FUN_4
79878,21123,FUN_1,FUN_2
79883,17201,RET,CUBE_L
79895,29358,FUN_1,FUN_2
79898,19439,CUBE_R,RET
79907,18322,FUN_4,FUN_5
79929,14,FUN_3,FUN_4
79941,12054,FUN_4,FUN_3
79977,23155,FUN_2,FUN_1
79984,6713,FUN_4,FUN_3
80019,19146,CUBE_L,FUN_1
80021,15272,FUN_4,FUN_5
80031,3158,FUN_1,FUN_2
80034,23835,FUN_3,FUN_2
80035,14506,FUN_1,FUN_2
80036,9571,FUN_2,FUN_3
80048,21499,FUN_4,FUN_3
80059,25342,FUN_3,FUN_2
80072,1678,RET,CUBE_L
80076,4774,FUN_4,FUN_5
80078,16204,FUN_1,FUN_2
80086,13044,FUN_2,FUN_1
80095,24269,FUN_1,FUN_2
80104,10931,FUN_2,FUN_1
80105,6621,FUN_2,FUN_1
80107,18627,RET,CUBE_R
80112,13066,FUN_4,FUN_5
80122,19039,FUN_4,FUN_3
80140,8659,CUBE_L,RET
80152,13044,FUN_1,FUN_2
80152,13390,FUN_4,FUN_3
80158,3158,FUN_2,FUN_1
80192,10899,FUN_2,FUN_3
80199,18878,FUN_3,FUN_4
80214,7357,FUN_4,FUN_5
80223,12702,FUN_3,FUN_2
80224,2467,FUN_5,FUN_4
80224,20901,FUN_2,FUN_3
80226,7267,FUN_1,FUN_2
80228,25417,CUBE_L,RET
80230,8241,CUBE_L,FUN_1
80230,13044,FUN_2,FUN_1
80240,5055,CUBE_R,FUN_6
80253,29557,FUN_3,FUN_2
80259,22251,CUBE_L,FUN_1
80260,18031,FUN_2,FUN_3
80264,22104,FUN_6,CUBE_R
80279,29190,FUN_6,CUBE_R
80296,29591,FUN_5,FUN_6
80321,29409,CUBE_L,FUN_1
80335,23155,FUN_1,FUN_2
80343,15292,FUN_2,FUN_3
80351,2269,FUN_3,FUN_2
80351,23596,FUN_2,FUN_3
80351,25030,FUN_2,FUN_1
80352,19390,FUN_2,FUN_3
80359,11737,FUN_2,FUN_3
80360,16219,CUBE_R,RET
80374,7824,RET,CUBE_R
80383,7067,FUN_4,FUN_5
80387,1681,FUN_2,FUN_3
80392,26930,FUN_3,FUN_2
80401,22251,FUN_1,CUBE_L
80408,2049,FUN_3,FUN_2
80408,21450,FUN_4,FUN_3
80416,5123,FUN_2,FUN_1
80421,26520,FUN_3,FUN_4
80428,25035,FUN_3,FUN_2
80439,456,RET,CUBE_R
80460,2039,FUN_2,FUN_1
80462,2184,FUN_6,CUBE_R
80463,13917,RET,CUBE_R
80481,16231,FUN_1,FUN_2
80499,5619,FUN_4,FUN_5
80512,24269,FUN_2,FUN_1
80550,7339,FUN_6,CUBE_R
80558,21713,FUN_6,CUBE_R
80571,19341,CUBE_R,FUN_6
80575,3121,FUN_1,FUN_2
80586,16506,CUBE_R,FUN_6
80601,28476,FUN_4,FUN_5
80633,29627,FUN_2,FUN_3
80638,17201,CUBE_L,RET
80645,25243,RET,CUBE_L
80669,20863,FUN_1,CUBE_L
80688,13827,FUN_4,FUN_3
80689,25417,RET,CUBE_L
80694,18322,FUN_5,FUN_4
80702,3100,FUN_6,FUN_5
80724,3971,FUN_2,FUN_1
80731,27898,CUBE_L,FUN_1
80735,22224,FUN_3,FUN_2
80745,16231,FUN_2,FUN_1
80763,6222,FUN_2,FUN_1
80767,13917,CUBE_R,RET
80769,12181,RET,CUBE_L
80777,17201,RET,CUBE_L
80789,2398,FUN_2,FUN_1
80794,18352,RET,CUBE_L
80799,18252,FUN_2,FUN_3
80810,19127,RET,CUBE_R
80812,2250,RET,CUBE_L
80815,9750,FUN_2,FUN_1
80818,25952,RET,CUBE_R
80839,17040,FUN_2,FUN_3
80855,4485,FUN_1,FUN_2
80855,22557,FUN_1,FUN_2
80863,9390,FUN_2,FUN_1
80888,15719,FUN_2,FUN_1
80907,20432,FUN_3,FUN_2
80909,15194,RET,CUBE_L
80915,5819,FUN_3,FUN_2
80921,21450,FUN_3,FUN_4
80922,2439,FUN_3,FUN_4
80931,4732,FUN_2,FUN_1
80937,12702,FUN_2,FUN_3
80950,11164,FUN_3,FUN_2
80972,23562,FUN_2,FUN_3
80975,28919,FUN_1,FUN_2
80999,15272,FUN_5,FUN_4
81001,107,RET,CUBE_L
81016,13066,FUN_5,FUN_4
81020,14332,FUN_4,FUN_3
81020,28572,FUN_6,CUBE_R
81024,9159,FUN_5,FUN_4
81039,24140,FUN_3,FUN_2
81049,1092,FUN_2,FUN_1
81055,29627,FUN_3,FUN_2
81056,29448,CUBE_L,RET
81060,24457,RET,CUBE_L
81065,14851,CUBE_R,FUN_6
81077,3937,FUN_1,FUN_2
81082,7955,FUN_1,FUN_2
81089,14883,FUN_2,FUN_3
81134,8241,FUN_1,CUBE_L
81147,27045,CUBE_L,FUN_1
81161,3471,FUN_6,CUBE_R
81161,16220,FUN_3,FUN_4
81202,7912,FUN_2,FUN_1
81204,7824,CUBE_R,RET
81215,9571,FUN_3,FUN_2
81216,7525,FUN_2,FUN_3
81222,22246,FUN_1,CUBE_L
81230,21225,FUN_5,FUN_6
81233,506,CUBE_R,FUN_6
81243,19092,FUN_3,FUN_2
81253,2064,FUN_2,FUN_1
81259,19146,FUN_1,CUBE_L
81262,9563,CUBE_L,RET
81272,22324,FUN_2,FUN_1
81281,21499,FUN_3,FUN_4
81290,17517,FUN_3,FUN_2
81291,18403,CUBE_L,FUN_1
81293,20348,FUN_3,FUN_2
81295,9631,FUN_5,FUN_6
81314,14811,FUN_1,FUN_2
81320,16231,FUN_1,FUN_2
81325,24140,FUN_2,FUN_3
81336,13044,FUN_1,FUN_2
81366,23835,FUN_2,FUN_3
81390,21187,FUN_4,FUN_3
81391,19041,FUN_1,FUN_2
81395,28856,FUN_3,FUN_4
81399,27459,FUN_2,FUN_3
81400,20432,FUN_2,FUN_3
81417,4275,FUN_3,FUN_2
81424,9563,RET,CUBE_L
81451,14851,FUN_6,CUBE_R
81455,13066,FUN_4,FUN_5
81459,7717,CUBE_L,RET
81470,7377,FUN_5,FUN_6
81485,10530,FUN_2,FUN_3
81485,19274,FUN_3,FUN_2
81486,19274,FUN_2,FUN_3
81491,15344,FUN_3,FUN_4
81498,23137,FUN_2,FUN_3
81509,23123,FUN_2,FUN_3
81515,28247,FUN_2,FUN_3
81536,19274,FUN_3,FUN_2
81563,18187,FUN_6,CUBE_R
81567,2269,FUN_2,FUN_3
81567,18046,RET,CUBE_R
81568,2716,FUN_2,FUN_1
81576,23723,FUN_1,CUBE_L
81582,17727,FUN_4,FUN_5
81587,25235,FUN_3,FUN_2
81589,7357,FUN_5,FUN_4
81592,16678,FUN_5,FUN_6
81613,21502,FUN_2,FUN_1
81617,24447,FUN_2,FUN_1
81617,25235,FUN_2,FUN_3
81621,23256,FUN_2,FUN_3
81634,21953,FUN_2,FUN_3
81645,28572,CUBE_R,FUN_6
81647,14851,CUBE_R,FUN_6
81652,11366,FUN_2,FUN_1
81653,15292,FUN_3,FUN_2
81656,986,FUN_3,FUN_2
81671,4842,CUBE_R,RET
81698,28856,FUN_4,FUN_3
81726,29707,RET,CUBE_R
81727,15344,FUN_4,FUN_3
81736,10530,FUN_3,FUN_2
81737,9746,FUN_3,FUN_4
81741,12387,CUBE_L,RET
81748,28357,FUN_2,FUN_1
81761,8022,FUN_3,FUN_2
81763,25235,FUN_3,FUN_2
81771,5942,FUN_3,FUN_4
81776,15344,FUN_3,FUN_4
81782,8659,RET,CUBE_L
81784,25235,FUN_2,FUN_3
81789,19670,FUN_2,FUN_1
81810,9119,CUBE_L,FUN_1
81823,8305,FUN_3,FUN_4
81841,20623,RET,CUBE_R
81846,7357,FUN_4,FUN_5
81862,24457,CUBE_L,RET
81863,18622,FUN_5,FUN_6
81877,4635,CUBE_L,RET
81886,19868,CUBE_L,RET
81906,10740,FUN_1,FUN_2
81919,26169,FUN_3,FUN_2
81921,7357,FUN_5,FUN_4
81932,28476,FUN_5,FUN_4
81940,27088,FUN_3,FUN_2
81948,12387,RET,CUBE_L
81949,28509,CUBE_L,RET
81952,14609,FUN_2,FUN_1
81960,20755,FUN_6,FUN_5
81962,22368,FUN_1,FUN_2
81987,7617,FUN_3,FUN_2
81990,1908,FUN_4,FUN_3
82006,14852,FUN_3,FUN_2
82017,7826,FUN_1,FUN_2
82029,23820,FUN_1,FUN_2
82038,16585,FUN_2,FUN_3
82042,18722,FUN_1,CUBE_L
82050,10177,FUN_6,CUBE_R
82056,2713,CUBE_R,RET
82062,6048,FUN_3,FUN_4
82079,29707,CUBE_R,RET
82082,1507,FUN_3,FUN_2
82085,13066,FUN_5,FUN_4
82092,372,FUN_4,FUN_5
82092,2812,FUN_2,FUN_1
82130,16273,FUN_4,FUN_3
82147,3158,FUN_1,FUN_2
82174,21499,FUN_4,FUN_3
82174,22912,FUN_1,FUN_2
82181,5613,FUN_6,CUBE_R
82186,29037,FUN_5,FUN_4
82189,20027,CUBE_L,RET
82193,2331,FUN_3,FUN_4
82202,1946,CUBE_R,RET
82213,18046,CUBE_R,RET
82219,13023,FUN_2,FUN_1
82224,14851,FUN_6,CUBE_R
82251,15459,RET,CUBE_R
82272,22246,CUBE_L,FUN_1
82274,4279,FUN_2,FUN_3
82298,9746,FUN_4,FUN_3
82298,13894,FUN_2,FUN_1
82312,8503,RET,CUBE_R
82322,7878,FUN_1,CUBE_L
82351,22766,FUN_2,FUN_3
82358,10588,FUN_3,FUN_2
82359,17419,FUN_2,FUN_3
82362,19670,FUN_1,FUN_2
82368,14851,CUBE_R,FUN_6
82391,15496,FUN_4,FUN_5
82402,27493,FUN_2,FUN_1
82434,26763,CUBE_L,RET
82436,21187,FUN_3,FUN_4
82447,26349,FUN_2,FUN_1
82456,1637,FUN_3,FUN_2
82460,28357,FUN_1,FUN_2
82473,16440,CUBE_R,FUN_6
82473,17040,FUN_3,FUN_2
82475,24140,FUN_3,FUN_2
82482,13917,RET,CUBE_R
82483,14851,FUN_6,CUBE_R
82490,12232,CUBE_R,RET
82508,1092,FUN_1,FUN_2
82509,22905,FUN_3,FUN_2
82513,5429,CUBE_L,FUN_1
82529,4517,CUBE_L,FUN_1
82531,2467,FUN_4,FUN_5
82532,4312,FUN_3,FUN_4
82579,15938,FUN_1,FUN_2
82596,9686,FUN_5,FUN_4
82599,2461,FUN_1,CUBE_L
82603,6774,FUN_2,FUN_3
82613,8659,CUBE_L,RET
82614,957,CUBE_R,FUN_6
82673,5429,FUN_1,CUBE_L
82679,5074,FUN_5,FUN_6
82679,28641,FUN_3,FUN_4
82699,9756,FUN_5,FUN_4
82706,7449,CUBE_L,RET
82709,13253,FUN_2,FUN_1
82719,1507,FUN_2,FUN_3
82731,15062,FUN_3,FUN_2
82734,22577,FUN_3,FUN_4
82765,19274,FUN_2,FUN_3
82781,6007,RET,CUBE_R
82788,27327,FUN_5,FUN_4
82789,4517,FUN_1,CUBE_L
82805,3471,CUBE_R,FUN_6
82808,15194,CUBE_L,RET
82819,17548,FUN_1,FUN_2
82821,10588,FUN_2,FUN_3
82822,25650,FUN_3,FUN_2
82824,13253,FUN_1,FUN_2
82828,987,FUN_2,FUN_1
82828,28357,FUN_2,FUN_1
82836,14027,FUN_4,FUN_5
82849,6873,CUBE_R,RET
82856,1637,FUN_2,FUN_3
82865,425,FUN_5,FUN_4
82877,22462,FUN_3,FUN_2
82897,2331,FUN_4,FUN_3
82908,25475,FUN_2,FUN_1
82939,11680,FUN_3,FUN_4
82946,21507,FUN_2,FUN_3
82953,11451,CUBE_L,RET
82953,18083,RET,CUBE_L
82957,18322,FUN_4,FUN_5
82961,16220,FUN_4,FUN_3
82964,12531,CUBE_R,FUN_6
82977,19109,FUN_2,FUN_3
82995,15292,FUN_2,FUN_3
82999,20432,FUN_3,FUN_2
83023,7897,RET,CUBE_R
83035,2064,FUN_1,FUN_2
83044,10899,FUN_3,FUN_2
83045,3100,FUN_5,FUN_6
83055,18929,FUN_2,FUN_1
83056,17584,FUN_3,FUN_2
83060,16549,FUN_6,FUN_5
83060,26970,FUN_1,FUN_2
83069,25929,FUN_3,FUN_2
83082,2467,FUN_5,FUN_4
83103,1314,FUN_2,FUN_3
83105,17584,FUN_2,FUN_3
83110,25488,FUN_1,FUN_2
83129,7098,RET,CUBE_L
83130,11370,FUN_1,FUN_2
83139,8503,CUBE_R,RET
83159,27493,FUN_1,FUN_2
83164,6810,FUN_3,FUN_4
83167,16613,FUN_5,FUN_6
83169,9700,FUN_5,FUN_6
83173,19536,FUN_3,FUN_2
83178,25342,FUN_2,FUN_3
83181,12474,FUN_5,FUN_6
83187,22628,FUN_4,FUN_3
83196,24247,FUN_4,FUN_3
83196,27052,FUN_3,FUN_2
83209,4517,CUBE_L,FUN_1
83210,22251,CUBE_L,FUN_1
83213,6626,FUN_2,FUN_1
83216,9178,FUN_4,FUN_3
83225,13894,FUN_1,FUN_2
83242,6810,FUN_4,FUN_3
83260,5101,CUBE_R,RET
83261,23129,FUN_1,FUN_2
83273,6043,FUN_4,FUN_5
83280,6026,FUN_6,CUBE_R
83294,15985,CUBE_R,FUN_6
83318,29251,FUN_2,FUN_3
83322,41,FUN_3,FUN_2
83345,2521,FUN_2,FUN_3
83385,14635,FUN_4,FUN_5
83387,22899,CUBE_R,FUN_6
83388,11016,RET,CUBE_R
83395,21502,FUN_1,FUN_2
83407,2269,FUN_3,FUN_2
83407,28641,FUN_4,FUN_3
83463,11370,FUN_2,FUN_1
83468,26073,FUN_1,FUN_2
83474,9631,FUN_6,FUN_5
83491,15344,FUN_4,FUN_3
83492,1314,FUN_3,FUN_2
83493,9761,FUN_2,FUN_3
83500,3634,FUN_2,FUN_1
83504,8503,RET,CUBE_R
83514,25030,FUN_1,FUN_2
83516,17584,FUN_3,FUN_2
83523,18031,FUN_3,FUN_2
83543,6696,FUN_2,FUN_3
83548,4348,FUN_1,CUBE_L
83552,18066,FUN_2,FUN_3
83554,20159,CUBE_R,FUN_6
83558,7455,FUN_6,CUBE_R
83563,610,FUN_4,FUN_3
83563,29744,FUN_3,FUN_4
83584,20388,RET,CUBE_L
83613,5448,FUN_3,FUN_2
83617,21430,CUBE_R,RET
83619,2467,FUN_4,FUN_5
83623,27088,FUN_2,FUN_3
83631,12215,CUBE_L,RET
83637,2398,FUN_1,FUN_2
83638,8216,CUBE_R,RET
83642,19754,FUN_2,FUN_1
83651,24247,FUN_3,FUN_4
83655,1085,FUN_4,FUN_5
83666,22369,FUN_4,FUN_3
83676,2812,FUN_1,FUN_2
83676,7455,CUBE_R,FUN_6
83687,19754,FUN_1,FUN_2
83697,28023,CUBE_R,RET
83700,28820,FUN_6,CUBE_R
83708,28443,FUN_3,FUN_2
83710,2269,FUN_2,FUN_3
83719,17040,FUN_2,FUN_3
83729,17548,FUN_2,FUN_1
83744,7277,FUN_4,FUN_3
83750,21829,FUN_3,FUN_2
83752,26548,FUN_2,FUN_1
83802,7339,CUBE_R,FUN_6
83808,18878,FUN_4,FUN_3
83812,16273,FUN_3,FUN_4
83818,27481,FUN_2,FUN_1
83822,19754,FUN_2,FUN_1
83823,28856,FUN_3,FUN_4
83836,28035,RET,CUBE_L
83871,9159,FUN_4,FUN_5
83884,25035,FUN_2,FUN_3
83891,13894,FUN_2,FUN_1
83892,2008,FUN_3,FUN_2
83900,9453,FUN_3,FUN_2
83901,24290,FUN_3,FUN_2
83909,10667,FUN_3,FUN_2
83913,19754,FUN_1,FUN_2
83916,15952,FUN_5,FUN_4
83920,18046,RET,CUBE_R
83920,24472,FUN_4,FUN_3
83924,4312,FUN_4,FUN_3
83928,11235,FUN_2,FUN_1
83944,2049,FUN_2,FUN_3
83964,18433,FUN_3,FUN_4
83986,2008,FUN_2,FUN_3
83990,19754,FUN_2,FUN_1
83991,27971,FUN_3,FUN_2
84005,18351,FUN_4,FUN_3
84009,19754,FUN_1,FUN_2
84016,24457,RET,CUBE_L
84021,285,RET,CUBE_R
84023,2439,FUN_4,FUN_3
84024,2184,CUBE_R,FUN_6
84042,18092,FUN_1,FUN_2
84050,15726,FUN_2,FUN_1
84066,7277,FUN_3,FUN_4
84068,5819,FUN_2,FUN_3
84070,22377,FUN_2,FUN_1
84083,20039,FUN_2,FUN_1
84084,13196,FUN_4,FUN_3
84121,13949,FUN_2,FUN_3
84124,20137,FUN_5,FUN_4
84126,23174,FUN_1,CUBE_L
84134,21791,CUBE_L,RET
84135,29557,FUN_2,FUN_3
84143,19049,FUN_6,FUN_5
84161,418,FUN_2,FUN_3
84183,7390,FUN_1,FUN_2
84188,19670,FUN_2,FUN_1
84199,22377,FUN_1,FUN_2
84212,23694,FUN_1,FUN_2
84233,10346,FUN_2,FUN_1
84239,15500,FUN_3,FUN_2
84264,14871,RET,CUBE_R
84278,5831,RET,CUBE_L
84309,25797,FUN_3,FUN_2
84316,27095,FUN_3,FUN_4
84347,26304,FUN_4,FUN_5
84372,5429,CUBE_L,FUN_1
84382,2467,FUN_5,FUN_4
84390,16852,FUN_4,FUN_5
84392,16273,FUN_4,FUN_3
84412,10658,FUN_5,FUN_4
84418,3471,FUN_6,CUBE_R
84421,6824,FUN_2,FUN_1
84430,28386,FUN_5,FUN_4
84450,23718,CUBE_L,FUN_1
84455,5690,FUN_2,FUN_3
84483,14851,CUBE_R,FUN_6
84484,22246,FUN_1,CUBE_L
84497,4004,CUBE_L,RET
84510,9700,FUN_6,FUN_5
84528,9900,FUN_2,FUN_1
84556,13309,FUN_4,FUN_3
84573,16852,FUN_5,FUN_4
84648,235,FUN_4,FUN_3
84649,7377,FUN_6,FUN_5
84664,7503,FUN_4,FUN_3
84666,2008,FUN_3,FUN_2
84681,10282,FUN_3,FUN_2
84683,3863,FUN_2,FUN_1
84685,23694,FUN_2,FUN_1
84694,7267,FUN_2,FUN_1
84704,13696,CUBE_R,FUN_6
84708,13733,FUN_2,FUN_1
84712,2788,FUN_4,FUN_5
84724,27052,FUN_2,FUN_3
84731,10899,FUN_2,FUN_3
84738,23996,RET,CUBE_L
84739,754,FUN_2,FUN_1
84768,24290,FUN_2,FUN_3
84769,5968,FUN_3,FUN_2
84784,11732,FUN_5,FUN_6
84802,13309,FUN_3,FUN_4
84805,20432,FUN_2,FUN_3
84809,4774,FUN_5,FUN_4
84821,26858,FUN_1,FUN_2
84839,29113,CUBE_R,RET
84885,13309,FUN_4,FUN_3
84892,12215,RET,CUBE_L
84911,3173,FUN_4,FUN_3
84951,3705,FUN_3,FUN_2
84956,12572,FUN_2,FUN_1
84962,28386,FUN_4,FUN_5
84977,4279,FUN_3,FUN_2
84983,17584,FUN_2,FUN_3
84990,456,CUBE_R,RET
85012,25663,FUN_2,FUN_3
85014,27964,FUN_3,FUN_4
85015,22992,FUN_5,FUN_6
85021,8241,CUBE_L,FUN_1
85034,13801,FUN_4,FUN_5
85042,5819,FUN_3,FUN_2
85065,18878,FUN_3,FUN_4
85066,16852,FUN_4,FUN_5
85074,28341,CUBE_R,FUN_6
85095,12387,CUBE_L,RET
85125,19439,RET,CUBE_R
85128,18634,FUN_1,CUBE_L
85168,5448,FUN_2,FUN_3
85168,23436,FUN_1,FUN_2
85170,15952,FUN_4,FUN_5
85203,12624,CUBE_R,RET
85212,22677,RET,CUBE_R
85225,14883,FUN_3,FUN_2
85234,23452,FUN_3,FUN_4
85241,7632,RET,CUBE_L
85252,6930,CUBE_R,RET
85258,513,FUN_2,FUN_3
85258,11370,FUN_1,FUN_2
85281,22628,FUN_3,FUN_4
85288,24418,FUN_2,FUN_1
85291,754,FUN_1,FUN_2
85292,25226,FUN_2,FUN_3
85318,21203,FUN_3,FUN_4
85336,21286,FUN_1,CUBE_L
85351,17350,FUN_4,FUN_5
85358,9761,FUN_3,FUN_2
85359,21507,FUN_3,FUN_2
85363,3020,FUN_4,FUN_3
85369,10530,FUN_2,FUN_3
85380,28716,FUN_3,FUN_2
85397,13542,CUBE_L,RET
85402,23781,FUN_4,FUN_3
85425,17517,FUN_2,FUN_3
85436,4312,FUN_3,FUN_4
85436,22377,FUN_2,FUN_1
85436,26032,CUBE_R,RET
85454,28443,FUN_2,FUN_3
85458,858,FUN_6,FUN_5
85471,8216,RET,CUBE_R
85475,10658,FUN_4,FUN_5
85475,17320,FUN_2,FUN_3
85490,17201,CUBE_L,RET
85498,9453,FUN_2,FUN_3
85506,3863,FUN_1,FUN_2
85510,285,CUBE_R,RET
85515,17548,FUN_1,FUN_2
85518,28820,CUBE_R,FUN_6
85527,20623,CUBE_R,RET
85529,28032,FUN_2,FUN_1
85537,1423,FUN_2,FUN_1
85567,23354,CUBE_R,RET
85587,5861,FUN_2,FUN_1
85592,20432,FUN_3,FUN_2
85601,6222,FUN_1,FUN_2
85608,8503,CUBE_R,RET
85609,26304,FUN_5,FUN_4
85640,12387,RET,CUBE_L
85684,23596,FUN_3,FUN_2
85689,17300,FUN_2,FUN_1
85700,27496,FUN_1,FUN_2
85708,9060,FUN_5,FUN_6
85721,987,FUN_1,FUN_2
85741,10652,FUN_2,FUN_3
85754,24442,RET,CUBE_L
85757,6477,FUN_5,FUN_6
85795,24472,FUN_3,FUN_4
85799,3020,FUN_3,FUN_4
85813,13696,FUN_6,CUBE_R
85816,4040,FUN_4,FUN_5
85822,5256,CUBE_L,RET
85827,18622,FUN_6,FUN_5
85832,3276,CUBE_L,FUN_1
85845,12181,CUBE_L,RET
85857,27913,FUN_1,FUN_2
85878,14871,CUBE_R,RET
85895,18295,CUBE_L,FUN_1
85907,29847,FUN_4,FUN_3
85910,17198,CUBE_R,RET
85921,21728,FUN_2,FUN_1
85936,11422,CUBE_R,FUN_6
85943,9390,FUN_1,FUN_2
85951,28496,FUN_3,FUN_2
85959,9548,FUN_1,FUN_2
85960,6222,FUN_2,FUN_1
85961,17419,FUN_3,FUN_2
85965,5448,FUN_3,FUN_2
85971,21728,FUN_1,FUN_2
85976,19274,FUN_3,FUN_2
85993,29591,FUN_6,FUN_5
86004,2345,FUN_2,FUN_1
86004,3814,CUBE_R,FUN_6
86046,9900,FUN_1,FUN_2
86058,12045,FUN_2,FUN_3
86058,14750,FUN_1,FUN_2
86076,28856,FUN_4,FUN_3
86080,7449,RET,CUBE_L
86081,21557,FUN_1,CUBE_L
86083,14811,FUN_2,FUN_1
86091,12134,FUN_2,FUN_1
86122,18152,RET,CUBE_L
86132,10503,FUN_1,FUN_2
86145,10931,FUN_1,FUN_2
86157,14405,FUN_3,FUN_2
86159,7067,FUN_5,FUN_4
86170,10511,FUN_3,FUN_4
86181,7632,CUBE_L,RET
86184,4896,FUN_1,FUN_2
86205,25235,FUN_3,FUN_2
86227,3656,FUN_5,FUN_6
86250,5093,CUBE_R,FUN_6
86257,14566,FUN_4,FUN_5
86260,4496,FUN_3,FUN_2
86261,26342,CUBE_L,RET
86281,18433,FUN_4,FUN_3
86298,24813,FUN_1,CUBE_L
86318,7277,FUN_4,FUN_3
86321,19274,FUN_2,FUN_3
86323,5448,FUN_2,FUN_3
86324,22577,FUN_4,FUN_3
86327,16440,FUN_6,CUBE_R
86347,3634,FUN_1,FUN_2
86358,2261,FUN_5,FUN_4
86364,15459,CUBE_R,RET
86366,7208,FUN_6,CUBE_R
86384,13723,FUN_4,FUN_3
86386,7317,RET,CUBE_L
86394,29744,FUN_4,FUN_3
86397,19857,FUN_4,FUN_3
86402,23354,RET,CUBE_R
86413,6582,FUN_3,FUN_2
86440,21951,FUN_6,CUBE_R
86442,6412,FUN_2,FUN_3
86446,4019,FUN_2,FUN_3
86446,18752,FUN_2,FUN_3
86457,6440,FUN_6,FUN_5
86503,17204,CUBE_R,RET
86505,3100,FUN_6,FUN_5
86511,9631,FUN_5,FUN_6
86515,21100,FUN_6,FUN_5
86537,13109,FUN_3,FUN_4
86550,10931,FUN_2,FUN_1
86552,3121,FUN_2,FUN_1
86556,10153,FUN_4,FUN_5
86557,11578,FUN_3,FUN_2
86574,14743,FUN_2,FUN_3
86576,19793,FUN_4,FUN_3
86591,17897,FUN_5,FUN_4
86601,23143,CUBE_R,RET
86604,3121,FUN_1,FUN_2
86630,15424,FUN_4,FUN_5
86647,24284,FUN_5,FUN_4
86652,24247,FUN_4,FUN_3
86658,11732,FUN_6,FUN_5
86663,1654,FUN_3,FUN_4
86677,8293,CUBE_R,FUN_6
86680,28678,FUN_2,FUN_3
86687,26342,RET,CUBE_L
86702,20348,FUN_2,FUN_3
86714,20645,FUN_1,FUN_2
86718,5093,FUN_6,CUBE_R
86744,11373,FUN_4,FUN_3
86747,2447,FUN_6,CUBE_R
86785,10652,FUN_3,FUN_2
86791,26686,FUN_3,FUN_2
86809,6377,FUN_4,FUN_5
86821,10153,FUN_5,FUN_4
86833,1845,FUN_1,FUN_2
86841,21507,FUN_2,FUN_3
86851,10391,FUN_3,FUN_4
86857,15459,RET,CUBE_R
86859,10899,FUN_3,FUN_2
86861,5429,FUN_1,CUBE_L
86869,3121,FUN_2,FUN_1
86877,1423,FUN_1,FUN_2
86879,23694,FUN_1,FUN_2
86914,23694,FUN_2,FUN_1
86916,23694,FUN_1,FUN_2
86922,3005,FUN_4,FUN_5
86922,4164,FUN_3,FUN_2
86963,23694,FUN_2,FUN_1
86969,957,FUN_6,CUBE_R
86969,8864,FUN_3,FUN_4
86986,16506,FUN_6,CUBE_R
86987,14026,FUN_2,FUN_1
86988,21829,FUN_2,FUN_3
87000,26763,RET,CUBE_L
87001,17823,CUBE_L,FUN_1
87004,19802,FUN_1,FUN_2
87009,29448,RET,CUBE_L
87015,17435,FUN_6,FUN_5
87019,29113,RET,CUBE_R
87030,281,FUN_3,FUN_2
87036,27496,FUN_2,FUN_1
87040,26348,FUN_4,FUN_3
87053,14893,FUN_4,FUN_5
87061,754,FUN_2,FUN_1
87065,5819,FUN_2,FUN_3
87071,3100,FUN_5,FUN_6
87099,6593,FUN_3,FUN_2
87108,22377,FUN_1,FUN_2
87115,19536,FUN_2,FUN_3
87136,12387,CUBE_L,RET
87145,11498,CUBE_R,RET
87150,29113,CUBE_R,RET
87154,4517,FUN_1,CUBE_L
87158,3378,FUN_2,FUN_3
87174,6222,FUN_1,FUN_2
87176,28817,FUN_5,FUN_6
87184,23436,FUN_2,FUN_1
87222,10748,FUN_3,FUN_2
87223,4517,CUBE_L,FUN_1
87235,6412,FUN_3,FUN_2
87253,11523,FUN_6,FUN_5
87255,20623,RET,CUBE_R
87270,5861,FUN_1,FUN_2
87285,6713,FUN_3,FUN_4
87294,26930,FUN_2,FUN_3
87301,4759,RET,CUBE_L
87314,15062,FUN_2,FUN_3
87327,26268,FUN_2,FUN_1
87331,19274,FUN_3,FUN_2
87331,23436,FUN_1,FUN_2
87338,18622,FUN_5,FUN_6
87344,14643,FUN_4,FUN_5
87362,18485,CUBE_L,RET
87381,2716,FUN_1,FUN_2
87381,23694,FUN_1,FUN_2
87385,22592,FUN_6,FUN_5
87408,12700,FUN_2,FUN_1
87413,10319,FUN_5,FUN_6
87418,10974,FUN_6,CUBE_R
87419,19938,FUN_3,FUN_2
87434,29591,FUN_5,FUN_6
87438,6974,FUN_2,FUN_3
87457,5819,FUN_3,FUN_2
87475,3634,FUN_2,FUN_1
87476,20592,FUN_3,FUN_4
87478,9684,FUN_3,FUN_4
87486,6871,FUN_1,FUN_2
87489,23256,FUN_3,FUN_2
87520,17204,RET,CUBE_R
87521,23820,FUN_2,FUN_1
87539,7067,FUN_4,FUN_5
87541,17252,CUBE_R,RET
87558,7302,FUN_3,FUN_4
87564,3971,FUN_1,FUN_2
87583,1993,FUN_6,CUBE_R
87583,19274,FUN_2,FUN_3
87587,11463,FUN_1,FUN_2
87589,27088,FUN_3,FUN_2
87638,15726,FUN_1,FUN_2
87638,21979,CUBE_L,FUN_1
87649,14965,FUN_3,FUN_2
87653,13542,RET,CUBE_L
87656,4897,FUN_3,FUN_2
87656,19274,FUN_3,FUN_2
87666,23694,FUN_2,FUN_1
87687,12045,FUN_3,FUN_2
87698,19274,FUN_2,FUN_3
87700,21171,FUN_2,FUN_3
87702,15272,FUN_4,FUN_5
87719,15459,CUBE_R,RET
87723,18295,FUN_1,CUBE_L
87733,14883,FUN_2,FUN_3
87745,1912,CUBE_R,RET
87794,18686,FUN_1,FUN_2
87824,6824,FUN_1,FUN_2
87826,4279,FUN_2,FUN_3
87826,5108,FUN_2,FUN_1
87840,26349,FUN_1,FUN_2
87844,23256,FUN_2,FUN_3
87849,21897,FUN_3,FUN_2
87852,4496,FUN_2,FUN_3
87867,21311,RET,CUBE_R
87870,1993,CUBE_R,FUN_6
87884,754,FUN_1,FUN_2
87894,4832,FUN_3,FUN_4
87896,27912,FUN_2,FUN_3
87897,4279,FUN_3,FUN_2
87903,9390,FUN_2,FUN_1
87904,20233,FUN_3,FUN_2
87926,6364,RET,CUBE_R
87960,24247,FUN_3,FUN_4
87964,10748,FUN_2,FUN_3
87971,3814,FUN_6,CUBE_R
87978,41,FUN_2,FUN_3
87983,17320,FUN_3,FUN_2
87985,23795,FUN_4,FUN_5
88007,17078,FUN_3,FUN_2
88012,12595,FUN_6,FUN_5
88036,10503,FUN_2,FUN_1
88043,25235,FUN_2,FUN_3
88044,418,FUN_3,FUN_2
88071,6713,FUN_4,FUN_3
88093,19938,FUN_2,FUN_3
88110,11254,RET,CUBE_R
88130,13165,FUN_3,FUN_2
88136,20055,FUN_3,FUN_2
88137,28341,FUN_6,CUBE_R
88139,29102,FUN_3,FUN_2
88144,12387,RET,CUBE_L
88166,1993,FUN_6,CUBE_R
88177,13696,CUBE_R,FUN_6
88179,1805,FUN_5,FUN_6
88198,2676,FUN_6,FUN_5
88205,26304,FUN_4,FUN_5
88207,18167,FUN_3,FUN_2
88207,19403,FUN_3,FUN_4
88219,7377,FUN_5,FUN_6
88225,16761,FUN_2,FUN_1
88240,14026,FUN_1,FUN_2
88247,4288,FUN_2,FUN_3
88251,11254,CUBE_R,RET
88266,7067,FUN_5,FUN_4
88285,29591,FUN_6,FUN_5
88291,26686,FUN_2,FUN_3
88293,12387,CUBE_L,RET
88298,742,CUBE_L,FUN_1
88300,8597,FUN_6,CUBE_R
88300,19274,FUN_3,FUN_2
88307,1441,FUN_2,FUN_1
88317,8479,FUN_3,FUN_2
88336,19403,FUN_4,FUN_3
88342,10240,RET,CUBE_L
88358,10748,FUN_3,FUN_2
88359,11164,FUN_2,FUN_1
88367,28096,FUN_2,FUN_1
88373,921,FUN_3,FUN_4
88415,6930,RET,CUBE_R
88419,17111,FUN_3,FUN_2
88440,16075,FUN_2,FUN_3
88442,13679,FUN_3,FUN_2
88445,23631,FUN_2,FUN_1
88450,4517,FUN_1,CUBE_L
88453,13733,FUN_1,FUN_2
88459,8699,FUN_1,FUN_2
88459,11373,FUN_3,FUN_4
88473,22099,FUN_2,FUN_1
88475,16219,RET,CUBE_R
88480,24051,FUN_1,FUN_2
88482,7098,CUBE_L,RET
88482,10901,FUN_5,FUN_4
88495,19144,FUN_3,FUN_4
88501,3656,FUN_6,FUN_5
88502,22871,FUN_4,FUN_3
88510,24447,FUN_1,FUN_2
88510,25650,FUN_2,FUN_3
88522,11235,FUN_1,FUN_2
88528,3619,FUN_2,FUN_1
88555,23303,CUBE_R,RET
88563,11183,FUN_1,CUBE_L
88571,17111,FUN_2,FUN_3
88571,20002,FUN_5,FUN_6
88576,6593,FUN_2,FUN_3
88588,15632,FUN_6,CUBE_R
88589,26349,FUN_2,FUN_1
88593,13949,FUN_3,FUN_2
88600,21926,FUN_2,FUN_1
88615,23143,RET,CUBE_R
88624,24874,FUN_4,FUN_3
88647,110,FUN_1,FUN_2
88650,16062,FUN_2,FUN_1
88665,7462,FUN_3,FUN_4
88665,27496,FUN_1,FUN_2
88688,21210,FUN_3,FUN_2
88693,3225,FUN_3,FUN_2
88723,6633,CUBE_R,RET
88724,13797,FUN_3,FUN_2
88734,14787,FUN_6,CUBE_R
88750,12387,RET,CUBE_L
88751,15952,FUN_5,FUN_4
88767,4279,FUN_2,FUN_3
88768,4275,FUN_2,FUN_3
88773,4288,FUN_3,FUN_2
88773,15292,FUN_3,FUN_2
88792,23134,FUN_6,CUBE_R
88821,19880,FUN_3,FUN_2
88839,10658,FUN_5,FUN_4
88843,23694,FUN_1,FUN_2
88845,11662,FUN_2,FUN_3
88873,2439,FUN_3,FUN_4
88876,273,FUN_6,FUN_5
88881,7449,CUBE_L,RET
88904,13696,FUN_6,CUBE_R
88911,2924,FUN_2,FUN_3
88911,18280,FUN_4,FUN_3
88932,24247,FUN_4,FUN_3
88936,10658,FUN_4,FUN_5
88943,15459,RET,CUBE_R
88946,24557,FUN_2,FUN_3
88948,2985,RET,CUBE_R
88951,1821,FUN_3,FUN_4
88976,21123,FUN_2,FUN_1
88981,10272,FUN_4,FUN_5
88988,16034,FUN_1,FUN_2
88993,14241,FUN_1,FUN_2
89009,21947,FUN_6,CUBE_R
89014,13797,FUN_2,FUN_3
89017,4275,FUN_3,FUN_2
89027,24803,FUN_3,FUN_2
89032,11512,FUN_2,FUN_1
89045,3088,FUN_4,FUN_5
89048,394,FUN_2,FUN_3
89055,24557,FUN_3,FUN_2
89073,23694,FUN_2,FUN_1
89079,10652,FUN_2,FUN_3
89084,4362,CUBE_R,RET
89085,4642,FUN_1,FUN_2
89097,8241,FUN_1,CUBE_L
89119,19880,FUN_2,FUN_3
89127,6222,FUN_2,FUN_1
89135,16075,FUN_3,FUN_2
89141,7503,FUN_3,FUN_4
89167,21507,FUN_3,FUN_2
89169,23781,FUN_3,FUN_4
89180,29117,FUN_2,FUN_1
89181,4348,CUBE_L,FUN_1
89185,11891,FUN_6,FUN_5
89192,9977,FUN_2,FUN_3
89209,22186,FUN_3,FUN_2
89210,19092,FUN_2,FUN_3
89217,10240,CUBE_L,RET
89236,16062,FUN_1,FUN_2
89253,24338,RET,CUBE_R
89263,13165,FUN_2,FUN_3
89265,16852,FUN_5,FUN_4
89297,456,RET,CUBE_R
89299,1784,RET,CUBE_R
89314,9216,FUN_2,FUN_3
89315,19039,FUN_3,FUN_4
89319,19748,CUBE_R,RET
89322,26568,CUBE_R,RET
89328,25561,RET,CUBE_L
89344,18295,CUBE_L,FUN_1
89347,235,FUN_3,FUN_4
89364,14852,FUN_2,FUN_3
89392,14490,FUN_6,CUBE_R
89398,11770,FUN_4,FUN_5
89400,3629,FUN_2,FUN_1
89401,22871,FUN_3,FUN_4
89407,28817,FUN_6,FUN_5
89429,18086,FUN_4,FUN_5
89430,16655,FUN_5,FUN_4
89438,19234,FUN_4,FUN_3
89460,6447,FUN_3,FUN_2
89460,24247,FUN_3,FUN_4
89477,4275,FUN_2,FUN_3
89499,24734,FUN_5,FUN_6
89505,4348,FUN_1,CUBE_L
89516,6447,FUN_2,FUN_3
89517,1898,FUN_3,FUN_4
89517,11185,CUBE_L,RET
89536,22302,FUN_1,FUN_2
89559,16470,FUN_6,CUBE_R
89581,14965,FUN_2,FUN_3
89582,24803,FUN_2,FUN_3
89583,15459,CUBE_R,RET
89597,22628,FUN_4,FUN_3
89616,23452,FUN_4,FUN_3
89646,20366,CUBE_R,FUN_6
89655,9053,FUN_2,FUN_1
89664,3225,FUN_2,FUN_3
89664,26976,FUN_3,FUN_2
89676,6447,FUN_3,FUN_2
89705,24922,FUN_3,FUN_2
89709,18031,FUN_2,FUN_3
89714,7826,FUN_2,FUN_1
89720,22462,FUN_2,FUN_3
89751,16761,FUN_1,FUN_2
89758,25627,FUN_3,FUN_2
89765,22098,RET,CUBE_L
89775,11016,CUBE_R,RET
89784,19092,FUN_3,FUN_2
89786,25627,FUN_2,FUN_3
89786,26548,FUN_1,FUN_2
89792,12232,RET,CUBE_R
89798,23123,FUN_3,FUN_2
89804,9453,FUN_3,FUN_2
89805,24418,FUN_1,FUN_2
89809,13797,FUN_3,FUN_2
89837,21210,FUN_2,FUN_3
89839,9756,FUN_4,FUN_5
89842,29304,FUN_2,FUN_3
89847,18603,CUBE_R,RET
89850,3634,FUN_1,FUN_2
89861,13196,FUN_3,FUN_4
89875,10240,RET,CUBE_L
89879,14750,FUN_2,FUN_1
89882,8380,FUN_3,FUN_2
89898,23781,FUN_4,FUN_3
89899,17040,FUN_3,FUN_2
89906,26431,FUN_2,FUN_3
89918,6713,FUN_3,FUN_4
89918,21897,FUN_2,FUN_3
89939,6222,FUN_1,FUN_2
89972,1947,RET,CUBE_L
89988,20233,FUN_2,FUN_3
89991,18756,RET,CUBE_R
90005,8555,FUN_4,FUN_5
90030,9053,FUN_1,FUN_2
90031,18615,CUBE_L,RET
90032,14851,FUN_6,CUBE_R
90046,19303,FUN_3,FUN_2
90061,27481,FUN_1,FUN_2
90063,12553,FUN_2,FUN_1
90066,12035,RET,CUBE_L
90069,17080,FUN_2,FUN_1
90074,3088,FUN_5,FUN_4
90087,19748,RET,CUBE_R
90091,28717,FUN_1,FUN_2
90098,28217,FUN_2,FUN_3
90099,23300,FUN_2,FUN_1
90103,1805,FUN_6,FUN_5
90124,25226,FUN_3,FUN_2
90150,22577,FUN_3,FUN_4
90154,19039,FUN_4,FUN_3
90168,9481,CUBE_R,RET
90173,18296,FUN_2,FUN_3
90178,17530,FUN_3,FUN_2
90195,9516,FUN_2,FUN_1
90233,4509,FUN_5,FUN_4
90239,9053,FUN_2,FUN_1
90245,1964,FUN_1,FUN_2
90252,11095,FUN_2,FUN_1
90259,4288,FUN_2,FUN_3
90260,9053,FUN_1,FUN_2
90299,4624,FUN_6,CUBE_R
90326,11315,FUN_1,FUN_2
90381,17530,FUN_2,FUN_3
90395,8380,FUN_2,FUN_3
90395,25226,FUN_2,FUN_3
90415,12791,FUN_2,FUN_3
90419,2184,FUN_6,CUBE_R
90424,5040,FUN_6,CUBE_R
90424,7912,FUN_1,FUN_2
90437,1020,FUN_2,FUN_1
90447,18485,RET,CUBE_L
90451,17897,FUN_4,FUN_5
90459,10503,FUN_1,FUN_2
90460,4842,RET,CUBE_R
90477,18295,FUN_1,CUBE_L
90484,3634,FUN_2,FUN_1
90486,10901,FUN_4,FUN_5
90502,2347,FUN_1,FUN_2
90504,14648,FUN_4,FUN_3
90517,27971,FUN_2,FUN_3
90530,29814,FUN_2,FUN_1
90554,9740,CUBE_L,FUN_1
90559,5767,FUN_2,FUN_1
90589,394,FUN_3,FUN_2
90612,29117,FUN_1,FUN_2
90623,11284,RET,CUBE_R
90626,14552,FUN_2,FUN_1
90633,4759,CUBE_L,RET
90638,9684,FUN_4,FUN_3
90639,16231,FUN_2,FUN_1
90642,6123,CUBE_L,FUN_1
90643,21736,FUN_1,FUN_2
90644,13645,FUN_5,FUN_6
90646,11770,FUN_5,FUN_4
90649,1821,FUN_4,FUN_3
90660,5659,FUN_1,FUN_2
90662,15797,CUBE_R,RET
90689,2201,FUN_2,FUN_1
90689,9119,FUN_1,CUBE_L
90699,21315,FUN_4,FUN_3
90714,6621,FUN_1,FUN_2
90728,10240,CUBE_L,RET
90729,20002,FUN_6,FUN_5
90731,18855,FUN_5,FUN_6
90742,10899,FUN_2,FUN_3
90746,11183,CUBE_L,FUN_1
90747,3869,FUN_4,FUN_3
90752,25913,FUN_3,FUN_4
90761,1665,CUBE_R,RET
90764,25962,FUN_6,CUBE_R
90766,6621,FUN_2,FUN_1
90784,27632,FUN_5,FUN_6
90784,28825,FUN_2,FUN_1
90809,7302,FUN_4,FUN_3
90814,4164,FUN_2,FUN_3
90831,3971,FUN_2,FUN_1
90833,26976,FUN_2,FUN_3
90845,14811,FUN_1,FUN_2
90846,26548,FUN_2,FUN_1
90849,6621,FUN_1,FUN_2
90853,21130,FUN_2,FUN_1
90857,10689,FUN_1,FUN_2
90857,19713,FUN_2,FUN_1
90861,26073,FUN_2,FUN_1
90912,11164,FUN_1,FUN_2
90913,6621,FUN_2,FUN_1
90915,11456,FUN_3,FUN_2
90937,14416,CUBE_R,RET
90939,11891,FUN_5,FUN_6
90947,6621,FUN_1,FUN_2
90947,24311,FUN_5,FUN_4
90952,1574,FUN_1,CUBE_L
90963,9060,FUN_6,FUN_5
90968,10901,FUN_5,FUN_4
90978,23633,FUN_2,FUN_1
90988,10223,FUN_4,FUN_3
90992,19468,FUN_2,FUN_3
90997,21582,FUN_3,FUN_2
91043,20131,FUN_4,FUN_5
91049,24874,FUN_3,FUN_4
91055,12259,FUN_1,FUN_2
91058,7617,FUN_2,FUN_3
91059,9208,FUN_2,FUN_3
91068,28391,FUN_3,FUN_4
91077,11891,FUN_6,FUN_5
91099,22186,FUN_2,FUN_3
91102,16075,FUN_2,FUN_3
91103,17040,FUN_2,FUN_3
91106,10970,CUBE_R,FUN_6
91110,18929,FUN_1,FUN_2
91126,28980,FUN_2,FUN_1
91130,957,CUBE_R,FUN_6
91155,13679,FUN_2,FUN_3
91162,12700,FUN_1,FUN_2
91199,7462,FUN_4,FUN_3
91231,17642,FUN_3,FUN_2
91240,10223,FUN_3,FUN_4
91254,14224,RET,CUBE_L
91272,10899,FUN_3,FUN_2
91274,1092,FUN_2,FUN_1
91283,10223,FUN_4,FUN_3
91287,24922,FUN_2,FUN_3
91289,10223,FUN_3,FUN_4
91291,10901,FUN_4,FUN_5
91291,15459,RET,CUBE_R
91296,5767,FUN_1,FUN_2
91309,966,RET,CUBE_R
91309,6901,FUN_1,FUN_2
91310,5785,RET,CUBE_R
91312,23729,CUBE_L,RET
91312,28386,FUN_5,FUN_4
91328,9740,FUN_1,CUBE_L
91330,26111,FUN_1,FUN_2
91344,20002,FUN_5,FUN_6
91352,2005,FUN_3,FUN_2
91362,14750,FUN_1,FUN_2
91378,19341,FUN_6,CUBE_R
91423,8816,FUN_3,FUN_4
91423,15344,FUN_3,FUN_4
91426,11853,FUN_3,FUN_2
91432,957,FUN_6,CUBE_R
91432,26548,FUN_1,FUN_2
91443,3378,FUN_3,FUN_2
91466,21450,FUN_4,FUN_3
91473,23646,FUN_2,FUN_3
91476,19274,FUN_2,FUN_3
91479,15459,CUBE_R,RET
91482,14893,FUN_5,FUN_4
91490,4274,FUN_4,FUN_5
91497,1946,RET,CUBE_R
91501,21507,FUN_2,FUN_3
91506,21929,FUN_1,FUN_2
91516,1278,CUBE_R,FUN_6
91538,23354,CUBE_R,RET
91556,23207,FUN_2,FUN_3
91556,23514,CUBE_R,FUN_6
91557,26877,RET,CUBE_R
91557,27593,FUN_5,FUN_4
91599,15441,FUN_3,FUN_2
91601,16075,FUN_3,FUN_2
91614,16075,FUN_2,FUN_3
91620,12259,FUN_2,FUN_1
91636,12168,FUN_3,FUN_2
91637,12387,CUBE_L,RET
91642,14266,FUN_6,FUN_5
91642,16075,FUN_3,FUN_2
91645,12387,RET,CUBE_L
91663,4759,RET,CUBE_L
91667,29028,FUN_2,FUN_3
91669,9208,FUN_3,FUN_2
91678,8380,FUN_3,FUN_2
91700,26548,FUN_2,FUN_1
91711,15626,CUBE_R,RET
91729,14416,RET,CUBE_R
91740,7420,FUN_3,FUN_2
91741,920,FUN_1,FUN_2
91750,12387,CUBE_L,RET
91758,10652,FUN_3,FUN_2
91758,20283,CUBE_R,RET
91762,13205,FUN_5,FUN_4
91764,20755,FUN_5,FUN_6
91774,3276,FUN_1,CUBE_L
91829,2625,FUN_4,FUN_5
91856,28386,FUN_4,FUN_5
91858,11891,FUN_5,FUN_6
91867,5767,FUN_2,FUN_1
91875,8380,FUN_2,FUN_3
91879,2398,FUN_2,FUN_1
91892,17823,FUN_1,CUBE_L
91895,10970,FUN_6,CUBE_R
91899,6626,FUN_1,FUN_2
91899,22324,FUN_1,FUN_2
91900,5557,RET,CUBE_L
91919,6447,FUN_2,FUN_3
91920,1311,FUN_5,FUN_4
91933,1251,CUBE_L,RET
91934,12131,FUN_4,FUN_3
91938,5675,FUN_2,FUN_1
91939,17897,FUN_5,FUN_4
91946,27266,FUN_6,CUBE_R
91963,13966,CUBE_L,RET
91979,11315,FUN_2,FUN_1
91983,18627,CUBE_R,RET
91984,2676,FUN_5,FUN_6
91986,17080,FUN_1,FUN_2
91993,9112,FUN_5,FUN_4
91993,14362,FUN_3,FUN_2
91993,27557,FUN_2,FUN_1
91997,19093,RET,CUBE_R
91997,23646,FUN_3,FUN_2
92001,24457,CUBE_L,RET
92009,957,CUBE_R,FUN_6
92018,22592,FUN_5,FUN_6
92023,13696,CUBE_R,FUN_6
92052,27593,FUN_4,FUN_5
92057,22577,FUN_4,FUN_3
92062,14266,FUN_5,FUN_6
92093,11456,FUN_2,FUN_3
92097,4496,FUN_3,FUN_2
92121,9868,RET,CUBE_L
92121,13894,FUN_1,FUN_2
92126,14883,FUN_3,FUN_2
92141,1092,FUN_1,FUN_2
92170,12771,FUN_4,FUN_5
92204,9112,FUN_4,FUN_5
92208,9977,FUN_3,FUN_2
92211,3020,FUN_4,FUN_3
92212,21420,FUN_1,FUN_2
92216,26022,FUN_1,FUN_2
92237,11185,RET,CUBE_L
92245,15459,RET,CUBE_R
92252,21132,FUN_3,FUN_2
92257,8555,FUN_5,FUN_4
92263,16161,FUN_5,FUN_6
92270,22217,FUN_3,FUN_2
92279,24311,FUN_4,FUN_5
92285,11366,FUN_1,FUN_2
92287,9112,FUN_5,FUN_4
92297,754,FUN_2,FUN_1
92304,27067,CUBE_L,FUN_1
92315,6447,FUN_3,FUN_2
92325,1199,FUN_3,FUN_4
92328,19144,FUN_4,FUN_3
92330,10296,CUBE_R,RET
92338,22871,FUN_4,FUN_3
92338,23646,FUN_2,FUN_3
92338,26976,FUN_3,FUN_2
92351,26111,FUN_2,FUN_1
92358,10901,FUN_5,FUN_4
92370,12134,FUN_1,FUN_2
92373,3629,FUN_1,FUN_2
92382,22217,FUN_2,FUN_3
92390,14102,FUN_3,FUN_2
92415,2184,CUBE_R,FUN_6
92415,13797,FUN_2,FUN_3
92443,29184,FUN_3,FUN_2
92449,22905,FUN_2,FUN_3
92467,29184,FUN_2,FUN_3
92473,8701,FUN_4,FUN_5
92490,14266,FUN_6,FUN_5
92493,28032,FUN_1,FUN_2
92500,9208,FUN_2,FUN_3
92503,4642,FUN_2,FUN_1
92513,9092,FUN_3,FUN_4
92531,20197,FUN_3,FUN_2
92559,11512,FUN_1,FUN_2
92578,11662,FUN_3,FUN_2
92595,22577,FUN_3,FUN_4
92620,13408,RET,CUBE_R
92625,21149,CUBE_R,RET
92633,5101,RET,CUBE_R
92649,26548,FUN_1,FUN_2
92654,3971,FUN_1,FUN_2
92677,28032,FUN_2,FUN_1
92684,1819,FUN_2,FUN_1
92691,23633,FUN_1,FUN_2
92703,21130,FUN_1,FUN_2
92753,7503,FUN_4,FUN_3
92785,23354,RET,CUBE_R
92788,29853,FUN_6,CUBE_R
92795,6602,FUN_4,FUN_3
92804,11582,FUN_2,FUN_1
92807,16161,FUN_6,FUN_5
92817,19419,CUBE_L,FUN_1
92818,20755,FUN_6,FUN_5
92823,957,FUN_6,CUBE_R
92823,14750,FUN_2,FUN_1
92832,10296,RET,CUBE_R
92845,2924,FUN_3,FUN_2
92855,2222,CUBE_L,RET
92871,8313,FUN_5,FUN_6
92887,23238,CUBE_L,RET
92895,15856,FUN_3,FUN_4
92896,10460,FUN_3,FUN_4
92926,20002,FUN_6,FUN_5
92938,27067,FUN_1,CUBE_L
92939,24224,FUN_3,FUN_4
92964,10086,FUN_4,FUN_5
92966,3088,FUN_4,FUN_5
92967,28817,FUN_5,FUN_6
92970,5130,CUBE_L,FUN_1
92971,6191,FUN_3,FUN_4
92976,4832,FUN_4,FUN_3
92978,13761,FUN_4,FUN_5
92996,26795,FUN_3,FUN_2
93014,24851,FUN_3,FUN_2
93025,1681,FUN_3,FUN_2
93034,4496,FUN_2,FUN_3
93042,12259,FUN_1,FUN_2
93043,28825,FUN_1,FUN_2
93045,8701,FUN_5,FUN_4
93051,29853,CUBE_R,FUN_6
93060,9089,FUN_2,FUN_3
93060,25271,FUN_6,FUN_5
93061,1507,FUN_3,FUN_2
93067,9069,FUN_3,FUN_2
93096,25155,FUN_5,FUN_6
93102,13309,FUN_3,FUN_4
93108,18031,FUN_3,FUN_2
93115,25981,FUN_3,FUN_2
93133,29853,FUN_6,CUBE_R
93135,22871,FUN_3,FUN_4
93141,22936,CUBE_R,FUN_6
93145,1898,FUN_4,FUN_3
93155,20337,CUBE_R,RET
93165,3225,FUN_3,FUN_2
93165,19713,FUN_1,FUN_2
93170,29304,FUN_3,FUN_2
93191,11498,RET,CUBE_R
93195,14645,RET,CUBE_L
93198,8659,RET,CUBE_L
93215,8037,FUN_3,FUN_2
93220,19835,RET,CUBE_L
93227,4060,CUBE_L,RET
93227,15797,RET,CUBE_R
93253,12474,FUN_6,FUN_5
93257,19144,FUN_3,FUN_4
93335,9868,CUBE_L,RET
93347,18167,FUN_2,FUN_3
93348,18615,RET,CUBE_L
93353,9208,FUN_3,FUN_2
93355,14329,FUN_2,FUN_3
93359,11315,FUN_1,FUN_2
93359,11498,CUBE_R,RET
93369,16219,CUBE_R,RET
93375,17584,FUN_3,FUN_2
93376,22577,FUN_4,FUN_3
93388,26417,FUN_2,FUN_3
93393,24557,FUN_2,FUN_3
93399,6633,RET,CUBE_R
93436,27755,FUN_1,FUN_2
93442,14635,FUN_5,FUN_4
93444,29940,FUN_2,FUN_1
93452,4496,FUN_3,FUN_2
93456,14883,FUN_2,FUN_3
93459,6538,RET,CUBE_L
93467,7098,RET,CUBE_L
93487,27557,FUN_1,FUN_2
93494,5210,FUN_2,FUN_1
93533,5035,FUN_2,FUN_3
93535,12165,FUN_2,FUN_1
93547,13841,FUN_3,FUN_2
93549,7912,FUN_2,FUN_1
93549,23238,RET,CUBE_L
93557,19334,FUN_3,FUN_4
93558,22093,FUN_1,CUBE_L
93560,18756,CUBE_R,RET
93570,1029,CUBE_R,RET
93578,20745,FUN_4,FUN_3
93585,1125,FUN_4,FUN_3
93597,7420,FUN_2,FUN_3
93608,2247,FUN_5,FUN_6
93612,10486,FUN_4,FUN_5
93628,13696,FUN_6,CUBE_R
93629,8202,FUN_6,FUN_5
93637,5619,FUN_5,FUN_4
93642,6059,FUN_3,FUN_4
93661,14329,FUN_3,FUN_2
93663,12168,FUN_2,FUN_3
93664,26239,CUBE_R,FUN_6
93680,4570,RET,CUBE_L
93683,2398,FUN_1,FUN_2
93684,5108,FUN_1,FUN_2
93688,22217,FUN_3,FUN_2
93694,22224,FUN_2,FUN_3
93706,23436,FUN_2,FUN_1
93713,3378,FUN_2,FUN_3
93714,9453,FUN_2,FUN_3
93734,8248,FUN_2,FUN_3
93740,11873,RET,CUBE_R
93759,22440,FUN_3,FUN_2
93768,7631,FUN_4,FUN_3
93768,22093,CUBE_L,FUN_1
93769,29940,FUN_1,FUN_2
93791,28638,CUBE_R,RET
93801,25666,FUN_2,FUN_3
93821,1029,RET,CUBE_R
93822,11315,FUN_2,FUN_1
93824,29853,CUBE_R,FUN_6
93856,9516,FUN_1,FUN_2
93874,16318,CUBE_L,RET
93903,9765,FUN_4,FUN_5
93917,12809,FUN_2,FUN_3
93935,25666,FUN_3,FUN_2
93945,14852,FUN_3,FUN_2
93952,349,FUN_3,FUN_2
93956,22093,FUN_1,CUBE_L
93956,27433,RET,CUBE_L
93958,19093,CUBE_R,RET
93972,26795,FUN_2,FUN_3
93973,20047,FUN_4,FUN_3
93975,24457,RET,CUBE_L
93992,36,RET,CUBE_R
94003,12165,FUN_1,FUN_2
94006,20197,FUN_2,FUN_3
94013,10128,FUN_3,FUN_4
94019,7912,FUN_1,FUN_2
94020,374,FUN_3,FUN_4
94034,17252,RET,CUBE_R
94034,21132,FUN_2,FUN_3
94041,8503,RET,CUBE_R
94045,12856,FUN_2,FUN_3
94066,25666,FUN_2,FUN_3
94067,1821,FUN_3,FUN_4
94077,23210,CUBE_R,RET
94078,4832,FUN_3,FUN_4
94079,19769,FUN_5,FUN_6
94095,6713,FUN_4,FUN_3
94108,8597,CUBE_R,FUN_6
94119,17552,FUN_5,FUN_6
94137,16059,FUN_1,CUBE_L
94138,8823,FUN_2,FUN_1
94142,2008,FUN_2,FUN_3
94156,273,FUN_5,FUN_6
94159,19292,FUN_3,FUN_4
94163,10652,FUN_2,FUN_3
94190,10086,FUN_5,FUN_4
94198,13841,FUN_2,FUN_3
94202,19938,FUN_3,FUN_2
94204,1029,CUBE_R,RET
94206,17642,FUN_2,FUN_3
94228,6873,RET,CUBE_R
94252,25666,FUN_3,FUN_2
94259,4509,FUN_4,FUN_5
94274,17320,FUN_2,FUN_3
94281,3629,FUN_2,FUN_1
94281,14635,FUN_4,FUN_5
94299,3042,FUN_1,FUN_2
94300,20227,FUN_3,FUN_4
94303,19092,FUN_2,FUN_3
94324,6713,FUN_3,FUN_4
94336,18485,CUBE_L,RET
94349,23436,FUN_1,FUN_2
94360,5338,CUBE_L,RET
94363,10128,FUN_4,FUN_3
94372,14648,FUN_3,FUN_4
94393,4509,FUN_5,FUN_4
94395,4509,FUN_4,FUN_5
94401,4842,CUBE_R,RET
94405,29358,FUN_2,FUN_1
94421,4509,FUN_5,FUN_4
94421,21979,FUN_1,CUBE_L
94433,27347,RET,CUBE_R
94444,12259,FUN_2,FUN_1
94459,20156,FUN_3,FUN_4
94462,18485,RET,CUBE_L
94468,22093,CUBE_L,FUN_1
94474,14122,FUN_5,FUN_4
94508,14838,FUN_2,FUN_3
94522,14838,FUN_3,FUN_2
94523,14838,FUN_2,FUN_3
94525,22780,FUN_3,FUN_2
94531,15856,FUN_4,FUN_3
94535,4509,FUN_4,FUN_5
94537,23123,FUN_2,FUN_3
94539,5040,CUBE_R,FUN_6
94564,22217,FUN_2,FUN_3
94586,20366,FUN_6,CUBE_R
94598,21203,FUN_4,FUN_3
94601,25666,FUN_2,FUN_3
94602,17340,FUN_1,FUN_2
94608,5516,RET,CUBE_R
94609,2467,FUN_4,FUN_5
94611,12919,FUN_5,FUN_6
94612,10689,FUN_2,FUN_1
94617,18083,CUBE_L,RET
94619,5093,CUBE_R,FUN_6
94628,19804,CUBE_L,RET
94631,25920,FUN_4,FUN_3
94648,28778,FUN_1,CUBE_L
94661,13567,FUN_6,CUBE_R
94662,21441,CUBE_L,RET
94672,25666,FUN_3,FUN_2
94693,16797,RET,CUBE_L
94695,19341,CUBE_R,FUN_6
94700,1898,FUN_3,FUN_4
94710,2625,FUN_5,FUN_4
94713,27020,FUN_1,FUN_2
94714,4164,FUN_3,FUN_2
94716,27557,FUN_2,FUN_1
94727,26073,FUN_1,FUN_2
94739,4813,FUN_2,FUN_3
94762,20197,FUN_3,FUN_2
94784,21791,RET,CUBE_L
94817,25326,FUN_2,FUN_3
94827,12161,FUN_3,FUN_2
94863,24933,FUN_2,FUN_3
94871,14838,FUN_3,FUN_2
94880,9740,CUBE_L,FUN_1
94889,11229,FUN_3,FUN_2
94897,13966,RET,CUBE_L
94899,10673,FUN_2,FUN_1
94915,13723,FUN_3,FUN_4
94918,18225,FUN_4,FUN_5
94928,7008,FUN_2,FUN_1
94931,22099,FUN_1,FUN_2
94931,26111,FUN_1,FUN_2
94964,20755,FUN_5,FUN_6
94975,4060,RET,CUBE_L
94978,27632,FUN_6,FUN_5
94982,8037,FUN_2,FUN_3
94992,11242,FUN_3,FUN_2
94998,10128,FUN_3,FUN_4
95000,25797,FUN_2,FUN_3
95004,5123,FUN_1,FUN_2
95004,7631,FUN_3,FUN_4
95007,13721,FUN_3,FUN_2
95015,19709,FUN_4,FUN_3
95035,1029,RET,CUBE_R
95063,374,FUN_4,FUN_3
95066,5074,FUN_6,FUN_5
95093,5074,FUN_5,FUN_6
95094,27887,FUN_5,FUN_6
95095,5074,FUN_6,FUN_5
95104,15194,RET,CUBE_L
95114,18485,CUBE_L,RET
95136,18225,FUN_5,FUN_4
95160,10667,FUN_2,FUN_3
95176,11505,FUN_3,FUN_4
95177,9951,FUN_3,FUN_2
95181,19748,CUBE_R,RET
95189,16055,CUBE_R,RET
95205,9571,FUN_2,FUN_3
95218,16164,RET,CUBE_R
95224,20156,FUN_4,FUN_3
95232,4813,FUN_3,FUN_2
95241,312,FUN_3,FUN_4
95291,20337,RET,CUBE_R
95293,20197,FUN_2,FUN_3
95298,27557,FUN_1,FUN_2
95314,19308,FUN_6,FUN_5
95327,4842,RET,CUBE_R
95337,18976,FUN_4,FUN_5
95351,18225,FUN_4,FUN_5
95357,13679,FUN_3,FUN_2
95360,29853,FUN_6,CUBE_R
95361,622,CUBE_R,RET
95378,22302,FUN_2,FUN_1
95383,29251,FUN_3,FUN_2
95385,13679,FUN_2,FUN_3
95388,5108,FUN_2,FUN_1
95427,8503,CUBE_R,RET
95435,14122,FUN_4,FUN_5
95437,24942,CUBE_R,RET
95437,27408,FUN_2,FUN_1
95440,13679,FUN_3,FUN_2
95441,23514,FUN_6,CUBE_R
95461,5093,FUN_6,CUBE_R
95464,26239,FUN_6,CUBE_R
95505,28330,RET,CUBE_L
95516,5040,FUN_6,CUBE_R
95516,17352,CUBE_L,FUN_1
95517,1912,RET,CUBE_R
95533,17584,FUN_2,FUN_3
95557,10405,CUBE_R,FUN_6
95558,26128,RET,CUBE_R
95561,18061,FUN_2,FUN_1
95575,24650,CUBE_R,FUN_6
95601,18680,CUBE_L,FUN_1
95605,110,FUN_2,FUN_1
95605,12054,FUN_3,FUN_4
95611,20011,FUN_5,FUN_4
95612,20197,FUN_3,FUN_2
95613,13679,FUN_2,FUN_3
95626,27557,FUN_2,FUN_1
95633,23795,FUN_5,FUN_4
95636,20575,FUN_2,FUN_3
95657,12919,FUN_6,FUN_5
95667,17421,FUN_4,FUN_3
95667,23155,FUN_2,FUN_1
95671,432,FUN_4,FUN_5
95699,285,RET,CUBE_R
95709,18092,FUN_2,FUN_1
95717,16062,FUN_2,FUN_1
95729,6901,FUN_2,FUN_1
95786,1681,FUN_2,FUN_3
95787,9740,FUN_1,CUBE_L
95795,24806,FUN_2,FUN_3
95806,17552,FUN_6,FUN_5
95833,2184,FUN_6,CUBE_R
95844,26976,FUN_2,FUN_3
95845,21728,FUN_2,FUN_1
95866,16579,FUN_2,FUN_1
95880,22871,FUN_4,FUN_3
95887,19938,FUN_2,FUN_3
95904,15856,FUN_3,FUN_4
95904,18225,FUN_5,FUN_4
95931,4019,FUN_3,FUN_2
95940,10931,FUN_1,FUN_2
95941,15793,FUN_3,FUN_2
95950,18031,FUN_2,FUN_3
95967,18433,FUN_3,FUN_4
95972,14848,CUBE_R,FUN_6
96002,16062,FUN_1,FUN_2
96023,1294,FUN_3,FUN_4
96023,5093,CUBE_R,FUN_6
96047,7098,CUBE_L,RET
96047,20283,RET,CUBE_R
96090,19713,FUN_2,FUN_1
96114,20340,FUN_2,FUN_1
96138,9645,FUN_2,FUN_1
96190,6222,FUN_2,FUN_1
96194,7008,FUN_1,FUN_2
96200,24586,FUN_3,FUN_2
96209,19274,FUN_3,FUN_2
96229,10088,FUN_3,FUN_2
96238,905,FUN_2,FUN_1
96247,27971,FUN_3,FUN_2
96263,2184,CUBE_R,FUN_6
96263,9571,FUN_3,FUN_2
96271,17350,FUN_5,FUN_4
96276,20575,FUN_3,FUN_2
96278,14985,CUBE_R,FUN_6
96294,28391,FUN_4,FUN_3
96300,27949,CUBE_L,RET
96309,7267,FUN_1,FUN_2
96328,13025,FUN_4,FUN_3
96338,3592,FUN_5,FUN_4
96365,19835,CUBE_L,RET
96375,12791,FUN_3,FUN_2
96382,10088,FUN_2,FUN_3
96383,7449,RET,CUBE_L
96411,10879,CUBE_R,FUN_6
96414,27839,FUN_2,FUN_1
96422,21933,FUN_5,FUN_6
96439,2467,FUN_5,FUN_4
96442,21459,FUN_3,FUN_2
96462,12054,FUN_4,FUN_3
96464,432,FUN_5,FUN_4
96471,21926,FUN_1,FUN_2
96479,7965,FUN_6,FUN_5
96491,19990,FUN_5,FUN_6
96493,12572,FUN_1,FUN_2
96493,26988,FUN_3,FUN_2
96494,28462,FUN_3,FUN_2
96499,11183,FUN_1,CUBE_L
96503,10931,FUN_2,FUN_1
96517,2247,FUN_6,FUN_5
96520,15633,FUN_2,FUN_1
96564,29251,FUN_2,FUN_3
96593,22325,FUN_3,FUN_2
96604,28980,FUN_1,FUN_2
96607,22302,FUN_1,FUN_2
96615,12195,FUN_4,FUN_5
96619,7008,FUN_2,FUN_1
96627,29251,FUN_3,FUN_2
96640,22325,FUN_2,FUN_3
96643,16098,FUN_2,FUN_1
96655,22577,FUN_3,FUN_4
96656,23401,CUBE_L,FUN_1
96658,3951,FUN_6,CUBE_R
96668,20077,FUN_6,FUN_5
96687,1819,FUN_1,FUN_2
96694,29028,FUN_3,FUN_2
96695,15483,CUBE_L,FUN_1
96705,9453,FUN_3,FUN_2
96705,23596,FUN_2,FUN_3
96712,20197,FUN_2,FUN_3
96717,26909,CUBE_L,RET
96730,20340,FUN_1,FUN_2
96747,21665,RET,CUBE_L
96754,24861,FUN_4,FUN_5
96773,20077,FUN_5,FUN_6
96793,1625,FUN_2,FUN_3
96793,17703,CUBE_R,FUN_6
96799,25860,CUBE_L,RET
96816,319,FUN_1,FUN_2
96823,24586,FUN_2,FUN_3
96850,29213,RET,CUBE_L
96853,10088,FUN_3,FUN_2
96884,22797,FUN_2,FUN_3
96900,19924,FUN_1,FUN_2
96913,7824,RET,CUBE_R
96915,21171,FUN_3,FUN_2
96923,20011,FUN_4,FUN_5
96928,7068,FUN_2,FUN_1
96932,14026,FUN_2,FUN_1
96932,28980,FUN_2,FUN_1
96948,19440,FUN_3,FUN_2
96986,13679,FUN_3,FUN_2
96995,8007,FUN_5,FUN_6
97006,5516,CUBE_R,RET
97020,23631,FUN_1,FUN_2
97021,23126,CUBE_R,RET
97022,24963,FUN_6,FUN_5
97030,20810,FUN_6,FUN_5
97059,4496,FUN_2,FUN_3
97077,9453,FUN_2,FUN_3
97080,14645,CUBE_L,RET
97086,1965,FUN_3,FUN_4
97096,14054,RET,CUBE_R
97104,6671,FUN_3,FUN_2
97106,10511,FUN_4,FUN_3
97125,12281,FUN_4,FUN_3
97126,24290,FUN_3,FUN_2
97131,17703,FUN_6,CUBE_R
97144,23937,FUN_2,FUN_3
97159,29358,FUN_1,FUN_2
97160,19475,RET,CUBE_R
97167,24224,FUN_4,FUN_3
97182,23300,FUN_1,FUN_2
97182,25008,FUN_4,FUN_3
97192,9453,FUN_3,FUN_2
97197,9453,FUN_2,FUN_3
97223,21354,FUN_3,FUN_2
97231,9746,FUN_3,FUN_4
97241,6123,FUN_1,CUBE_L
97242,19754,FUN_2,FUN_1
97244,7032,FUN_1,FUN_2
97245,17223,FUN_3,FUN_2
97256,12161,FUN_2,FUN_3
97261,13567,CUBE_R,FUN_6
97264,3658,FUN_5,FUN_6
97275,12415,FUN_6,FUN_5
97292,16219,RET,CUBE_R
97313,20366,CUBE_R,FUN_6
97361,7956,FUN_5,FUN_6
97398,9951,FUN_2,FUN_3
97402,26258,FUN_4,FUN_5
97407,18778,CUBE_L,FUN_1
97407,29328,FUN_3,FUN_2
97412,9545,FUN_2,FUN_1
97419,23126,RET,CUBE_R
97437,22780,FUN_2,FUN_3
97460,27845,CUBE_L,RET
97462,24933,FUN_3,FUN_2
97466,13696,CUBE_R,FUN_6
97473,12856,FUN_3,FUN_2
97500,26169,FUN_2,FUN_3
97524,8594,FUN_1,FUN_2
97526,15062,FUN_3,FUN_2
97529,9453,FUN_3,FUN_2
97538,17519,RET,CUBE_R
97550,27481,FUN_2,FUN_1
97551,2985,CUBE_R,RET
97568,22797,FUN_3,FUN_2
97573,754,FUN_1,FUN_2
97575,23401,FUN_1,CUBE_L
97580,21459,FUN_2,FUN_3
97603,6123,CUBE_L,FUN_1
97634,20575,FUN_2,FUN_3
97639,21354,FUN_2,FUN_3
97650,24899,RET,CUBE_L
97651,24053,RET,CUBE_R
97671,8699,FUN_2,FUN_1
97678,20283,CUBE_R,RET
97684,92,FUN_5,FUN_4
97691,18050,FUN_2,FUN_1
97694,28278,FUN_6,FUN_5
97698,23768,FUN_2,FUN_3
97704,7317,CUBE_L,RET
97715,25564,FUN_3,FUN_2
97719,11229,FUN_2,FUN_3
97725,2247,FUN_5,FUN_6
97726,4732,FUN_1,FUN_2
97732,17223,FUN_2,FUN_3
97744,12054,FUN_3,FUN_4
97749,10748,FUN_2,FUN_3
97753,24636,CUBE_L,FUN_1
97759,27674,RET,CUBE_L
97764,4832,FUN_4,FUN_3
97770,18680,FUN_1,CUBE_L
97775,23401,CUBE_L,FUN_1
97790,19403,FUN_3,FUN_4
97800,9127,CUBE_R,RET
97806,20002,FUN_5,FUN_6
97831,28562,FUN_3,FUN_4
97834,905,FUN_1,FUN_2
97840,9453,FUN_2,FUN_3
97843,9765,FUN_5,FUN_4
97860,21459,FUN_3,FUN_2
97867,6059,FUN_4,FUN_3
97871,9970,FUN_2,FUN_3
97872,5944,FUN_2,FUN_1
97890,7032,FUN_2,FUN_1
97911,24224,FUN_3,FUN_4
97921,19285,FUN_1,FUN_2
97928,2222,RET,CUBE_L
97928,3689,FUN_2,FUN_1
97930,9453,FUN_3,FUN_2
97932,3121,FUN_1,FUN_2
97971,16219,CUBE_R,RET
97974,21728,FUN_1,FUN_2
98030,987,FUN_2,FUN_1
98034,18433,FUN_4,FUN_3
98064,285,CUBE_R,RET
98066,29814,FUN_1,FUN_2
98069,7269,FUN_3,FUN_2
98086,2184,FUN_6,CUBE_R
98098,2201,FUN_1,FUN_2
98099,20340,FUN_2,FUN_1
98131,1441,FUN_1,FUN_2
98132,27755,FUN_2,FUN_1
98144,22197,FUN_3,FUN_2
98156,10667,FUN_3,FUN_2
98190,23631,FUN_2,FUN_1
98193,2686,FUN_6,CUBE_R
98201,18976,FUN_5,FUN_4
98207,27632,FUN_5,FUN_6
98209,26258,FUN_5,FUN_4
98215,11979,CUBE_L,RET
98233,8675,FUN_1,FUN_2
98237,6222,FUN_1,FUN_2
98238,987,FUN_1,FUN_2
98247,22061,FUN_2,FUN_1
98249,28462,FUN_2,FUN_3
98272,36,CUBE_R,RET
98272,11315,FUN_1,FUN_2
98272,16062,FUN_2,FUN_1
98281,5773,RET,CUBE_L
98302,11150,CUBE_R,RET
98313,3225,FUN_2,FUN_3
98346,7357,FUN_4,FUN_5
98352,18500,CUBE_R,FUN_6
98358,21135,FUN_2,FUN_1
98368,3948,FUN_6,CUBE_R
98371,7631,FUN_4,FUN_3
98372,7845,FUN_5,FUN_4
98373,15856,FUN_4,FUN_3
98387,26909,RET,CUBE_L
98400,27610,FUN_4,FUN_5
98411,26527,FUN_1,FUN_2
98413,23562,FUN_3,FUN_2
98418,24899,CUBE_L,RET
98434,394,FUN_2,FUN_3
98437,20432,FUN_2,FUN_3
98449,29097,FUN_2,FUN_3
98457,22797,FUN_2,FUN_3
98468,10405,FUN_6,CUBE_R
98473,273,FUN_6,FUN_5
98480,21132,FUN_3,FUN_2
98497,9645,FUN_1,FUN_2
98500,25183,FUN_3,FUN_2
98505,9453,FUN_2,FUN_3
98507,27845,RET,CUBE_L
98518,23126,CUBE_R,RET
98527,4509,FUN_5,FUN_4
98529,16763,FUN_3,FUN_2
98544,8699,FUN_1,FUN_2
98576,4019,FUN_2,FUN_3
98588,5123,FUN_2,FUN_1
98622,28825,FUN_2,FUN_1
98625,344,FUN_4,FUN_3
98653,27755,FUN_1,FUN_2
98655,20432,FUN_3,FUN_2
98668,16470,CUBE_R,FUN_6
98696,24057,FUN_2,FUN_1
98698,9571,FUN_2,FUN_3
98719,19236,CUBE_L,RET
98721,26349,FUN_1,FUN_2
98727,29475,FUN_1,FUN_2
98738,1625,FUN_3,FUN_2
98739,622,RET,CUBE_R
98741,3088,FUN_5,FUN_4
98751,56,CUBE_R,RET
98752,19990,FUN_6,FUN_5
98772,10503,FUN_2,FUN_1
98784,14648,FUN_4,FUN_3
98798,27524,FUN_5,FUN_4
98812,10689,FUN_1,FUN_2
98828,13244,FUN_5,FUN_6
98837,11602,CUBE_R,RET
98841,23401,FUN_1,CUBE_L
98872,22628,FUN_3,FUN_4
98939,27088,FUN_2,FUN_3
98943,29443,FUN_1,FUN_2
98951,25235,FUN_3,FUN_2
98961,29408,FUN_5,FUN_6
98967,11657,FUN_2,FUN_1
98970,24247,FUN_4,FUN_3
98975,14026,FUN_1,FUN_2
98982,19670,FUN_1,FUN_2
98985,18050,FUN_1,FUN_2
99008,668,FUN_2,FUN_1
99011,11183,CUBE_L,FUN_1
99038,18050,FUN_2,FUN_1
99050,15632,CUBE_R,FUN_6
99053,28716,FUN_2,FUN_3
99069,10296,CUBE_R,RET
99076,6713,FUN_4,FUN_3
99080,283,RET,CUBE_R
99102,18976,FUN_4,FUN_5
99109,5123,FUN_1,FUN_2
99132,16888,FUN_2,FUN_3
99133,27,CUBE_L,RET
99138,28032,FUN_1,FUN_2
99161,25797,FUN_3,FUN_2
99165,9939,RET,CUBE_L
99211,21459,FUN_2,FUN_3
99213,627,FUN_5,FUN_4
99213,21171,FUN_2,FUN_3
99231,23969,RET,CUBE_R
99242,2985,RET,CUBE_R
99253,813,FUN_2,FUN_1
99270,23401,CUBE_L,FUN_1
99281,15409,CUBE_R,FUN_6
99284,29475,FUN_2,FUN_1
99292,6038,FUN_2,FUN_3
99318,29052,FUN_2,FUN_1
99323,287,FUN_3,FUN_2
99343,6593,FUN_3,FUN_2
99359,56,RET,CUBE_R
99377,15663,CUBE_L,RET
99400,10931,FUN_1,FUN_2
99409,22420,CUBE_L,RET
99437,10673,FUN_1,FUN_2
99459,6304,FUN_3,FUN_4
99470,20197,FUN_3,FUN_2
99478,56,CUBE_R,RET
99483,4312,FUN_4,FUN_3
99495,18718,FUN_3,FUN_2
99498,18976,FUN_5,FUN_4
99501,12804,FUN_3,FUN_4
99523,23192,CUBE_R,RET
99536,17204,CUBE_R,RET
99538,7956,FUN_6,FUN_5
99538,19754,FUN_1,FUN_2
99560,12415,FUN_5,FUN_6
99592,17244,CUBE_L,FUN_1
99596,8597,FUN_6,CUBE_R
99624,26169,FUN_3,FUN_2
99628,13679,FUN_2,FUN_3
99632,29555,FUN_3,FUN_2
99635,22728,FUN_4,FUN_3
99640,27839,FUN_1,FUN_2
99642,24922,FUN_3,FUN_2
99643,9841,CUBE_R,FUN_6
99645,23646,FUN_3,FUN_2
99654,28680,FUN_2,FUN_1
99661,25701,FUN_2,FUN_3
99662,4759,CUBE_L,RET
99664,21926,FUN_2,FUN_1
99693,7068,FUN_1,FUN_2
99714,11069,FUN_2,FUN_3
99720,9765,FUN_4,FUN_5
99726,22180,FUN_3,FUN_2
99745,1654,FUN_4,FUN_3
99745,14838,FUN_2,FUN_3
99754,21504,FUN_4,FUN_3
99766,27557,FUN_1,FUN_2
99770,14416,CUBE_R,RET
99777,21459,FUN_3,FUN_2
99778,6671,FUN_2,FUN_3
99785,21171,FUN_3,FUN_2
99787,20745,FUN_3,FUN_4
99788,24441,FUN_3,FUN_2
99804,15500,FUN_2,FUN_3
99811,622,CUBE_R,RET
99869,26112,FUN_4,FUN_5
99873,11657,FUN_1,FUN_2
99893,28489,CUBE_R,RET
99912,13841,FUN_3,FUN_2
99921,24933,FUN_2,FUN_3
99928,11500,FUN_2,FUN_1
99932,20002,FUN_6,FUN_5
99936,26258,FUN_4,FUN_5
99946,8839,FUN_2,FUN_3
99952,12215,CUBE_L,RET
99953,25701,FUN_3,FUN_2
99961,21665,CUBE_L,RET
99970,15409,FUN_6,CUBE_R
100001,19002,FUN_3,FUN_4
100012,22285,FUN_6,FUN_5
100017,12168,FUN_3,FUN_2
100023,686,FUN_3,FUN_4
100081,24933,FUN_3,FUN_2
100110,3102,CUBE_R,RET
100111,4624,CUBE_R,FUN_6
100122,2184,CUBE_R,FUN_6
100125,3592,FUN_4,FUN_5
100139,14920,FUN_2,FUN_3
100171,12661,FUN_2,FUN_1
100190,2467,FUN_4,FUN_5
100205,18050,FUN_1,FUN_2
100208,24803,FUN_3,FUN_2
100238,19549,FUN_4,FUN_5
100240,29328,FUN_2,FUN_3
100266,3102,RET,CUBE_R
100279,11602,RET,CUBE_R
100283,2686,CUBE_R,FUN_6
100301,2394,FUN_5,FUN_4
100327,19092,FUN_3,FUN_2
100328,9265,FUN_2,FUN_1
100346,19469,FUN_5,FUN_6
100348,16510,FUN_4,FUN_5
100363,28680,FUN_1,FUN_2
100374,20040,FUN_2,FUN_1
100378,18092,FUN_1,FUN_2
100428,28075,CUBE_R,FUN_6
100429,14416,RET,CUBE_R
100437,3951,CUBE_R,FUN_6
100438,3100,FUN_6,FUN_5
100477,9841,FUN_6,CUBE_R
100480,28825,FUN_1,FUN_2
100497,29050,FUN_5,FUN_4
100511,24094,FUN_3,FUN_4
100530,12512,FUN_4,FUN_3
100548,27048,FUN_3,FUN_2
100553,10996,CUBE_R,FUN_6
100557,15500,FUN_3,FUN_2
100590,24803,FUN_2,FUN_3
100642,3937,FUN_2,FUN_1
100650,13949,FUN_2,FUN_3
100670,18756,RET,CUBE_R
100678,29591,FUN_5,FUN_6
100683,25701,FUN_2,FUN_3
100685,287,FUN_2,FUN_3
100701,17421,FUN_3,FUN_4
100714,281,FUN_2,FUN_3
100714,25030,FUN_2,FUN_3
100726,8089,CUBE_R,FUN_6
100727,23562,FUN_2,FUN_3
100735,22174,FUN_5,FUN_4
100782,372,FUN_5,FUN_4
100788,24167,FUN_3,FUN_2
100817,25030,FUN_3,FUN_2
100821,13696,FUN_6,CUBE_R
100827,23457,FUN_5,FUN_4
100833,622,RET,CUBE_R
100833,27632,FUN_6,FUN_5
100841,13244,FUN_6,FUN_5
100846,13679,FUN_3,FUN_2
100846,18296,FUN_3,FUN_2
100869,6473,FUN_6,FUN_5
100875,20156,FUN_3,FUN_4
100880,16402,CUBE_L,FUN_1
100916,7824,CUBE_R,RET
100952,14838,FUN_3,FUN_2
100963,21953,FUN_3,FUN_2
100964,28489,RET,CUBE_R
100980,20538,CUBE_L,RET
101017,24268,FUN_5,FUN_6
101023,21953,FUN_2,FUN_3
101031,5566,FUN_3,FUN_2
101039,2636,FUN_5,FUN_6
101039,4624,FUN_6,CUBE_R
101040,20745,FUN_4,FUN_3
101059,1587,FUN_2,FUN_1
101076,11254,RET,CUBE_R
101088,24290,FUN_2,FUN_3
101092,9089,FUN_3,FUN_2
101095,16218,FUN_2,FUN_1
101112,6377,FUN_5,FUN_4
101112,16062,FUN_1,FUN_2
101163,18296,FUN_2,FUN_3
101190,16510,FUN_5,FUN_4
101199,6626,FUN_2,FUN_1
101202,9489,FUN_5,FUN_6
101215,506,FUN_6,CUBE_R
101219,19713,FUN_1,FUN_2
101242,14057,RET,CUBE_R
101246,23401,FUN_1,CUBE_L
101248,10899,FUN_2,FUN_3
101257,4496,FUN_3,FUN_2
101272,6191,FUN_4,FUN_3
101276,22440,FUN_2,FUN_3
101296,17171,FUN_2,FUN_3
101319,8089,FUN_6,CUBE_R
101323,11784,FUN_3,FUN_4
101333,29052,FUN_1,FUN_2
101359,2049,FUN_3,FUN_2
101369,18972,FUN_5,FUN_6
101373,281,FUN_3,FUN_2
101373,12455,FUN_5,FUN_6
101377,15726,FUN_2,FUN_1
101378,10088,FUN_2,FUN_3
101403,6473,FUN_5,FUN_6
101416,17252,CUBE_R,RET
101428,21776,FUN_2,FUN_3
101429,20041,FUN_2,FUN_1
101431,11384,FUN_3,FUN_2
101441,24176,CUBE_L,FUN_1
101476,24441,FUN_2,FUN_3
101479,12868,FUN_4,FUN_5
101489,24053,CUBE_R,RET
101492,7032,FUN_1,FUN_2
101541,9841,CUBE_R,FUN_6
101553,14509,CUBE_R,RET
101562,13733,FUN_2,FUN_1
101567,21926,FUN_1,FUN_2
101568,11229,FUN_3,FUN_2
101573,9489,FUN_6,FUN_5
101583,22780,FUN_3,FUN_2
101590,20810,FUN_5,FUN_6
101591,18976,FUN_4,FUN_5
101591,27632,FUN_5,FUN_6
101596,23768,FUN_3,FUN_2
101607,15500,FUN_2,FUN_3
101619,23401,CUBE_L,FUN_1
101633,4129,FUN_3,FUN_4
101657,14838,FUN_2,FUN_3
101664,21074,FUN_6,CUBE_R
101690,29305,FUN_2,FUN_1
101703,22325,FUN_3,FUN_2
101715,17252,RET,CUBE_R
101733,29591,FUN_6,FUN_5
101734,11183,FUN_1,CUBE_L
101736,28386,FUN_5,FUN_4
101741,1020,FUN_1,FUN_2
101744,8503,RET,CUBE_R
101750,17703,CUBE_R,FUN_6
101766,10525,FUN_2,FUN_1
101775,29052,FUN_2,FUN_1
101790,1898,FUN_4,FUN_3
101799,14771,FUN_5,FUN_4
101804,3118,FUN_2,FUN_1
101805,3276,CUBE_L,FUN_1
101807,15483,FUN_1,CUBE_L
101813,22061,FUN_1,FUN_2
101814,24650,FUN_6,CUBE_R
101824,5516,RET,CUBE_R
101826,13827,FUN_3,FUN_4
101828,19549,FUN_5,FUN_4
101829,285,RET,CUBE_R
101832,25442,FUN_3,FUN_2
101840,20156,FUN_4,FUN_3
101856,2985,CUBE_R,RET
101864,432,FUN_4,FUN_5
101865,5123,FUN_2,FUN_1
101879,29555,FUN_2,FUN_3
101880,10503,FUN_1,FUN_2
101881,29305,FUN_1,FUN_2
101925,12868,FUN_5,FUN_4
101926,12289,FUN_5,FUN_4
101927,6048,FUN_4,FUN_3
101945,3028,RET,CUBE_R
101952,5515,CUBE_L,FUN_1
102002,12871,FUN_3,FUN_2
102013,24851,FUN_2,FUN_3
102026,17982,CUBE_L,RET
102028,28496,FUN_2,FUN_3
102047,27632,FUN_6,FUN_5
102061,19835,RET,CUBE_L
102065,22325,FUN_2,FUN_3
102072,15500,FUN_3,FUN_2
102074,4129,FUN_4,FUN_3
102087,21315,FUN_3,FUN_4
102103,12868,FUN_4,FUN_5
102104,21985,FUN_2,FUN_1
102105,281,FUN_2,FUN_3
102111,25160,FUN_6,FUN_5
102112,10899,FUN_3,FUN_2
102124,7876,CUBE_L,RET
102127,13290,RET,CUBE_R
102132,7101,FUN_2,FUN_1
102136,20755,FUN_6,FUN_5
102144,27887,FUN_6,FUN_5
102180,15483,CUBE_L,FUN_1
102195,56,RET,CUBE_R
102211,5516,CUBE_R,RET
102220,25030,FUN_2,FUN_3
102226,4709,CUBE_L,RET
102226,13711,FUN_4,FUN_3
102234,11894,FUN_2,FUN_1
102242,10086,FUN_4,FUN_5
102242,11770,FUN_4,FUN_5
102247,5566,FUN_2,FUN_3
102254,20039,FUN_1,FUN_2
102254,22302,FUN_2,FUN_1
102289,28081,FUN_3,FUN_2
102306,27569,FUN_6,FUN_5
102314,21146,FUN_2,FUN_3
102317,6626,FUN_1,FUN_2
102318,9571,FUN_3,FUN_2
102332,16763,FUN_2,FUN_3
102362,432,FUN_5,FUN_4
102378,29251,FUN_2,FUN_3
102398,2434,FUN_3,FUN_2
102430,4496,FUN_2,FUN_3
102431,2394,FUN_4,FUN_5
102443,26348,FUN_3,FUN_4
102465,506,CUBE_R,FUN_6
102467,1294,FUN_4,FUN_3
102478,17204,RET,CUBE_R
102492,26169,FUN_2,FUN_3
102521,27773,CUBE_L,RET
102522,5566,FUN_3,FUN_2
102534,27410,RET,CUBE_L
102537,14609,FUN_1,FUN_2
102542,17252,CUBE_R,RET
102552,29801,FUN_3,FUN_2
102556,6377,FUN_4,FUN_5
102565,17584,FUN_3,FUN_2
102569,14343,RET,CUBE_R
102573,15286,FUN_3,FUN_2
102581,23768,FUN_2,FUN_3
102583,5293,FUN_5,FUN_4
102594,18119,FUN_5,FUN_4
102596,15663,RET,CUBE_L
102601,15286,FUN_2,FUN_3
102618,2351,RET,CUBE_L
102618,11551,FUN_2,FUN_1
102631,25155,FUN_6,FUN_5
102639,24269,FUN_1,FUN_2
102663,24176,FUN_1,CUBE_L
102663,29801,FUN_2,FUN_3
102673,2166,RET,CUBE_R
102695,13949,FUN_3,FUN_2
102721,20552,FUN_3,FUN_4
102730,7269,FUN_2,FUN_3
102741,14893,FUN_4,FUN_5
102742,29190,CUBE_R,FUN_6
102758,16218,FUN_1,FUN_2
102773,9489,FUN_5,FUN_6
102784,12054,FUN_4,FUN_3
102803,29052,FUN_1,FUN_2
102806,11315,FUN_2,FUN_1
102827,23795,FUN_4,FUN_5
102830,7826,FUN_1,FUN_2
102830,8444,FUN_3,FUN_2
102836,21315,FUN_4,FUN_3
102843,14416,CUBE_R,RET
102857,4633,FUN_3,FUN_4
102881,13917,CUBE_R,RET
102890,2985,RET,CUBE_R
102907,20197,FUN_2,FUN_3
102908,11069,FUN_3,FUN_2
102928,17252,RET,CUBE_R
102937,18990,FUN_4,FUN_5
102949,24247,FUN_3,FUN_4
102959,29305,FUN_2,FUN_1
102964,20810,FUN_6,FUN_5
102965,19857,FUN_3,FUN_4
102966,10525,FUN_1,FUN_2
102970,4832,FUN_3,FUN_4
102972,3801,CUBE_L,RET
103000,2439,FUN_4,FUN_3
103008,25442,FUN_2,FUN_3
103028,22557,FUN_2,FUN_1
103037,24964,CUBE_L,RET
103039,25235,FUN_2,FUN_3
103045,13143,FUN_4,FUN_5
103051,19629,FUN_4,FUN_3
103056,9265,FUN_1,FUN_2
103065,13455,FUN_2,FUN_3
103076,27887,FUN_5,FUN_6
103079,27675,FUN_3,FUN_2
103088,18458,RET,CUBE_L
103092,23777,FUN_2,FUN_3
103105,1725,FUN_2,FUN_1
103105,9092,FUN_4,FUN_3
103107,18086,FUN_5,FUN_4
103125,23401,FUN_1,CUBE_L
103134,3634,FUN_1,FUN_2
103147,24268,FUN_6,FUN_5
103149,13305,FUN_2,FUN_1
103163,28096,FUN_1,FUN_2
103179,20810,FUN_5,FUN_6
103188,22440,FUN_3,FUN_2
103213,29810,FUN_4,FUN_3
103253,13143,FUN_5,FUN_4
103310,2166,CUBE_R,RET
103322,8597,CUBE_R,FUN_6
103359,29757,FUN_2,FUN_1
103374,28415,FUN_2,FUN_1
103405,25907,FUN_1,FUN_2
103408,22601,RET,CUBE_R
103415,2222,CUBE_L,RET
103418,25235,FUN_3,FUN_2
103424,24851,FUN_3,FUN_2
103435,22324,FUN_2,FUN_1
103460,10557,FUN_2,FUN_3
103470,5566,FUN_2,FUN_3
103477,24053,RET,CUBE_R
103479,8657,CUBE_L,RET
103489,29028,FUN_2,FUN_3
103502,19294,FUN_3,FUN_4
103503,29814,FUN_2,FUN_1
103504,12259,FUN_1,FUN_2
103505,11384,FUN_2,FUN_3
103505,14233,FUN_3,FUN_2
103522,15500,FUN_2,FUN_3
103523,29801,FUN_3,FUN_2
103530,11242,FUN_2,FUN_3
103551,27020,FUN_2,FUN_1
103552,21527,FUN_6,CUBE_R
103567,10086,FUN_5,FUN_4
103567,12871,FUN_2,FUN_3
103575,2049,FUN_2,FUN_3
103603,28217,FUN_3,FUN_2
103609,12868,FUN_5,FUN_4
103614,11727,FUN_5,FUN_6
103615,11302,FUN_4,FUN_3
103629,15635,FUN_3,FUN_2
103651,10272,FUN_5,FUN_4
103654,9941,FUN_6,FUN_5
103658,19341,FUN_6,CUBE_R
103662,11551,FUN_1,FUN_2
103664,3937,FUN_1,FUN_2
103678,10996,FUN_6,CUBE_R
103680,11958,FUN_4,FUN_3
103688,5249,FUN_5,FUN_6
103695,13265,CUBE_R,FUN_6
103698,16208,FUN_4,FUN_5
103722,15272,FUN_5,FUN_4
103726,28032,FUN_2,FUN_1
103728,17340,FUN_2,FUN_1
103733,10405,CUBE_R,FUN_6
103747,7824,RET,CUBE_R
103747,8816,FUN_4,FUN_3
103751,24009,FUN_2,FUN_1
103767,17223,FUN_3,FUN_2
103789,23260,FUN_5,FUN_4
103793,966,CUBE_R,RET
103796,15480,FUN_4,FUN_3
103826,4498,FUN_3,FUN_4
103831,17703,FUN_6,CUBE_R
103833,14920,FUN_3,FUN_2
103842,2796,CUBE_R,FUN_6
103845,22557,FUN_1,FUN_2
103854,5135,FUN_3,FUN_2
103872,19629,FUN_3,FUN_4
103876,29028,FUN_3,FUN_2
103900,9265,FUN_2,FUN_1
103908,11770,FUN_5,FUN_4
103912,29028,FUN_2,FUN_3
103919,18458,CUBE_L,RET
103962,22302,FUN_1,FUN_2
103968,622,CUBE_R,RET
103969,4995,FUN_4,FUN_3
103969,27675,FUN_2,FUN_3
103990,27675,FUN_3,FUN_2
103990,28638,RET,CUBE_R
103994,24933,FUN_2,FUN_3
104009,21929,FUN_2,FUN_1
104014,21665,RET,CUBE_L
104015,11069,FUN_2,FUN_3
104059,26877,CUBE_R,RET
104072,28032,FUN_1,FUN_2
104109,2394,FUN_5,FUN_4
104111,8859,RET,CUBE_L
104111,28217,FUN_2,FUN_3
104118,19552,FUN_6,FUN_5
104121,12259,FUN_2,FUN_1
104128,10525,FUN_2,FUN_1
104135,22440,FUN_2,FUN_3
104145,3028,CUBE_R,RET
104169,966,RET,CUBE_R
104171,3028,RET,CUBE_R
104174,4505,FUN_5,FUN_4
104175,29028,FUN_3,FUN_2
104179,17300,FUN_1,FUN_2
104182,28032,FUN_2,FUN_1
104204,11183,CUBE_L,FUN_1
104217,27887,FUN_6,FUN_5
104221,29305,FUN_1,FUN_2
104223,20810,FUN_6,FUN_5
104243,8503,CUBE_R,RET
104278,3495,FUN_2,FUN_3
104281,8357,CUBE_L,FUN_1
104294,14920,FUN_2,FUN_3
104297,56,CUBE_R,RET
104298,4995,FUN_3,FUN_4
104306,13679,FUN_2,FUN_3
104310,8859,CUBE_L,RET
104314,966,CUBE_R,RET
104333,15441,FUN_2,FUN_3
104348,3118,FUN_1,FUN_2
104354,20144,FUN_1,FUN_2
104357,19274,FUN_2,FUN_3
104375,9841,FUN_6,CUBE_R
104385,10086,FUN_4,FUN_5
104387,10272,FUN_4,FUN_5
104396,1681,FUN_3,FUN_2
104416,24053,CUBE_R,RET
104418,2985,CUBE_R,RET
104434,11662,FUN_2,FUN_3
104442,27078,FUN_6,CUBE_R
104454,10899,FUN_2,FUN_3
104461,17204,CUBE_R,RET
104474,24988,FUN_3,FUN_4
104480,7503,FUN_3,FUN_4
104484,7826,FUN_2,FUN_1
104498,2713,RET,CUBE_R
104509,28217,FUN_3,FUN_2
104515,3951,FUN_6,CUBE_R
104532,19312,FUN_5,FUN_4
104537,5516,RET,CUBE_R
104545,4544,RET,CUBE_R
104555,19748,RET,CUBE_R
104558,22420,RET,CUBE_L
104564,20348,FUN_3,FUN_2
104571,6626,FUN_2,FUN_1
104572,3572,FUN_6,FUN_5
104576,10931,FUN_2,FUN_1
104589,22508,FUN_2,FUN_3
104593,966,RET,CUBE_R
104614,19629,FUN_4,FUN_3
104641,22065,CUBE_L,RET
104652,7831,FUN_3,FUN_2
104653,26718,FUN_3,FUN_4
104659,25442,FUN_3,FUN_2
104671,668,FUN_1,FUN_2
104677,18050,FUN_2,FUN_1
104693,20575,FUN_3,FUN_2
104704,21426,FUN_3,FUN_2
104733,7067,FUN_4,FUN_5
104733,27433,CUBE_L,RET
104781,28217,FUN_2,FUN_3
104782,4648,CUBE_R,FUN_6
104792,15080,FUN_1,FUN_2
104818,29050,FUN_4,FUN_5
104833,15483,FUN_1,CUBE_L
104838,22854,CUBE_R,RET
104845,4995,FUN_4,FUN_3
104852,12512,FUN_3,FUN_4
104881,16204,FUN_2,FUN_1
104893,20041,FUN_1,FUN_2
104897,23300,FUN_2,FUN_1
104899,11958,FUN_3,FUN_4
104899,14416,RET,CUBE_R
104918,29853,CUBE_R,FUN_6
104919,8542,FUN_3,FUN_4
104920,7710,FUN_5,FUN_6
104937,9919,FUN_1,FUN_2
104941,4461,RET,CUBE_L
104947,4030,FUN_5,FUN_4
104957,22601,CUBE_R,RET
104970,29190,FUN_6,CUBE_R
104971,5675,FUN_1,FUN_2
104979,18877,CUBE_R,FUN_6
104979,25745,FUN_5,FUN_6
104987,7556,FUN_4,FUN_5
105005,312,FUN_4,FUN_3
105008,92,FUN_4,FUN_5
105022,23155,FUN_1,FUN_2
105037,5293,FUN_4,FUN_5
105054,21929,FUN_1,FUN_2
105071,28357,FUN_1,FUN_2
105084,24807,FUN_5,FUN_4
105089,13841,FUN_2,FUN_3
105091,22404,FUN_3,FUN_4
105094,11657,FUN_2,FUN_1
105114,3118,FUN_2,FUN_1
105120,28562,FUN_4,FUN_3
105132,26791,FUN_3,FUN_4
105134,7573,FUN_2,FUN_1
105147,22325,FUN_3,FUN_2
105161,5249,FUN_6,FUN_5
105174,27632,FUN_5,FUN_6
105178,22728,FUN_3,FUN_4
105185,24256,FUN_4,FUN_3
105192,7824,CUBE_R,RET
105193,2985,RET,CUBE_R
105205,13132,FUN_3,FUN_4
105225,427,FUN_3,FUN_2
105237,23861,FUN_3,FUN_4
105238,29408,FUN_6,FUN_5
105258,2713,CUBE_R,RET
105262,29810,FUN_3,FUN_4
105273,7074,FUN_2,FUN_1
105286,3583,FUN_2,FUN_1
105286,9571,FUN_2,FUN_3
105292,18295,CUBE_L,FUN_1
105292,20537,FUN_2,FUN_3
105299,24807,FUN_4,FUN_5
105311,24251,FUN_4,FUN_5
105319,14233,FUN_2,FUN_3
105326,23006,FUN_5,FUN_6
105342,13711,FUN_3,FUN_4
105349,3118,FUN_1,FUN_2
105356,5516,CUBE_R,RET
105373,9841,CUBE_R,FUN_6
105376,24807,FUN_5,FUN_4
105378,22302,FUN_2,FUN_1
105383,11505,FUN_4,FUN_3
105383,21929,FUN_2,FUN_1
105396,21202,FUN_5,FUN_4
105409,20108,FUN_2,FUN_3
105417,2345,FUN_1,FUN_2
105438,7831,FUN_2,FUN_3
105442,13661,FUN_4,FUN_3
105450,10272,FUN_5,FUN_4
105474,4709,RET,CUBE_L
105474,27020,FUN_1,FUN_2
105487,12623,FUN_2,FUN_3
105511,26520,FUN_4,FUN_3
105521,12623,FUN_3,FUN_2
105540,6621,FUN_2,FUN_3
105549,7823,FUN_3,FUN_2
105566,25929,FUN_2,FUN_3
105586,15635,FUN_2,FUN_3
105586,16218,FUN_2,FUN_1
105594,14771,FUN_4,FUN_5
105603,5743,FUN_2,FUN_1
105610,3028,CUBE_R,RET
105614,10405,FUN_6,CUBE_R
105636,25663,FUN_3,FUN_2
105646,10502,CUBE_R,RET
105657,456,CUBE_R,RET
105659,1681,FUN_2,FUN_3
105660,11095,FUN_1,FUN_2
105667,19886,FUN_1,FUN_2
105672,21953,FUN_3,FUN_2
105673,966,CUBE_R,RET
105673,2324,FUN_5,FUN_4
105695,26520,FUN_3,FUN_4
105719,25920,FUN_3,FUN_4
105733,7823,FUN_2,FUN_3
105766,29113,RET,CUBE_R
105770,22618,FUN_2,FUN_3
105781,14122,FUN_5,FUN_4
105794,1327,FUN_4,FUN_3
105794,7455,FUN_6,CUBE_R
105795,6034,FUN_3,FUN_2
105803,21011,FUN_3,FUN_4
105823,201,FUN_3,FUN_2
105827,14634,FUN_3,FUN_4
105853,12856,FUN_2,FUN_3
105862,21011,FUN_4,FUN_3
105867,8503,RET,CUBE_R
105895,20719,FUN_6,FUN_5
105907,15536,FUN_2,FUN_3
105917,26090,FUN_2,FUN_1
105938,21963,RET,CUBE_R
105956,11229,FUN_2,FUN_3
105956,14893,FUN_5,FUN_4
105961,1251,RET,CUBE_L
105961,21132,FUN_2,FUN_3
105988,18092,FUN_2,FUN_1
106006,17340,FUN_1,FUN_2
106007,8859,RET,CUBE_L
106025,17350,FUN_4,FUN_5
106073,22302,FUN_1,FUN_2
106086,27020,FUN_2,FUN_1
106095,4498,FUN_4,FUN_3
106109,8503,CUBE_R,RET
106127,29028,FUN_2,FUN_3
106129,29050,FUN_5,FUN_4
106149,13721,FUN_2,FUN_3
106161,14509,RET,CUBE_R
106163,16763,FUN_3,FUN_2
106185,26897,FUN_2,FUN_3
106195,11254,CUBE_R,RET
106225,23123,FUN_3,FUN_2
106235,19420,CUBE_R,FUN_6
106269,11584,FUN_4,FUN_5
106271,24447,FUN_2,FUN_1
106295,8542,FUN_4,FUN_3
106305,15118,FUN_3,FUN_2
106314,29115,FUN_6,FUN_5
106330,21953,FUN_2,FUN_3
106332,23861,FUN_4,FUN_3
106338,2713,RET,CUBE_R
106352,8275,FUN_3,FUN_2
106352,10525,FUN_1,FUN_2
106358,12131,FUN_3,FUN_4
106377,24302,FUN_3,FUN_4
106380,21929,FUN_1,FUN_2
106386,28562,FUN_3,FUN_4
106391,9216,FUN_3,FUN_2
106396,9453,FUN_3,FUN_2
106406,27078,CUBE_R,FUN_6
106407,4832,FUN_4,FUN_3
106414,11584,FUN_5,FUN_4
106414,19835,CUBE_L,RET
106421,2351,CUBE_L,RET
106421,3814,CUBE_R,FUN_6
106422,9631,FUN_6,FUN_5
106431,9265,FUN_1,FUN_2
106435,15298,FUN_3,FUN_2
106440,9841,FUN_6,CUBE_R
106450,26520,FUN_4,FUN_3
106454,24440,CUBE_L,FUN_1
106457,19160,FUN_2,FUN_3
106465,12846,CUBE_R,FUN_6
106469,21218,RET,CUBE_L
106487,22440,FUN_3,FUN_2
106492,27887,FUN_5,FUN_6
106519,19117,FUN_2,FUN_3
106521,11784,FUN_4,FUN_3
106534,24964,RET,CUBE_L
106541,11242,FUN_3,FUN_2
106577,12195,FUN_5,FUN_4
106596,6048,FUN_3,FUN_4
106597,22404,FUN_4,FUN_3
106611,8576,CUBE_L,RET
106628,18287,RET,CUBE_L
106629,12623,FUN_2,FUN_3
106632,8178,FUN_5,FUN_6
106640,23491,FUN_3,FUN_2
106662,15726,FUN_1,FUN_2
106669,27433,RET,CUBE_L
106692,7710,FUN_6,FUN_5
106714,4095,CUBE_L,RET
106732,14266,FUN_5,FUN_6
106740,1238,CUBE_R,RET
106746,29853,FUN_6,CUBE_R
106757,24268,FUN_5,FUN_6
106758,27952,FUN_2,FUN_1
106761,2422,FUN_1,CUBE_L
106767,29050,FUN_4,FUN_5
106777,17340,FUN_2,FUN_1
106805,7637,FUN_1,FUN_2
106810,4817,RET,CUBE_R
106813,3821,FUN_3,FUN_4
106814,15016,RET,CUBE_L
106836,29113,CUBE_R,RET
106844,622,RET,CUBE_R
106845,2713,CUBE_R,RET
106856,10223,FUN_4,FUN_3
106860,27632,FUN_6,FUN_5
106866,25160,FUN_5,FUN_6
106875,5831,CUBE_L,RET
106880,4129,FUN_3,FUN_4
106888,6048,FUN_4,FUN_3
106913,12131,FUN_4,FUN_3
106914,23719,FUN_2,FUN_3
106917,5921,FUN_4,FUN_5
106918,26417,FUN_3,FUN_2
106922,4689,FUN_3,FUN_2
106950,27569,FUN_5,FUN_6
106963,22368,FUN_2,FUN_1
106969,2686,FUN_6,CUBE_R
106972,3880,FUN_3,FUN_4
106972,21933,FUN_6,FUN_5
106977,24447,FUN_1,FUN_2
107004,11770,FUN_4,FUN_5
107013,1098,FUN_2,FUN_1
107015,9754,FUN_6,FUN_5
107021,17419,FUN_2,FUN_3
107056,3689,FUN_1,FUN_2
107059,10150,FUN_6,CUBE_R
107061,25235,FUN_2,FUN_3
107069,11302,FUN_3,FUN_4
107083,20011,FUN_5,FUN_4
107087,21426,FUN_2,FUN_3
107116,22440,FUN_2,FUN_3
107148,11095,FUN_2,FUN_1
107148,29199,CUBE_R,RET
107152,19739,CUBE_L,RET
107161,3658,FUN_6,FUN_5
107169,1625,FUN_2,FUN_3
107192,18458,RET,CUBE_L
107203,29050,FUN_5,FUN_4
107206,418,FUN_2,FUN_1
107220,14509,CUBE_R,RET
107245,15039,FUN_3,FUN_2
107282,29050,FUN_4,FUN_5
107308,21929,FUN_2,FUN_1
107313,4379,FUN_3,FUN_2
107314,2636,FUN_6,FUN_5
107324,19969,FUN_5,FUN_4
107344,20745,FUN_3,FUN_4
107347,14871,RET,CUBE_R
107350,14552,FUN_1,FUN_2
107384,17252,CUBE_R,RET
107386,26877,RET,CUBE_R
107386,27675,FUN_2,FUN_3
107422,20366,FUN_6,CUBE_R
107431,8089,CUBE_R,FUN_6
107441,15286,FUN_3,FUN_2
107470,4030,FUN_4,FUN_5
107475,8503,RET,CUBE_R
107477,14998,FUN_6,FUN_5
107482,11582,FUN_1,FUN_2
107486,5290,FUN_2,FUN_1
107505,10082,FUN_2,FUN_1
107506,2724,FUN_2,FUN_3
107510,21142,FUN_2,FUN_1
107514,16761,FUN_2,FUN_1
107543,14266,FUN_6,FUN_5
107557,29052,FUN_2,FUN_1
107578,26111,FUN_2,FUN_1
107579,1098,FUN_1,FUN_2
107589,25183,FUN_2,FUN_3
107592,14848,FUN_6,CUBE_R
107631,4461,CUBE_L,RET
107633,1945,FUN_3,FUN_4
107638,25797,FUN_2,FUN_3
107650,22174,FUN_4,FUN_5
107654,25235,FUN_3,FUN_2
107662,24120,FUN_5,FUN_6
107664,21963,CUBE_R,RET
107666,16819,CUBE_L,RET
107668,26180,FUN_1,FUN_2
107671,26029,FUN_3,FUN_2
107705,25243,CUBE_L,RET
107714,4461,RET,CUBE_L
107725,20719,FUN_5,FUN_6
107726,16332,CUBE_L,RET
107740,8089,FUN_6,CUBE_R
107740,11891,FUN_6,FUN_5
107763,10811,FUN_3,FUN_2
107764,16819,RET,CUBE_L
107772,15016,CUBE_L,RET
107810,16510,FUN_4,FUN_5
107831,20227,FUN_4,FUN_3
107896,10614,FUN_2,FUN_1
107918,19924,FUN_2,FUN_1
107921,8657,RET,CUBE_L
107935,15421,FUN_2,FUN_1
107954,11277,FUN_5,FUN_4
107962,10706,FUN_3,FUN_2
107965,18310,FUN_1,FUN_2
107986,8823,FUN_1,FUN_2
107989,24057,FUN_1,FUN_2
107990,17584,FUN_2,FUN_3
108011,24009,FUN_1,FUN_2
108020,20445,FUN_2,FUN_3
108024,2481,FUN_4,FUN_5
108030,25235,FUN_2,FUN_3
108083,12505,FUN_2,FUN_3
108090,27536,FUN_3,FUN_4
108095,26976,FUN_3,FUN_2
108096,4648,FUN_6,CUBE_R
108115,25627,FUN_3,FUN_2
108130,19629,FUN_3,FUN_4
108134,8057,CUBE_R,RET
108135,25271,FUN_5,FUN_6
108137,7136,CUBE_R,FUN_6
108150,16579,FUN_1,FUN_2
108158,23719,FUN_3,FUN_2
108161,2331,FUN_3,FUN_4
108166,4030,FUN_5,FUN_4
108166,20011,FUN_4,FUN_5
108167,6048,FUN_3,FUN_4
108169,1083,FUN_6,CUBE_R
108197,1625,FUN_3,FUN_2
108235,29801,FUN_2,FUN_3
108239,26417,FUN_2,FUN_3
108241,11768,FUN_2,FUN_3
108244,9069,FUN_2,FUN_3
108246,29827,FUN_5,FUN_4
108252,18220,RET,CUBE_R
108259,11254,RET,CUBE_R
108276,9453,FUN_2,FUN_3
108276,23491,FUN_2,FUN_3
108289,20156,FUN_3,FUN_4
108308,3583,FUN_1,FUN_2
108311,6222,FUN_2,FUN_1
108313,16761,FUN_1,FUN_2
108329,20228,FUN_2,FUN_3
108336,3880,FUN_4,FUN_3
108343,19784,FUN_3,FUN_4
108358,26520,FUN_3,FUN_4
108359,10088,FUN_3,FUN_2
108367,1625,FUN_2,FUN_3
108377,9919,FUN_2,FUN_1
108385,15663,CUBE_L,RET
108390,8275,FUN_2,FUN_3
108391,372,FUN_4,FUN_5
108399,28460,FUN_6,CUBE_R
108403,11095,FUN_1,FUN_2
108410,7205,RET,CUBE_L
108414,7689,FUN_3,FUN_4
108417,27557,FUN_2,FUN_1
108423,12255,FUN_2,FUN_1
108424,29028,FUN_3,FUN_2
108439,20719,FUN_6,FUN_5
108458,26988,FUN_2,FUN_3
108464,18591,FUN_3,FUN_2
108475,1320,FUN_1,CUBE_L
108502,1852,CUBE_R,FUN_6
108504,29904,FUN_2,FUN_3
108509,23155,FUN_2,FUN_1
108518,21953,FUN_3,FUN_2
108527,22871,FUN_3,FUN_4
108528,6641,FUN_1,CUBE_L
108563,23633,FUN_2,FUN_1
108572,29810,FUN_4,FUN_3
108619,21218,CUBE_L,RET
108639,13801,FUN_5,FUN_4
108659,22568,FUN_4,FUN_5
108661,21178,FUN_3,FUN_2
108667,22098,CUBE_L,RET
108670,25235,FUN_3,FUN_2
108691,16946,CUBE_L,FUN_1
108693,17413,FUN_3,FUN_4
108708,9062,FUN_3,FUN_4
108728,17204,RET,CUBE_R
108729,7617,FUN_3,FUN_2
108741,15635,FUN_3,FUN_2
108748,29050,FUN_5,FUN_4
108749,29443,FUN_2,FUN_1
108765,25884,CUBE_R,FUN_6
108767,9756,FUN_5,FUN_4
108767,23491,FUN_3,FUN_2
108767,29113,RET,CUBE_R
108778,16761,FUN_2,FUN_1
108788,29475,FUN_1,FUN_2
108800,5093,FUN_6,CUBE_R
108823,6085,FUN_1,FUN_2
108830,13305,FUN_1,FUN_2
108832,5074,FUN_5,FUN_6
108837,18500,FUN_6,CUBE_R
108845,3545,FUN_2,FUN_1
108849,9390,FUN_1,FUN_2
108862,26877,CUBE_R,RET
108885,13801,FUN_4,FUN_5
108919,26375,FUN_6,CUBE_R
108928,967,FUN_2,FUN_1
108937,21647,FUN_6,FUN_5
108963,10128,FUN_4,FUN_3
108963,10706,FUN_2,FUN_3
108977,15580,FUN_4,FUN_5
108986,6377,FUN_5,FUN_4
108993,18214,FUN_3,FUN_2
109012,7205,CUBE_L,RET
109032,16204,FUN_1,FUN_2
109063,14852,FUN_2,FUN_3
109082,18458,CUBE_L,RET
109110,5338,RET,CUBE_L
109118,22577,FUN_4,FUN_3
109120,1320,CUBE_L,FUN_1
109120,27481,FUN_1,FUN_2
109124,4660,RET,CUBE_L
109126,921,FUN_4,FUN_3
109131,14857,FUN_2,FUN_3
109136,29707,RET,CUBE_R
109138,9069,FUN_3,FUN_2
109139,21301,FUN_6,CUBE_R
109140,19696,FUN_2,FUN_1
109148,11357,RET,CUBE_L
109151,11958,FUN_4,FUN_3
109179,26029,FUN_2,FUN_3
109180,13759,FUN_4,FUN_5
109181,29251,FUN_3,FUN_2
109198,5108,FUN_1,FUN_2
109201,24290,FUN_3,FUN_2
109218,5944,FUN_1,FUN_2
109231,622,CUBE_R,RET
109233,23241,FUN_4,FUN_3
109239,7620,FUN_1,FUN_2
109240,16218,FUN_1,FUN_2
109262,14998,FUN_5,FUN_6
109268,24333,RET,CUBE_R
109275,14906,FUN_2,FUN_1
109275,20228,FUN_3,FUN_2
109284,26520,FUN_4,FUN_3
109331,12181,RET,CUBE_L
109343,25666,FUN_2,FUN_3
109344,26375,CUBE_R,FUN_6
109348,16582,FUN_3,FUN_2
109378,4274,FUN_5,FUN_4
109394,5944,FUN_2,FUN_1
109416,12814,CUBE_L,FUN_1
109425,4713,FUN_4,FUN_3
109425,12623,FUN_3,FUN_2
109428,21963,RET,CUBE_R
109434,10502,RET,CUBE_R
109447,6744,FUN_3,FUN_2
109458,29028,FUN_2,FUN_3
109460,24199,RET,CUBE_R
109481,19990,FUN_5,FUN_6
109481,25691,FUN_1,FUN_2
109483,7573,FUN_1,FUN_2
109485,11852,RET,CUBE_R
109494,19341,CUBE_R,FUN_6
109498,5944,FUN_1,FUN_2
109506,8720,FUN_3,FUN_4
109527,29893,FUN_3,FUN_2
109538,18086,FUN_4,FUN_5
109551,13594,RET,CUBE_R
109553,21207,CUBE_R,FUN_6
109564,17519,CUBE_R,RET
109569,15039,FUN_2,FUN_3
109590,29827,FUN_4,FUN_5
109592,2178,FUN_3,FUN_2
109617,18324,FUN_3,FUN_4
109617,26862,FUN_2,FUN_3
109639,21135,FUN_1,FUN_2
109640,2686,CUBE_R,FUN_6
109644,686,FUN_4,FUN_3
109650,20374,CUBE_R,FUN_6
109652,132,RET,CUBE_L
109662,26349,FUN_2,FUN_1
109665,27284,FUN_3,FUN_4
109674,23174,CUBE_L,FUN_1
109675,6604,CUBE_L,FUN_1
109695,23729,RET,CUBE_L
109703,21276,FUN_2,FUN_3
109716,28114,FUN_5,FUN_4
109725,20361,FUN_3,FUN_2
109737,7620,FUN_2,FUN_1
109747,22871,FUN_4,FUN_3
109755,14852,FUN_3,FUN_2
109770,13733,FUN_1,FUN_2
109774,19399,FUN_4,FUN_5
109776,10996,CUBE_R,FUN_6
109780,1852,FUN_6,CUBE_R
109780,4274,FUN_4,FUN_5
109787,19784,FUN_4,FUN_3
109793,1625,FUN_3,FUN_2
109799,3821,FUN_4,FUN_3
109799,5646,CUBE_R,FUN_6
109813,21527,CUBE_R,FUN_6
109821,10150,CUBE_R,FUN_6
109859,28075,FUN_6,CUBE_R
109866,18295,FUN_1,CUBE_L
109870,15744,FUN_2,FUN_1
109878,25235,FUN_2,FUN_3
109886,11373,FUN_4,FUN_3
109891,19236,RET,CUBE_L
109897,2985,CUBE_R,RET
109908,17954,FUN_2,FUN_1
109909,3821,FUN_3,FUN_4
109922,19671,FUN_2,FUN_3
109925,17300,FUN_2,FUN_1
109927,29475,FUN_2,FUN_1
109946,19910,FUN_3,FUN_2
109962,3880,FUN_3,FUN_4
109963,27772,FUN_5,FUN_4
109970,19969,FUN_4,FUN_5
109982,15526,FUN_3,FUN_2
109998,25002,CUBE_R,RET
110020,15719,FUN_1,FUN_2
110023,26877,RET,CUBE_R
110038,17240,FUN_3,FUN_2
110064,3118,FUN_2,FUN_1
110078,3276,FUN_1,CUBE_L
110079,277,FUN_3,FUN_2
110082,24988,FUN_4,FUN_3
110108,12089,FUN_6,CUBE_R
110108,29037,FUN_4,FUN_5
110110,25663,FUN_2,FUN_3
110120,12181,CUBE_L,RET
110122,2184,FUN_6,CUBE_R
110123,22936,FUN_6,CUBE_R
110128,27048,FUN_2,FUN_3
110130,24053,RET,CUBE_R
110144,26180,FUN_2,FUN_1
110149,10460,FUN_4,FUN_3
110154,6048,FUN_4,FUN_3
110168,17724,CUBE_R,RET
110181,26375,FUN_6,CUBE_R
110184,11505,FUN_3,FUN_4
110187,13309,FUN_4,FUN_3
110200,1314,FUN_2,FUN_3
110211,14852,FUN_2,FUN_3
110229,15294,FUN_3,FUN_2
110268,27410,CUBE_L,RET
110269,15032,FUN_2,FUN_1
110291,26375,CUBE_R,FUN_6
110294,19696,FUN_1,FUN_2
110312,6786,FUN_3,FUN_2
110332,10143,CUBE_R,RET
110346,15294,FUN_2,FUN_3
110353,10614,FUN_1,FUN_2
110368,27952,FUN_1,FUN_2
110379,15500,FUN_3,FUN_2
110380,8720,FUN_4,FUN_3
110383,9829,CUBE_R,FUN_6
110394,12087,FUN_3,FUN_2
110399,5944,FUN_2,FUN_1
110402,24333,CUBE_R,RET
110404,6690,FUN_2,FUN_1
110409,285,CUBE_R,RET
110420,27223,FUN_3,FUN_4
110432,7620,FUN_1,FUN_2
110460,26203,FUN_5,FUN_4
110470,25219,FUN_4,FUN_3
110472,11489,FUN_3,FUN_2
110480,18050,FUN_1,FUN_2
110503,10082,FUN_1,FUN_2
110506,25337,CUBE_L,RET
110518,28357,FUN_2,FUN_1
110526,27887,FUN_6,FUN_5
110528,14998,FUN_6,FUN_5
110533,6538,CUBE_L,RET
110534,9069,FUN_2,FUN_3
110534,25200,FUN_3,FUN_2
110553,25035,FUN_3,FUN_2
110563,1625,FUN_2,FUN_3
110584,13455,FUN_3,FUN_2
110585,10861,FUN_3,FUN_4
110585,18310,FUN_2,FUN_1
110623,26375,FUN_6,CUBE_R
110667,16526,FUN_3,FUN_4
110671,13661,FUN_3,FUN_4
110671,17300,FUN_1,FUN_2
110672,3583,FUN_2,FUN_1
110676,3821,FUN_4,FUN_3
110682,6805,FUN_6,CUBE_R
110693,6604,FUN_1,CUBE_L
110697,10982,FUN_3,FUN_4
110698,23768,FUN_3,FUN_2
110710,22601,RET,CUBE_R
110716,10143,RET,CUBE_R
110721,10405,CUBE_R,FUN_6
110724,6163,FUN_3,FUN_4
110731,7205,RET,CUBE_L
110734,2351,RET,CUBE_L
110738,9127,RET,CUBE_R
110766,24199,CUBE_R,RET
110770,28266,FUN_3,FUN_2
110815,22880,FUN_5,FUN_6
110831,19341,FUN_6,CUBE_R
110843,16731,FUN_3,FUN_2
110847,15062,FUN_2,FUN_3
110849,622,RET,CUBE_R
110857,19399,FUN_5,FUN_4
110857,21350,FUN_6,FUN_5
110863,2765,FUN_4,FUN_3
110863,3649,FUN_5,FUN_4
110863,26417,FUN_3,FUN_2
110876,18979,FUN_3,FUN_2
110878,23719,FUN_2,FUN_3
110885,24851,FUN_2,FUN_3
110899,13143,FUN_4,FUN_5
110904,13556,FUN_3,FUN_4
110932,12926,FUN_3,FUN_4
110955,7617,FUN_2,FUN_3
110961,22871,FUN_3,FUN_4
110974,19666,FUN_3,FUN_2
110978,12259,FUN_1,FUN_2
110991,23945,FUN_4,FUN_3
110993,26976,FUN_2,FUN_3
111028,2636,FUN_5,FUN_6
111033,1425,FUN_4,FUN_3
111045,19969,FUN_5,FUN_4
111052,12908,FUN_2,FUN_3
111058,12926,FUN_4,FUN_3
111067,22368,FUN_1,FUN_2
111080,5646,FUN_6,CUBE_R
111091,16761,FUN_1,FUN_2
111097,26417,FUN_2,FUN_3
111099,25860,RET,CUBE_L
111100,21178,FUN_2,FUN_3
111110,22568,FUN_5,FUN_4
111132,23006,FUN_6,FUN_5
111133,18485,RET,CUBE_L
111146,22728,FUN_4,FUN_3
111163,19341,CUBE_R,FUN_6
111177,17954,FUN_1,FUN_2
111196,26203,FUN_4,FUN_5
111211,8057,RET,CUBE_R
111236,4349,FUN_6,FUN_5
111240,29113,CUBE_R,RET
111244,4164,FUN_2,FUN_3
111272,19848,FUN_3,FUN_2
111286,9127,CUBE_R,RET
111300,1427,CUBE_L,RET
111318,16510,FUN_5,FUN_4
111342,672,FUN_2,FUN_3
111351,5944,FUN_1,FUN_2
111357,2527,RET,CUBE_L
111361,2420,FUN_5,FUN_6
111365,10996,FUN_6,CUBE_R
111373,1318,CUBE_L,FUN_1
111382,10895,FUN_2,FUN_1
111414,11489,FUN_2,FUN_3
111414,27078,FUN_6,CUBE_R
111416,277,FUN_2,FUN_3
111422,9754,FUN_5,FUN_6
111428,24963,FUN_5,FUN_6
111463,18046,CUBE_R,RET
111465,12010,FUN_4,FUN_3
111467,21350,FUN_5,FUN_6
111478,22775,FUN_2,FUN_3
111485,22568,FUN_4,FUN_5
111487,19341,FUN_6,CUBE_R
111488,3619,FUN_1,FUN_2
111491,16731,FUN_2,FUN_3
111498,1725,FUN_1,FUN_2
111503,7955,FUN_2,FUN_3
111509,24963,FUN_6,FUN_5
111518,21135,FUN_2,FUN_1
111521,17252,RET,CUBE_R
111535,16801,FUN_3,FUN_2
111554,25262,FUN_1,CUBE_L
111562,4976,CUBE_R,FUN_6
111567,29349,CUBE_L,FUN_1
111568,4349,FUN_5,FUN_6
111578,21963,CUBE_R,RET
111592,7604,FUN_2,FUN_3
111592,15358,FUN_3,FUN_4
111592,19399,FUN_4,FUN_5
111613,4709,CUBE_L,RET
111670,17419,FUN_3,FUN_2
111676,26178,FUN_2,FUN_1
111686,15344,FUN_4,FUN_3
111696,3519,FUN_5,FUN_6
111700,17252,CUBE_R,RET
111702,27078,CUBE_R,FUN_6
111704,22871,FUN_4,FUN_3
111706,19989,CUBE_L,FUN_1
111724,17517,FUN_3,FUN_2
111730,966,RET,CUBE_R
111733,24028,FUN_4,FUN_3
111743,20228,FUN_2,FUN_3
111748,15294,FUN_3,FUN_2
111760,23354,CUBE_R,RET
111765,29408,FUN_5,FUN_6
111772,14122,FUN_4,FUN_5
111786,4892,RET,CUBE_L
111824,25002,RET,CUBE_R
111850,1699,FUN_2,FUN_1
111864,742,FUN_1,CUBE_L
111889,4349,FUN_6,FUN_5
111891,22302,FUN_2,FUN_1
111901,3658,FUN_5,FUN_6
111908,2269,FUN_3,FUN_2
111941,4197,FUN_5,FUN_4
111946,418,FUN_1,FUN_2
111949,25745,FUN_6,FUN_5
111954,23006,FUN_5,FUN_6
111987,5944,FUN_2,FUN_1
111989,4577,FUN_3,FUN_2
111989,25860,CUBE_L,RET
112005,19312,FUN_4,FUN_5
112007,3629,FUN_1,FUN_2
112008,19341,CUBE_R,FUN_6
112008,21207,FUN_6,CUBE_R
112021,2178,FUN_2,FUN_3
112027,8089,CUBE_R,FUN_6
112040,4873,FUN_5,FUN_4
112044,4557,FUN_2,FUN_3
112044,12069,FUN_1,FUN_2
112044,26266,FUN_3,FUN_4
112068,17517,FUN_2,FUN_3
112076,27410,RET,CUBE_L
112077,14613,CUBE_R,FUN_6
112078,16059,CUBE_L,FUN_1
112079,28680,FUN_2,FUN_1
112113,10778,CUBE_R,FUN_6
112116,15294,FUN_2,FUN_3
112119,10931,FUN_1,FUN_2
112125,7791,FUN_1,FUN_2
112178,4982,FUN_3,FUN_2
112178,10319,FUN_6,FUN_5
112208,12908,FUN_3,FUN_2
112209,8823,FUN_2,FUN_1
112222,10086,FUN_5,FUN_4
112239,1470,FUN_1,CUBE_L
112240,3118,FUN_1,FUN_2
112261,14871,CUBE_R,RET
112278,10282,FUN_2,FUN_1
112280,16650,FUN_3,FUN_2
112308,19713,FUN_2,FUN_1
112311,25442,FUN_2,FUN_3
112318,23969,CUBE_R,RET
112321,12925,FUN_3,FUN_2
112326,12917,FUN_5,FUN_4
112328,5290,FUN_1,FUN_2
112332,17508,FUN_2,FUN_1
112360,6604,CUBE_L,FUN_1
112363,20131,FUN_5,FUN_4
112365,28833,CUBE_L,RET
112367,20041,FUN_2,FUN_1
112371,13661,FUN_4,FUN_3
112379,27952,FUN_2,FUN_1
112411,26349,FUN_1,FUN_2
112413,26897,FUN_3,FUN_2
112421,4709,RET,CUBE_L
112427,5923,FUN_4,FUN_3
112428,21953,FUN_2,FUN_3
112430,19666,FUN_2,FUN_3
112442,3939,RET,CUBE_R
112460,2348,FUN_3,FUN_4
112470,25920,FUN_4,FUN_3
112481,10146,FUN_6,FUN_5
112484,16650,FUN_2,FUN_3
112489,8521,FUN_2,FUN_3
112498,14920,FUN_3,FUN_2
112509,22728,FUN_3,FUN_4
112512,8275,FUN_3,FUN_2
112524,17517,FUN_3,FUN_2
112534,27797,CUBE_R,RET
112545,28278,FUN_5,FUN_6
112546,21963,RET,CUBE_R
112551,19671,FUN_3,FUN_2
112563,12700,FUN_2,FUN_3
112564,8542,FUN_3,FUN_4
112602,3839,RET,CUBE_R
112603,10582,FUN_2,FUN_3
112611,21527,FUN_6,CUBE_R
112615,15859,FUN_5,FUN_6
112632,22464,FUN_5,FUN_4
112640,11993,FUN_4,FUN_3
112646,13513,FUN_2,FUN_3
112655,22587,FUN_4,FUN_3
112662,10895,FUN_1,FUN_2
112673,26304,FUN_5,FUN_4
112690,26585,CUBE_R,FUN_6
112691,13696,CUBE_R,FUN_6
112700,9918,CUBE_R,RET
112710,25860,RET,CUBE_L
112717,27772,FUN_4,FUN_5
112718,17080,FUN_2,FUN_3
112725,2439,FUN_3,FUN_4
112726,12926,FUN_3,FUN_4
112728,10996,CUBE_R,FUN_6
112730,3410,CUBE_R,RET
112731,19161,RET,CUBE_L
112734,19341,FUN_6,CUBE_R
112737,8859,CUBE_L,RET
112749,6164,FUN_2,FUN_1
112755,21132,FUN_3,FUN_2
112773,17369,FUN_4,FUN_5
112777,25271,FUN_6,FUN_5
112796,6785,CUBE_R,FUN_6
112799,1969,FUN_6,FUN_5
112808,29586,CUBE_R,FUN_6
112853,26640,CUBE_L,RET
112862,24268,FUN_6,FUN_5
112863,16650,FUN_3,FUN_2
112868,14865,FUN_2,FUN_1
112870,10319,FUN_5,FUN_6
112872,6164,FUN_1,FUN_2
112874,10824,FUN_5,FUN_6
112876,21142,FUN_1,FUN_2
112887,29037,FUN_5,FUN_4
112888,24251,FUN_5,FUN_4
112920,25196,CUBE_R,FUN_6
112924,24807,FUN_4,FUN_5
112954,22143,FUN_4,FUN_5
112969,319,FUN_2,FUN_1
112972,6164,FUN_2,FUN_1
112982,19969,FUN_4,FUN_5
112984,15286,FUN_2,FUN_3
112985,1587,FUN_1,FUN_2
112986,22065,RET,CUBE_L
113010,29251,FUN_2,FUN_3
113012,22098,RET,CUBE_L
113026,10582,FUN_3,FUN_2
113027,27971,FUN_2,FUN_3
113036,2985,RET,CUBE_R
113060,4398,FUN_4,FUN_5
113064,6034,FUN_2,FUN_3
113067,14401,CUBE_R,RET
113084,22568,FUN_5,FUN_4
113085,8816,FUN_3,FUN_4
113092,15126,FUN_2,FUN_3
113100,24472,FUN_4,FUN_3
113112,18086,FUN_5,FUN_4
113121,21963,CUBE_R,RET
113125,14052,FUN_5,FUN_6
113147,22197,FUN_2,FUN_3
113152,21647,FUN_5,FUN_6
113163,9652,RET,CUBE_R
113187,6626,FUN_1,FUN_2
113195,11505,FUN_4,FUN_3
113210,12925,FUN_2,FUN_3
113211,10582,FUN_2,FUN_3
113216,15744,FUN_1,FUN_2
113227,12045,FUN_2,FUN_3
113231,8823,FUN_1,FUN_2
113232,20871,CUBE_R,RET
113233,17300,FUN_2,FUN_1
113240,6300,FUN_1,CUBE_L
113244,22098,CUBE_L,RET
113263,9919,FUN_1,FUN_2
113273,11489,FUN_3,FUN_2
113273,17982,RET,CUBE_L
113299,27845,CUBE_L,RET
113307,27599,FUN_6,FUN_5
113309,11357,CUBE_L,RET
113313,21929,FUN_1,FUN_2
113342,21178,FUN_3,FUN_2
113342,26180,FUN_1,FUN_2
113349,27952,FUN_1,FUN_2
113354,17241,FUN_3,FUN_2
113361,3118,FUN_2,FUN_1
113362,14562,FUN_2,FUN_3
113363,4982,FUN_2,FUN_3
113366,22224,FUN_3,FUN_2
113374,12908,FUN_2,FUN_3
113387,19848,FUN_2,FUN_3
113395,25663,FUN_3,FUN_2
113399,11911,FUN_5,FUN_6
113400,7503,FUN_4,FUN_3
113425,16650,FUN_2,FUN_3
113432,8657,CUBE_L,RET
113432,27231,FUN_2,FUN_3
113444,14871,RET,CUBE_R
113447,23969,RET,CUBE_R
113454,28081,FUN_2,FUN_3
113468,10929,FUN_3,FUN_2
113468,16236,FUN_3,FUN_2
113489,18059,FUN_3,FUN_4
113496,19780,FUN_4,FUN_3
113524,22871,FUN_3,FUN_4
113530,9939,CUBE_L,RET
113552,14454,FUN_3,FUN_2
113562,16244,FUN_3,FUN_2
113567,9939,RET,CUBE_L
113574,16059,FUN_1,CUBE_L
113574,20075,FUN_2,FUN_1
113588,16763,FUN_2,FUN_3
113589,28114,FUN_4,FUN_5
113616,15773,FUN_3,FUN_2
113623,12255,FUN_1,FUN_2
113626,1625,FUN_3,FUN_2
113628,8037,FUN_3,FUN_2
113636,319,FUN_1,FUN_2
113644,21933,FUN_5,FUN_6
113647,14946,FUN_6,CUBE_R
113687,557,RET,CUBE_R
113696,15526,FUN_2,FUN_3
113706,18756,CUBE_R,RET
113714,312,FUN_3,FUN_4
113720,16852,FUN_4,FUN_5
113727,22880,FUN_6,FUN_5
113744,25488,FUN_2,FUN_1
113765,17094,FUN_3,FUN_2
113774,27284,FUN_4,FUN_3
113796,3705,FUN_2,FUN_3
113802,4461,CUBE_L,RET
113817,19671,FUN_2,FUN_3
113818,110,FUN_1,FUN_2
113851,3666,FUN_3,FUN_2
113855,16059,CUBE_L,FUN_1
113856,2229,FUN_3,FUN_2
113873,16309,FUN_1,CUBE_L
113874,24009,FUN_2,FUN_1
113874,28032,FUN_1,FUN_2
113876,2005,FUN_2,FUN_3
113890,13165,FUN_3,FUN_2
113894,427,FUN_2,FUN_3
113901,1730,CUBE_L,RET
113909,15863,CUBE_R,RET
113928,2229,FUN_2,FUN_3
113931,9923,FUN_4,FUN_5
113945,14852,FUN_3,FUN_2
113955,18063,FUN_1,FUN_2
113956,23718,FUN_1,CUBE_L
113972,15358,FUN_4,FUN_3
113975,1318,FUN_1,CUBE_L
113981,2229,FUN_3,FUN_2
113989,8657,RET,CUBE_L
113995,4386,FUN_2,FUN_1
113995,27599,FUN_5,FUN_6
114013,26862,FUN_3,FUN_2
114019,29037,FUN_4,FUN_5
114020,14052,FUN_6,FUN_5
114037,15062,FUN_3,FUN_2
114045,12925,FUN_3,FUN_2
114053,3118,FUN_1,FUN_2
114054,19236,CUBE_L,RET
114059,4349,FUN_5,FUN_6
114069,12926,FUN_4,FUN_3
114073,15358,FUN_3,FUN_4
114106,643,FUN_3,FUN_4
114111,16731,FUN_3,FUN_2
114115,15773,FUN_2,FUN_3
114119,5788,CUBE_R,RET
114131,25035,FUN_2,FUN_3
114132,18059,FUN_4,FUN_3
114143,8823,FUN_2,FUN_1
114143,17982,CUBE_L,RET
114164,28357,FUN_1,FUN_2
114170,24988,FUN_3,FUN_4
114190,12348,FUN_3,FUN_4
114198,24333,RET,CUBE_R
114199,7503,FUN_3,FUN_4
114214,7876,RET,CUBE_L
114221,10068,FUN_3,FUN_2
114231,23241,FUN_3,FUN_4
114247,2382,FUN_3,FUN_2
114273,17517,FUN_2,FUN_3
114287,879,FUN_5,FUN_6
114289,9918,RET,CUBE_R
114293,22880,FUN_5,FUN_6
114318,18220,CUBE_R,RET
114324,18979,FUN_2,FUN_3
114336,11582,FUN_2,FUN_1
114339,5338,CUBE_L,RET
114392,11505,FUN_3,FUN_4
114394,21933,FUN_6,FUN_5
114424,21409,FUN_3,FUN_2
114430,25008,FUN_3,FUN_4
114437,22130,RET,CUBE_L
114440,19236,RET,CUBE_L
114456,11505,FUN_4,FUN_3
114456,25666,FUN_3,FUN_2
114456,26791,FUN_4,FUN_3
114458,11315,FUN_1,FUN_2
114488,2439,FUN_4,FUN_3
114490,3118,FUN_2,FUN_1
114505,19236,CUBE_L,RET
114508,2985,CUBE_R,RET
114514,27020,FUN_1,FUN_2
114516,17113,FUN_6,FUN_5
114518,3118,FUN_1,FUN_2
114523,17352,FUN_1,CUBE_L
114542,1092,FUN_2,FUN_3
114549,388,FUN_3,FUN_2
114551,11505,FUN_3,FUN_4
114559,19236,RET,CUBE_L
114561,22905,FUN_3,FUN_2
114564,20228,FUN_3,FUN_2
114587,16059,FUN_1,CUBE_L
114589,25701,FUN_3,FUN_2
114598,3118,FUN_2,FUN_1
114601,14709,RET,CUBE_R
114605,9308,FUN_4,FUN_5
114627,5788,RET,CUBE_R
114628,2348,FUN_4,FUN_3
114629,22098,RET,CUBE_L
114658,29052,FUN_1,FUN_2
114663,18280,FUN_3,FUN_4
114664,25561,CUBE_L,RET
114667,15344,FUN_3,FUN_4
114670,27,RET,CUBE_L
114671,20075,FUN_1,FUN_2
114677,6031,FUN_4,FUN_3
114682,16236,FUN_2,FUN_3
114683,7876,CUBE_L,RET
114691,12700,FUN_3,FUN_2
114697,8503,CUBE_R,RET
114699,5788,CUBE_R,RET
114707,29196,RET,CUBE_L
114717,20575,FUN_2,FUN_3
114718,9841,CUBE_R,FUN_6
114725,20776,FUN_3,FUN_4
114732,12908,FUN_3,FUN_2
114737,29028,FUN_3,FUN_2
114741,20283,RET,CUBE_R
114745,19236,CUBE_L,RET
114747,18929,FUN_2,FUN_1
114754,18296,FUN_3,FUN_2
114756,16852,FUN_5,FUN_4
114778,12376,CUBE_L,FUN_1
114783,7503,FUN_4,FUN_3
114783,11852,CUBE_R,RET
114789,28541,FUN_2,FUN_3
114793,5788,RET,CUBE_R
114798,4447,FUN_2,FUN_3
114798,18435,RET,CUBE_L
114809,18324,FUN_4,FUN_3
114822,8037,FUN_2,FUN_3
114825,14871,CUBE_R,RET
114834,1699,FUN_1,FUN_2
114864,26180,FUN_2,FUN_1
114871,11505,FUN_4,FUN_3
114892,25482,RET,CUBE_R
114900,22174,FUN_5,FUN_4
114907,15863,RET,CUBE_R
114915,11161,FUN_3,FUN_4
114924,11852,RET,CUBE_R
114956,17703,CUBE_R,FUN_6
114984,29707,CUBE_R,RET
114986,15797,CUBE_R,RET
115001,1796,FUN_4,FUN_3
115004,24899,RET,CUBE_L
115008,19312,FUN_5,FUN_4
115040,28680,FUN_1,FUN_2
115041,25691,FUN_2,FUN_1
115044,11582,FUN_1,FUN_2
115045,14329,FUN_2,FUN_1
115045,23452,FUN_3,FUN_4
115078,27231,FUN_3,FUN_2
115087,12134,FUN_2,FUN_1
115088,2348,FUN_3,FUN_4
115109,18220,RET,CUBE_R
115120,20283,CUBE_R,RET
115135,22324,FUN_1,FUN_2
115140,10143,CUBE_R,RET
115142,201,FUN_2,FUN_3
115143,13277,CUBE_R,RET
115146,6091,FUN_6,FUN_5
115148,21829,FUN_3,FUN_2
115161,8055,FUN_4,FUN_5
115174,13295,FUN_3,FUN_4
115198,24283,FUN_3,FUN_2
115199,11582,FUN_2,FUN_1
115199,13803,CUBE_L,RET
115214,26178,FUN_1,FUN_2
115221,22197,FUN_3,FUN_2
115239,9545,FUN_1,FUN_2
115256,11465,FUN_3,FUN_2
115274,16076,FUN_5,FUN_6
115289,5108,FUN_2,FUN_1
115289,11542,CUBE_R,RET
115291,7067,FUN_5,FUN_4
115302,29028,FUN_2,FUN_3
115303,22325,FUN_2,FUN_3
115316,2985,RET,CUBE_R
115319,25691,FUN_1,FUN_2
115325,6690,FUN_1,FUN_2
115329,8542,FUN_4,FUN_3
115330,8720,FUN_3,FUN_4
115340,16154,CUBE_R,RET
115345,21011,FUN_3,FUN_4
115359,16007,FUN_4,FUN_3
115362,28394,FUN_4,FUN_5
115365,23768,FUN_2,FUN_3
115374,557,CUBE_R,RET
115383,6180,FUN_2,FUN_1
115395,25701,FUN_2,FUN_3
115403,9919,FUN_2,FUN_1
115405,20575,FUN_3,FUN_2
115418,26622,RET,CUBE_R
115428,9308,FUN_5,FUN_4
115428,10996,FUN_6,CUBE_R
115428,16059,CUBE_L,FUN_1
115431,17517,FUN_3,FUN_2
115434,19312,FUN_4,FUN_5
115449,20575,FUN_2,FUN_3
115464,7604,FUN_3,FUN_2
115470,19780,FUN_3,FUN_4
115479,8657,CUBE_L,RET
115494,12700,FUN_2,FUN_3
115503,646,CUBE_L,FUN_1
115509,5675,FUN_2,FUN_1
115511,18926,FUN_3,FUN_2
115514,19264,RET,CUBE_R
115520,19341,CUBE_R,FUN_6
115524,28680,FUN_2,FUN_1
115567,2567,FUN_2,FUN_3
115587,12134,FUN_1,FUN_2
115589,2095,FUN_3,FUN_4
115591,29251,FUN_3,FUN_2
115604,9623,FUN_2,FUN_3
115609,17724,RET,CUBE_R
115631,9597,FUN_3,FUN_2
115634,13894,FUN_2,FUN_3
115637,1470,CUBE_L,FUN_1
115646,7406,FUN_4,FUN_3
115668,10811,FUN_2,FUN_3
115669,22728,FUN_4,FUN_3
115669,25470,CUBE_R,RET
115694,12407,CUBE_L,FUN_1
115714,8657,RET,CUBE_L
115722,12376,FUN_1,CUBE_L
115723,11489,FUN_2,FUN_3
115736,57,FUN_4,FUN_3
115741,26178,FUN_2,FUN_1
115746,25034,FUN_4,FUN_3
115761,10996,CUBE_R,FUN_6
115763,28386,FUN_4,FUN_5
115771,26791,FUN_3,FUN_4
115778,201,FUN_3,FUN_2
115790,2636,FUN_6,FUN_5
115793,14871,RET,CUBE_R
115802,24988,FUN_4,FUN_3
115821,28362,FUN_6,FUN_5
115825,2005,FUN_3,FUN_2
115830,20361,FUN_2,FUN_3
115836,18140,FUN_3,FUN_2
115850,17094,FUN_2,FUN_3
115853,11505,FUN_3,FUN_4
115889,4386,FUN_1,FUN_2
115892,11505,FUN_4,FUN_3
115894,5457,FUN_2,FUN_1
115898,2348,FUN_4,FUN_3
115904,9923,FUN_5,FUN_4
115926,12087,FUN_2,FUN_3
115928,15126,FUN_3,FUN_2
115939,10146,FUN_5,FUN_6
115944,1531,FUN_3,FUN_2
115947,25005,RET,CUBE_R
115959,24167,FUN_2,FUN_3
115964,9829,FUN_6,CUBE_R
115982,21829,FUN_2,FUN_3
116014,4660,CUBE_L,RET
116018,24963,FUN_5,FUN_6
116025,3705,FUN_3,FUN_2
116031,19853,FUN_2,FUN_1
116037,29487,FUN_2,FUN_3
116061,21963,RET,CUBE_R
116084,12512,FUN_4,FUN_3
116102,22744,FUN_2,FUN_1
116106,27621,CUBE_R,RET
116109,5108,FUN_1,FUN_2
116133,7690,FUN_5,FUN_4
116147,28032,FUN_2,FUN_1
116154,23155,FUN_1,FUN_2
116162,8657,CUBE_L,RET
116170,8594,FUN_2,FUN_1
116175,22099,FUN_2,FUN_3
116191,16007,FUN_3,FUN_4
116198,2636,FUN_5,FUN_6
116198,8720,FUN_4,FUN_3
116208,5404,CUBE_R,FUN_6
116211,13054,FUN_3,FUN_2
116214,6641,CUBE_L,FUN_1
116219,17111,FUN_3,FUN_2
116221,22302,FUN_1,FUN_2
116226,8107,FUN_3,FUN_2
116247,3018,FUN_4,FUN_5
116256,19161,CUBE_L,RET
116262,1969,FUN_5,FUN_6
116283,27572,FUN_2,FUN_1
116284,20275,CUBE_L,RET
116290,13408,CUBE_R,RET
116303,6091,FUN_5,FUN_6
116305,10667,FUN_2,FUN_3
116306,7689,FUN_4,FUN_3
116310,19886,FUN_2,FUN_1
116311,12683,CUBE_L,RET
116329,22880,FUN_6,FUN_5
116340,25219,FUN_3,FUN_4
116344,5108,FUN_2,FUN_1
116350,12917,FUN_4,FUN_5
116353,2422,CUBE_L,FUN_1
116379,26029,FUN_3,FUN_2
116381,4389,CUBE_R,RET
116383,26543,FUN_2,FUN_1
116401,23219,CUBE_R,FUN_6
116425,27463,FUN_3,FUN_2
116431,21178,FUN_2,FUN_3
116433,2465,FUN_4,FUN_5
116437,3235,RET,CUBE_R
116454,12925,FUN_2,FUN_3
116456,27368,FUN_6,CUBE_R
116493,26111,FUN_1,FUN_2
116498,17703,FUN_6,CUBE_R
116526,7449,CUBE_L,RET
116538,1730,RET,CUBE_L
116553,27284,FUN_3,FUN_4
116567,25557,FUN_3,FUN_2
116632,15016,RET,CUBE_L
116632,20131,FUN_4,FUN_5
116638,6300,CUBE_L,FUN_1
116641,25884,FUN_6,CUBE_R
116649,19341,FUN_6,CUBE_R
116652,8503,RET,CUBE_R
116673,16007,FUN_4,FUN_3
116680,6164,FUN_1,FUN_2
116682,10996,FUN_6,CUBE_R
116688,17223,FUN_2,FUN_1
116697,17703,CUBE_R,FUN_6
116710,1681,FUN_3,FUN_2
116710,8969,FUN_3,FUN_4
116734,26178,FUN_1,FUN_2
116749,4995,FUN_3,FUN_4
116778,2005,FUN_2,FUN_3
116781,4709,CUBE_L,RET
116790,21142,FUN_2,FUN_1
116817,17703,FUN_6,CUBE_R
116838,20041,FUN_1,FUN_2
116850,22099,FUN_3,FUN_2
116859,14122,FUN_5,FUN_4
116861,13450,FUN_2,FUN_1
116864,15421,FUN_1,FUN_2
116864,23483,RET,CUBE_R
116881,12856,FUN_3,FUN_2
116886,27797,RET,CUBE_R
116895,14264,CUBE_R,RET
116918,10234,FUN_2,FUN_1
116925,10985,CUBE_L,RET
116927,7449,RET,CUBE_L
116947,4030,FUN_4,FUN_5
116947,17111,FUN_2,FUN_3
116954,12255,FUN_2,FUN_1
116960,6761,FUN_5,FUN_6
117006,4386,FUN_2,FUN_1
117039,20575,FUN_3,FUN_2
117043,13966,CUBE_L,RET
117071,1587,FUN_2,FUN_1
117078,12087,FUN_3,FUN_2
117090,8720,FUN_3,FUN_4
117094,17508,FUN_1,FUN_2
117095,6472,CUBE_R,RET
117109,27887,FUN_5,FUN_6
117114,17113,FUN_5,FUN_6
117117,26210,RET,CUBE_L
117119,22099,FUN_2,FUN_3
117124,3100,FUN_5,FUN_6
117129,10667,FUN_3,FUN_2
117135,21135,FUN_1,FUN_2
117147,11662,FUN_3,FUN_2
117148,4349,FUN_6,FUN_5
117153,20361,FUN_3,FUN_2
117154,21409,FUN_2,FUN_3
117164,19804,RET,CUBE_L
117175,2730,FUN_5,FUN_4
117187,2348,FUN_3,FUN_4
117192,12455,FUN_6,FUN_5
117198,13949,FUN_2,FUN_3
117209,21502,FUN_2,FUN_1
117231,17954,FUN_2,FUN_1
117239,2985,CUBE_R,RET
117240,24167,FUN_3,FUN_2
117284,8037,FUN_3,FUN_2
117287,20603,FUN_3,FUN_4
117303,27971,FUN_3,FUN_2
117308,22174,FUN_4,FUN_5
117310,27028,CUBE_R,RET
117320,13351,FUN_3,FUN_2
117325,920,FUN_2,FUN_1
117326,15421,FUN_2,FUN_1
117327,21409,FUN_3,FUN_2
117332,26330,FUN_3,FUN_4
117336,8224,FUN_4,FUN_5
117344,3666,FUN_2,FUN_3
117366,21935,CUBE_R,FUN_6
117370,12125,FUN_4,FUN_3
117372,21011,FUN_4,FUN_3
117376,319,FUN_2,FUN_1
117377,8798,FUN_2,FUN_1
117383,20041,FUN_2,FUN_1
117389,20158,RET,CUBE_R
117391,21409,FUN_2,FUN_3
117402,17486,FUN_2,FUN_1
117404,29037,FUN_5,FUN_4
117410,7876,RET,CUBE_L
117426,11315,FUN_2,FUN_1
117427,10854,FUN_4,FUN_5
117461,25155,FUN_5,FUN_6
117484,1171,FUN_6,FUN_5
117487,29487,FUN_3,FUN_2
117498,13023,FUN_1,FUN_2
117502,16309,CUBE_L,FUN_1
117513,22880,FUN_5,FUN_6
117516,16721,FUN_4,FUN_3
117530,319,FUN_1,FUN_2
117535,8216,CUBE_R,RET
117537,717,CUBE_L,FUN_1
117548,2005,FUN_3,FUN_2
117553,26118,FUN_3,FUN_2
117566,5457,FUN_1,FUN_2
117586,17223,FUN_1,FUN_2
117599,25650,FUN_3,FUN_2
117618,10223,FUN_3,FUN_4
117639,9754,FUN_6,FUN_5
117649,20776,FUN_4,FUN_3
117654,5293,FUN_5,FUN_4
117658,1969,FUN_6,FUN_5
117684,17621,FUN_6,CUBE_R
117702,17113,FUN_6,FUN_5
117705,14865,FUN_1,FUN_2
117716,24798,CUBE_R,RET
117718,17241,FUN_2,FUN_3
117721,22302,FUN_2,FUN_1
117723,16098,FUN_1,FUN_2
117723,18841,CUBE_L,RET
117727,28075,CUBE_R,FUN_6
117728,6593,FUN_2,FUN_3
117733,10282,FUN_1,FUN_2
117748,10223,FUN_4,FUN_3
117763,4234,FUN_4,FUN_3
117790,2420,FUN_6,FUN_5
117790,18891,FUN_4,FUN_3
117800,24247,FUN_4,FUN_3
117800,24441,FUN_3,FUN_2
117802,22174,FUN_5,FUN_4
117815,4892,CUBE_L,RET
117818,12255,FUN_1,FUN_2
117827,6785,FUN_6,CUBE_R
117843,13277,RET,CUBE_R
117846,22568,FUN_4,FUN_5
117852,27295,FUN_3,FUN_2
117867,9623,FUN_3,FUN_2
117882,9623,FUN_2,FUN_3
117892,12134,FUN_2,FUN_1
117893,27845,RET,CUBE_L
117894,3583,FUN_1,FUN_2
117897,5715,FUN_2,FUN_1
117906,13277,CUBE_R,RET
117909,23354,RET,CUBE_R
117911,7573,FUN_2,FUN_1
117921,13295,FUN_4,FUN_3
117932,5841,FUN_2,FUN_1
117941,12512,FUN_3,FUN_4
117954,24033,FUN_2,FUN_1
117999,12925,FUN_3,FUN_2
118000,2005,FUN_2,FUN_3
118004,3519,FUN_6,FUN_5
118009,22524,CUBE_L,RET
118032,11716,FUN_5,FUN_4
118075,12244,FUN_4,FUN_3
118078,21943,CUBE_R,FUN_6
118121,1510,CUBE_R,FUN_6
118122,12908,FUN_2,FUN_3
118151,26330,FUN_4,FUN_3
118160,16685,FUN_3,FUN_2
118161,4193,CUBE_L,RET
118168,20041,FUN_1,FUN_2
118169,14635,FUN_5,FUN_4
118183,29050,FUN_4,FUN_5
118188,27621,RET,CUBE_R
118192,15016,CUBE_L,RET
118211,12125,FUN_3,FUN_4
118216,14865,FUN_2,FUN_1
118219,9545,FUN_2,FUN_1
118225,23300,FUN_1,FUN_2
118258,21459,FUN_2,FUN_3
118274,19780,FUN_4,FUN_3
118278,26351,FUN_3,FUN_2
118283,8503,CUBE_R,RET
118284,15965,FUN_4,FUN_5
118306,20884,RET,CUBE_R
118311,1531,FUN_2,FUN_3
118328,21017,FUN_3,FUN_4
118336,16579,FUN_2,FUN_1
118339,23667,FUN_2,FUN_1
118343,9597,FUN_2,FUN_3
118349,20011,FUN_5,FUN_4
118349,21142,FUN_1,FUN_2
118350,13949,FUN_3,FUN_2
118355,15126,FUN_2,FUN_3
118356,717,FUN_1,CUBE_L
118370,13906,FUN_4,FUN_3
118376,7826,FUN_1,FUN_2
118393,7008,FUN_1,FUN_2
118399,25005,CUBE_R,RET
118407,27971,FUN_2,FUN_3
118422,1318,CUBE_L,FUN_1
118425,19666,FUN_3,FUN_2
118430,7329,FUN_3,FUN_2
118439,28391,FUN_3,FUN_4
118444,2481,FUN_5,FUN_4
118453,26029,FUN_2,FUN_3
118466,2269,FUN_2,FUN_3
118487,10899,FUN_3,FUN_2
118487,20660,FUN_2,FUN_1
118492,2467,FUN_5,FUN_4
118498,73,FUN_2,FUN_1
118499,3225,FUN_3,FUN_2
118506,13277,RET,CUBE_R
118515,22093,FUN_1,CUBE_L
118517,21963,CUBE_R,RET
118526,1625,FUN_2,FUN_3
118542,5715,FUN_1,FUN_2
118543,17241,FUN_3,FUN_2
118545,6677,FUN_3,FUN_4
118564,2467,FUN_4,FUN_5
118588,2467,FUN_5,FUN_4
118609,29199,RET,CUBE_R
118613,5715,FUN_2,FUN_1
118616,28391,FUN_4,FUN_3
118618,28204,FUN_3,FUN_4
118624,14998,FUN_5,FUN_6
118625,1564,FUN_3,FUN_4
118627,1914,CUBE_L,RET
118638,26663,FUN_3,FUN_2
118642,7826,FUN_2,FUN_1
118642,16731,FUN_2,FUN_3
118642,25005,RET,CUBE_R
118665,28278,FUN_6,FUN_5
118678,73,FUN_1,FUN_2
118704,2467,FUN_4,FUN_5
118713,17151,CUBE_R,FUN_6
118718,27971,FUN_3,FUN_2
118733,12455,FUN_5,FUN_6
118736,8839,FUN_3,FUN_2
118736,19796,FUN_2,FUN_1
118745,28684,FUN_4,FUN_5
118749,19990,FUN_6,FUN_5
118754,26128,CUBE_R,RET
118769,19671,FUN_3,FUN_2
118778,2697,FUN_4,FUN_5
118783,24065,FUN_5,FUN_4
118820,5944,FUN_1,FUN_2
118826,11716,FUN_4,FUN_5
118836,12415,FUN_6,FUN_5
118836,23483,CUBE_R,RET
118837,3583,FUN_2,FUN_1
118837,13906,FUN_3,FUN_4
118841,4654,FUN_3,FUN_2
118845,28618,RET,CUBE_R
118859,2467,FUN_5,FUN_4
118881,18591,FUN_2,FUN_3
118882,686,FUN_3,FUN_4
118889,461,FUN_2,FUN_1
118897,646,FUN_1,CUBE_L
118912,16852,FUN_4,FUN_5
118926,17004,FUN_5,FUN_6
118929,11584,FUN_4,FUN_5
118933,4379,FUN_2,FUN_3
118933,8678,RET,CUBE_L
118941,8823,FUN_1,FUN_2
118948,22524,RET,CUBE_L
118955,13295,FUN_3,FUN_4
118963,6604,FUN_1,CUBE_L
118983,28717,FUN_2,FUN_3
118995,6677,FUN_4,FUN_3
119005,10234,FUN_1,FUN_2
119010,8594,FUN_1,FUN_2
119012,29050,FUN_5,FUN_4
119013,7649,RET,CUBE_R
119023,14865,FUN_1,FUN_2
119033,3658,FUN_6,FUN_5
119049,15294,FUN_3,FUN_2
119079,18979,FUN_3,FUN_2
119089,15431,FUN_1,CUBE_L
119089,17419,FUN_2,FUN_3
119099,27772,FUN_5,FUN_4
119109,26029,FUN_3,FUN_2
119126,13966,RET,CUBE_L
119139,11465,FUN_2,FUN_3
119162,8816,FUN_4,FUN_3
119163,11716,FUN_5,FUN_4
119165,12623,FUN_2,FUN_3
119194,13014,CUBE_L,FUN_1
119206,686,FUN_4,FUN_3
119206,15421,FUN_1,FUN_2
119222,9545,FUN_1,FUN_2
119222,13408,RET,CUBE_R
119237,10787,FUN_4,FUN_3
119244,25235,FUN_3,FUN_2
119249,21135,FUN_2,FUN_1
119301,10077,FUN_6,FUN_5
119303,20603,FUN_4,FUN_3
119306,17719,RET,CUBE_R
119311,17486,FUN_1,FUN_2
119319,23858,FUN_3,FUN_4
119337,2697,FUN_5,FUN_4
119339,8659,CUBE_L,RET
119342,13455,FUN_2,FUN_3
119362,20308,FUN_2,FUN_1
119379,135,CUBE_R,RET
119381,13284,CUBE_L,RET
119386,11143,RET,CUBE_L
119386,16579,FUN_1,FUN_2
119387,15016,RET,CUBE_L
119403,9841,FUN_6,CUBE_R
119411,23192,RET,CUBE_R
119424,4179,CUBE_L,RET
119433,11716,FUN_4,FUN_5
119437,3801,RET,CUBE_L
119443,9923,FUN_4,FUN_5
119449,21100,FUN_5,FUN_6
119451,3658,FUN_5,FUN_6
119454,7317,RET,CUBE_L
119463,23858,FUN_4,FUN_3
119464,12089,CUBE_R,FUN_6
119465,3839,CUBE_R,RET
119482,18841,RET,CUBE_L
119487,19831,FUN_3,FUN_2
119527,22134,FUN_3,FUN_2
119534,21177,CUBE_R,RET
119556,4660,RET,CUBE_L
119561,23139,CUBE_R,RET
119563,8525,FUN_2,FUN_1
119572,18458,RET,CUBE_L
119577,8839,FUN_2,FUN_3
119577,24199,RET,CUBE_R
119579,16059,FUN_1,CUBE_L
119584,16309,FUN_1,CUBE_L
119587,19754,FUN_2,FUN_1
119595,3583,FUN_1,FUN_2
119597,17252,RET,CUBE_R
119601,17897,FUN_4,FUN_5
119621,24909,FUN_2,FUN_3
119624,2172,CUBE_R,FUN_6
119630,14454,FUN_2,FUN_3
119653,19117,FUN_3,FUN_2
119660,10673,FUN_2,FUN_1
119667,20283,RET,CUBE_R
119668,12553,FUN_1,FUN_2
119669,18926,FUN_2,FUN_3
119670,29810,FUN_3,FUN_4
119672,15663,RET,CUBE_L
119673,20075,FUN_2,FUN_1
119685,11094,CUBE_R,RET
119686,7317,CUBE_L,RET
119703,512,FUN_3,FUN_4
119717,2567,FUN_3,FUN_2
119717,20063,FUN_2,FUN_1
119791,15078,CUBE_R,FUN_6
119797,10582,FUN_3,FUN_2
119805,10734,FUN_2,FUN_3
119824,29349,FUN_1,CUBE_L
119835,21011,FUN_3,FUN_4
119835,25675,CUBE_R,RET
119845,2014,CUBE_L,FUN_1
119847,27952,FUN_2,FUN_1
119855,10502,CUBE_R,RET
119855,19878,RET,CUBE_R
119856,14264,RET,CUBE_R
119860,16655,FUN_4,FUN_5
119863,5715,FUN_1,FUN_2
119864,3276,CUBE_L,FUN_1
119865,11094,RET,CUBE_R
119866,20348,FUN_2,FUN_3
119872,3190,CUBE_R,FUN_6
119910,18749,FUN_4,FUN_5
119931,19117,FUN_2,FUN_3
119932,16579,FUN_2,FUN_1
119933,29487,FUN_2,FUN_3
119941,5293,FUN_4,FUN_5
119953,8503,RET,CUBE_R
119957,26791,FUN_4,FUN_3
119960,26622,CUBE_R,RET
119971,28817,FUN_6,FUN_5
119984,3937,FUN_2,FUN_1
119993,21896,FUN_2,FUN_1
119998,13949,FUN_2,FUN_3
120007,7317,RET,CUBE_L
120011,29037,FUN_4,FUN_5
120012,24418,FUN_2,FUN_3
120013,21963,RET,CUBE_R
120014,8693,FUN_2,FUN_1
120017,29893,FUN_2,FUN_3
120030,19835,RET,CUBE_L
120036,13284,RET,CUBE_L
120054,4966,FUN_4,FUN_3
120063,25235,FUN_2,FUN_3
120069,17703,CUBE_R,FUN_6
120081,6071,FUN_2,FUN_1
120109,29487,FUN_3,FUN_2
120113,28110,FUN_3,FUN_4
120126,25155,FUN_6,FUN_5
120132,24311,FUN_5,FUN_4
120137,23718,CUBE_L,FUN_1
120138,6785,CUBE_R,FUN_6
120148,19671,FUN_2,FUN_3
120148,21728,FUN_2,FUN_1
120180,14725,FUN_2,FUN_1
120182,26111,FUN_2,FUN_1
120196,24963,FUN_6,FUN_5
120205,29487,FUN_2,FUN_3
120216,13351,FUN_2,FUN_3
120219,20275,RET,CUBE_L
120223,28110,FUN_4,FUN_3
120231,21142,FUN_2,FUN_1
120234,11582,FUN_1,FUN_2
120241,7655,FUN_2,FUN_1
120245,2467,FUN_4,FUN_5
120252,24909,FUN_3,FUN_2
120276,19666,FUN_2,FUN_3
120287,28357,FUN_2,FUN_1
120292,4732,FUN_2,FUN_1
120298,8224,FUN_5,FUN_4
120309,18972,FUN_6,FUN_5
120311,25219,FUN_4,FUN_3
120325,2014,FUN_1,CUBE_L
120329,3190,FUN_6,CUBE_R
120338,9740,CUBE_L,FUN_1
120352,6593,FUN_3,FUN_2
120353,3121,FUN_2,FUN_3
120384,1441,FUN_2,FUN_1
120391,10085,FUN_3,FUN_4
120398,10419,FUN_2,FUN_1
120402,15526,FUN_3,FUN_2
120404,13819,FUN_1,FUN_2
120425,14469,FUN_2,FUN_3
120426,29487,FUN_3,FUN_2
120437,12505,FUN_3,FUN_2
120437,18802,FUN_3,FUN_4
120438,23858,FUN_3,FUN_4
120459,29487,FUN_2,FUN_3
120493,25219,FUN_3,FUN_4
120505,22224,FUN_2,FUN_3
120507,27284,FUN_4,FUN_3
120508,8055,FUN_5,FUN_4
120510,23633,FUN_1,FUN_2
120514,1153,FUN_4,FUN_5
120531,4813,FUN_2,FUN_1
120533,7074,FUN_1,FUN_2
120540,12977,FUN_6,CUBE_R
120559,4976,FUN_6,CUBE_R
120559,28110,FUN_3,FUN_4
120600,5491,CUBE_L,RET
120605,20158,CUBE_R,RET
120612,28817,FUN_5,FUN_6
120613,21017,FUN_4,FUN_3
120615,13455,FUN_3,FUN_2
120620,24988,FUN_3,FUN_4
120626,16579,FUN_1,FUN_2
120628,24418,FUN_3,FUN_2
120628,29831,FUN_4,FUN_3
120656,7799,CUBE_R,RET
120663,5944,FUN_2,FUN_1
120666,6764,FUN_5,FUN_4
120673,14865,FUN_2,FUN_1
120680,27660,FUN_2,FUN_3
120694,4813,FUN_1,FUN_2
120698,1238,RET,CUBE_R
120700,26083,FUN_6,CUBE_R
120702,24798,RET,CUBE_R
120706,19196,RET,CUBE_R
120709,21776,FUN_3,FUN_2
120710,29810,FUN_4,FUN_3
120711,25326,FUN_3,FUN_2
120719,2172,FUN_6,CUBE_R
120750,15237,RET,CUBE_R
120752,27772,FUN_4,FUN_5
120753,9740,FUN_1,CUBE_L
120757,28572,FUN_6,CUBE_R
120758,28779,FUN_3,FUN_2
120765,4732,FUN_1,FUN_2
120768,14294,FUN_3,FUN_2
120778,18280,FUN_4,FUN_3
120779,18972,FUN_5,FUN_6
120803,21935,FUN_6,CUBE_R
120814,23207,FUN_3,FUN_2
120823,5944,FUN_1,FUN_2
120846,26210,CUBE_L,RET
120854,25157,FUN_6,FUN_5
120861,22324,FUN_2,FUN_1
120869,28357,FUN_1,FUN_2
120872,4292,FUN_2,FUN_1
120872,8503,CUBE_R,RET
120875,20158,RET,CUBE_R
120885,8992,FUN_5,FUN_4
120913,22174,FUN_4,FUN_5
120914,24167,FUN_2,FUN_3
120918,29718,FUN_2,FUN_1
120919,1441,FUN_1,FUN_2
120921,11812,FUN_3,FUN_4
120953,15039,FUN_3,FUN_2
120963,8839,FUN_3,FUN_2
120982,25235,FUN_3,FUN_2
120987,23858,FUN_4,FUN_3
120995,6785,FUN_6,CUBE_R
120995,14865,FUN_1,FUN_2
120995,24933,FUN_3,FUN_2
121031,10787,FUN_3,FUN_4
121033,21123,FUN_1,FUN_2
121034,18435,CUBE_L,RET
121037,15695,CUBE_L,RET
121043,19039,FUN_3,FUN_4
121049,18563,FUN_3,FUN_2
121073,2465,FUN_5,FUN_4
121093,2467,FUN_5,FUN_4
121094,7617,FUN_3,FUN_2
121101,12917,FUN_5,FUN_4
121106,7308,RET,CUBE_L
121107,19515,FUN_4,FUN_3
121109,9923,FUN_5,FUN_4
121111,12407,FUN_1,CUBE_L
121118,29311,CUBE_R,RET
121125,10438,FUN_4,FUN_5
121132,18979,FUN_2,FUN_3
121148,22433,CUBE_R,FUN_6
121149,10929,FUN_2,FUN_3
121154,24033,FUN_1,FUN_2
121169,25701,FUN_3,FUN_2
121198,18458,CUBE_L,RET
121203,21142,FUN_1,FUN_2
121209,19835,CUBE_L,RET
121213,18083,RET,CUBE_L
121227,21142,FUN_2,FUN_1
121228,7791,FUN_2,FUN_1
121245,3118,FUN_1,FUN_2
121252,22099,FUN_3,FUN_2
121264,24167,FUN_3,FUN_2
121264,29477,FUN_1,FUN_2
121269,19515,FUN_3,FUN_4
121273,8693,FUN_1,FUN_2
121294,4976,CUBE_R,FUN_6
121309,7377,FUN_6,FUN_5
121321,1318,FUN_1,CUBE_L
121328,11685,FUN_3,FUN_2
121337,24033,FUN_2,FUN_1
121338,1171,FUN_5,FUN_6
121345,15039,FUN_2,FUN_3
121351,10899,FUN_2,FUN_3
121359,14920,FUN_2,FUN_3
121381,27794,FUN_5,FUN_6
121383,5515,FUN_1,CUBE_L
121396,2481,FUN_4,FUN_5
121399,2109,CUBE_L,FUN_1
121400,18749,FUN_5,FUN_4
121401,1681,FUN_2,FUN_3
121401,27496,FUN_2,FUN_1
121405,15488,CUBE_R,RET
121408,11505,FUN_3,FUN_4
121420,1587,FUN_1,FUN_2
121421,18435,RET,CUBE_L
121422,18972,FUN_6,FUN_5
121425,16089,FUN_3,FUN_2
121432,11578,FUN_2,FUN_3
121439,18063,FUN_2,FUN_1
121446,461,FUN_1,FUN_2
121451,10749,FUN_4,FUN_5
121453,2697,FUN_4,FUN_5
121469,24600,CUBE_L,RET
121473,19039,FUN_4,FUN_3
121478,21017,FUN_3,FUN_4
121478,21142,FUN_1,FUN_2
121500,11069,FUN_3,FUN_2
121511,8503,RET,CUBE_R
121538,10749,FUN_5,FUN_4
121542,17004,FUN_6,FUN_5
121564,14634,FUN_4,FUN_3
121593,7308,CUBE_L,RET
121602,2481,FUN_5,FUN_4
121605,12407,CUBE_L,FUN_1
121615,21459,FUN_3,FUN_2
121627,22433,FUN_6,CUBE_R
121638,17140,FUN_3,FUN_4
121643,15526,FUN_2,FUN_3
121646,18317,RET,CUBE_L
121669,1510,FUN_6,CUBE_R
121669,29718,FUN_1,FUN_2
121692,27415,FUN_2,FUN_1
121704,28307,CUBE_R,FUN_6
121711,24426,FUN_6,CUBE_R
121717,20603,FUN_3,FUN_4
121720,10861,FUN_4,FUN_3
121721,10749,FUN_4,FUN_5
121742,3118,FUN_2,FUN_1
121750,26330,FUN_3,FUN_4
121751,17790,FUN_5,FUN_4
121754,29707,RET,CUBE_R
121758,21017,FUN_4,FUN_3
121763,13068,CUBE_R,RET
121764,10749,FUN_5,FUN_4
121765,20075,FUN_1,FUN_2
121766,2481,FUN_4,FUN_5
121784,10749,FUN_4,FUN_5
121790,14906,FUN_1,FUN_2
121797,1171,FUN_6,FUN_5
121799,13894,FUN_3,FUN_2
121799,28562,FUN_4,FUN_3
121802,22433,CUBE_R,FUN_6
121810,27845,CUBE_L,RET
121813,14007,CUBE_L,RET
121820,8525,FUN_1,FUN_2
121830,19666,FUN_3,FUN_2
121833,22992,FUN_6,FUN_5
121854,11094,CUBE_R,RET
121858,29331,CUBE_L,RET
121864,5404,FUN_6,CUBE_R
121876,9215,FUN_3,FUN_2
121878,25157,FUN_5,FUN_6
121882,19853,FUN_1,FUN_2
121883,966,CUBE_R,RET
121887,19236,RET,CUBE_L
121899,17508,FUN_2,FUN_1
121903,10234,FUN_2,FUN_1
121904,17140,FUN_4,FUN_3
121923,20611,FUN_5,FUN_6
121940,9918,CUBE_R,RET
121958,1521,CUBE_R,FUN_6
121959,17244,FUN_1,CUBE_L
121963,4976,FUN_6,CUBE_R
121997,7876,CUBE_L,RET
122013,21210,FUN_3,FUN_2
122026,10502,RET,CUBE_R
122058,28415,FUN_1,FUN_2
122067,10143,RET,CUBE_R
122073,5569,FUN_6,FUN_5
122085,19989,FUN_1,CUBE_L
122090,57,FUN_3,FUN_4
122106,11373,FUN_3,FUN_4
122110,921,FUN_3,FUN_4
122116,18280,FUN_3,FUN_4
122132,17111,FUN_3,FUN_2
122146,9923,FUN_4,FUN_5
122149,18563,FUN_2,FUN_3
122155,4759,RET,CUBE_L
122176,17508,FUN_1,FUN_2
122178,27415,FUN_1,FUN_2
122186,11296,FUN_3,FUN_4
122190,11094,RET,CUBE_R
122192,20156,FUN_4,FUN_3
122195,24009,FUN_1,FUN_2
122201,17124,FUN_6,FUN_5
122217,7799,RET,CUBE_R
122233,14089,FUN_4,FUN_3
122235,17140,FUN_3,FUN_4
122244,22775,FUN_3,FUN_2
122247,4447,FUN_3,FUN_2
122249,24055,FUN_4,FUN_3
122261,11727,FUN_6,FUN_5
122279,19796,FUN_1,FUN_2
122282,13455,FUN_2,FUN_3
122288,18563,FUN_3,FUN_2
122299,22621,FUN_6,CUBE_R
122302,28684,FUN_5,FUN_4
122312,26029,FUN_2,FUN_3
122321,17626,RET,CUBE_R
122335,2597,FUN_2,FUN_1
122335,7377,FUN_5,FUN_6
122348,8693,FUN_2,FUN_1
122361,17004,FUN_5,FUN_6
122380,10861,FUN_3,FUN_4
122391,24065,FUN_4,FUN_5
122392,1507,FUN_2,FUN_3
122396,2347,FUN_2,FUN_1
122399,28307,FUN_6,CUBE_R
122401,26128,RET,CUBE_R
122407,24311,FUN_4,FUN_5
122419,9513,FUN_3,FUN_2
122423,12553,FUN_2,FUN_1
122430,2398,FUN_2,FUN_1
122430,19936,CUBE_L,RET
122440,5944,FUN_2,FUN_1
122455,17419,FUN_3,FUN_2
122466,4873,FUN_4,FUN_5
122468,14332,FUN_3,FUN_4
122470,18302,FUN_3,FUN_2
122472,24615,FUN_3,FUN_4
122478,10582,FUN_2,FUN_3
122488,24009,FUN_2,FUN_1
122509,12374,CUBE_L,FUN_1
122522,11094,CUBE_R,RET
122534,7317,CUBE_L,RET
122550,22583,FUN_4,FUN_5
122551,23139,RET,CUBE_R
122554,25235,FUN_2,FUN_3
122560,16244,FUN_2,FUN_3
122582,319,FUN_2,FUN_1
122595,27048,FUN_3,FUN_2
122599,19039,FUN_3,FUN_4
122607,23207,FUN_2,FUN_3
122609,3948,CUBE_R,FUN_6
122617,8693,FUN_1,FUN_2
122620,14469,FUN_3,FUN_2
122621,27468,RET,CUBE_L
122638,16089,FUN_2,FUN_3
122639,6981,CUBE_R,FUN_6
122640,1699,FUN_2,FUN_1
122645,11894,FUN_1,FUN_2
122650,25235,FUN_3,FUN_2
122722,29182,FUN_2,FUN_1
122724,6744,FUN_2,FUN_3
122726,4505,FUN_4,FUN_5
122739,25701,FUN_2,FUN_3
122751,11367,FUN_2,FUN_1
122753,29831,FUN_3,FUN_4
122768,25243,RET,CUBE_L
122778,25235,FUN_2,FUN_3
122816,5703,RET,CUBE_L
122818,393,FUN_3,FUN_2
122818,29718,FUN_2,FUN_1
122822,966,RET,CUBE_R
122829,18749,FUN_4,FUN_5
122851,2172,CUBE_R,FUN_6
122871,9183,CUBE_L,RET
122877,10749,FUN_5,FUN_4
122919,12512,FUN_4,FUN_3
122959,22775,FUN_2,FUN_3
122967,24851,FUN_3,FUN_2
122969,3118,FUN_1,FUN_2
122975,27048,FUN_2,FUN_3
122980,276,FUN_4,FUN_3
122995,8357,FUN_1,CUBE_L
123005,18563,FUN_2,FUN_3
123006,25235,FUN_3,FUN_2
123012,23174,FUN_1,CUBE_L
123016,12087,FUN_2,FUN_3
123021,26460,FUN_2,FUN_1
123022,12623,FUN_3,FUN_2
123022,26449,FUN_2,FUN_3
123053,27493,FUN_2,FUN_1
123054,6300,FUN_1,CUBE_L
123055,29111,FUN_4,FUN_3
123064,13014,FUN_1,CUBE_L
123071,8823,FUN_2,FUN_1
123080,2597,FUN_1,FUN_2
123087,5338,RET,CUBE_L
123101,26029,FUN_3,FUN_2
123105,17790,FUN_4,FUN_5
123120,28562,FUN_3,FUN_4
123121,29701,CUBE_R,RET
123133,23300,FUN_2,FUN_1
123148,3018,FUN_5,FUN_4
123149,14264,CUBE_R,RET
123149,19039,FUN_4,FUN_3
123158,29182,FUN_1,FUN_2
123164,9265,FUN_2,FUN_3
123196,1507,FUN_3,FUN_2
123202,18972,FUN_5,FUN_6
123204,26112,FUN_5,FUN_4
123219,26268,FUN_1,FUN_2
123228,1171,FUN_5,FUN_6
123258,14750,FUN_1,FUN_2
123259,2347,FUN_1,FUN_2
123259,28984,FUN_3,FUN_2
123261,24418,FUN_2,FUN_3
123264,23718,FUN_1,CUBE_L
123277,1510,CUBE_R,FUN_6
123277,20063,FUN_1,FUN_2
123287,9532,FUN_4,FUN_5
123311,57,FUN_4,FUN_3
123326,10811,FUN_3,FUN_2
123331,9652,CUBE_R,RET
123340,15050,FUN_3,FUN_4
123342,2434,FUN_2,FUN_1
123352,13966,CUBE_L,RET
123361,36,RET,CUBE_R
123362,22433,FUN_6,CUBE_R
123412,3102,CUBE_R,RET
123435,6624,FUN_2,FUN_1
123442,25157,FUN_6,FUN_5
123446,26995,RET,CUBE_L
123447,15016,CUBE_L,RET
123479,11727,FUN_5,FUN_6
123487,19401,FUN_3,FUN_2
123493,22789,FUN_2,FUN_1
123504,19796,FUN_2,FUN_1
123514,20820,FUN_4,FUN_3
123533,879,FUN_6,FUN_5
123537,17740,FUN_1,FUN_2
123559,9700,FUN_5,FUN_6
123565,29097,FUN_3,FUN_2
123577,19754,FUN_1,FUN_2
123588,21933,FUN_5,FUN_6
123638,18563,FUN_3,FUN_2
123642,7637,FUN_2,FUN_1
123645,16934,CUBE_R,FUN_6
123673,25682,FUN_4,FUN_5
123687,27368,CUBE_R,FUN_6
123692,1504,RET,CUBE_R
123694,3619,FUN_2,FUN_1
123709,29265,CUBE_L,RET
123734,11161,FUN_4,FUN_3
123740,28415,FUN_2,FUN_1
123749,11430,CUBE_L,RET
123771,13920,CUBE_L,FUN_1
123774,19796,FUN_1,FUN_2
123787,27794,FUN_6,FUN_5
123790,920,FUN_1,FUN_2
123793,12374,FUN_1,CUBE_L
123798,16331,FUN_5,FUN_4
123819,11430,RET,CUBE_L
123820,27780,CUBE_R,FUN_6
123824,3018,FUN_4,FUN_5
123827,22134,FUN_2,FUN_3
123832,28453,CUBE_L,RET
123855,1625,FUN_3,FUN_2
123855,10146,FUN_6,FUN_5
123855,14632,CUBE_R,RET
123882,7329,FUN_2,FUN_3
123885,11161,FUN_3,FUN_4
123894,26449,FUN_3,FUN_2
123901,11716,FUN_5,FUN_4
123904,11161,FUN_4,FUN_3
123919,11161,FUN_3,FUN_4
123922,8107,FUN_2,FUN_3
123924,3018,FUN_5,FUN_4
123928,12054,FUN_3,FUN_4
123941,10150,FUN_6,CUBE_R
123973,3629,FUN_2,FUN_1
123975,5690,FUN_3,FUN_2
123976,11143,CUBE_L,RET
123998,1521,FUN_6,CUBE_R
124003,20095,FUN_6,CUBE_R
124025,26791,FUN_3,FUN_4
124028,4030,FUN_5,FUN_4
124050,27231,FUN_2,FUN_3
124063,5457,FUN_2,FUN_1
124084,25557,FUN_2,FUN_3
124097,27,CUBE_L,RET
124097,4234,FUN_3,FUN_4
124104,29440,CUBE_R,FUN_6
124113,24514,FUN_3,FUN_2
124124,27493,FUN_1,FUN_2
124132,668,FUN_2,FUN_3
124138,14362,FUN_2,FUN_3
124145,29591,FUN_5,FUN_6
124147,13679,FUN_3,FUN_2
124165,10296,RET,CUBE_R
124197,11662,FUN_2,FUN_3
124219,9975,FUN_3,FUN_4
124228,21142,FUN_2,FUN_1
124233,4966,FUN_3,FUN_4
124251,22251,FUN_1,CUBE_L
124253,15579,CUBE_R,RET
124259,21315,FUN_3,FUN_4
124272,23937,FUN_3,FUN_2
124274,9756,FUN_4,FUN_5
124296,10150,CUBE_R,FUN_6
124298,23241,FUN_4,FUN_3
124306,17802,FUN_3,FUN_2
124338,2184,CUBE_R,FUN_6
124339,4386,FUN_1,FUN_2
124339,17340,FUN_1,FUN_2
124342,14645,RET,CUBE_L
124346,14332,FUN_4,FUN_3
124360,20095,CUBE_R,FUN_6
124379,21985,FUN_1,FUN_2
124382,12917,FUN_4,FUN_5
124391,29943,FUN_2,FUN_1
124409,11143,RET,CUBE_L
124416,4292,FUN_1,FUN_2
124420,4759,CUBE_L,RET
124451,12211,FUN_5,FUN_6
124470,24033,FUN_1,FUN_2
124477,12087,FUN_3,FUN_2
124501,20095,FUN_6,CUBE_R
124511,1960,CUBE_L,RET
124512,3689,FUN_2,FUN_1
124519,21315,FUN_4,FUN_3
124523,4505,FUN_5,FUN_4
124533,14725,FUN_1,FUN_2
124542,12917,FUN_5,FUN_4
124558,28523,FUN_5,FUN_4
124564,17151,FUN_6,CUBE_R
124579,25417,CUBE_L,RET
124598,17517,FUN_2,FUN_3
124609,18749,FUN_5,FUN_4
124610,24715,FUN_3,FUN_2
124646,13390,FUN_3,FUN_4
124647,25008,FUN_4,FUN_3
124651,19029,RET,CUBE_L
124656,29672,FUN_2,FUN_3
124716,22312,FUN_2,FUN_1
124724,19696,FUN_2,FUN_1
124764,25123,FUN_3,FUN_2
124773,16059,CUBE_L,FUN_1
124774,22880,FUN_6,FUN_5
124777,6805,CUBE_R,FUN_6
124780,29701,RET,CUBE_R
124782,1507,FUN_2,FUN_3
124785,22302,FUN_1,FUN_2
124796,28820,FUN_6,CUBE_R
124797,21647,FUN_6,FUN_5
124801,6760,FUN_3,FUN_2
124818,319,FUN_1,FUN_2
124820,3689,FUN_1,FUN_2
124823,12505,FUN_2,FUN_3
124833,25326,FUN_2,FUN_3
124860,138,RET,CUBE_L
124873,26663,FUN_2,FUN_3
124878,24426,CUBE_R,FUN_6
124884,4568,FUN_3,FUN_2
124888,5491,RET,CUBE_L
124893,3415,FUN_5,FUN_6
124897,24615,FUN_4,FUN_3
124899,22224,FUN_3,FUN_2
124900,20660,FUN_1,FUN_2
124903,1771,FUN_3,FUN_2
124903,25235,FUN_2,FUN_3
124916,28075,FUN_6,CUBE_R
124920,19686,FUN_5,FUN_4
124938,5590,FUN_3,FUN_2
124948,11384,FUN_3,FUN_2
124958,22312,FUN_1,FUN_2
124960,21210,FUN_2,FUN_3
124982,6805,FUN_6,CUBE_R
124985,25872,FUN_3,FUN_4
124994,3583,FUN_2,FUN_1
125002,21943,FUN_6,CUBE_R
125010,23945,FUN_3,FUN_4
125048,6810,FUN_3,FUN_4
125060,640,FUN_6,FUN_5
125061,7317,RET,CUBE_L
125080,4689,FUN_2,FUN_3
125083,18495,FUN_2,FUN_1
125099,22064,FUN_2,FUN_1
125108,3583,FUN_1,FUN_2
125108,22583,FUN_5,FUN_4
125132,13871,RET,CUBE_R
125134,19713,FUN_1,FUN_2
125168,7267,FUN_2,FUN_1
125184,3705,FUN_2,FUN_3
125187,12925,FUN_2,FUN_3
125200,11367,FUN_1,FUN_2
125235,19095,FUN_3,FUN_4
125260,3053,FUN_4,FUN_5
125269,29555,FUN_3,FUN_2
125287,12917,FUN_4,FUN_5
125297,12553,FUN_1,FUN_2
125299,9513,FUN_2,FUN_3
125314,7317,CUBE_L,RET
125316,276,FUN_3,FUN_4
125317,10673,FUN_1,FUN_2
125324,7799,CUBE_R,RET
125327,11831,CUBE_R,RET
125341,16076,FUN_6,FUN_5
125344,12252,FUN_4,FUN_3
125364,21034,FUN_3,FUN_4
125375,22251,CUBE_L,FUN_1
125379,11357,RET,CUBE_L
125384,10486,FUN_5,FUN_4
125385,21142,FUN_1,FUN_2
125391,12455,FUN_6,FUN_5
125392,18063,FUN_1,FUN_2
125396,22174,FUN_5,FUN_4
125400,2269,FUN_3,FUN_2
125401,28682,CUBE_L,RET
125418,11716,FUN_4,FUN_5
125420,23099,FUN_5,FUN_6
125421,26330,FUN_4,FUN_3
125428,3689,FUN_2,FUN_1
125452,5457,FUN_1,FUN_2
125457,18271,FUN_4,FUN_5
125485,11542,RET,CUBE_R
125491,10068,FUN_2,FUN_3
125494,9869,FUN_2,FUN_1
125499,21482,FUN_3,FUN_2
125510,26029,FUN_2,FUN_3
125538,20095,CUBE_R,FUN_6
125571,19989,CUBE_L,FUN_1
125574,13822,FUN_2,FUN_1
125580,1656,CUBE_L,FUN_1
125586,12194,CUBE_L,RET
125589,21177,RET,CUBE_R
125649,23300,FUN_1,FUN_2
125650,17340,FUN_2,FUN_1
125668,16059,FUN_1,CUBE_L
125674,8658,FUN_6,FUN_5
125674,13014,CUBE_L,FUN_1
125677,23945,FUN_4,FUN_3
125695,1958,FUN_3,FUN_4
125710,27900,FUN_2,FUN_1
125716,6209,FUN_2,FUN_3
125729,1625,FUN_2,FUN_3
125754,20580,RET,CUBE_L
125754,27537,FUN_3,FUN_2
125775,14,FUN_4,FUN_3
125796,19495,RET,CUBE_L
125825,6071,FUN_1,FUN_2
125830,17241,FUN_2,FUN_3
125830,20099,CUBE_R,RET
125844,17897,FUN_5,FUN_4
125849,5569,FUN_5,FUN_6
125853,8037,FUN_2,FUN_3
125854,26029,FUN_3,FUN_2
125862,9704,FUN_6,FUN_5
125876,12407,FUN_1,CUBE_L
125892,7084,FUN_3,FUN_2
125897,5515,CUBE_L,FUN_1
125907,25691,FUN_2,FUN_1
125910,6560,FUN_5,FUN_6
125911,22197,FUN_2,FUN_3
125921,16140,FUN_2,FUN_1
125978,7637,FUN_1,FUN_2
125978,29097,FUN_2,FUN_3
125982,2269,FUN_2,FUN_3
125992,10205,CUBE_R,FUN_6
125993,13014,FUN_1,CUBE_L
125997,13189,FUN_2,FUN_3
126002,13735,FUN_5,FUN_4
126004,14658,FUN_2,FUN_1
126005,17419,FUN_2,FUN_3
126010,12194,RET,CUBE_L
126018,13305,FUN_2,FUN_1
126018,20041,FUN_2,FUN_1
126024,2578,FUN_2,FUN_3
126031,2172,FUN_6,CUBE_R
126079,4312,FUN_3,FUN_4
126090,15464,FUN_1,FUN_2
126104,28415,FUN_1,FUN_2
126115,17151,CUBE_R,FUN_6
126118,18435,CUBE_L,RET
126120,15460,FUN_1,CUBE_L
126164,24333,CUBE_R,RET
126175,29718,FUN_1,FUN_2
126183,9975,FUN_4,FUN_3
126192,25627,FUN_2,FUN_1
126207,9750,FUN_1,FUN_2
126209,7617,FUN_2,FUN_3
126214,12252,FUN_3,FUN_4
126222,5709,FUN_5,FUN_6
126226,20041,FUN_1,FUN_2
126256,16301,FUN_2,FUN_3
126267,3018,FUN_4,FUN_5
126267,29102,FUN_2,FUN_1
126281,4447,FUN_2,FUN_3
126281,28415,FUN_2,FUN_1
126287,2465,FUN_4,FUN_5
126293,20283,CUBE_R,RET
126304,2578,FUN_3,FUN_2
126317,17413,FUN_4,FUN_3
126320,27660,FUN_3,FUN_2
126321,20041,FUN_2,FUN_1
126323,26681,FUN_3,FUN_2
126333,19989,FUN_1,CUBE_L
126335,21482,FUN_2,FUN_3
126345,26897,FUN_2,FUN_3
126346,24120,FUN_6,FUN_5
126354,21584,FUN_3,FUN_2
126358,5491,CUBE_L,RET
126358,6713,FUN_3,FUN_4
126361,50,FUN_4,FUN_5
126367,6560,FUN_6,FUN_5
126377,18220,CUBE_R,RET
126380,26180,FUN_1,FUN_2
126382,238,FUN_2,FUN_1
126387,25569,CUBE_L,RET
126394,17646,FUN_2,FUN_1
126406,12623,FUN_2,FUN_3
126414,3545,FUN_1,FUN_2
126416,10899,FUN_3,FUN_2
126423,28266,FUN_2,FUN_3
126427,17483,FUN_5,FUN_6
126432,15464,FUN_2,FUN_1
126435,17340,FUN_1,FUN_2
126437,20041,FUN_1,FUN_2
126447,14405,FUN_2,FUN_1
126457,17982,RET,CUBE_L
126487,27368,FUN_6,CUBE_R
126488,3018,FUN_5,FUN_4
126494,2434,FUN_1,FUN_2
126545,24715,FUN_2,FUN_3
126551,28415,FUN_1,FUN_2
126553,15579,RET,CUBE_R
126556,6744,FUN_3,FUN_2
126567,27845,RET,CUBE_L
126569,29477,FUN_2,FUN_1
126578,15968,FUN_3,FUN_4
126584,19835,RET,CUBE_L
126586,14658,FUN_1,FUN_2
126590,22789,FUN_1,FUN_2
126593,13807,FUN_3,FUN_4
126597,12054,FUN_4,FUN_3
126602,160,FUN_5,FUN_6
126604,11277,FUN_4,FUN_5
126608,7320,CUBE_R,RET
126608,29111,FUN_3,FUN_4
126620,21105,FUN_4,FUN_5
126636,3471,CUBE_R,FUN_6
126638,4700,FUN_3,FUN_2
126639,20901,FUN_3,FUN_2
126642,19580,FUN_3,FUN_2
126662,8248,FUN_3,FUN_2
126662,12553,FUN_2,FUN_1
126672,1958,FUN_4,FUN_3
126672,16059,CUBE_L,FUN_1
126674,4843,FUN_3,FUN_2
126675,5259,FUN_2,FUN_3
126677,10503,FUN_2,FUN_1
126678,19835,CUBE_L,RET
126680,19666,FUN_2,FUN_3
126686,19878,CUBE_R,RET
126687,21706,FUN_3,FUN_2
126697,14920,FUN_3,FUN_2
126706,3415,FUN_6,FUN_5
126708,10068,FUN_3,FUN_2
126710,11853,FUN_2,FUN_3
126710,20041,FUN_2,FUN_1
126721,5923,FUN_3,FUN_4
126723,15859,FUN_6,FUN_5
126723,26083,CUBE_R,FUN_6
126724,21878,CUBE_R,RET
126746,9853,FUN_3,FUN_4
126748,16059,FUN_1,CUBE_L
126769,29037,FUN_5,FUN_4
126773,14454,FUN_3,FUN_2
126774,4843,FUN_2,FUN_3
126776,6473,FUN_6,FUN_5
126789,5310,FUN_2,FUN_1
126795,26663,FUN_3,FUN_2
126796,21031,FUN_4,FUN_3
126817,3948,FUN_6,CUBE_R
126824,26855,FUN_1,CUBE_L
126827,20280,FUN_5,FUN_6
126830,16059,CUBE_L,FUN_1
126830,16344,CUBE_R,RET
126835,6810,FUN_4,FUN_3
126839,13819,FUN_2,FUN_1
126848,18657,FUN_3,FUN_4
126849,9853,FUN_4,FUN_3
126862,21776,FUN_2,FUN_3
126883,9337,FUN_2,FUN_3
126887,25118,FUN_2,FUN_1
126937,10673,FUN_2,FUN_1
126944,13819,FUN_1,FUN_2
126949,7573,FUN_1,FUN_2
126953,16059,FUN_1,CUBE_L
126973,19886,FUN_1,FUN_2
126980,15294,FUN_2,FUN_3
126988,769,CUBE_L,FUN_1
126990,19552,FUN_5,FUN_6
127002,17113,FUN_5,FUN_6
127007,17589,CUBE_L,RET
127013,10749,FUN_4,FUN_5
127026,19969,FUN_5,FUN_4
127027,18495,FUN_1,FUN_2
127049,15126,FUN_3,FUN_2
127055,21379,FUN_2,FUN_3
127071,29801,FUN_3,FUN_2
127087,12134,FUN_1,FUN_2
127095,17982,CUBE_L,RET
127103,18778,FUN_1,CUBE_L
127117,7308,RET,CUBE_L
127117,24464,FUN_3,FUN_2
127133,21728,FUN_1,FUN_2
127134,2247,FUN_6,FUN_5
127138,20611,FUN_6,FUN_5
127157,36,CUBE_R,RET
127176,6810,FUN_3,FUN_4
127197,26330,FUN_3,FUN_4
127215,16579,FUN_2,FUN_1
127219,17340,FUN_2,FUN_1
127236,19969,FUN_4,FUN_5
127239,18657,FUN_4,FUN_3
127242,22197,FUN_3,FUN_2
127254,3983,FUN_2,FUN_3
127273,12105,FUN_3,FUN_2
127279,5338,CUBE_L,RET
127280,4759,RET,CUBE_L
127284,3877,CUBE_R,FUN_6
127286,16579,FUN_1,FUN_2
127291,1625,FUN_3,FUN_2
127296,27845,CUBE_L,RET
127298,28266,FUN_3,FUN_2
127301,2247,FUN_5,FUN_6
127332,20099,RET,CUBE_R
127360,14150,FUN_6,FUN_5
127360,15464,FUN_1,FUN_2
127368,26681,FUN_2,FUN_3
127372,24311,FUN_5,FUN_4
127400,14609,FUN_2,FUN_3
127403,5338,RET,CUBE_L
127405,25123,FUN_2,FUN_3
127416,138,CUBE_L,RET
127418,19969,FUN_5,FUN_4
127426,20991,FUN_4,FUN_5
127434,19748,CUBE_R,RET
127434,26083,FUN_6,CUBE_R
127459,21878,RET,CUBE_R
127459,27368,CUBE_R,FUN_6
127462,9308,FUN_4,FUN_5
127491,17004,FUN_6,FUN_5
127511,19969,FUN_4,FUN_5
127511,20603,FUN_4,FUN_3
127542,11357,CUBE_L,RET
127546,27493,FUN_2,FUN_1
127558,7377,FUN_6,FUN_5
127566,15579,CUBE_R,RET
127594,11384,FUN_2,FUN_3
127611,16204,FUN_2,FUN_1
127616,1625,FUN_2,FUN_3
127619,5703,CUBE_L,RET
127624,3018,FUN_4,FUN_5
127625,5055,FUN_6,CUBE_R
127640,3225,FUN_2,FUN_3
127642,12661,FUN_1,FUN_2
127659,20063,FUN_2,FUN_1
127666,23667,FUN_1,FUN_2
127673,13295,FUN_4,FUN_3
127694,18778,CUBE_L,FUN_1
127695,15464,FUN_2,FUN_1
127697,7475,FUN_6,FUN_5
127706,21034,FUN_4,FUN_3
127712,8932,FUN_2,FUN_3
127712,20658,FUN_4,FUN_3
127724,27677,FUN_3,FUN_4
127728,25207,FUN_2,FUN_3
127735,29196,CUBE_L,RET
127784,19666,FUN_3,FUN_2
127813,27794,FUN_5,FUN_6
127831,4292,FUN_2,FUN_1
127836,15464,FUN_1,FUN_2
127842,21953,FUN_3,FUN_2
127846,21706,FUN_2,FUN_3
127872,21031,FUN_3,FUN_4
127874,5690,FUN_2,FUN_3
127877,12374,CUBE_L,FUN_1
127895,13143,FUN_5,FUN_4
127897,12455,FUN_5,FUN_6
127899,6412,FUN_2,FUN_3
127902,20075,FUN_2,FUN_1
127903,21274,FUN_3,FUN_4
127905,27845,RET,CUBE_L
127906,10150,FUN_6,CUBE_R
127928,7084,FUN_2,FUN_3
127936,19341,CUBE_R,FUN_6
127956,28391,FUN_3,FUN_4
127957,2247,FUN_6,FUN_5
127959,3948,CUBE_R,FUN_6
127965,9215,FUN_2,FUN_3
127979,14089,FUN_3,FUN_4
127982,4635,RET,CUBE_L
127988,3118,FUN_2,FUN_1
127989,14795,FUN_3,FUN_2
127991,10749,FUN_5,FUN_4
127993,5590,FUN_2,FUN_3
127996,29555,FUN_2,FUN_3
127999,986,FUN_2,FUN_3
128004,13515,FUN_2,FUN_1
128016,6450,FUN_3,FUN_4
128024,1510,FUN_6,CUBE_R
128041,24693,FUN_4,FUN_3
128070,17094,FUN_3,FUN_2
128074,21963,CUBE_R,RET
128075,8542,FUN_3,FUN_4
128100,7556,FUN_5,FUN_4
128103,22130,CUBE_L,RET
128110,19948,CUBE_L,RET
128139,23491,FUN_2,FUN_3
128161,18302,FUN_2,FUN_3
128167,276,FUN_4,FUN_3
128186,13547,FUN_4,FUN_3
128189,3118,FUN_1,FUN_2
128193,24715,FUN_3,FUN_2
128196,26083,CUBE_R,FUN_6
128207,29548,CUBE_L,RET
128215,10409,FUN_5,FUN_6
128226,14089,FUN_4,FUN_3
128235,4732,FUN_2,FUN_1
128271,12422,RET,CUBE_R
128274,25627,FUN_1,FUN_2
128281,4505,FUN_4,FUN_5
128294,15968,FUN_4,FUN_3
128300,28825,FUN_2,FUN_1
128315,14609,FUN_3,FUN_2
128315,23155,FUN_2,FUN_3
128322,22775,FUN_3,FUN_2
128326,20660,FUN_2,FUN_1
128338,26681,FUN_3,FUN_2
128363,29269,FUN_3,FUN_4
128364,6450,FUN_4,FUN_3
128366,5164,FUN_3,FUN_4
128385,21274,FUN_4,FUN_3
128387,20871,RET,CUBE_R
128393,20308,FUN_1,FUN_2
128398,13542,CUBE_L,RET
128402,28820,CUBE_R,FUN_6
128405,9056,FUN_3,FUN_2
128418,11296,FUN_4,FUN_3
128427,18756,RET,CUBE_R
128460,29672,FUN_3,FUN_2
128467,12045,FUN_3,FUN_2
128487,22197,FUN_2,FUN_3
128490,15027,FUN_2,FUN_1
128496,7799,RET,CUBE_R
128504,25719,FUN_3,FUN_2
128535,2229,FUN_2,FUN_3
128541,4386,FUN_2,FUN_1
128553,20300,CUBE_L,RET
128557,12623,FUN_3,FUN_2
128558,3689,FUN_1,FUN_2
128576,29831,FUN_4,FUN_3
128591,14454,FUN_2,FUN_3
128605,9750,FUN_2,FUN_1
128609,10150,CUBE_R,FUN_6
128622,19666,FUN_2,FUN_3
128634,28476,FUN_4,FUN_5
128641,17240,FUN_2,FUN_1
128642,24333,RET,CUBE_R
128661,21142,FUN_2,FUN_1
128666,643,FUN_4,FUN_3
128671,18271,FUN_5,FUN_4
128674,22775,FUN_2,FUN_3
128679,9611,FUN_5,FUN_4
128680,23838,FUN_2,FUN_3
128707,18830,FUN_3,FUN_4
128720,18280,FUN_4,FUN_3
128723,23945,FUN_3,FUN_4
128726,3519,FUN_5,FUN_6
128728,20603,FUN_3,FUN_4
128729,12422,CUBE_R,RET
128732,9215,FUN_3,FUN_2
128736,312,FUN_4,FUN_3
128739,2636,FUN_6,FUN_5
128743,4568,FUN_2,FUN_3
128744,29111,FUN_4,FUN_3
128765,23636,FUN_3,FUN_2
128775,25271,FUN_5,FUN_6
128795,27660,FUN_2,FUN_3
128801,17078,FUN_2,FUN_3
128801,28357,FUN_2,FUN_1
128813,4509,FUN_4,FUN_5
128836,19671,FUN_3,FUN_2
128849,5807,RET,CUBE_L
128850,5055,CUBE_R,FUN_6
128853,9977,FUN_2,FUN_3
128859,8089,FUN_6,CUBE_R
128860,21706,FUN_3,FUN_2
128869,24688,FUN_1,FUN_2
128885,10179,FUN_3,FUN_4
128891,19117,FUN_3,FUN_2
128900,7475,FUN_5,FUN_6
128905,3195,CUBE_R,RET
128912,25569,RET,CUBE_L
128948,14401,RET,CUBE_R
128954,17198,RET,CUBE_R
128962,19754,FUN_2,FUN_1
128974,8567,CUBE_R,FUN_6
128988,11277,FUN_5,FUN_4
129011,25207,FUN_3,FUN_2
129016,29102,FUN_1,FUN_2
129018,29718,FUN_2,FUN_1
129022,11727,FUN_6,FUN_5
129026,15464,FUN_2,FUN_1
129035,25219,FUN_4,FUN_3
129072,17802,FUN_2,FUN_3
129076,18931,CUBE_L,FUN_1
129078,18929,FUN_1,FUN_2
129091,21763,FUN_4,FUN_5
129102,3689,FUN_2,FUN_1
129105,18929,FUN_2,FUN_1
129106,3118,FUN_2,FUN_1
129117,2467,FUN_4,FUN_5
129158,22325,FUN_3,FUN_2
129164,20337,CUBE_R,RET
129165,18929,FUN_1,FUN_2
129180,18929,FUN_2,FUN_1
129194,21449,FUN_4,FUN_3
129219,11367,FUN_2,FUN_1
129223,15464,FUN_1,FUN_2
129233,8542,FUN_4,FUN_3
129240,2467,FUN_5,FUN_4
129245,3471,FUN_6,CUBE_R
129245,15464,FUN_2,FUN_1
129246,14626,FUN_2,FUN_1
129257,9869,FUN_1,FUN_2
129265,2467,FUN_4,FUN_5
129271,20033,FUN_3,FUN_2
129274,16721,FUN_3,FUN_4
129300,10652,FUN_3,FUN_2
129305,19095,FUN_4,FUN_3
129305,20337,RET,CUBE_R
129324,16140,FUN_1,FUN_2
129331,16331,FUN_4,FUN_5
129345,24028,FUN_3,FUN_4
129359,13798,RET,CUBE_L
129361,11716,FUN_5,FUN_4
129367,5590,FUN_3,FUN_2
129375,20820,FUN_3,FUN_4
129379,25157,FUN_5,FUN_6
129389,14865,FUN_2,FUN_1
129405,3471,CUBE_R,FUN_6
129433,1507,FUN_3,FUN_2
129439,29831,FUN_3,FUN_4
129440,18495,FUN_2,FUN_1
129444,9056,FUN_2,FUN_3
129451,5259,FUN_3,FUN_2
129452,10179,FUN_4,FUN_3
129455,14658,FUN_2,FUN_1
129470,20603,FUN_4,FUN_3
129478,10652,FUN_2,FUN_3
129480,986,FUN_3,FUN_2
129481,12422,RET,CUBE_R
129491,1504,CUBE_R,RET
129495,6901,FUN_1,FUN_2
129506,17300,FUN_1,FUN_2
129509,23587,FUN_2,FUN_1
129528,19835,RET,CUBE_L
129546,6604,CUBE_L,FUN_1
129555,26118,FUN_2,FUN_3
129561,14294,FUN_2,FUN_1
129571,18302,FUN_3,FUN_2
129588,7876,RET,CUBE_L
129597,24311,FUN_4,FUN_5
129601,4732,FUN_1,FUN_2
129608,15062,FUN_2,FUN_3
129609,15057,FUN_2,FUN_1
129613,29555,FUN_3,FUN_2
129625,25650,FUN_2,FUN_3
129632,23937,FUN_2,FUN_3
129633,22197,FUN_3,FUN_2
129639,19144,FUN_4,FUN_3
129641,9246,CUBE_L,RET
129641,29804,FUN_2,FUN_3
129663,15579,RET,CUBE_R
129667,4275,FUN_3,FUN_2
129669,19739,RET,CUBE_L
129672,26029,FUN_2,FUN_3
129674,19878,RET,CUBE_R
129706,17419,FUN_3,FUN_2
129720,12259,FUN_2,FUN_1
129721,23174,CUBE_L,FUN_1
129734,29111,FUN_3,FUN_4
129735,18756,CUBE_R,RET
129744,10205,FUN_6,CUBE_R
129747,10654,FUN_3,FUN_2
129748,23838,FUN_3,FUN_2
129752,6222,FUN_1,FUN_2
129761,13871,CUBE_R,RET
129805,5690,FUN_3,FUN_2
129808,28825,FUN_1,FUN_2
129812,28266,FUN_2,FUN_3
129820,12925,FUN_3,FUN_2
129836,19160,FUN_3,FUN_2
129847,25207,FUN_2,FUN_3
129849,18083,CUBE_L,RET
129862,17982,RET,CUBE_L
129866,20041,FUN_1,FUN_2
129867,20895,FUN_3,FUN_2
129868,2465,FUN_5,FUN_4
129868,25118,FUN_1,FUN_2
129870,2467,FUN_5,FUN_4
129873,2598,FUN_3,FUN_4
129878,21584,FUN_2,FUN_3
129892,20099,CUBE_R,RET
129896,29097,FUN_3,FUN_2
129905,7655,FUN_1,FUN_2
129909,10150,FUN_6,CUBE_R
129914,29097,FUN_2,FUN_3
129926,3689,FUN_1,FUN_2
129928,17621,CUBE_R,FUN_6
129930,28527,CUBE_R,FUN_6
129938,15062,FUN_3,FUN_2
129942,16362,FUN_6,CUBE_R
129950,26266,FUN_4,FUN_3
129956,29814,FUN_1,FUN_2
129958,4398,FUN_5,FUN_4
129969,14658,FUN_1,FUN_2
130009,6933,FUN_5,FUN_6
130010,9895,FUN_4,FUN_5
130035,8992,FUN_4,FUN_5
130047,13909,FUN_3,FUN_2
130050,27794,FUN_6,FUN_5
130065,24051,FUN_2,FUN_1
130076,13056,FUN_3,FUN_2
130110,1053,FUN_4,FUN_3
130111,920,FUN_2,FUN_1
130136,28110,FUN_4,FUN_3
130139,19374,FUN_2,FUN_3
130143,6933,FUN_6,FUN_5
130146,28825,FUN_2,FUN_1
130171,4275,FUN_2,FUN_3
130217,19754,FUN_1,FUN_2
130234,22433,CUBE_R,FUN_6
130236,7609,FUN_4,FUN_5
130248,15126,FUN_2,FUN_3
130250,15719,FUN_2,FUN_3
130259,24028,FUN_4,FUN_3
130265,29560,FUN_4,FUN_3
130270,27439,CUBE_R,FUN_6
130273,14626,FUN_1,FUN_2
130274,11697,CUBE_L,RET
130279,6933,FUN_5,FUN_6
130280,9337,FUN_3,FUN_2
130284,20549,CUBE_L,RET
130296,29477,FUN_1,FUN_2
130302,1510,CUBE_R,FUN_6
130302,7655,FUN_2,FUN_1
130305,13450,FUN_1,FUN_2
130306,29187,FUN_2,FUN_3
130319,6472,RET,CUBE_R
130323,11144,FUN_3,FUN_2
130324,14883,FUN_3,FUN_4
130335,3799,FUN_3,FUN_4
130339,25650,FUN_3,FUN_2
130347,13822,FUN_1,FUN_2
130377,27900,FUN_1,FUN_2
130379,26266,FUN_3,FUN_4
130408,9478,FUN_3,FUN_4
130410,17802,FUN_3,FUN_2
130419,4398,FUN_4,FUN_5
130423,4654,FUN_2,FUN_3
130425,4129,FUN_4,FUN_3
130442,14469,FUN_2,FUN_3
130448,5491,RET,CUBE_L
130459,2201,FUN_2,FUN_3
130460,27755,FUN_2,FUN_1
130463,17340,FUN_1,FUN_2
130478,29560,FUN_3,FUN_4
130496,13979,FUN_6,FUN_5
130497,10582,FUN_3,FUN_2
130505,26921,FUN_2,FUN_1
130508,17167,FUN_2,FUN_3
130510,2974,CUBE_R,FUN_6
130530,29614,FUN_6,CUBE_R
130543,1504,RET,CUBE_R
130549,13521,CUBE_L,RET
130554,26460,FUN_1,FUN_2
130560,10654,FUN_2,FUN_3
130574,3378,FUN_3,FUN_2
130593,10486,FUN_4,FUN_5
130598,20087,FUN_4,FUN_5
130610,25691,FUN_1,FUN_2
130610,26681,FUN_2,FUN_3
130621,20340,FUN_1,FUN_2
130622,16007,FUN_3,FUN_4
130624,8894,FUN_4,FUN_5
130626,15520,RET,CUBE_L
130654,24715,FUN_2,FUN_3
130660,742,CUBE_L,FUN_1
130705,17094,FUN_2,FUN_3
130719,11242,FUN_2,FUN_3
130728,28075,CUBE_R,FUN_6
130731,11812,FUN_4,FUN_3
130737,7655,FUN_1,FUN_2
130743,29831,FUN_4,FUN_3
130764,21985,FUN_2,FUN_1
130794,21647,FUN_5,FUN_6
130800,19696,FUN_1,FUN_2
130812,6604,FUN_1,CUBE_L
130814,22325,FUN_2,FUN_3
130824,28703,CUBE_L,FUN_1
130825,26118,FUN_3,FUN_2
130852,29555,FUN_2,FUN_3
130856,17167,FUN_3,FUN_2
130872,4010,FUN_6,CUBE_R
130893,17621,FUN_6,CUBE_R
130904,25118,FUN_2,FUN_1
130905,11242,FUN_3,FUN_2
130915,13143,FUN_4,FUN_5
130919,24418,FUN_3,FUN_2
130922,12705,FUN_2,FUN_1
130937,23945,FUN_4,FUN_3
130975,19878,CUBE_R,RET
130994,21202,FUN_4,FUN_5
130997,4897,FUN_2,FUN_1
131007,3618,FUN_4,FUN_3
131007,11895,FUN_3,FUN_4
131031,17167,FUN_2,FUN_3
131031,25271,FUN_6,FUN_5
131048,28204,FUN_4,FUN_3
131062,19629,FUN_4,FUN_3
131069,23587,FUN_1,FUN_2
131104,2578,FUN_2,FUN_3
131129,9545,FUN_2,FUN_1
131141,11242,FUN_2,FUN_3
131147,4635,CUBE_L,RET
131148,19831,FUN_2,FUN_3
131153,26905,FUN_3,FUN_2
131160,8107,FUN_3,FUN_2
131166,15027,FUN_1,FUN_2
131170,10557,FUN_3,FUN_2
131173,15062,FUN_2,FUN_3
131181,16059,CUBE_L,FUN_1
131186,6450,FUN_3,FUN_4
131205,18061,FUN_1,FUN_2
131213,11094,RET,CUBE_R
131234,19495,CUBE_L,RET
131237,15397,CUBE_R,RET
131237,29475,FUN_1,FUN_2
131239,12455,FUN_6,FUN_5
131249,22174,FUN_4,FUN_5
131251,29672,FUN_2,FUN_3
131263,13906,FUN_4,FUN_3
131310,18657,FUN_3,FUN_4
131317,19739,CUBE_L,RET
131317,22854,RET,CUBE_R
131325,1425,FUN_3,FUN_4
131354,281,FUN_3,FUN_2
131364,14658,FUN_2,FUN_1
131392,15397,RET,CUBE_R
131409,28606,FUN_1,CUBE_L
131417,7799,CUBE_R,RET
131422,9438,FUN_3,FUN_2
131431,16449,FUN_3,FUN_4
131432,24464,FUN_2,FUN_3
131433,22465,RET,CUBE_R
131447,18841,CUBE_L,RET
131457,920,FUN_1,FUN_2
131462,312,FUN_3,FUN_4
131466,276,FUN_3,FUN_4
131470,14343,CUBE_R,RET
131481,19671,FUN_2,FUN_3
131489,21202,FUN_5,FUN_4
131491,15377,FUN_3,FUN_2
131494,769,FUN_1,CUBE_L
131503,20033,FUN_2,FUN_3
131508,13841,FUN_3,FUN_2
131512,15027,FUN_2,FUN_1
131517,29804,FUN_3,FUN_2
131565,22324,FUN_1,FUN_2
131575,7609,FUN_5,FUN_4
131583,6810,FUN_4,FUN_3
131586,17300,FUN_2,FUN_1
131631,8521,FUN_3,FUN_2
131632,10658,FUN_5,FUN_4
131642,18756,RET,CUBE_R
131649,3471,FUN_6,CUBE_R
131656,20913,RET,CUBE_L
131656,26118,FUN_2,FUN_3
131685,14022,FUN_2,FUN_1
131696,15809,CUBE_L,RET
131713,4897,FUN_1,FUN_2
131713,11716,FUN_4,FUN_5
131715,25118,FUN_1,FUN_2
131728,23667,FUN_2,FUN_1
131739,4398,FUN_5,FUN_4
131749,26118,FUN_3,FUN_2
131763,12105,FUN_2,FUN_3
131794,13841,FUN_2,FUN_3
131806,17167,FUN_3,FUN_2
131825,7655,FUN_2,FUN_1
131835,4219,FUN_3,FUN_2
131839,26118,FUN_2,FUN_3
131845,4349,FUN_5,FUN_6
131871,24033,FUN_2,FUN_1
131873,25441,FUN_3,FUN_2
131875,27900,FUN_2,FUN_1
131879,22099,FUN_2,FUN_3
131893,3618,FUN_3,FUN_4
131896,20308,FUN_2,FUN_1
131916,13295,FUN_3,FUN_4
131922,26266,FUN_4,FUN_3
131926,3799,FUN_4,FUN_3
131926,15409,CUBE_R,FUN_6
131929,15719,FUN_3,FUN_2
131937,6901,FUN_2,FUN_1
131948,15464,FUN_1,FUN_2
131951,17646,FUN_1,FUN_2
131952,28703,FUN_1,CUBE_L
131984,20075,FUN_1,FUN_2
131989,11144,FUN_2,FUN_3
132018,14865,FUN_1,FUN_2
132032,13909,FUN_2,FUN_3
132046,11979,RET,CUBE_L
132054,14233,FUN_3,FUN_2
132057,12045,FUN_2,FUN_3
132087,15099,CUBE_R,FUN_6
132087,24028,FUN_3,FUN_4
132112,23587,FUN_2,FUN_1
132116,2172,CUBE_R,FUN_6
132116,5703,RET,CUBE_L
132116,27755,FUN_1,FUN_2
132131,13143,FUN_5,FUN_4
132132,920,FUN_2,FUN_1
132152,12213,FUN_2,FUN_1
132159,18061,FUN_2,FUN_1
132164,3363,CUBE_L,RET
132191,742,FUN_1,CUBE_L
132220,1510,FUN_6,CUBE_R
132223,25262,CUBE_L,FUN_1
132244,18929,FUN_1,FUN_2
132246,3907,FUN_5,FUN_4
132249,6805,CUBE_R,FUN_6
132256,13305,FUN_1,FUN_2
132303,15719,FUN_2,FUN_3
132307,15817,FUN_2,FUN_1
132331,20796,FUN_2,FUN_1
132360,3619,FUN_1,FUN_2
132377,11357,RET,CUBE_L
132380,19600,FUN_6,FUN_5
132395,16089,FUN_3,FUN_2
132395,19886,FUN_2,FUN_1
132399,20895,FUN_2,FUN_3
132406,13679,FUN_2,FUN_3
132411,6933,FUN_6,FUN_5
132413,9478,FUN_4,FUN_3
132430,9438,FUN_2,FUN_3
132460,3877,FUN_6,CUBE_R
132468,26118,FUN_3,FUN_2
132475,22039,FUN_4,FUN_3
132477,4219,FUN_2,FUN_3
132480,29548,RET,CUBE_L
132496,16579,FUN_2,FUN_1
132506,10861,FUN_4,FUN_3
132545,3619,FUN_2,FUN_1
132547,14609,FUN_2,FUN_3
132569,24028,FUN_4,FUN_3
132571,20131,FUN_5,FUN_4
132574,13979,FUN_5,FUN_6
132602,25627,FUN_2,FUN_1
132616,9430,FUN_2,FUN_3
132617,17802,FUN_2,FUN_3
132634,36,RET,CUBE_R
132637,26681,FUN_3,FUN_2
132664,14469,FUN_3,FUN_2
132668,21202,FUN_4,FUN_5
132677,10734,FUN_3,FUN_2
132698,22317,FUN_3,FUN_2
132703,21409,FUN_3,FUN_2
132708,28880,FUN_4,FUN_5
132728,21409,FUN_2,FUN_3
132729,12661,FUN_2,FUN_1
132730,20689,CUBE_R,RET
132734,28825,FUN_1,FUN_2
132746,10409,FUN_6,FUN_5
132747,6810,FUN_3,FUN_4
132748,29804,FUN_2,FUN_3
132755,3320,FUN_4,FUN_3
132767,4635,RET,CUBE_L
132767,28357,FUN_1,FUN_2
132800,4774,FUN_4,FUN_5
132821,22706,FUN_4,FUN_3
132830,27496,FUN_1,FUN_2
132867,21202,FUN_5,FUN_4
132873,3619,FUN_1,FUN_2
132874,23646,FUN_2,FUN_3
132894,9478,FUN_3,FUN_4
132901,13390,FUN_4,FUN_3
132907,7505,FUN_3,FUN_2
132909,17517,FUN_3,FUN_2
132918,13841,FUN_3,FUN_2
132919,775,FUN_2,FUN_1
132919,2321,FUN_4,FUN_3
132922,17719,CUBE_R,RET
132930,14022,FUN_1,FUN_2
132933,2730,FUN_4,FUN_5
132934,18061,FUN_1,FUN_2
132944,5557,CUBE_L,RET
132958,17252,CUBE_R,RET
132963,17727,FUN_5,FUN_4
132988,23587,FUN_1,FUN_2
132989,19739,RET,CUBE_L
132994,24715,FUN_3,FUN_2
133017,3877,CUBE_R,FUN_6
133019,19436,FUN_3,FUN_2
133026,27599,FUN_6,FUN_5
133041,16892,FUN_3,FUN_2
133042,26460,FUN_2,FUN_1
133052,27755,FUN_2,FUN_1
133053,19039,FUN_3,FUN_4
133059,10409,FUN_5,FUN_6
133067,14233,FUN_2,FUN_3
133069,28703,CUBE_L,FUN_1
133072,20131,FUN_4,FUN_5
133082,13189,FUN_3,FUN_2
133082,21409,FUN_3,FUN_2
133112,16389,CUBE_L,RET
133113,5709,FUN_6,FUN_5
133132,17167,FUN_2,FUN_3
133135,7406,FUN_3,FUN_4
133138,17621,CUBE_R,FUN_6
133139,9951,FUN_3,FUN_2
133143,24051,FUN_1,FUN_2
133155,17111,FUN_2,FUN_3
133156,13711,FUN_4,FUN_3
133169,21120,FUN_2,FUN_3
133171,24028,FUN_3,FUN_4
133180,20580,CUBE_L,RET
133181,12105,FUN_3,FUN_2
133182,11422,FUN_6,CUBE_R
133191,15793,FUN_2,FUN_3
133212,1821,FUN_4,FUN_3
133216,3519,FUN_6,FUN_5
133217,27129,FUN_4,FUN_3
133218,22325,FUN_3,FUN_2
133230,29187,FUN_3,FUN_2
133230,29311,RET,CUBE_R
133237,14658,FUN_1,FUN_2
133237,27670,RET,CUBE_R
133245,10419,FUN_1,FUN_2
133248,12705,FUN_1,FUN_2
133255,15397,CUBE_R,RET
133262,28266,FUN_3,FUN_2
133281,7505,FUN_2,FUN_3
133285,1821,FUN_3,FUN_4
133286,23643,FUN_2,FUN_3
133289,15062,FUN_3,FUN_2
133299,15099,FUN_6,CUBE_R
133301,16301,FUN_3,FUN_2
133306,12213,FUN_1,FUN_2
133307,18495,FUN_1,FUN_2
133320,9219,CUBE_R,RET
133325,9918,RET,CUBE_R
133331,15027,FUN_1,FUN_2
133349,20611,FUN_5,FUN_6
133354,4505,FUN_5,FUN_4
133357,14756,FUN_5,FUN_6
133357,29591,FUN_6,FUN_5
133358,16231,FUN_1,FUN_2
133360,17451,CUBE_L,RET
133363,8657,RET,CUBE_L
133369,23483,RET,CUBE_R
133377,3320,FUN_3,FUN_4
133383,4314,FUN_2,FUN_3
133395,24933,FUN_2,FUN_3
133401,18302,FUN_2,FUN_3
133412,3619,FUN_2,FUN_1
133418,13143,FUN_4,FUN_5
133419,21202,FUN_4,FUN_5
133420,20308,FUN_1,FUN_2
133426,17529,FUN_3,FUN_2
133427,9122,FUN_2,FUN_3
133436,24009,FUN_1,FUN_2
133438,20033,FUN_3,FUN_2
133441,3519,FUN_5,FUN_6
133470,7017,FUN_3,FUN_2
133476,18686,FUN_2,FUN_1
133497,22621,CUBE_R,FUN_6
133498,10704,FUN_5,FUN_4
133510,26766,CUBE_L,FUN_1
133540,6222,FUN_2,FUN_1
133542,2713,RET,CUBE_R
133545,10205,CUBE_R,FUN_6
133549,21409,FUN_2,FUN_3
133563,28485,CUBE_R,FUN_6
133570,22325,FUN_2,FUN_3
133571,12908,FUN_3,FUN_2
133571,29311,CUBE_R,RET
133582,7505,FUN_3,FUN_2
133588,14294,FUN_1,FUN_2
133590,27481,FUN_2,FUN_1
133596,14609,FUN_3,FUN_2
133616,14883,FUN_4,FUN_3
133621,22317,FUN_2,FUN_3
133625,22744,FUN_1,FUN_2
133628,19419,FUN_1,CUBE_L
133662,3519,FUN_6,FUN_5
133673,16809,FUN_4,FUN_3
133708,24065,FUN_5,FUN_4
133708,25235,FUN_3,FUN_2
133709,19671,FUN_3,FUN_2
133720,6168,FUN_5,FUN_4
133729,27,RET,CUBE_L
133742,6168,FUN_4,FUN_5
133743,19436,FUN_2,FUN_3
133746,29503,RET,CUBE_R
133774,24715,FUN_2,FUN_3
133775,15817,FUN_1,FUN_2
133788,5259,FUN_2,FUN_3
133788,25899,FUN_1,FUN_2
133806,28825,FUN_2,FUN_1
133862,24615,FUN_3,FUN_4
133867,16644,FUN_5,FUN_4
133873,29810,FUN_3,FUN_4
133875,21680,RET,CUBE_R
133878,3619,FUN_1,FUN_2
133882,344,FUN_3,FUN_4
133882,11550,FUN_1,CUBE_L
133887,640,FUN_5,FUN_6
133892,15027,FUN_2,FUN_1
133897,22600,FUN_3,FUN_2
133901,15632,FUN_6,CUBE_R
133914,11566,FUN_2,FUN_3
133919,24803,FUN_3,FUN_2
133923,21430,RET,CUBE_R
133932,26761,CUBE_L,RET
133935,6810,FUN_4,FUN_3
133941,21034,FUN_3,FUN_4
133955,24311,FUN_5,FUN_4
133958,19436,FUN_3,FUN_2
133959,5686,FUN_4,FUN_5
133966,21120,FUN_3,FUN_2
133969,19358,FUN_3,FUN_4
133975,17300,FUN_1,FUN_2
133982,21202,FUN_5,FUN_4
133996,11401,FUN_4,FUN_3
134002,27537,FUN_2,FUN_3
134003,16506,CUBE_R,FUN_6
134014,5722,FUN_2,FUN_1
134018,13711,FUN_3,FUN_4
134047,3618,FUN_4,FUN_3
134053,19835,CUBE_L,RET
134064,17167,FUN_3,FUN_2
134073,8521,FUN_2,FUN_3
134084,24028,FUN_4,FUN_3
134084,25899,FUN_2,FUN_1
134092,23540,FUN_4,FUN_3
134100,22915,FUN_2,FUN_1
134118,10861,FUN_3,FUN_4
134120,22061,FUN_2,FUN_3
134143,19580,FUN_2,FUN_3
134143,28204,FUN_3,FUN_4
134158,29111,FUN_4,FUN_3
134162,17167,FUN_2,FUN_3
134164,26761,RET,CUBE_L
134178,19835,RET,CUBE_L
134180,28154,FUN_3,FUN_2
134181,4386,FUN_1,FUN_2
134194,2439,FUN_3,FUN_4
134205,1821,FUN_4,FUN_3
134207,12661,FUN_1,FUN_2
134208,19029,CUBE_L,RET
134215,19835,CUBE_L,RET
134216,20533,RET,CUBE_R
134243,22417,FUN_5,FUN_6
134281,19436,FUN_2,FUN_3
134292,12512,FUN_3,FUN_4
134318,7764,CUBE_R,RET
134332,29251,FUN_2,FUN_3
134339,29111,FUN_3,FUN_4
134345,26203,FUN_5,FUN_4
134352,19835,RET,CUBE_L
134360,27493,FUN_1,FUN_2
134377,9975,FUN_3,FUN_4
134388,23667,FUN_1,FUN_2
134390,1993,CUBE_R,FUN_6
134397,17300,FUN_2,FUN_1
134397,19095,FUN_3,FUN_4
134400,17153,FUN_3,FUN_2
134404,13798,CUBE_L,RET
134406,19754,FUN_2,FUN_1
134408,21935,CUBE_R,FUN_6
134411,11210,FUN_4,FUN_3
134415,27572,FUN_1,FUN_2
134418,20308,FUN_2,FUN_1
134432,3619,FUN_2,FUN_1
134432,28825,FUN_1,FUN_2
134442,15793,FUN_3,FUN_2
134470,17300,FUN_1,FUN_2
134494,26351,FUN_2,FUN_3
134535,10503,FUN_1,FUN_2
134557,22600,FUN_2,FUN_3
134562,29555,FUN_3,FUN_2
134567,138,RET,CUBE_L
134576,26349,FUN_2,FUN_1
134599,393,FUN_2,FUN_3
134602,29111,FUN_4,FUN_3
134604,29111,FUN_3,FUN_4
134627,27752,FUN_2,FUN_3
134636,10962,FUN_2,FUN_3
134638,7799,RET,CUBE_R
134642,21935,FUN_6,CUBE_R
134653,29111,FUN_4,FUN_3
134667,14756,FUN_6,FUN_5
134684,28606,CUBE_L,FUN_1
134706,26029,FUN_3,FUN_2
134730,7556,FUN_4,FUN_5
134736,19358,FUN_4,FUN_3
134745,13455,FUN_3,FUN_2
134761,18563,FUN_2,FUN_3
134771,5590,FUN_2,FUN_3
134773,10854,FUN_5,FUN_4
134794,23587,FUN_2,FUN_1
134798,15027,FUN_1,FUN_2
134816,23099,FUN_6,FUN_5
134841,8798,FUN_1,FUN_2
134845,20796,FUN_1,FUN_2
134867,19835,CUBE_L,RET
134871,17167,FUN_3,FUN_2
134878,13056,FUN_2,FUN_3
134887,13253,FUN_2,FUN_1
134910,4219,FUN_3,FUN_2
134943,22324,FUN_2,FUN_1
134959,12512,FUN_4,FUN_3
134960,5800,FUN_2,FUN_3
134972,18310,FUN_1,FUN_2
135014,7547,FUN_6,FUN_5
135019,6671,FUN_3,FUN_2
135021,26351,FUN_3,FUN_2
135024,18929,FUN_2,FUN_1
135025,24715,FUN_3,FUN_2
135027,36,CUBE_R,RET
135036,10654,FUN_3,FUN_2
135037,5709,FUN_5,FUN_6
135039,14920,FUN_2,FUN_3
135043,27755,FUN_1,FUN_2
135045,11269,FUN_3,FUN_2
135058,28523,FUN_4,FUN_5
135064,20087,FUN_5,FUN_4
135067,8248,FUN_2,FUN_3
135067,22706,FUN_3,FUN_4
135075,28817,FUN_6,FUN_5
135082,7308,CUBE_L,RET
135083,10503,FUN_2,FUN_1
135093,20658,FUN_3,FUN_4
135097,4995,FUN_4,FUN_3
135107,10240,RET,CUBE_L
135110,775,FUN_1,FUN_2
135128,25235,FUN_2,FUN_3
135148,640,FUN_6,FUN_5
135181,26203,FUN_4,FUN_5
135206,4184,CUBE_L,RET
135208,11315,FUN_1,FUN_2
135221,16488,RET,CUBE_R
135223,7329,FUN_3,FUN_2
135235,20119,FUN_2,FUN_3
135253,10460,FUN_3,FUN_4
135254,16034,FUN_2,FUN_1
135273,15062,FUN_2,FUN_3
135285,26118,FUN_2,FUN_3
135298,2465,FUN_4,FUN_5
135344,19512,FUN_2,FUN_1
135360,17078,FUN_3,FUN_2
135361,6222,FUN_1,FUN_2
135366,11662,FUN_3,FUN_2
135367,23540,FUN_3,FUN_4
135371,29804,FUN_3,FUN_2
135372,25719,FUN_2,FUN_3
135378,28154,FUN_2,FUN_3
135390,18061,FUN_2,FUN_1
135408,7170,CUBE_L,FUN_1
135411,7178,FUN_4,FUN_3
135421,18495,FUN_2,FUN_1
135425,26761,CUBE_L,RET
135427,281,FUN_2,FUN_3
135449,5703,CUBE_L,RET
135449,21350,FUN_6,FUN_5
135453,12374,FUN_1,CUBE_L
135455,10444,RET,CUBE_L
135472,21544,FUN_4,FUN_5
135478,5722,FUN_1,FUN_2
135484,21753,FUN_1,FUN_2
135486,19419,CUBE_L,FUN_1
135504,29804,FUN_2,FUN_3
135515,5142,FUN_4,FUN_5
135517,25675,RET,CUBE_R
135531,27752,FUN_3,FUN_2
135545,138,CUBE_L,RET
135548,19095,FUN_4,FUN_3
135564,15027,FUN_2,FUN_1
135566,7764,RET,CUBE_R
135583,27931,FUN_4,FUN_3
135587,21943,CUBE_R,FUN_6
135603,21502,FUN_1,FUN_2
135606,28154,FUN_3,FUN_2
135615,19831,FUN_3,FUN_2
135633,9208,FUN_2,FUN_3
135648,5557,RET,CUBE_L
135662,4461,RET,CUBE_L
135723,29097,FUN_3,FUN_2
135727,28817,FUN_5,FUN_6
135738,2211,FUN_2,FUN_3
135745,4557,FUN_3,FUN_2
135763,21171,FUN_2,FUN_3
135771,6222,FUN_2,FUN_1
135792,27952,FUN_1,FUN_2
135800,4684,FUN_4,FUN_3
135832,24333,CUBE_R,RET
135838,13056,FUN_3,FUN_2
135838,19419,FUN_1,CUBE_L
135863,7377,FUN_5,FUN_6
135874,27952,FUN_2,FUN_1
135884,13696,FUN_6,CUBE_R
135898,19160,FUN_2,FUN_3
135912,21034,FUN_4,FUN_3
135920,3906,FUN_3,FUN_2
135924,393,FUN_3,FUN_2
135954,18563,FUN_3,FUN_2
135970,3363,RET,CUBE_L
135996,22600,FUN_3,FUN_2
136003,4103,FUN_3,FUN_4
136008,12984,RET,CUBE_L
136022,20660,FUN_1,FUN_2
136029,20110,FUN_6,CUBE_R
136045,29701,CUBE_R,RET
136047,21753,FUN_2,FUN_1
136048,24028,FUN_3,FUN_4
136061,27439,FUN_6,CUBE_R
136063,13605,FUN_6,FUN_5
136068,13966,RET,CUBE_L
136074,8444,FUN_2,FUN_3
136076,27651,FUN_2,FUN_3
136097,19358,FUN_3,FUN_4
136102,971,FUN_5,FUN_4
136106,21647,FUN_6,FUN_5
136113,24162,CUBE_L,RET
136120,24352,FUN_3,FUN_4
136142,971,FUN_4,FUN_5
136142,19376,CUBE_L,RET
136157,15635,FUN_2,FUN_1
136163,13305,FUN_2,FUN_1
136174,29443,FUN_1,FUN_2
136176,7377,FUN_6,FUN_5
136179,18929,FUN_1,FUN_2
136212,3471,CUBE_R,FUN_6
136214,344,FUN_4,FUN_3
136243,28321,FUN_6,CUBE_R
136252,12984,CUBE_L,RET
136254,27537,FUN_3,FUN_2
136258,25579,CUBE_L,RET
136259,20649,FUN_2,FUN_1
136262,971,FUN_5,FUN_4
136267,7170,FUN_1,CUBE_L
136275,9430,FUN_3,FUN_2
136275,19144,FUN_3,FUN_4
136277,7826,FUN_1,FUN_2
136278,27439,CUBE_R,FUN_6
136279,26203,FUN_5,FUN_4
136284,2985,RET,CUBE_R
136288,26042,FUN_2,FUN_3
136290,17240,FUN_1,FUN_2
136297,23260,FUN_4,FUN_5
136299,19341,FUN_6,CUBE_R
136335,26761,RET,CUBE_L
136343,17300,FUN_2,FUN_1
136349,4459,FUN_6,CUBE_R
136361,9951,FUN_2,FUN_3
136381,11909,FUN_2,FUN_1
136396,5690,FUN_2,FUN_3
136402,19039,FUN_4,FUN_3
136409,21120,FUN_2,FUN_3
136416,25203,FUN_3,FUN_2
136420,13696,CUBE_R,FUN_6
136434,14795,FUN_2,FUN_3
136434,28684,FUN_4,FUN_5
136440,13605,FUN_5,FUN_6
136456,18542,FUN_4,FUN_3
136457,4234,FUN_4,FUN_3
136470,1622,FUN_4,FUN_5
136485,10557,FUN_2,FUN_3
136491,12804,FUN_4,FUN_3
136503,16586,FUN_2,FUN_1
136504,9430,FUN_2,FUN_3
136516,7377,FUN_5,FUN_6
136532,898,FUN_3,FUN_4
136544,20087,FUN_4,FUN_5
136559,12804,FUN_3,FUN_4
136562,9337,FUN_2,FUN_3
136564,13605,FUN_6,FUN_5
136576,19419,CUBE_L,FUN_1
136579,13390,FUN_3,FUN_4
136580,25337,RET,CUBE_L
136580,28266,FUN_2,FUN_3
136585,29097,FUN_2,FUN_3
136592,12374,CUBE_L,FUN_1
136607,28670,RET,CUBE_R
136612,2838,FUN_2,FUN_1
136629,19039,FUN_3,FUN_4
136643,24003,FUN_3,FUN_2
136661,19160,FUN_3,FUN_2
136676,17252,RET,CUBE_R
136677,14920,FUN_3,FUN_2
136678,26349,FUN_1,FUN_2
136681,7377,FUN_6,FUN_5
136685,29555,FUN_2,FUN_3
136699,19948,RET,CUBE_L
136729,9951,FUN_3,FUN_2
136738,14609,FUN_2,FUN_3
136746,3367,FUN_2,FUN_1
136755,17529,FUN_2,FUN_3
136763,27537,FUN_2,FUN_3
136777,10667,FUN_2,FUN_1
136784,16204,FUN_1,FUN_2
136786,23945,FUN_3,FUN_4
136813,16344,RET,CUBE_R
136846,9951,FUN_2,FUN_3
136849,21135,FUN_1,FUN_2
136862,19754,FUN_1,FUN_2
136864,8479,FUN_2,FUN_1
136866,9765,FUN_5,FUN_4
136877,16644,FUN_4,FUN_5
136899,16809,FUN_3,FUN_4
136921,13711,FUN_4,FUN_3
136930,27439,FUN_6,CUBE_R
136955,21713,CUBE_R,FUN_6
136965,3363,CUBE_L,RET
136978,17174,RET,CUBE_L
136981,6981,FUN_6,CUBE_R
136986,13979,FUN_6,FUN_5
136987,16061,FUN_4,FUN_3
136993,3666,FUN_3,FUN_2
136997,24162,RET,CUBE_L
136999,276,FUN_4,FUN_3
137009,22712,FUN_2,FUN_1
137012,4184,RET,CUBE_L
137020,6067,FUN_4,FUN_5
137021,1622,FUN_5,FUN_4
137033,24715,FUN_2,FUN_3
137035,2049,FUN_3,FUN_2
137054,3925,CUBE_R,RET
137054,29672,FUN_3,FUN_2
137065,5831,RET,CUBE_L
137066,73,FUN_2,FUN_1
137096,8657,CUBE_L,RET
137104,14233,FUN_3,FUN_2
137104,27439,CUBE_R,FUN_6
137127,19969,FUN_5,FUN_4
137149,16301,FUN_2,FUN_3
137167,17078,FUN_2,FUN_3
137171,7560,RET,CUBE_L
137176,21449,FUN_3,FUN_4
137178,20796,FUN_2,FUN_1
137186,12804,FUN_4,FUN_3
137197,20110,CUBE_R,FUN_6
137198,4966,FUN_4,FUN_3
137199,24851,FUN_2,FUN_3
137213,9430,FUN_3,FUN_2
137231,28523,FUN_5,FUN_4
137233,13442,CUBE_L,RET
137256,11144,FUN_3,FUN_2
137261,29190,CUBE_R,FUN_6
137262,1622,FUN_4,FUN_5
137264,20033,FUN_2,FUN_3
137294,27439,FUN_6,CUBE_R
137313,28783,FUN_3,FUN_4
137341,18884,FUN_3,FUN_2
137376,24922,FUN_2,FUN_3
137383,12623,FUN_2,FUN_3
137383,20796,FUN_1,FUN_2
137391,9337,FUN_3,FUN_2
137403,17078,FUN_3,FUN_2
137409,26349,FUN_2,FUN_1
137423,8910,FUN_6,CUBE_R
137431,15793,FUN_2,FUN_3
137440,16007,FUN_4,FUN_3
137452,25579,RET,CUBE_L
137455,3118,FUN_1,FUN_2
137533,23228,FUN_4,FUN_5
137539,4461,CUBE_L,RET
137541,17719,RET,CUBE_R
137544,14632,RET,CUBE_R
137545,10503,FUN_1,FUN_2
137547,10405,FUN_6,CUBE_R
137554,8910,CUBE_R,FUN_6
137558,22076,FUN_6,CUBE_R
137569,3877,FUN_6,CUBE_R
137573,11550,CUBE_L,FUN_1
137574,17078,FUN_2,FUN_3
137589,21034,FUN_3,FUN_4
137590,21210,FUN_3,FUN_2
137597,16007,FUN_3,FUN_4
137600,2197,CUBE_R,FUN_6
137607,13196,FUN_4,FUN_3
137608,21680,CUBE_R,RET
137612,22324,FUN_1,FUN_2
137627,12984,RET,CUBE_L
137662,25126,FUN_2,FUN_1
137664,13305,FUN_1,FUN_2
137667,11213,RET,CUBE_R
137669,24441,FUN_2,FUN_1
137685,21450,FUN_3,FUN_4
137703,21031,FUN_4,FUN_3
137712,19794,FUN_3,FUN_4
137714,29443,FUN_2,FUN_1
137718,19948,CUBE_L,RET
137728,26436,FUN_6,CUBE_R
137735,10503,FUN_2,FUN_1
137737,3028,RET,CUBE_R
137739,6555,FUN_4,FUN_3
137771,27537,FUN_3,FUN_2
137789,978,FUN_3,FUN_2
137804,16301,FUN_3,FUN_2
137807,9215,FUN_2,FUN_3
137809,19444,CUBE_L,FUN_1
137813,20660,FUN_2,FUN_1
137818,24693,FUN_3,FUN_4
137819,29182,FUN_2,FUN_1
137821,24851,FUN_3,FUN_2
137824,23174,FUN_1,CUBE_L
137843,17078,FUN_3,FUN_2
137844,29111,FUN_3,FUN_4
137846,29804,FUN_3,FUN_2
137848,7560,CUBE_L,RET
137848,21171,FUN_3,FUN_2
137866,3906,FUN_2,FUN_3
137867,11550,FUN_1,CUBE_L
137872,5686,FUN_5,FUN_4
137882,26905,FUN_2,FUN_3
137883,22462,FUN_3,FUN_2
137885,15719,FUN_3,FUN_2
137888,25675,CUBE_R,RET
137895,27516,FUN_3,FUN_2
137903,10748,FUN_3,FUN_2
137905,610,FUN_3,FUN_4
137905,19376,RET,CUBE_L
137919,20901,FUN_2,FUN_3
137926,6347,FUN_2,FUN_3
137928,5449,FUN_4,FUN_3
137951,19515,FUN_4,FUN_3
137974,25337,CUBE_L,RET
137980,7371,FUN_2,FUN_3
137981,9337,FUN_2,FUN_3
137988,15099,CUBE_R,FUN_6
137990,25913,FUN_4,FUN_3
138003,26548,FUN_2,FUN_1
138006,26351,FUN_2,FUN_3
138012,23562,FUN_3,FUN_2
138013,13189,FUN_2,FUN_3
138020,1564,FUN_4,FUN_3
138022,7560,RET,CUBE_L
138027,15409,FUN_6,CUBE_R
138066,13711,FUN_3,FUN_4
138084,13841,FUN_2,FUN_3
138089,7017,FUN_2,FUN_3
138125,24528,CUBE_L,FUN_1
138145,13894,FUN_2,FUN_1
138154,4995,FUN_3,FUN_4
138167,15578,FUN_1,CUBE_L
138168,20575,FUN_2,FUN_1
138172,19160,FUN_2,FUN_3
138174,2064,FUN_2,FUN_1
138188,24336,FUN_3,FUN_2
138189,646,CUBE_L,FUN_1
138191,13736,FUN_3,FUN_4
138199,20156,FUN_3,FUN_4
138200,27439,CUBE_R,FUN_6
138207,25326,FUN_3,FUN_2
138222,17094,FUN_3,FUN_2
138255,27900,FUN_1,FUN_2
138266,22064,FUN_1,FUN_2
138267,27719,FUN_3,FUN_4
138280,390,FUN_2,FUN_1
138284,27599,FUN_5,FUN_6
138286,23562,FUN_2,FUN_3
138308,18280,FUN_3,FUN_4
138323,506,FUN_6,CUBE_R
138330,15744,FUN_2,FUN_1
138332,15578,CUBE_L,FUN_1
138341,22324,FUN_2,FUN_1
138354,21985,FUN_1,FUN_2
138356,26126,FUN_3,FUN_4
138364,21544,FUN_5,FUN_4
138377,12474,FUN_5,FUN_6
138388,18894,FUN_2,FUN_1
138390,19903,FUN_2,FUN_1
138392,3530,FUN_3,FUN_2
138393,25675,RET,CUBE_R
138422,9127,RET,CUBE_R
138433,28032,FUN_1,FUN_2
138448,4312,FUN_4,FUN_3
138453,2321,FUN_3,FUN_4
138459,13305,FUN_2,FUN_1
138476,16449,FUN_4,FUN_3
138485,16007,FUN_4,FUN_3
138492,11662,FUN_2,FUN_3
138500,29111,FUN_4,FUN_3
138512,19403,FUN_4,FUN_3
138517,21917,FUN_3,FUN_2
138518,17517,FUN_2,FUN_3
138523,3530,FUN_2,FUN_3
138525,15817,FUN_2,FUN_1
138526,21031,FUN_3,FUN_4
138547,13841,FUN_3,FUN_2
138548,22061,FUN_3,FUN_2
138551,21003,FUN_3,FUN_2
138576,26126,FUN_4,FUN_3
138587,27599,FUN_6,FUN_5
138596,12999,CUBE_R,FUN_6
138616,2578,FUN_3,FUN_2
138625,10996,CUBE_R,FUN_6
138629,5005,RET,CUBE_L
138661,28832,FUN_3,FUN_2
138667,7955,FUN_3,FUN_2
138670,24851,FUN_2,FUN_3
138671,20087,FUN_5,FUN_4
138673,28321,CUBE_R,FUN_6
138697,28495,RET,CUBE_L
138701,20658,FUN_4,FUN_3
138702,26126,FUN_3,FUN_4
138705,14098,FUN_3,FUN_2
138717,24528,FUN_1,CUBE_L
138727,11210,FUN_3,FUN_4
138730,2005,FUN_3,FUN_2
138761,24799,FUN_5,FUN_4
138766,25913,FUN_3,FUN_4
138769,10772,FUN_5,FUN_4
138770,16344,CUBE_R,RET
138779,25123,FUN_3,FUN_2
138786,3028,CUBE_R,RET
138790,27752,FUN_2,FUN_3
138797,20099,RET,CUBE_R
138799,11144,FUN_2,FUN_3
138827,13253,FUN_1,FUN_2
138840,24734,FUN_6,FUN_5
138844,12374,FUN_1,CUBE_L
138849,19419,FUN_1,CUBE_L
138851,18894,FUN_1,FUN_2
138878,12215,RET,CUBE_L
138882,870,RET,CUBE_R
138890,20156,FUN_4,FUN_3
138906,25675,CUBE_R,RET
138907,7689,FUN_3,FUN_4
138908,17369,FUN_5,FUN_4
138948,2578,FUN_2,FUN_3
138951,22324,FUN_1,FUN_2
138955,27632,FUN_5,FUN_6
138958,25037,FUN_3,FUN_2
138971,20333,FUN_2,FUN_1
138984,3971,FUN_2,FUN_1
138991,29182,FUN_1,FUN_2
138992,2229,FUN_3,FUN_2
138995,19713,FUN_2,FUN_1
139015,20087,FUN_4,FUN_5
139017,18302,FUN_3,FUN_2
139034,7955,FUN_2,FUN_3
139035,8479,FUN_1,FUN_2
139046,25913,FUN_4,FUN_3
139056,21449,FUN_4,FUN_3
139063,14920,FUN_2,FUN_3
139113,9337,FUN_3,FUN_2
139114,8293,FUN_6,FUN_5
139115,27719,FUN_4,FUN_3
139125,25579,CUBE_L,RET
139128,21943,FUN_6,CUBE_R
139132,3495,FUN_3,FUN_2
139152,20658,FUN_3,FUN_4
139154,16204,FUN_2,FUN_1
139154,28097,CUBE_R,RET
139165,17500,FUN_3,FUN_2
139169,4292,FUN_1,FUN_2
139169,5062,FUN_6,FUN_5
139181,22797,FUN_3,FUN_2
139208,9868,RET,CUBE_L
139221,24352,FUN_4,FUN_3
139226,19886,FUN_1,FUN_2
139226,25337,RET,CUBE_L
139235,19969,FUN_4,FUN_5
139239,9208,FUN_3,FUN_2
139242,7620,FUN_2,FUN_3
139242,22061,FUN_2,FUN_3
139246,29111,FUN_3,FUN_4
139253,12069,FUN_2,FUN_1
139343,23491,FUN_3,FUN_2
139350,24028,FUN_4,FUN_3
139387,4234,FUN_3,FUN_4
139390,7406,FUN_4,FUN_3
139391,775,FUN_2,FUN_1
139397,21210,FUN_2,FUN_3
139408,742,CUBE_L,FUN_1
139420,29111,FUN_4,FUN_3
139422,5055,FUN_6,CUBE_R
139442,5942,FUN_4,FUN_3
139445,2598,FUN_4,FUN_3
139449,21459,FUN_2,FUN_3
139471,5005,CUBE_L,RET
139479,5659,FUN_2,FUN_1
139483,10740,FUN_2,FUN_1
139489,11875,CUBE_R,RET
139491,11158,RET,CUBE_L
139511,27860,CUBE_L,RET
139516,7371,FUN_3,FUN_2
139520,27516,FUN_2,FUN_3
139532,24922,FUN_3,FUN_2
139541,29672,FUN_2,FUN_3
139549,25913,FUN_3,FUN_4
139559,17094,FUN_2,FUN_3
139561,15635,FUN_1,FUN_2
139570,26126,FUN_4,FUN_3
139583,17153,FUN_2,FUN_3
139589,26032,RET,CUBE_R
139599,26784,FUN_1,CUBE_L
139608,393,FUN_2,FUN_3
139620,28523,FUN_4,FUN_5
139643,19144,FUN_4,FUN_3
139653,21276,FUN_3,FUN_2
139654,13798,RET,CUBE_L
139656,9489,FUN_6,FUN_5
139661,13275,CUBE_R,FUN_6
139667,12165,FUN_2,FUN_1
139674,21021,CUBE_L,RET
139676,21218,RET,CUBE_L
139704,20158,CUBE_R,RET
139708,13723,FUN_4,FUN_3
139708,18990,FUN_5,FUN_4
139713,19444,FUN_1,CUBE_L
139715,19487,FUN_2,FUN_1
139727,16301,FUN_2,FUN_3
139733,12474,FUN_6,FUN_5
139755,13275,FUN_6,CUBE_R
139762,24065,FUN_4,FUN_5
139765,9133,CUBE_R,FUN_6
139766,28820,FUN_6,CUBE_R
139771,24141,FUN_1,CUBE_L
139771,27971,FUN_2,FUN_3
139792,20113,RET,CUBE_L
139797,6786,FUN_2,FUN_3
139807,13275,CUBE_R,FUN_6
139851,5123,FUN_1,FUN_2
139857,24788,FUN_2,FUN_3
139859,17790,FUN_5,FUN_4
139878,14343,RET,CUBE_R
139880,6067,FUN_5,FUN_4
139889,9133,FUN_6,CUBE_R
139911,14632,CUBE_R,RET
139944,7556,FUN_5,FUN_4
139948,4966,FUN_3,FUN_4
139953,7620,FUN_3,FUN_2
139955,13390,FUN_4,FUN_3
139966,24715,FUN_3,FUN_2
139996,393,FUN_3,FUN_2
140000,23256,FUN_3,FUN_2
140003,21149,RET,CUBE_R
140008,8791,RET,CUBE_R
140020,29831,FUN_3,FUN_4
140027,21034,FUN_4,FUN_3
140029,13894,FUN_1,FUN_2
140042,24715,FUN_2,FUN_3
140062,1053,FUN_3,FUN_4
140069,13696,FUN_6,CUBE_R
140087,16301,FUN_3,FUN_2
140100,19117,FUN_2,FUN_1
140103,15793,FUN_3,FUN_2
140103,18280,FUN_4,FUN_3
140104,21003,FUN_2,FUN_3
140109,20156,FUN_3,FUN_4
140113,15793,FUN_2,FUN_3
140118,13696,CUBE_R,FUN_6
140131,27621,CUBE_R,RET
140154,10861,FUN_4,FUN_3
140157,18453,FUN_3,FUN_4
140174,16402,FUN_1,CUBE_L
140178,9219,RET,CUBE_R
140178,13275,FUN_6,CUBE_R
140192,19308,FUN_5,FUN_6
140201,1564,FUN_3,FUN_4
140243,17807,FUN_3,FUN_4
140250,29298,FUN_3,FUN_2
140251,22744,FUN_2,FUN_1
140258,28097,RET,CUBE_R
140261,18913,FUN_5,FUN_6
140263,10673,FUN_1,FUN_2
140279,25200,FUN_2,FUN_3
140281,19444,CUBE_L,FUN_1
140304,15744,FUN_1,FUN_2
140322,17241,FUN_3,FUN_2
140337,25157,FUN_6,FUN_5
140349,28391,FUN_4,FUN_3
140353,15424,FUN_5,FUN_4
140353,15793,FUN_3,FUN_2
140385,1393,FUN_2,FUN_1
140387,29311,RET,CUBE_R
140388,22076,CUBE_R,FUN_6
140399,3971,FUN_1,FUN_2
140403,19713,FUN_1,FUN_2
140405,9085,CUBE_R,RET
140408,9216,FUN_2,FUN_3
140414,3906,FUN_3,FUN_2
140417,25226,FUN_3,FUN_2
140422,25579,RET,CUBE_L
140425,11094,CUBE_R,RET
140433,5123,FUN_2,FUN_1
140435,7170,CUBE_L,FUN_1
140470,24352,FUN_3,FUN_4
140481,24311,FUN_4,FUN_5
140505,5968,FUN_2,FUN_3
140523,19419,CUBE_L,FUN_1
140537,6596,RET,CUBE_L
140538,12846,FUN_6,CUBE_R
140545,26349,FUN_1,FUN_2
140558,6473,FUN_5,FUN_6
140570,19515,FUN_3,FUN_4
140579,775,FUN_1,FUN_2
140597,8320,CUBE_R,RET
140597,19436,FUN_3,FUN_2
140621,24352,FUN_4,FUN_3
140624,15526,FUN_3,FUN_2
140625,19860,FUN_2,FUN_1
140626,26988,FUN_3,FUN_2
140627,24514,FUN_2,FUN_1
140652,12623,FUN_3,FUN_2
140668,13305,FUN_1,FUN_2
140669,29242,FUN_3,FUN_2
140680,7475,FUN_6,FUN_5
140683,18841,RET,CUBE_L
140761,17790,FUN_4,FUN_5
140780,2838,FUN_1,FUN_2
140781,13196,FUN_3,FUN_4
140787,9208,FUN_2,FUN_3
140796,13798,CUBE_L,RET
140797,20156,FUN_4,FUN_3
140799,29443,FUN_1,FUN_2
140811,20649,FUN_1,FUN_2
140812,1805,FUN_5,FUN_6
140817,25126,FUN_1,FUN_2
140820,11832,CUBE_R,RET
140825,13894,FUN_2,FUN_1
140828,19436,FUN_2,FUN_3
140837,13442,RET,CUBE_L
140844,11014,CUBE_L,FUN_1
140850,29718,FUN_1,FUN_2
140852,610,FUN_4,FUN_3
140855,20099,CUBE_R,RET
140870,22058,CUBE_R,RET
140879,27295,FUN_2,FUN_1
140889,29050,FUN_4,FUN_5
140903,21713,FUN_6,CUBE_R
140912,25226,FUN_2,FUN_3
140913,20087,FUN_5,FUN_4
140945,6491,RET,CUBE_L
140949,5208,CUBE_L,RET
140953,354,FUN_4,FUN_5
140954,23020,RET,CUBE_R
140964,17167,FUN_2,FUN_3
140965,12553,FUN_1,FUN_2
140966,1988,CUBE_R,FUN_6
140979,1020,FUN_2,FUN_1
140989,5604,FUN_2,FUN_3
140994,4163,CUBE_R,FUN_6
140994,4673,FUN_2,FUN_1
140995,22174,FUN_5,FUN_4
141014,3495,FUN_2,FUN_3
141041,24528,CUBE_L,FUN_1
141045,21879,FUN_3,FUN_4
141050,9215,FUN_3,FUN_2
141051,28097,CUBE_R,RET
141057,2197,FUN_6,CUBE_R
141084,27931,FUN_3,FUN_4
141091,4895,FUN_4,FUN_3
141117,1656,FUN_1,CUBE_L
141121,5715,FUN_2,FUN_1
141124,11662,FUN_3,FUN_2
141141,8864,FUN_4,FUN_3
141142,17931,FUN_4,FUN_5
141177,28606,FUN_1,CUBE_L
141197,26029,FUN_2,FUN_3
141201,1805,FUN_6,FUN_5
141227,5819,FUN_2,FUN_1
141229,29904,FUN_3,FUN_2
141231,20719,FUN_5,FUN_6
141254,16286,FUN_1,CUBE_L
141269,15684,FUN_3,FUN_2
141293,21459,FUN_3,FUN_2
141302,13847,CUBE_R,FUN_6
141312,27860,RET,CUBE_L
141334,22600,FUN_2,FUN_3
141339,26090,FUN_1,FUN_2
141346,21123,FUN_2,FUN_1
141360,17174,CUBE_L,RET
141363,201,FUN_2,FUN_3
141364,17510,FUN_2,FUN_1
141365,29050,FUN_5,FUN_4
141365,29831,FUN_4,FUN_3
141371,3412,CUBE_R,FUN_6
141374,29701,RET,CUBE_R
141376,4684,FUN_3,FUN_4
141377,26042,FUN_3,FUN_2
141390,3906,FUN_2,FUN_3
141405,26090,FUN_2,FUN_1
141411,13455,FUN_2,FUN_3
141430,11014,FUN_1,CUBE_L
141444,8479,FUN_2,FUN_1
141445,5942,FUN_3,FUN_4
141455,29443,FUN_2,FUN_1
141456,23126,RET,CUBE_R
141464,8539,CUBE_L,RET
141480,13894,FUN_1,FUN_2
141484,3501,FUN_3,FUN_4
141509,276,FUN_3,FUN_4
141547,4465,RET,CUBE_L
141558,21661,CUBE_R,FUN_6
141560,16402,CUBE_L,FUN_1
141566,12512,FUN_3,FUN_4
141573,24988,FUN_4,FUN_3
141575,13275,CUBE_R,FUN_6
141578,7717,RET,CUBE_L
141582,29050,FUN_4,FUN_5
141623,27516,FUN_3,FUN_2
141637,3028,RET,CUBE_R
141641,23945,FUN_4,FUN_3
141644,28984,FUN_2,FUN_3
141652,8864,FUN_3,FUN_4
141667,15695,RET,CUBE_L
141671,5722,FUN_2,FUN_1
141674,7329,FUN_2,FUN_3
141675,12553,FUN_2,FUN_1
141684,6624,FUN_1,FUN_2
141690,13711,FUN_4,FUN_3
141696,15424,FUN_4,FUN_5
141699,9869,FUN_2,FUN_1
141708,4935,RET,CUBE_L
141712,20252,RET,CUBE_R
141729,17552,FUN_5,FUN_6
141743,11210,FUN_4,FUN_3
141759,22134,FUN_3,FUN_2
141777,15793,FUN_2,FUN_3
141787,19713,FUN_2,FUN_1
141810,20087,FUN_4,FUN_5
141814,21459,FUN_2,FUN_3
141816,13847,FUN_6,CUBE_R
141828,2838,FUN_2,FUN_1
141830,16506,FUN_6,CUBE_R
141837,11447,CUBE_L,RET
141841,24352,FUN_3,FUN_4
141859,19312,FUN_5,FUN_4
141872,2049,FUN_2,FUN_3
141892,11832,RET,CUBE_R
141904,9215,FUN_2,FUN_3
141912,7725,FUN_2,FUN_1
141916,11832,CUBE_R,RET
141932,25037,FUN_2,FUN_3
141938,6491,CUBE_L,RET
141974,17124,FUN_5,FUN_6
142000,21935,CUBE_R,FUN_6
142003,16488,CUBE_R,RET
142004,5841,FUN_1,FUN_2
142007,22905,FUN_2,FUN_3
142022,775,FUN_2,FUN_1
142026,17151,FUN_6,CUBE_R
142026,26214,CUBE_R,RET
142054,4184,CUBE_L,RET
142076,12705,FUN_2,FUN_1
142077,512,FUN_4,FUN_3
142080,3619,FUN_1,FUN_2
142086,24514,FUN_1,FUN_2
142110,17711,FUN_2,FUN_3
142115,2315,FUN_4,FUN_5
142129,21917,FUN_2,FUN_3
142130,11832,RET,CUBE_R
142138,13284,CUBE_L,RET
142142,11447,RET,CUBE_L
142159,24275,FUN_3,FUN_4
142164,15464,FUN_2,FUN_1
142170,14098,FUN_2,FUN_3
142174,2598,FUN_3,FUN_4
142203,19374,FUN_3,FUN_2
142206,25203,FUN_2,FUN_3
142212,10787,FUN_4,FUN_3
142215,25200,FUN_3,FUN_2
142217,21449,FUN_3,FUN_4
142221,11447,CUBE_L,RET
142224,5479,FUN_2,FUN_3
142238,8657,RET,CUBE_L
142256,16586,FUN_1,FUN_2
142296,4386,FUN_2,FUN_1
142296,10996,FUN_6,CUBE_R
142296,17094,FUN_3,FUN_2
142303,26090,FUN_1,FUN_2
142308,15793,FUN_3,FUN_2
142320,21728,FUN_2,FUN_1
142327,9750,FUN_1,FUN_2
142327,27459,FUN_3,FUN_2
142331,12529,CUBE_R,FUN_6
142332,10234,FUN_1,FUN_2
142332,26367,RET,CUBE_R
142350,4103,FUN_4,FUN_3
142352,29831,FUN_3,FUN_4
142396,26090,FUN_2,FUN_1
142401,24003,FUN_2,FUN_3
142413,6805,FUN_6,CUBE_R
142420,7791,FUN_1,FUN_2
142426,27439,FUN_6,CUBE_R
142429,11832,CUBE_R,RET
142459,14906,FUN_2,FUN_1
142462,17261,FUN_2,FUN_1
142462,24441,FUN_1,FUN_2
142464,24922,FUN_2,FUN_3
142466,21917,FUN_3,FUN_2
142473,24418,FUN_2,FUN_1
142500,4966,FUN_4,FUN_3
142514,12027,FUN_2,FUN_1
142516,29814,FUN_2,FUN_1
142520,2315,FUN_5,FUN_4
142525,21459,FUN_3,FUN_2
142542,23945,FUN_3,FUN_4
142551,14405,FUN_1,FUN_2
142552,12791,FUN_2,FUN_3
142565,28767,FUN_2,FUN_1
142566,3412,FUN_6,CUBE_R
142568,20660,FUN_1,FUN_2
142589,26779,RET,CUBE_L
142590,11958,FUN_3,FUN_4
142600,24528,FUN_1,CUBE_L
142606,20820,FUN_4,FUN_3
142622,11860,CUBE_R,RET
142654,7662,FUN_2,FUN_3
142655,17931,FUN_5,FUN_4
142658,19713,FUN_1,FUN_2
142658,20167,FUN_3,FUN_2
142671,9337,FUN_2,FUN_3
142683,11447,RET,CUBE_L
142683,22905,FUN_3,FUN_2
142685,7831,FUN_3,FUN_2
142708,10652,FUN_3,FUN_2
142715,26090,FUN_1,FUN_2
142736,2974,FUN_6,CUBE_R
142736,6641,FUN_1,CUBE_L
142748,20228,FUN_2,FUN_1
142755,18894,FUN_2,FUN_1
142757,27913,FUN_2,FUN_1
142762,22255,FUN_6,CUBE_R
142767,28032,FUN_2,FUN_1
142777,26090,FUN_2,FUN_1
142779,14709,CUBE_R,RET
142785,10282,FUN_2,FUN_3
142794,18884,FUN_2,FUN_3
142798,4184,RET,CUBE_L
142802,23436,FUN_2,FUN_1
142804,8910,FUN_6,CUBE_R
142817,24275,FUN_4,FUN_3
142822,10486,FUN_5,FUN_4
142830,24426,FUN_6,CUBE_R
142832,11697,RET,CUBE_L
142850,23587,FUN_1,FUN_2
142854,7560,CUBE_L,RET
142869,20087,FUN_5,FUN_4
142869,28527,FUN_6,CUBE_R
142887,22915,FUN_1,FUN_2
142901,2398,FUN_1,FUN_2
142904,6347,FUN_3,FUN_2
142906,18220,RET,CUBE_R
142907,7642,FUN_3,FUN_4
142918,26090,FUN_1,FUN_2
142927,25650,FUN_2,FUN_3
142936,28161,RET,CUBE_L
142953,12791,FUN_3,FUN_2
142955,7689,FUN_4,FUN_3
142958,14938,FUN_3,FUN_2
142958,26042,FUN_2,FUN_3
142960,23236,FUN_4,FUN_3
142963,11582,FUN_2,FUN_1
142978,8293,FUN_5,FUN_6
142983,23562,FUN_3,FUN_2
142984,19312,FUN_4,FUN_5
142990,20113,CUBE_L,RET
142998,29443,FUN_1,FUN_2
143007,16526,FUN_4,FUN_3
143007,24028,FUN_3,FUN_4
143016,17368,FUN_3,FUN_4
143020,10143,CUBE_R,RET
143022,19969,FUN_5,FUN_4
143026,4103,FUN_3,FUN_4
143036,13736,FUN_4,FUN_3
143037,796,FUN_3,FUN_4
143063,18453,FUN_4,FUN_3
143073,26189,RET,CUBE_L
143088,7349,FUN_4,FUN_3
143098,20110,FUN_6,CUBE_R
143115,17261,FUN_1,FUN_2
143117,17807,FUN_4,FUN_3
143122,24514,FUN_2,FUN_1
143123,870,CUBE_R,RET
143124,13986,FUN_1,CUBE_L
143134,2064,FUN_1,FUN_2
143142,15892,FUN_4,FUN_5
143146,6440,FUN_5,FUN_4
143157,17451,RET,CUBE_L
143161,25650,FUN_3,FUN_2
143165,22255,CUBE_R,FUN_6
143168,9571,FUN_3,FUN_2
143172,26761,CUBE_L,RET
143189,27557,FUN_1,FUN_2
143193,9756,FUN_5,FUN_4
143200,19419,FUN_1,CUBE_L
143202,971,FUN_4,FUN_5
143213,12791,FUN_2,FUN_3
143215,17419,FUN_2,FUN_1
143222,4937,FUN_3,FUN_2
143224,1914,RET,CUBE_L
143227,12415,FUN_5,FUN_6
143252,26211,FUN_3,FUN_2
143291,6131,FUN_2,FUN_1
143331,7662,FUN_3,FUN_2
143361,6347,FUN_2,FUN_3
143373,27599,FUN_5,FUN_6
143387,15032,FUN_1,FUN_2
143393,6585,FUN_3,FUN_4
143400,19436,FUN_3,FUN_2
143411,27569,FUN_6,FUN_5
143415,15773,FUN_3,FUN_2
143416,22058,RET,CUBE_R
143420,11447,CUBE_L,RET
143459,10503,FUN_1,FUN_2
143473,22790,FUN_3,FUN_2
143489,10532,FUN_4,FUN_3
143496,22462,FUN_2,FUN_3
143501,27796,FUN_6,CUBE_R
143504,15298,FUN_2,FUN_3
143511,7764,CUBE_R,RET
143512,19236,CUBE_L,RET
143512,29050,FUN_5,FUN_4
143522,26090,FUN_2,FUN_1
143549,21276,FUN_2,FUN_3
143555,25650,FUN_2,FUN_3
143566,15695,CUBE_L,RET
143573,15424,FUN_5,FUN_4
143585,3814,FUN_6,CUBE_R
143587,5968,FUN_3,FUN_2
143589,26761,RET,CUBE_L
143597,24275,FUN_3,FUN_4
143602,14726,CUBE_R,RET
143623,11235,FUN_2,FUN_1
143627,14098,FUN_3,FUN_2
143628,11657,FUN_1,FUN_2
143632,5944,FUN_1,FUN_2
143633,16586,FUN_2,FUN_1
143635,14771,FUN_5,FUN_4
143639,14745,FUN_3,FUN_2
143674,28767,FUN_1,FUN_2
143689,28820,CUBE_R,FUN_6
143693,21171,FUN_2,FUN_3
143701,3319,FUN_5,FUN_4
143705,22076,FUN_6,CUBE_R
143727,2838,FUN_1,FUN_2
143729,22797,FUN_2,FUN_3
143734,13284,RET,CUBE_L
143734,27284,FUN_3,FUN_4
143742,11447,RET,CUBE_L
143743,5290,FUN_2,FUN_3
143744,1020,FUN_1,FUN_2
143753,23155,FUN_3,FUN_2
143758,36,RET,CUBE_R
143765,13841,FUN_2,FUN_3
143775,4219,FUN_2,FUN_3
143782,12524,CUBE_R,FUN_6
143799,14726,RET,CUBE_R
143808,28386,FUN_5,FUN_4
143809,21935,FUN_6,CUBE_R
143827,15189,FUN_3,FUN_4
143828,26029,FUN_3,FUN_2
143833,9571,FUN_2,FUN_3
143840,12415,FUN_6,FUN_5
143842,16007,FUN_3,FUN_4
143851,27913,FUN_1,FUN_2
143857,21582,FUN_2,FUN_3
143872,27816,CUBE_L,RET
143875,14938,FUN_2,FUN_3
143897,20167,FUN_2,FUN_3
143913,4635,CUBE_L,RET
143924,870,RET,CUBE_R
143926,4379,FUN_3,FUN_2
143933,17807,FUN_3,FUN_4
143936,25123,FUN_2,FUN_3
143939,20099,RET,CUBE_R
143951,5062,FUN_5,FUN_6
143956,11384,FUN_3,FUN_2
143958,9962,FUN_3,FUN_4
143963,870,CUBE_R,RET
143969,8675,FUN_2,FUN_1
143969,12027,FUN_1,FUN_2
143993,9869,FUN_1,FUN_2
144003,17419,FUN_1,FUN_2
144005,22255,FUN_6,CUBE_R
144012,8576,RET,CUBE_L
144012,13284,CUBE_L,RET
144014,22712,FUN_1,FUN_2
144018,966,CUBE_R,RET
144025,29560,FUN_4,FUN_3
144034,4635,RET,CUBE_L
144038,870,RET,CUBE_R
144055,29117,FUN_2,FUN_3
144058,24290,FUN_2,FUN_3
144068,16587,FUN_2,FUN_1
144071,5491,CUBE_L,RET
144071,21123,FUN_1,FUN_2
144086,4635,CUBE_L,RET
144087,23256,FUN_2,FUN_3
144091,21142,FUN_1,FUN_2
144096,344,FUN_3,FUN_4
144105,7791,FUN_2,FUN_1
144118,9489,FUN_5,FUN_6
144120,25482,CUBE_R,RET
144122,11235,FUN_1,FUN_2
144130,5062,FUN_6,FUN_5
144134,19436,FUN_2,FUN_3
144135,29182,FUN_2,FUN_1
144138,6981,CUBE_R,FUN_6
144144,3320,FUN_4,FUN_3
144153,11988,CUBE_L,FUN_1
144154,24275,FUN_4,FUN_3
144158,9430,FUN_2,FUN_3
144159,24418,FUN_1,FUN_2
144166,20660,FUN_2,FUN_1
144167,17252,CUBE_R,RET
144194,3833,FUN_3,FUN_4
144228,12105,FUN_2,FUN_3
144230,3634,FUN_2,FUN_1
144245,25650,FUN_3,FUN_2
144245,28032,FUN_1,FUN_2
144246,17261,FUN_2,FUN_1
144249,22224,FUN_2,FUN_3
144255,25891,FUN_5,FUN_6
144259,4635,RET,CUBE_L
144267,2398,FUN_2,FUN_1
144269,24352,FUN_4,FUN_3
144272,7329,FUN_3,FUN_2
144274,17711,FUN_3,FUN_2
144280,1821,FUN_3,FUN_4
144298,28606,CUBE_L,FUN_1
144310,27557,FUN_2,FUN_1
144312,3100,FUN_6,FUN_5
144314,26085,FUN_2,FUN_3
144316,5881,FUN_3,FUN_4
144325,29117,FUN_3,FUN_2
144361,13723,FUN_3,FUN_4
144365,4040,FUN_5,FUN_4
144370,26085,FUN_3,FUN_2
144398,10282,FUN_3,FUN_2
144400,16236,FUN_3,FUN_2
144402,7329,FUN_2,FUN_3
144419,11256,RET,CUBE_R
144445,8542,FUN_3,FUN_4
144448,24514,FUN_1,FUN_2
144488,18061,FUN_1,FUN_2
144496,16586,FUN_1,FUN_2
144511,21917,FUN_2,FUN_3
144522,23155,FUN_2,FUN_3
144524,6748,FUN_2,FUN_1
144532,23164,FUN_2,FUN_1
144546,4509,FUN_5,FUN_4
144556,24693,FUN_4,FUN_3
144561,20110,CUBE_R,FUN_6
144587,1064,FUN_3,FUN_2
144589,754,FUN_2,FUN_1
144592,9215,FUN_3,FUN_2
144595,12215,CUBE_L,RET
144606,25675,RET,CUBE_R
144608,20252,CUBE_R,RET
144614,20087,FUN_4,FUN_5
144644,966,RET,CUBE_R
144644,16587,FUN_1,FUN_2
144651,16587,FUN_2,FUN_1
144654,12512,FUN_4,FUN_3
144666,23236,FUN_3,FUN_4
144677,7329,FUN_3,FUN_2
144683,2623,FUN_4,FUN_3
144685,9571,FUN_3,FUN_2
144689,12856,FUN_2,FUN_3
144691,13556,FUN_4,FUN_3
144701,24418,FUN_2,FUN_1
144706,11818,FUN_3,FUN_4
144724,21881,FUN_3,FUN_4
144733,18894,FUN_1,FUN_2
144742,10996,CUBE_R,FUN_6
144747,5005,RET,CUBE_L
144753,11860,RET,CUBE_R
144758,9263,FUN_3,FUN_4
144777,21449,FUN_4,FUN_3
144782,24290,FUN_3,FUN_2
144787,21881,FUN_4,FUN_3
144793,13112,FUN_2,FUN_1
144813,7642,FUN_4,FUN_3
144841,22251,FUN_1,CUBE_L
144844,29831,FUN_4,FUN_3
144845,12999,FUN_6,CUBE_R
144861,18976,FUN_5,FUN_4
144863,26367,CUBE_R,RET
144895,15298,FUN_3,FUN_2
144904,21881,FUN_3,FUN_4
144909,20820,FUN_3,FUN_4
144928,24418,FUN_1,FUN_2
144937,3210,FUN_4,FUN_3
144938,20660,FUN_1,FUN_2
144956,24054,FUN_5,FUN_4
144968,11210,FUN_3,FUN_4
145001,18083,RET,CUBE_L
145015,9219,CUBE_R,RET
145016,17982,CUBE_L,RET
145026,11341,RET,CUBE_R
145049,29179,FUN_3,FUN_4
145055,8657,CUBE_L,RET
145067,27493,FUN_2,FUN_1
145076,1993,FUN_6,CUBE_R
145085,18778,FUN_1,CUBE_L
145094,23164,FUN_1,FUN_2
145095,17153,FUN_3,FUN_2
145105,3592,FUN_5,FUN_4
145130,5821,RET,CUBE_R
145139,990,FUN_4,FUN_5
145140,16007,FUN_4,FUN_3
145144,3495,FUN_3,FUN_2
145159,7642,FUN_3,FUN_4
145170,3210,FUN_3,FUN_4
145181,4004,RET,CUBE_L
145183,4281,CUBE_L,RET
145191,12131,FUN_3,FUN_4
145192,9122,FUN_3,FUN_2
145206,6981,FUN_6,CUBE_R
145208,7624,CUBE_R,FUN_6
145216,12804,FUN_3,FUN_4
145219,8037,FUN_3,FUN_2
145221,17982,RET,CUBE_L
145237,13986,CUBE_L,FUN_1
145238,22797,FUN_3,FUN_2
145250,16745,FUN_3,FUN_2
145254,14294,FUN_2,FUN_1
145257,26260,FUN_3,FUN_4
145264,22076,CUBE_R,FUN_6
145277,25666,FUN_2,FUN_1
145279,10652,FUN_2,FUN_3
145288,10240,CUBE_L,RET
145304,4274,FUN_5,FUN_4
145311,19236,RET,CUBE_L
145321,2647,FUN_2,FUN_1
145325,24528,CUBE_L,FUN_1
145327,27938,FUN_4,FUN_5
145339,20660,FUN_2,FUN_1
145350,21582,FUN_3,FUN_2
145353,15189,FUN_4,FUN_3
145372,9750,FUN_2,FUN_1
145374,10748,FUN_2,FUN_3
145375,20533,CUBE_R,RET
145381,13277,CUBE_R,RET
145395,16934,FUN_6,CUBE_R
145401,12027,FUN_2,FUN_1
145419,8675,FUN_1,FUN_2
145428,17863,FUN_5,FUN_6
145441,193,FUN_3,FUN_4
145460,6416,FUN_5,FUN_4
145468,22027,FUN_4,FUN_5
145498,18778,CUBE_L,FUN_1
145513,6786,FUN_3,FUN_2
145530,23155,FUN_3,FUN_2
145547,5619,FUN_4,FUN_5
145559,16745,FUN_2,FUN_3
145561,7329,FUN_2,FUN_3
145562,11213,CUBE_R,RET
145572,9263,FUN_4,FUN_3
145576,7620,FUN_2,FUN_3
145576,28523,FUN_5,FUN_4
145580,5881,FUN_4,FUN_3
145590,4379,FUN_2,FUN_3
145600,11958,FUN_4,FUN_3
145603,25960,FUN_3,FUN_2
145607,6553,FUN_2,FUN_1
145607,17807,FUN_4,FUN_3
145614,15684,FUN_2,FUN_3
145616,13920,FUN_1,CUBE_L
145616,18563,FUN_2,FUN_3
145623,7627,FUN_2,FUN_1
145647,26988,FUN_2,FUN_3
145655,36,CUBE_R,RET
145657,23630,CUBE_L,RET
145677,21604,FUN_4,FUN_3
145693,19117,FUN_1,FUN_2
145698,14795,FUN_3,FUN_2
145702,23643,FUN_3,FUN_2
145731,5619,FUN_5,FUN_4
145740,13920,CUBE_L,FUN_1
145741,16165,FUN_2,FUN_1
145751,8037,FUN_2,FUN_3
145767,4060,CUBE_L,RET
145769,26460,FUN_1,FUN_2
145787,27751,FUN_5,FUN_4
145792,17153,FUN_2,FUN_3
145806,6786,FUN_2,FUN_3
145811,8293,FUN_6,FUN_5
145822,16007,FUN_3,FUN_4
145835,15460,CUBE_L,FUN_1
145847,23755,FUN_5,FUN_4
145852,5619,FUN_4,FUN_5
145870,3319,FUN_4,FUN_5
145872,25666,FUN_1,FUN_2
145881,7560,RET,CUBE_L
145887,5619,FUN_5,FUN_4
145887,28526,FUN_3,FUN_4
145903,10772,FUN_4,FUN_5
145933,15762,FUN_3,FUN_2
145947,26498,FUN_2,FUN_3
145961,119,FUN_3,FUN_4
145972,15892,FUN_5,FUN_4
145980,1482,RET,CUBE_R
146002,15424,FUN_4,FUN_5
146011,10549,CUBE_L,FUN_1
146017,11965,FUN_5,FUN_4
146021,1993,CUBE_R,FUN_6
146031,7627,FUN_1,FUN_2
146038,11315,FUN_2,FUN_3
146039,6981,CUBE_R,FUN_6
146044,16470,FUN_6,CUBE_R
146053,22027,FUN_5,FUN_4
146068,17459,FUN_3,FUN_2
146102,28032,FUN_2,FUN_1
146103,6026,CUBE_R,FUN_6
146120,3519,FUN_5,FUN_6
146126,27396,FUN_4,FUN_3
146127,7060,FUN_6,CUBE_R
146127,9263,FUN_3,FUN_4
146129,29672,FUN_3,FUN_2
146132,27231,FUN_3,FUN_2
146137,5881,FUN_3,FUN_4
146145,2598,FUN_4,FUN_3
146160,8293,FUN_5,FUN_6
146162,21817,FUN_2,FUN_1
146167,388,FUN_2,FUN_1
146174,15286,FUN_3,FUN_2
146175,276,FUN_4,FUN_3
146191,26498,FUN_3,FUN_2
146196,7838,RET,CUBE_L
146204,25666,FUN_2,FUN_1
146236,20167,FUN_3,FUN_2
146251,27,CUBE_L,RET
146281,23126,CUBE_R,RET
146298,5619,FUN_4,FUN_5
146311,21421,CUBE_R,FUN_6
146318,4060,RET,CUBE_L
146319,8521,FUN_3,FUN_2
146321,8597,FUN_6,CUBE_R
146325,12791,FUN_3,FUN_2
146325,17261,FUN_1,FUN_2
146330,16286,CUBE_L,FUN_1
146342,17198,CUBE_R,RET
146349,23192,CUBE_R,RET
146376,27284,FUN_4,FUN_3
146380,119,FUN_4,FUN_3
146382,24784,FUN_3,FUN_2
146399,7642,FUN_4,FUN_3
146402,20158,RET,CUBE_R
146410,25960,FUN_2,FUN_3
146412,9122,FUN_2,FUN_3
146421,15269,FUN_4,FUN_5
146423,7627,FUN_2,FUN_1
146432,9809,FUN_5,FUN_6
146441,7831,FUN_2,FUN_3
146462,26330,FUN_4,FUN_3
146466,26730,FUN_5,FUN_6
146470,24212,FUN_5,FUN_4
146470,26498,FUN_2,FUN_3
146473,21879,FUN_4,FUN_3
146483,11277,FUN_4,FUN_5
146486,18415,FUN_3,FUN_4
146488,6048,FUN_3,FUN_4
146490,14571,CUBE_R,FUN_6
146491,15344,FUN_4,FUN_3
146496,14022,FUN_2,FUN_1
146501,21817,FUN_1,FUN_2
146502,3412,CUBE_R,FUN_6
146532,7308,RET,CUBE_L
146533,16934,CUBE_R,FUN_6
146540,17459,FUN_2,FUN_3
146542,11965,FUN_4,FUN_5
146545,10673,FUN_2,FUN_1
146559,20252,RET,CUBE_R
146570,28682,RET,CUBE_L
146571,14,FUN_3,FUN_4
146580,21967,FUN_5,FUN_4
146585,19117,FUN_2,FUN_1
146590,15344,FUN_3,FUN_4
146591,14098,FUN_2,FUN_3
146593,9122,FUN_3,FUN_2
146600,17533,FUN_3,FUN_2
146631,11958,FUN_3,FUN_4
146651,24162,CUBE_L,RET
146652,8037,FUN_3,FUN_2
146696,12215,RET,CUBE_L
146699,6131,FUN_1,FUN_2
146709,18083,CUBE_L,RET
146712,7170,FUN_1,CUBE_L
146728,16745,FUN_3,FUN_2
146746,16236,FUN_2,FUN_3
146749,5881,FUN_4,FUN_3
146766,24743,CUBE_R,RET
146770,990,FUN_5,FUN_4
146774,5942,FUN_4,FUN_3
146799,2647,FUN_1,FUN_2
146802,22797,FUN_2,FUN_3
146803,12804,FUN_4,FUN_3
146806,19308,FUN_6,FUN_5
146809,6048,FUN_4,FUN_3
146825,12846,CUBE_R,FUN_6
146827,19739,CUBE_L,RET
146829,15762,FUN_2,FUN_3
146834,19344,RET,CUBE_L
146866,73,FUN_1,FUN_2
146866,2598,FUN_3,FUN_4
146872,775,FUN_1,FUN_2
146876,28032,FUN_1,FUN_2
146905,25627,FUN_1,FUN_2
146912,870,CUBE_R,RET
146914,10899,FUN_2,FUN_3
146920,5005,CUBE_L,RET
146925,6048,FUN_3,FUN_4
146925,6596,CUBE_L,RET
146926,7627,FUN_1,FUN_2
146930,3094,CUBE_L,RET
146931,26367,RET,CUBE_R
146932,11852,CUBE_R,RET
146938,5005,RET,CUBE_L
146944,2303,FUN_3,FUN_2
146947,4505,FUN_4,FUN_5
146956,19671,FUN_2,FUN_3
146960,4723,FUN_1,FUN_2
146969,25157,FUN_5,FUN_6
147004,28526,FUN_4,FUN_3
147018,11302,FUN_4,FUN_3
147033,1564,FUN_4,FUN_3
147047,17724,CUBE_R,RET
147054,15269,FUN_5,FUN_4
147056,7017,FUN_3,FUN_2
147067,20087,FUN_5,FUN_4
147079,7215,FUN_3,FUN_2
147104,28523,FUN_4,FUN_5
147108,20156,FUN_3,FUN_4
147122,8597,CUBE_R,FUN_6
147124,4010,CUBE_R,FUN_6
147142,6744,FUN_2,FUN_3
147180,15312,RET,CUBE_R
147185,15682,FUN_5,FUN_4
147189,24162,RET,CUBE_L
147209,28032,FUN_2,FUN_1
147215,354,FUN_5,FUN_4
147222,238,FUN_1,FUN_2
147235,1064,FUN_2,FUN_3
147239,24290,FUN_2,FUN_3
147246,26211,FUN_2,FUN_3
147266,19671,FUN_3,FUN_2
147267,15027,FUN_1,FUN_2
147291,23631,FUN_1,FUN_2
147297,2303,FUN_2,FUN_3
147304,22557,FUN_2,FUN_1
147319,9750,FUN_1,FUN_2
147320,9975,FUN_4,FUN_3
147332,870,RET,CUBE_R
147334,19263,CUBE_L,RET
147361,22462,FUN_3,FUN_2
147364,25021,FUN_2,FUN_1
147384,13966,CUBE_L,RET
147388,9809,FUN_6,FUN_5
147419,25701,FUN_3,FUN_2
147444,23719,FUN_3,FUN_2
147447,12524,FUN_6,CUBE_R
147460,3028,CUBE_R,RET
147466,3983,FUN_3,FUN_2
147468,20167,FUN_2,FUN_3
147475,15269,FUN_4,FUN_5
147476,21879,FUN_3,FUN_4
147477,7838,CUBE_L,RET
147497,4935,CUBE_L,RET
147499,1507,FUN_2,FUN_3
147500,2985,CUBE_R,RET
147503,2398,FUN_1,FUN_2
147517,28363,RET,CUBE_L
147522,11958,FUN_4,FUN_3
147528,16204,FUN_1,FUN_2
147529,13711,FUN_3,FUN_4
147551,22039,FUN_3,FUN_4
147552,6553,FUN_1,FUN_2
147585,4281,RET,CUBE_L
147587,2925,FUN_2,FUN_1
147589,9133,CUBE_R,FUN_6
147602,316,FUN_3,FUN_4
147607,25123,FUN_3,FUN_2
147622,25160,FUN_6,CUBE_R
147624,6048,FUN_4,FUN_3
147642,10486,FUN_4,FUN_5
147671,26159,FUN_3,FUN_4
147676,870,CUBE_R,RET
147681,20311,CUBE_L,RET
147710,29443,FUN_2,FUN_1
147716,26042,FUN_3,FUN_2
147719,11302,FUN_3,FUN_4
147725,6026,FUN_6,CUBE_R
147726,4689,FUN_3,FUN_2
147743,461,FUN_2,FUN_3
147746,25701,FUN_2,FUN_3
147758,24212,FUN_4,FUN_5
147771,2598,FUN_4,FUN_3
147776,21135,FUN_2,FUN_1
147780,5722,FUN_1,FUN_2
147787,2838,FUN_2,FUN_1
147805,796,FUN_4,FUN_3
147822,12578,FUN_5,FUN_4
147837,3170,FUN_3,FUN_2
147841,7267,FUN_1,FUN_2
147853,24426,CUBE_R,FUN_6
147858,870,RET,CUBE_R
147879,28832,FUN_2,FUN_3
147884,8293,FUN_6,FUN_5
147885,14026,FUN_2,FUN_1
147897,36,RET,CUBE_R
147917,4292,FUN_2,FUN_1
147922,22197,FUN_2,FUN_3
147929,21544,FUN_4,FUN_5
147930,19468,FUN_3,FUN_2
147932,6048,FUN_3,FUN_4
147936,24054,FUN_4,FUN_5
147946,22557,FUN_1,FUN_2
147959,9056,FUN_3,FUN_2
147960,25935,FUN_3,FUN_2
147963,7008,FUN_2,FUN_1
147966,354,FUN_4,FUN_5
147972,26548,FUN_1,FUN_2
147973,22880,FUN_5,FUN_6
147982,2598,FUN_3,FUN_4
147994,26498,FUN_3,FUN_2
148006,24065,FUN_5,FUN_4
148009,8937,CUBE_R,FUN_6
148016,23094,FUN_2,FUN_1
148024,2407,RET,CUBE_L
148027,1564,FUN_3,FUN_4
148047,28523,FUN_5,FUN_4
148082,18083,RET,CUBE_L
148086,23631,FUN_2,FUN_1
148087,17711,FUN_2,FUN_3
148092,5590,FUN_3,FUN_2
148092,17419,FUN_2,FUN_1
148119,19308,FUN_5,FUN_6
148128,6824,FUN_2,FUN_1
148128,21713,CUBE_R,FUN_6
148138,28462,FUN_3,FUN_2
148145,2660,FUN_3,FUN_4
148157,6744,FUN_3,FUN_2
148160,19436,FUN_3,FUN_2
148181,15344,FUN_4,FUN_3
148196,9122,FUN_2,FUN_3
148197,22027,FUN_4,FUN_5
148207,28880,FUN_5,FUN_4
148209,870,CUBE_R,RET
148209,7787,FUN_3,FUN_2
148218,26460,FUN_2,FUN_1
148229,25675,CUBE_R,RET
148233,11302,FUN_4,FUN_3
148244,11188,RET,CUBE_R
148264,27599,FUN_6,FUN_5
148267,18495,FUN_1,FUN_2
148274,22557,FUN_2,FUN_1
148277,12062,FUN_6,CUBE_R
148288,15682,FUN_4,FUN_5
148309,16286,FUN_1,CUBE_L
148317,926,FUN_3,FUN_4
148328,11302,FUN_3,FUN_4
148329,22302,FUN_2,FUN_3
148330,22462,FUN_2,FUN_3
148359,1914,CUBE_L,RET
148364,3319,FUN_5,FUN_4
148369,27557,FUN_1,FUN_2
148373,9809,FUN_5,FUN_6
148380,15695,RET,CUBE_L
148390,3307,RET,CUBE_L
148391,2042,FUN_3,FUN_4
148392,27516,FUN_2,FUN_3
148398,8037,FUN_2,FUN_3
148398,28526,FUN_3,FUN_4
148405,21459,FUN_2,FUN_3
148416,1393,FUN_1,FUN_2
148418,20361,FUN_2,FUN_3
148434,26554,CUBE_R,RET
148443,20283,RET,CUBE_R
148447,12846,FUN_6,CUBE_R
148464,13723,FUN_4,FUN_3
148468,25160,CUBE_R,FUN_6
148478,6585,FUN_4,FUN_3
148489,12623,FUN_2,FUN_3
148499,19043,CUBE_L,RET
148514,3519,FUN_6,FUN_5
148515,2742,FUN_4,FUN_3
148537,7831,FUN_3,FUN_2
148549,7642,FUN_3,FUN_4
148560,11302,FUN_4,FUN_3
148568,3378,FUN_2,FUN_3
148568,17982,CUBE_L,RET
148568,22600,FUN_3,FUN_2
148583,6416,FUN_4,FUN_5
148586,10652,FUN_3,FUN_2
148590,201,FUN_3,FUN_2
148601,6387,RET,CUBE_R
148608,13284,RET,CUBE_L
148608,22557,FUN_1,FUN_2
148610,21421,FUN_6,CUBE_R
148637,28606,FUN_1,CUBE_L
148643,2598,FUN_4,FUN_3
148649,18063,FUN_2,FUN_1
148650,21142,FUN_2,FUN_1
148671,12683,RET,CUBE_L
148682,22174,FUN_4,FUN_5
148688,18661,FUN_3,FUN_4
148715,11965,FUN_5,FUN_4
148721,24617,FUN_3,FUN_2
148721,26042,FUN_2,FUN_3
148733,14609,FUN_3,FUN_2
148738,8675,FUN_2,FUN_1
148744,2303,FUN_3,FUN_2
148754,27858,FUN_2,FUN_3
148772,28767,FUN_2,FUN_1
148790,8937,FUN_6,CUBE_R
148803,29923,FUN_3,FUN_4
148810,16587,FUN_1,FUN_2
148817,25337,CUBE_L,RET
148843,22027,FUN_5,FUN_4
148858,23630,RET,CUBE_L
148859,9216,FUN_3,FUN_2
148863,20431,CUBE_R,FUN_6
148871,24054,FUN_5,FUN_4
148880,12623,FUN_3,FUN_2
148882,2742,FUN_3,FUN_4
148896,16722,CUBE_L,RET
148898,25160,FUN_6,CUBE_R
148924,28606,CUBE_L,FUN_1
148930,21409,FUN_3,FUN_2
148945,24028,FUN_4,FUN_3
148955,25035,FUN_3,FUN_2
148958,16298,CUBE_R,FUN_6
148962,2398,FUN_2,FUN_1
148962,2892,FUN_3,FUN_2
148972,28161,CUBE_L,RET
148985,8463,CUBE_R,FUN_6
148986,4689,FUN_2,FUN_3
148987,22027,FUN_4,FUN_5
148995,3519,FUN_5,FUN_6
148996,16007,FUN_4,FUN_3
148998,25021,FUN_1,FUN_2
149001,18884,FUN_3,FUN_2
149023,23540,FUN_4,FUN_3
149037,14571,FUN_6,CUBE_R
149039,27949,RET,CUBE_L
149045,7008,FUN_1,FUN_2
149058,6416,FUN_5,FUN_4
149059,3519,FUN_6,FUN_5
149071,12062,CUBE_R,FUN_6
149082,8378,FUN_4,FUN_5
149090,5957,RET,CUBE_R
149102,11894,FUN_2,FUN_1
149118,14906,FUN_1,FUN_2
149121,966,CUBE_R,RET
149121,24528,FUN_1,CUBE_L
149140,19671,FUN_2,FUN_3
149142,5659,FUN_1,FUN_2
149145,1964,FUN_2,FUN_1
149150,3519,FUN_5,FUN_6
149159,892,CUBE_L,RET
149165,28951,FUN_6,CUBE_R
149169,3170,FUN_2,FUN_3
149175,27913,FUN_2,FUN_1
149184,3833,FUN_4,FUN_3
149184,26042,FUN_3,FUN_2
149185,26498,FUN_2,FUN_3
149197,21110,FUN_2,FUN_1
149203,22601,CUBE_R,RET
149206,22935,FUN_5,FUN_4
149213,27660,FUN_3,FUN_2
149218,22990,FUN_2,FUN_1
149220,9545,FUN_1,FUN_2
149222,7008,FUN_2,FUN_1
149226,5590,FUN_2,FUN_3
149229,27284,FUN_3,FUN_4
149232,15291,CUBE_R,RET
149240,10444,CUBE_L,RET
149243,22408,FUN_2,FUN_3
149244,27913,FUN_1,FUN_2
149254,17703,FUN_6,CUBE_R
149261,24521,FUN_3,FUN_2
149271,14609,FUN_2,FUN_3
149276,24162,CUBE_L,RET
149290,7717,CUBE_L,RET
149307,6222,FUN_1,FUN_2
149309,12131,FUN_4,FUN_3
149315,24945,FUN_2,FUN_3
149318,22697,CUBE_L,RET
149337,4459,CUBE_R,FUN_6
149341,28523,FUN_4,FUN_5
149355,15719,FUN_2,FUN_3
149378,8293,FUN_5,FUN_6
149388,24521,FUN_2,FUN_3
149391,13284,CUBE_L,RET
149393,14294,FUN_1,FUN_2
149403,26042,FUN_2,FUN_3
149424,15904,CUBE_L,RET
149435,12259,FUN_1,FUN_2
149436,12374,CUBE_L,FUN_1
149440,4873,FUN_5,FUN_4
149442,2560,CUBE_R,FUN_6
149468,3050,FUN_3,FUN_2
149469,13284,RET,CUBE_L
149475,28634,FUN_6,FUN_5
149478,22197,FUN_3,FUN_2
149478,25200,FUN_2,FUN_3
149480,25037,FUN_3,FUN_2
149484,1153,FUN_5,FUN_4
149503,7505,FUN_2,FUN_3
149512,7008,FUN_1,FUN_2
149512,24988,FUN_3,FUN_4
149518,11958,FUN_3,FUN_4
149518,17300,FUN_1,FUN_2
149523,29443,FUN_1,FUN_2
149532,8037,FUN_3,FUN_2
149535,7717,RET,CUBE_L
149543,28386,FUN_4,FUN_5
149545,27913,FUN_2,FUN_1
149548,2647,FUN_2,FUN_1
149552,15744,FUN_2,FUN_1
149563,22601,RET,CUBE_R
149568,966,RET,CUBE_R
149569,27839,FUN_2,FUN_3
149573,17825,CUBE_L,FUN_1
149574,12999,CUBE_R,FUN_6
149582,1064,FUN_3,FUN_2
149594,870,RET,CUBE_R
149596,17937,CUBE_R,RET
149621,27816,RET,CUBE_L
149639,25157,FUN_6,FUN_5
149645,1665,RET,CUBE_R
149646,8937,CUBE_R,FUN_6
149653,966,CUBE_R,RET
149678,19473,FUN_4,FUN_5
149680,966,RET,CUBE_R
149683,966,CUBE_R,RET
149686,17261,FUN_2,FUN_1
149722,6593,FUN_2,FUN_3
149740,7662,FUN_2,FUN_3
149752,22601,CUBE_R,RET
149767,15904,RET,CUBE_L
149774,21171,FUN_3,FUN_2
149778,4004,CUBE_L,RET
149784,2925,FUN_1,FUN_2
149786,8675,FUN_1,FUN_2
149796,18302,FUN_2,FUN_3
149810,24617,FUN_2,FUN_3
149849,25123,FUN_2,FUN_3
149856,4386,FUN_1,FUN_2
149881,23094,FUN_1,FUN_2
149883,12348,FUN_4,FUN_3
149885,19468,FUN_2,FUN_3
149901,11188,CUBE_R,RET
149915,15633,FUN_1,FUN_2
149918,17719,CUBE_R,RET
149919,22790,FUN_2,FUN_3
149931,12856,FUN_3,FUN_2
149938,24290,FUN_3,FUN_2
149944,29923,FUN_4,FUN_3
150013,7799,CUBE_R,RET
150019,26748,FUN_3,FUN_2
150029,627,FUN_4,FUN_5
150036,26211,FUN_3,FUN_2
150044,15569,FUN_3,FUN_4
150077,2303,FUN_2,FUN_3
150104,3906,FUN_3,FUN_2
150114,24054,FUN_4,FUN_5
150124,11184,FUN_6,CUBE_R
150147,26554,RET,CUBE_R
150149,17825,FUN_1,CUBE_L
150156,10658,FUN_4,FUN_5
150161,28097,RET,CUBE_R
150169,17419,FUN_1,FUN_2
150173,15684,FUN_3,FUN_2
150175,6222,FUN_2,FUN_1
150177,3519,FUN_6,FUN_5
150177,17982,RET,CUBE_L
150192,24290,FUN_2,FUN_3
150198,19374,FUN_2,FUN_3
150203,22377,FUN_2,FUN_1
150210,11269,FUN_2,FUN_3
150236,18495,FUN_2,FUN_1
150251,7445,CUBE_R,RET
150265,7619,FUN_2,FUN_1
150271,7008,FUN_2,FUN_1
150272,20431,FUN_6,CUBE_R
150280,27931,FUN_4,FUN_3
150284,7060,CUBE_R,FUN_6
150287,28919,FUN_2,FUN_1
150308,3378,FUN_3,FUN_2
150310,23094,FUN_2,FUN_1
150322,56,RET,CUBE_R
150356,10673,FUN_1,FUN_2
150360,28767,FUN_1,FUN_2
150366,7717,CUBE_L,RET
150367,28363,CUBE_L,RET
150368,2742,FUN_4,FUN_3
150379,23210,RET,CUBE_R
150387,19436,FUN_2,FUN_3
150391,19780,FUN_3,FUN_4
150394,27762,CUBE_L,FUN_1
150417,27949,CUBE_L,RET
150422,9056,FUN_2,FUN_3
150434,11834,RET,CUBE_L
150441,8275,FUN_2,FUN_1
150441,27780,FUN_6,CUBE_R
150454,11188,RET,CUBE_R
150461,7339,FUN_6,CUBE_R
150464,21713,FUN_6,CUBE_R
150485,3094,RET,CUBE_L
150489,28951,CUBE_R,FUN_6
150495,17584,FUN_3,FUN_2
150497,15189,FUN_3,FUN_4
150506,9478,FUN_4,FUN_3
150514,9215,FUN_2,FUN_3
150519,22935,FUN_4,FUN_5
150536,978,FUN_2,FUN_3
150554,17937,RET,CUBE_R
150562,12112,FUN_4,FUN_3
150570,9085,RET,CUBE_R
150576,28951,FUN_6,CUBE_R
150589,9219,RET,CUBE_R
150605,6760,FUN_2,FUN_3
150610,870,CUBE_R,RET
150613,22302,FUN_3,FUN_2
150617,12259,FUN_2,FUN_1
150625,11269,FUN_3,FUN_2
150650,19303,FUN_2,FUN_1
150659,3020,FUN_3,FUN_4
150659,12259,FUN_1,FUN_2
150660,8478,FUN_2,FUN_1
150666,23585,RET,CUBE_L
150671,8521,FUN_2,FUN_3
150672,24784,FUN_2,FUN_3
150673,10673,FUN_2,FUN_1
150673,18298,FUN_3,FUN_2
150681,19263,RET,CUBE_L
150706,13841,FUN_3,FUN_2
150711,23126,RET,CUBE_R
150730,19436,FUN_3,FUN_2
150762,10772,FUN_5,FUN_4
150763,7060,FUN_6,CUBE_R
150770,24426,FUN_6,CUBE_R
150770,28951,CUBE_R,FUN_6
150777,17937,CUBE_R,RET
150781,4673,FUN_1,FUN_2
150782,26489,FUN_4,FUN_3
150789,18841,CUBE_L,RET
150796,10549,FUN_1,CUBE_L
150804,5420,FUN_2,FUN_3
150805,2369,RET,CUBE_L
150807,29887,CUBE_L,FUN_1
150820,17708,RET,CUBE_L
150822,29379,FUN_4,FUN_3
150838,26042,FUN_3,FUN_2
150865,24695,FUN_3,FUN_2
150871,19303,FUN_1,FUN_2
150876,11095,FUN_2,FUN_3
150878,28245,FUN_2,FUN_3
150885,1393,FUN_2,FUN_1
150887,10673,FUN_1,FUN_2
150887,13841,FUN_2,FUN_3
150901,24743,RET,CUBE_R
150902,12553,FUN_1,FUN_2
150920,4379,FUN_3,FUN_2
150927,9215,FUN_3,FUN_2
150942,12259,FUN_2,FUN_1
150951,1665,CUBE_R,RET
150960,22462,FUN_3,FUN_2
150998,29487,FUN_3,FUN_2
151016,8521,FUN_3,FUN_2
151022,21350,FUN_5,FUN_6
151027,22197,FUN_2,FUN_3
151039,24988,FUN_4,FUN_3
151044,1165,CUBE_L,RET
151079,5029,CUBE_R,FUN_6
151101,26897,FUN_3,FUN_2
151102,23207,FUN_3,FUN_2
151104,8521,FUN_2,FUN_3
151118,15793,FUN_2,FUN_3
151131,28239,FUN_2,FUN_3
151140,2369,CUBE_L,RET
151151,19117,FUN_1,FUN_2
151179,12422,CUBE_R,RET
151190,2039,FUN_1,FUN_2
151206,24054,FUN_5,FUN_4
151228,2697,FUN_5,FUN_4
151228,11818,FUN_4,FUN_3
151244,18063,FUN_1,FUN_2
151262,28321,FUN_6,CUBE_R
151276,21110,FUN_1,FUN_2
151291,17533,FUN_2,FUN_3
151327,15185,CUBE_R,RET
151329,5615,CUBE_L,RET
151346,2005,FUN_2,FUN_3
151358,27780,CUBE_R,FUN_6
151369,16007,FUN_3,FUN_4
151375,978,FUN_3,FUN_2
151397,1665,RET,CUBE_R
151415,26730,FUN_6,FUN_5
151420,6560,FUN_5,FUN_6
151423,29242,FUN_2,FUN_3
151435,8791,CUBE_R,RET
151441,5881,FUN_3,FUN_4
151443,3307,CUBE_L,RET
151457,29144,FUN_2,FUN_1
151463,13841,FUN_3,FUN_2
151477,18406,FUN_3,FUN_2
151478,25935,FUN_2,FUN_3
151497,5118,CUBE_R,RET
151506,12374,FUN_1,CUBE_L
151519,21031,FUN_4,FUN_3
151538,966,RET,CUBE_R
151539,5310,FUN_1,FUN_2
151546,26042,FUN_2,FUN_3
151550,19671,FUN_3,FUN_2
151555,21676,CUBE_L,FUN_1
151568,14906,FUN_2,FUN_1
151623,8275,FUN_1,FUN_2
151656,20156,FUN_4,FUN_3
151661,20156,FUN_3,FUN_4
151671,20156,FUN_4,FUN_3
151672,7101,FUN_1,FUN_2
151677,17937,RET,CUBE_R
151681,20156,FUN_3,FUN_4
151692,19303,FUN_2,FUN_1
151698,20156,FUN_4,FUN_3
151711,7691,FUN_3,FUN_2
151711,21421,CUBE_R,FUN_6
151714,21350,FUN_6,FUN_5
151715,17451,CUBE_L,RET
151715,29923,FUN_3,FUN_4
151716,3363,RET,CUBE_L
151724,22934,FUN_3,FUN_2
151751,26905,FUN_3,FUN_2
151755,5722,FUN_2,FUN_1
151760,20156,FUN_3,FUN_4
151763,26013,FUN_3,FUN_2
151776,19739,RET,CUBE_L
151776,25035,FUN_2,FUN_3
151777,18842,RET,CUBE_R
151779,23207,FUN_2,FUN_3
151783,20156,FUN_4,FUN_3
151794,12259,FUN_1,FUN_2
151798,17863,FUN_6,FUN_5
151808,20119,FUN_3,FUN_2
151825,21110,FUN_2,FUN_1
151839,13841,FUN_2,FUN_3
151847,17533,FUN_3,FUN_2
151857,1153,FUN_4,FUN_5
151860,3906,FUN_2,FUN_3
151872,22797,FUN_3,FUN_2
151873,24054,FUN_4,FUN_5
151891,6168,FUN_5,FUN_4
151894,19515,FUN_4,FUN_3
151907,14150,FUN_5,FUN_6
151909,4292,FUN_1,FUN_2
151915,25675,RET,CUBE_R
151927,22797,FUN_2,FUN_3
151936,15189,FUN_4,FUN_3
151948,24695,FUN_2,FUN_3
151964,28032,FUN_1,FUN_2
151965,16007,FUN_4,FUN_3
151979,27368,FUN_6,CUBE_R
151988,6132,FUN_2,FUN_3
151992,26354,FUN_2,FUN_1
152011,6043,FUN_5,FUN_4
152027,15762,FUN_3,FUN_2
152028,11269,FUN_2,FUN_3
152032,1541,FUN_1,FUN_2
152039,13834,FUN_2,FUN_1
152040,21817,FUN_2,FUN_1
152041,17584,FUN_2,FUN_3
152048,9133,FUN_6,CUBE_R
152061,23207,FUN_3,FUN_2
152069,18695,FUN_4,FUN_3
152080,6901,FUN_1,FUN_2
152089,26260,FUN_4,FUN_3
152106,25564,FUN_2,FUN_1
152110,13023,FUN_2,FUN_1
152114,21852,FUN_5,FUN_6
152121,8037,FUN_2,FUN_3
152124,8558,FUN_3,FUN_2
152142,3939,CUBE_R,RET
152143,6626,FUN_2,FUN_1
152163,24955,FUN_2,FUN_3
152164,5881,FUN_4,FUN_3
152165,3282,FUN_4,FUN_5
152204,12474,FUN_5,FUN_6
152212,28313,FUN_3,FUN_4
152215,25935,FUN_3,FUN_2
152218,21829,FUN_3,FUN_2
152225,5055,CUBE_R,FUN_6
152233,17483,FUN_6,FUN_5
152237,28783,FUN_4,FUN_3
152238,11834,CUBE_L,RET
152242,8479,FUN_1,FUN_2
152256,28161,RET,CUBE_L
152258,25935,FUN_2,FUN_3
152289,15695,CUBE_L,RET
152321,12259,FUN_2,FUN_1
152339,14658,FUN_2,FUN_1
152340,3412,FUN_6,CUBE_R
152347,16204,FUN_2,FUN_1
152353,978,FUN_2,FUN_3
152354,12027,FUN_1,FUN_2
152366,25035,FUN_3,FUN_2
152377,15793,FUN_3,FUN_2
152379,23207,FUN_2,FUN_3
152380,15695,RET,CUBE_L
152382,10957,FUN_6,CUBE_R
152384,10884,RET,CUBE_L
152413,276,FUN_3,FUN_4
152420,25470,RET,CUBE_R
152423,7791,FUN_1,FUN_2
152424,13165,FUN_2,FUN_3
152427,26988,FUN_3,FUN_2
152432,24704,CUBE_R,RET
152433,20252,CUBE_R,RET
152441,354,FUN_5,FUN_4
152464,19973,FUN_5,FUN_4
152475,9215,FUN_2,FUN_3
152478,10086,FUN_4,FUN_5
152501,7042,RET,CUBE_L
152541,15684,FUN_2,FUN_3
152559,11164,FUN_2,FUN_1
152571,15695,CUBE_L,RET
152584,668,FUN_3,FUN_2
152587,1510,CUBE_R,FUN_6
152603,9545,FUN_2,FUN_1
152603,28386,FUN_5,FUN_4
152612,18661,FUN_4,FUN_3
152629,8542,FUN_4,FUN_3
152644,22797,FUN_3,FUN_2
152655,5968,FUN_2,FUN_3
152673,26987,FUN_4,FUN_5
152678,10861,FUN_3,FUN_4
152702,12791,FUN_2,FUN_3
152716,15762,FUN_2,FUN_3
152732,14026,FUN_1,FUN_2
152735,18414,FUN_5,FUN_4
152743,954,FUN_6,FUN_5
152781,15032,FUN_2,FUN_1
152782,954,FUN_5,FUN_6
152788,26554,CUBE_R,RET
152806,2686,FUN_6,CUBE_R
152810,27632,FUN_6,FUN_5
152822,978,FUN_3,FUN_2
152835,7340,CUBE_R,FUN_6
152840,12553,FUN_2,FUN_1
152844,17174,RET,CUBE_L
152852,25935,FUN_3,FUN_2
152870,2716,FUN_2,FUN_1
152881,11550,CUBE_L,FUN_1
152911,12112,FUN_3,FUN_4
152915,21852,FUN_6,FUN_5
152917,17441,FUN_2,FUN_3
152923,1665,CUBE_R,RET
152929,22865,FUN_3,FUN_4
152939,16286,CUBE_L,FUN_1
153008,29455,FUN_1,CUBE_L
153011,7717,RET,CUBE_L
153029,19969,FUN_4,FUN_5
153055,2659,FUN_4,FUN_3
153062,3307,RET,CUBE_L
153066,17174,CUBE_L,RET
153069,26897,FUN_2,FUN_3
153089,25126,FUN_2,FUN_1
153094,10734,FUN_2,FUN_3
153108,56,CUBE_R,RET
153109,5311,CUBE_L,FUN_1
153109,12125,FUN_4,FUN_3
153126,7101,FUN_2,FUN_1
153140,5722,FUN_1,FUN_2
153151,3907,FUN_4,FUN_5
153170,11875,RET,CUBE_R
153176,4873,FUN_4,FUN_5
153184,18841,RET,CUBE_L
153190,24704,RET,CUBE_R
153193,6132,FUN_3,FUN_2
153222,1482,CUBE_R,RET
153224,19236,CUBE_L,RET
153237,16007,FUN_3,FUN_4
153244,16561,RET,CUBE_R
153247,5108,FUN_1,FUN_2
153262,22197,FUN_3,FUN_2
153264,27599,FUN_5,FUN_6
153276,824,FUN_4,FUN_5
153310,13023,FUN_1,FUN_2
153312,23099,FUN_5,FUN_6
153313,21421,FUN_6,CUBE_R
153321,7215,FUN_2,FUN_3
153336,29284,CUBE_R,RET
153358,1914,RET,CUBE_L
153367,20504,FUN_2,FUN_1
153380,21728,FUN_1,FUN_2
153385,7267,FUN_2,FUN_1
153390,18152,CUBE_L,RET
153407,26211,FUN_2,FUN_3
153410,5942,FUN_3,FUN_4
153417,15695,RET,CUBE_L
153420,17240,FUN_2,FUN_3
153422,16187,FUN_3,FUN_2
153426,21676,FUN_1,CUBE_L
153432,19303,FUN_1,FUN_2
153447,18083,CUBE_L,RET
153462,28880,FUN_4,FUN_5
153463,8275,FUN_2,FUN_1
153489,12705,FUN_1,FUN_2
153497,16165,FUN_1,FUN_2
153524,14150,FUN_6,FUN_5
153534,16173,FUN_2,FUN_1
153566,25008,FUN_3,FUN_4
153581,1510,FUN_6,CUBE_R
153596,12856,FUN_2,FUN_3
153598,7406,FUN_3,FUN_4
153615,29923,FUN_4,FUN_3
153642,17043,CUBE_R,FUN_6
153659,15397,RET,CUBE_R
153663,910,CUBE_L,RET
153667,20470,FUN_3,FUN_4
153669,20156,FUN_3,FUN_4
153693,25441,FUN_2,FUN_3
153723,1964,FUN_1,FUN_2
153732,26554,RET,CUBE_R
153738,1482,RET,CUBE_R
153743,6048,FUN_4,FUN_3
153756,20156,FUN_4,FUN_3
153775,2623,FUN_3,FUN_4
153777,17227,FUN_4,FUN_5
153779,21544,FUN_5,FUN_4
153779,28880,FUN_5,FUN_4
153780,14947,FUN_4,FUN_5
153793,19160,FUN_3,FUN_2
153814,9053,FUN_2,FUN_1
153823,1165,RET,CUBE_L
153830,27928,FUN_5,FUN_6
153839,11367,FUN_1,FUN_2
153846,17414,FUN_5,FUN_4
153863,24044,FUN_2,FUN_1
153877,20156,FUN_3,FUN_4
153909,26910,FUN_6,FUN_5
153922,2838,FUN_1,FUN_2
153924,23631,FUN_1,FUN_2
153924,28523,FUN_5,FUN_4
153931,27779,FUN_3,FUN_2
153940,20137,FUN_4,FUN_5
153952,29814,FUN_1,FUN_2
153959,25935,FUN_2,FUN_3
153980,25200,FUN_3,FUN_2
153982,4103,FUN_4,FUN_3
153988,910,RET,CUBE_L
153990,9700,FUN_6,FUN_5
153999,26042,FUN_3,FUN_2
154002,21817,FUN_1,FUN_2
154012,10875,FUN_2,FUN_1
154018,13196,FUN_4,FUN_3
154047,2229,FUN_2,FUN_3
154059,26022,FUN_2,FUN_1
154071,7008,FUN_1,FUN_2
154074,16561,CUBE_R,RET
154076,17935,CUBE_R,FUN_6
154078,18910,CUBE_L,RET
154086,17300,FUN_2,FUN_1
154092,8693,FUN_2,FUN_1
154118,14906,FUN_1,FUN_2
154127,11875,CUBE_R,RET
154141,8542,FUN_3,FUN_4
154141,19686,FUN_4,FUN_5
154158,18403,FUN_1,FUN_2
154166,9754,FUN_5,FUN_6
154175,4937,FUN_2,FUN_3
154175,25555,FUN_1,CUBE_L
154176,5055,FUN_6,CUBE_R
154206,22865,FUN_4,FUN_3
154212,18842,CUBE_R,RET
154222,4723,FUN_2,FUN_1
154239,27459,FUN_2,FUN_3
154270,2647,FUN_1,FUN_2
154291,19984,FUN_3,FUN_4
154318,15397,CUBE_R,RET
154320,16204,FUN_1,FUN_2
154330,18661,FUN_3,FUN_4
154336,12125,FUN_3,FUN_4
154342,26743,FUN_4,FUN_3
154352,28313,FUN_4,FUN_3
154353,20534,CUBE_L,RET
154366,27632,FUN_5,FUN_6
154367,4937,FUN_3,FUN_2
154374,10740,FUN_1,FUN_2
154376,20340,FUN_2,FUN_1
154380,27020,FUN_2,FUN_1
154402,1482,CUBE_R,RET
154418,20156,FUN_4,FUN_3
154433,9215,FUN_3,FUN_2
154443,1588,FUN_3,FUN_2
154455,15122,FUN_3,FUN_4
154458,15032,FUN_1,FUN_2
154458,21664,FUN_6,CUBE_R
154460,11831,RET,CUBE_R
154461,6132,FUN_2,FUN_3
154464,28880,FUN_4,FUN_5
154470,21676,CUBE_L,FUN_1
154479,18661,FUN_4,FUN_3
154485,20308,FUN_1,FUN_2
154488,14777,FUN_1,CUBE_L
154509,17510,FUN_1,FUN_2
154533,16173,FUN_1,FUN_2
154535,25126,FUN_1,FUN_2
154536,18903,FUN_3,FUN_4
154538,10861,FUN_4,FUN_3
154546,25666,FUN_1,FUN_2
154552,18661,FUN_3,FUN_4
154573,27780,FUN_6,CUBE_R
154580,24167,FUN_2,FUN_3
154585,20431,CUBE_R,FUN_6
154593,18661,FUN_4,FUN_3
154596,17240,FUN_3,FUN_2
154614,11812,FUN_3,FUN_4
154627,5310,FUN_2,FUN_1
154643,10740,FUN_2,FUN_1
154660,14571,CUBE_R,FUN_6
154664,15189,FUN_3,FUN_4
154669,22076,FUN_6,CUBE_R
154670,27599,FUN_6,FUN_5
154676,23727,FUN_4,FUN_5
154678,1564,FUN_4,FUN_3
154705,15118,FUN_2,FUN_1
154717,354,FUN_4,FUN_5
154723,5715,FUN_1,FUN_2
154724,17935,FUN_6,CUBE_R
154750,16470,CUBE_R,FUN_6
154771,966,CUBE_R,RET
154790,18152,RET,CUBE_L
154794,5659,FUN_2,FUN_1
154795,27660,FUN_2,FUN_3
154798,7691,FUN_2,FUN_3
154798,22797,FUN_2,FUN_3
154809,12215,CUBE_L,RET
154819,14777,CUBE_L,FUN_1
154825,1665,RET,CUBE_R
154832,29487,FUN_2,FUN_3
154845,1564,FUN_3,FUN_4
154856,20784,FUN_3,FUN_4
154857,19495,RET,CUBE_L
154860,21680,RET,CUBE_R
154867,25126,FUN_2,FUN_1
154901,5619,FUN_5,FUN_4
154929,6738,FUN_3,FUN_2
154992,10740,FUN_1,FUN_2
155022,9215,FUN_2,FUN_3
155024,18415,FUN_4,FUN_3
155029,13976,FUN_5,FUN_6
155037,3412,CUBE_R,FUN_6
155052,26228,CUBE_R,RET
155062,2978,FUN_2,FUN_1
155083,12259,FUN_1,FUN_2
155087,349,FUN_2,FUN_3
155091,8251,FUN_6,CUBE_R
155092,14880,CUBE_R,RET
155106,16722,RET,CUBE_L
155109,25666,FUN_2,FUN_1
155137,7649,CUBE_R,RET
155153,6624,FUN_2,FUN_1
155154,12846,CUBE_R,FUN_6
155175,18406,FUN_2,FUN_3
155186,13591,FUN_3,FUN_2
155188,17414,FUN_4,FUN_5
155201,10861,FUN_3,FUN_4
155208,22076,CUBE_R,FUN_6
155210,7194,FUN_3,FUN_2
155212,23585,CUBE_L,RET
155212,28684,FUN_5,FUN_4
155215,13866,FUN_3,FUN_2
155230,7340,FUN_6,CUBE_R
155235,25200,FUN_2,FUN_3
155240,12868,FUN_4,FUN_3
155242,16561,RET,CUBE_R
155252,23099,FUN_6,FUN_5
155254,26987,FUN_5,FUN_4
155260,8463,FUN_6,CUBE_R
155263,26211,FUN_3,FUN_2
155267,13946,FUN_2,FUN_1
155285,7008,FUN_2,FUN_1
155285,17174,RET,CUBE_L
155293,9526,FUN_2,FUN_1
155301,17174,CUBE_L,RET
155304,13801,FUN_5,FUN_4
155324,2660,FUN_4,FUN_3
155343,17261,FUN_1,FUN_2
155352,24514,FUN_2,FUN_3
155370,27931,FUN_3,FUN_4
155381,11184,CUBE_R,FUN_6
155399,4103,FUN_3,FUN_4
155416,12415,FUN_5,FUN_6
155416,25666,FUN_1,FUN_2
155419,11875,RET,CUBE_R
155420,25037,FUN_2,FUN_3
155426,17584,FUN_3,FUN_2
155429,1020,FUN_2,FUN_1
155433,1171,FUN_6,FUN_5
155438,25666,FUN_2,FUN_1
155441,11713,FUN_3,FUN_2
155453,27796,CUBE_R,FUN_6
155481,6560,FUN_6,FUN_5
155485,13209,CUBE_R,FUN_6
155530,14192,CUBE_L,FUN_1
155539,12223,FUN_6,CUBE_R
155540,2838,FUN_2,FUN_1
155568,10135,RET,CUBE_L
155573,3939,RET,CUBE_R
155592,11185,CUBE_L,RET
155604,7717,CUBE_L,RET
155615,13604,CUBE_L,RET
155630,12705,FUN_2,FUN_1
155631,29284,RET,CUBE_R
155639,978,FUN_2,FUN_3
155642,20002,FUN_5,FUN_4
155658,19144,FUN_3,FUN_4
155662,5256,RET,CUBE_L
155664,5881,FUN_3,FUN_4
155669,18403,FUN_2,FUN_1
155685,3519,FUN_5,FUN_6
155698,20340,FUN_1,FUN_2
155726,201,FUN_2,FUN_3
155736,18406,FUN_3,FUN_2
155740,13946,FUN_1,FUN_2
155754,6786,FUN_3,FUN_2
155760,20284,FUN_2,FUN_1
155764,18102,FUN_6,CUBE_R
155776,11185,RET,CUBE_L
155791,24352,FUN_3,FUN_4
155809,16470,FUN_6,CUBE_R
155835,21459,FUN_3,FUN_2
155836,17240,FUN_2,FUN_3
155861,18102,CUBE_R,FUN_6
155871,17931,FUN_4,FUN_5
155880,26498,FUN_3,FUN_2
155900,5055,CUBE_R,FUN_6
155905,16526,FUN_3,FUN_4
155928,9736,FUN_2,FUN_3
155941,668,FUN_2,FUN_3
155959,201,FUN_3,FUN_2
155970,16165,FUN_2,FUN_1
155976,28998,FUN_3,FUN_4
155990,6222,FUN_1,FUN_2
155991,20340,FUN_2,FUN_1
155998,13958,FUN_3,FUN_2
155998,15189,FUN_4,FUN_3
156012,18830,FUN_4,FUN_3
156015,2197,CUBE_R,FUN_6
156019,4982,FUN_3,FUN_2
156025,14709,RET,CUBE_R
156048,13847,CUBE_R,FUN_6
156049,201,FUN_2,FUN_3
156050,21817,FUN_2,FUN_1
156055,201,FUN_3,FUN_2
156056,11269,FUN_3,FUN_2
156066,12908,FUN_2,FUN_1
156095,25564,FUN_1,FUN_2
156104,7215,FUN_3,FUN_2
156109,119,FUN_3,FUN_4
156140,28523,FUN_4,FUN_5
156148,27493,FUN_1,FUN_2
156152,26730,FUN_5,FUN_6
156158,1564,FUN_4,FUN_3
156195,13866,FUN_2,FUN_3
156217,19984,FUN_4,FUN_3
156234,13946,FUN_2,FUN_1
156252,25160,CUBE_R,FUN_6
156257,28684,FUN_4,FUN_5
156319,8693,FUN_1,FUN_2
156333,15762,FUN_3,FUN_2
156336,23192,RET,CUBE_R
156354,14709,CUBE_R,RET
156356,13722,RET,CUBE_R
156366,6585,FUN_3,FUN_4
156375,6164,FUN_2,FUN_1
156378,18830,FUN_3,FUN_4
156412,3907,FUN_5,FUN_4
156420,29521,FUN_4,FUN_3
156427,15156,FUN_6,FUN_5
156467,6585,FUN_4,FUN_3
156481,26730,FUN_6,FUN_5
156505,7717,RET,CUBE_L
156507,28035,CUBE_L,RET
156510,20148,FUN_1,CUBE_L
156511,27632,FUN_6,FUN_5
156516,19810,FUN_3,FUN_4
156530,29440,FUN_6,CUBE_R
156542,20340,FUN_1,FUN_2
156559,11056,FUN_4,FUN_3
156590,354,FUN_5,FUN_4
156596,12112,FUN_4,FUN_3
156597,20280,FUN_6,FUN_5
156604,1020,FUN_1,FUN_2
156629,23099,FUN_5,FUN_6
156641,18842,RET,CUBE_R
156646,20575,FUN_1,FUN_2
156651,13209,FUN_6,CUBE_R
156654,8558,FUN_2,FUN_3
156672,15118,FUN_1,FUN_2
156673,20470,FUN_4,FUN_3
156675,12908,FUN_1,FUN_2
156687,7449,CUBE_L,RET
156724,17931,FUN_5,FUN_4
156739,13976,FUN_6,FUN_5
156740,7717,CUBE_L,RET
156743,28691,FUN_4,FUN_3
156750,10658,FUN_5,FUN_4
156759,9133,CUBE_R,FUN_6
156766,9754,FUN_6,FUN_5
156766,12636,FUN_5,FUN_4
156775,3050,FUN_2,FUN_3
156776,6738,FUN_2,FUN_3
156778,9478,FUN_3,FUN_4
156780,27952,FUN_1,FUN_2
156795,7340,CUBE_R,FUN_6
156806,6624,FUN_1,FUN_2
156808,20063,FUN_1,FUN_2
156816,19117,FUN_2,FUN_1
156833,11451,RET,CUBE_L
156839,29184,FUN_3,FUN_2
156855,6585,FUN_3,FUN_4
156872,29284,CUBE_R,RET
156873,15793,FUN_2,FUN_3
156875,25200,FUN_3,FUN_2
156881,11009,CUBE_R,FUN_6
156887,12702,FUN_3,FUN_2
156909,2862,FUN_3,FUN_4
156909,18663,CUBE_L,FUN_1
156910,25470,CUBE_R,RET
156923,1945,FUN_4,FUN_3
156933,201,FUN_2,FUN_3
156953,29509,CUBE_R,FUN_6
156960,15762,FUN_2,FUN_3
156973,28462,FUN_2,FUN_3
156988,10861,FUN_4,FUN_3
156989,27020,FUN_1,FUN_2
156993,14233,FUN_2,FUN_3
156995,26988,FUN_2,FUN_3
157010,11812,FUN_4,FUN_3
157016,15464,FUN_1,FUN_2
157027,13920,FUN_1,CUBE_L
157032,17352,CUBE_L,FUN_1
157066,27078,FUN_6,CUBE_R
157074,5831,CUBE_L,RET
157087,2331,FUN_4,FUN_3
157090,1064,FUN_2,FUN_3
157102,23631,FUN_2,FUN_1
157111,4557,FUN_2,FUN_3
157111,8597,FUN_6,CUBE_R
157118,17240,FUN_3,FUN_2
157129,21031,FUN_3,FUN_4
157134,6585,FUN_4,FUN_3
157134,29831,FUN_3,FUN_4
157155,13958,FUN_2,FUN_3
157164,21460,FUN_4,FUN_5
157178,17352,FUN_1,CUBE_L
157179,21857,FUN_3,FUN_2
157181,12105,FUN_3,FUN_2
157188,27459,FUN_3,FUN_2
157193,29284,RET,CUBE_R
157226,21502,FUN_2,FUN_1
157230,15291,RET,CUBE_R
157236,15078,FUN_6,CUBE_R
157264,17863,FUN_5,FUN_6
157266,13866,FUN_3,FUN_2
157277,22935,FUN_5,FUN_4
157285,12195,FUN_4,FUN_5
157288,4103,FUN_4,FUN_3
157305,21132,FUN_2,FUN_3
157313,15189,FUN_3,FUN_4
157353,7267,FUN_1,FUN_2
157355,7267,FUN_2,FUN_1
157368,12529,FUN_6,CUBE_R
157370,14887,RET,CUBE_L
157392,28035,RET,CUBE_L
157393,22983,FUN_4,FUN_5
157399,25214,CUBE_L,RET
157410,10861,FUN_3,FUN_4
157434,24945,FUN_3,FUN_2
157438,18830,FUN_4,FUN_3
157442,7691,FUN_3,FUN_2
157446,11451,CUBE_L,RET
157448,17043,FUN_6,CUBE_R
157493,11834,RET,CUBE_L
157511,16685,FUN_2,FUN_3
157557,9481,RET,CUBE_R
157559,11213,RET,CUBE_R
157561,29298,FUN_2,FUN_3
157573,16722,CUBE_L,RET
157593,5834,FUN_3,FUN_4
157614,21350,FUN_5,FUN_6
157615,13865,FUN_2,FUN_3
157620,2838,FUN_1,FUN_2
157630,18535,CUBE_R,RET
157634,26354,FUN_1,FUN_2
157638,921,FUN_4,FUN_3
157652,21350,FUN_6,FUN_5
157667,20119,FUN_2,FUN_3
157672,22022,FUN_4,FUN_3
157676,25470,RET,CUBE_R
157677,29831,FUN_4,FUN_3
157691,15397,RET,CUBE_R
157711,9526,FUN_1,FUN_2
157720,25008,FUN_4,FUN_3
157733,27928,FUN_6,FUN_5
157751,17703,CUBE_R,FUN_6
157762,15054,FUN_4,FUN_3
157771,13866,FUN_2,FUN_3
157775,12868,FUN_3,FUN_4
157790,21713,CUBE_R,FUN_6
157796,25417,RET,CUBE_L
157825,11319,FUN_4,FUN_5
157854,16187,FUN_2,FUN_3
157856,16273,FUN_3,FUN_4
157870,23691,FUN_3,FUN_4
157877,27020,FUN_2,FUN_1
157887,13847,FUN_6,CUBE_R
157889,18061,FUN_2,FUN_1
157905,11302,FUN_3,FUN_4
157954,18102,FUN_6,CUBE_R
157959,20784,FUN_4,FUN_3
157962,2838,FUN_2,FUN_1
157984,17223,FUN_2,FUN_3
157989,11696,FUN_3,FUN_2
158002,14506,FUN_2,FUN_1
158003,20137,FUN_5,FUN_4
158003,26554,CUBE_R,RET
158017,8823,FUN_1,FUN_2
158020,6048,FUN_3,FUN_4
158021,22632,CUBE_R,RET
158035,20119,FUN_3,FUN_2
158055,954,FUN_6,FUN_5
158060,24162,RET,CUBE_L
158074,13586,FUN_2,FUN_1
158075,7637,FUN_2,FUN_1
158097,18298,FUN_2,FUN_3
158108,14750,FUN_2,FUN_1
158117,1510,CUBE_R,FUN_6
158125,26748,FUN_2,FUN_3
158140,25326,FUN_2,FUN_3
158149,24704,CUBE_R,RET
158172,281,FUN_3,FUN_2
158184,20119,FUN_2,FUN_3
158203,8479,FUN_2,FUN_1
158212,20587,FUN_4,FUN_3
158216,21548,CUBE_L,RET
158223,23123,FUN_2,FUN_3
158227,15016,RET,CUBE_L
158228,11713,FUN_2,FUN_3
158231,3799,FUN_3,FUN_4
158231,14192,FUN_1,CUBE_L
158232,27020,FUN_1,FUN_2
158252,23727,FUN_5,FUN_4
158287,28957,FUN_1,CUBE_L
158303,3050,FUN_3,FUN_2
158307,24704,RET,CUBE_R
158308,24351,FUN_2,FUN_1
158318,4995,FUN_4,FUN_3
158324,6585,FUN_3,FUN_4
158333,5881,FUN_4,FUN_3
158337,8678,CUBE_L,RET
158337,18406,FUN_2,FUN_3
158338,5615,RET,CUBE_L
158344,17435,FUN_5,FUN_4
158349,8791,RET,CUBE_R
158354,2197,FUN_6,CUBE_R
158355,11550,FUN_1,CUBE_L
158364,7637,FUN_1,FUN_2
158368,21527,CUBE_R,FUN_6
158385,6889,FUN_4,FUN_3
158390,14709,RET,CUBE_R
158396,29487,FUN_3,FUN_2
158403,11213,CUBE_R,RET
158415,16745,FUN_2,FUN_3
158426,11831,CUBE_R,RET
158430,12062,FUN_6,CUBE_R
158430,14722,FUN_3,FUN_4
158432,29713,RET,CUBE_R
158443,8542,FUN_4,FUN_3
158461,22217,FUN_3,FUN_2
158463,18061,FUN_1,FUN_2
158467,11857,FUN_3,FUN_2
158475,29831,FUN_3,FUN_4
158480,11696,FUN_2,FUN_3
158483,22601,RET,CUBE_R
158491,13722,CUBE_R,RET
158503,24016,CUBE_R,RET
158507,17435,FUN_4,FUN_5
158511,11713,FUN_3,FUN_2
158524,9869,FUN_2,FUN_1
158527,11832,RET,CUBE_R
158545,13586,FUN_1,FUN_2
158548,24016,RET,CUBE_R
158630,11834,CUBE_L,RET
158646,27439,CUBE_R,FUN_6
158648,19670,FUN_2,FUN_1
158649,6347,FUN_3,FUN_2
158674,921,FUN_3,FUN_4
158690,16107,CUBE_R,FUN_6
158691,9095,CUBE_L,RET
158694,13203,CUBE_L,RET
158706,28523,FUN_5,FUN_4
158707,18910,RET,CUBE_L
158721,14880,RET,CUBE_R
158734,1541,FUN_2,FUN_1
158742,27459,FUN_2,FUN_3
158766,9761,FUN_2,FUN_1
158777,15189,FUN_4,FUN_3
158779,6626,FUN_1,FUN_2
158784,25627,FUN_2,FUN_1
158791,10875,FUN_1,FUN_2
158792,15797,RET,CUBE_R
158795,2892,FUN_2,FUN_3
158803,9219,CUBE_R,RET
158813,11812,FUN_3,FUN_4
158817,10135,CUBE_L,RET
158818,15464,FUN_2,FUN_1
158822,3822,FUN_2,FUN_1
158828,4184,CUBE_L,RET
158834,22990,FUN_1,FUN_2
158856,11319,FUN_5,FUN_4
158860,11770,FUN_5,FUN_6
158861,25417,CUBE_L,RET
158865,23207,FUN_3,FUN_2
158872,18403,FUN_1,FUN_2
158875,17482,FUN_6,FUN_5
158885,12908,FUN_2,FUN_1
158896,15793,FUN_3,FUN_2
158907,22790,FUN_3,FUN_2
158914,6450,FUN_4,FUN_3
158920,2064,FUN_2,FUN_1
158939,1986,FUN_3,FUN_4
158943,27288,CUBE_L,RET
158946,17897,FUN_4,FUN_5
158976,21132,FUN_3,FUN_2
158978,26042,FUN_2,FUN_3
158987,7101,FUN_1,FUN_2
158994,2303,FUN_3,FUN_2
158999,29052,FUN_2,FUN_3
159018,24945,FUN_2,FUN_3
159034,14880,CUBE_R,RET
159045,7008,FUN_1,FUN_2
159110,16372,CUBE_L,RET
159112,22797,FUN_3,FUN_2
159116,9284,FUN_2,FUN_1
159135,23850,FUN_2,FUN_3
159145,344,FUN_4,FUN_3
159156,2331,FUN_3,FUN_4
159186,14947,FUN_5,FUN_4
159196,22983,FUN_5,FUN_4
159197,23727,FUN_4,FUN_5
159218,15185,RET,CUBE_R
159229,4509,FUN_4,FUN_5
159231,4577,FUN_2,FUN_3
159245,21123,FUN_2,FUN_1
159262,5722,FUN_2,FUN_1
159267,4700,FUN_2,FUN_1
159277,6748,FUN_1,FUN_2
159280,1064,FUN_3,FUN_2
159288,21871,FUN_2,FUN_1
159304,13946,FUN_1,FUN_2
159311,25809,FUN_4,FUN_5
159317,21661,FUN_6,CUBE_R
159319,18061,FUN_2,FUN_1
159322,11256,CUBE_R,RET
159337,23099,FUN_6,FUN_5
159375,26748,FUN_3,FUN_2
159396,11602,CUBE_R,RET
159400,23795,FUN_5,FUN_4
159400,27931,FUN_4,FUN_3
159419,13408,CUBE_R,RET
159434,1945,FUN_3,FUN_4
159440,19444,FUN_1,CUBE_L
159445,27762,FUN_1,CUBE_L
159459,14990,FUN_2,FUN_1
159461,21943,CUBE_R,FUN_6
159471,14509,RET,CUBE_R
159493,11572,RET,CUBE_R
159495,17931,FUN_4,FUN_5
159501,26211,FUN_2,FUN_3
159505,16173,FUN_2,FUN_1
159509,29298,FUN_3,FUN_2
159520,284,RET,CUBE_L
159534,26498,FUN_2,FUN_3
159536,3307,CUBE_L,RET
159539,25008,FUN_3,FUN_4
159548,25035,FUN_2,FUN_3
159549,9748,FUN_2,FUN_3
159580,17802,FUN_3,FUN_2
159600,23727,FUN_5,FUN_4
159607,5164,FUN_4,FUN_3
159626,8749,FUN_4,FUN_5
159656,7178,FUN_3,FUN_4
159664,4398,FUN_4,FUN_5
159688,28845,FUN_4,FUN_5
159697,28684,FUN_5,FUN_4
159709,12889,CUBE_R,RET
159712,6585,FUN_4,FUN_3
159714,2828,FUN_3,FUN_2
159721,2925,FUN_2,FUN_1
159733,26783,FUN_3,FUN_4
159764,21676,FUN_1,CUBE_L
159774,11602,RET,CUBE_R
159778,22797,FUN_2,FUN_3
159797,504,FUN_3,FUN_4
159809,5686,FUN_4,FUN_5
159812,2369,RET,CUBE_L
159812,27078,CUBE_R,FUN_6
159815,26449,FUN_2,FUN_3
159816,15032,FUN_2,FUN_1
159828,28880,FUN_5,FUN_4
159847,3822,FUN_1,FUN_2
159855,17533,FUN_2,FUN_3
159868,27569,FUN_5,FUN_6
159874,28523,FUN_4,FUN_5
159877,16034,FUN_1,FUN_2
159881,27052,FUN_3,FUN_2
159888,14658,FUN_1,FUN_2
159890,6347,FUN_2,FUN_3
159891,11770,FUN_6,FUN_5
159908,18167,FUN_3,FUN_2
159921,29184,FUN_2,FUN_3
159946,14632,RET,CUBE_R
159955,14161,CUBE_R,FUN_6
159967,21171,FUN_2,FUN_3
159970,8597,CUBE_R,FUN_6
159998,7320,RET,CUBE_R
159998,21527,FUN_6,CUBE_R
160000,7061,FUN_3,FUN_2
160015,7194,FUN_2,FUN_3
160020,3822,FUN_2,FUN_1
160022,22928,FUN_3,FUN_4
160023,13209,CUBE_R,FUN_6
160025,18495,FUN_1,FUN_2
160028,18663,FUN_1,CUBE_L
160056,20719,FUN_6,FUN_5
160067,12125,FUN_4,FUN_3
160068,26320,FUN_2,FUN_1
160102,12195,FUN_5,FUN_4
160108,23436,FUN_1,FUN_2
160110,21661,CUBE_R,FUN_6
160132,18061,FUN_1,FUN_2
160155,23850,FUN_3,FUN_2
160169,9095,RET,CUBE_L
160174,11184,FUN_6,CUBE_R
160177,21871,FUN_1,FUN_2
160183,7101,FUN_2,FUN_1
160188,26970,FUN_2,FUN_1
160191,26354,FUN_2,FUN_1
160204,9895,FUN_5,FUN_4
160211,29050,FUN_4,FUN_5
160220,19796,FUN_2,FUN_3
160227,13722,RET,CUBE_R
160235,29242,FUN_3,FUN_2
160251,7101,FUN_1,FUN_2
160291,1665,CUBE_R,RET
160294,23609,FUN_4,FUN_5
160302,7101,FUN_2,FUN_1
160314,4723,FUN_1,FUN_2
160343,20051,FUN_6,FUN_5
160375,23491,FUN_2,FUN_1
160379,11319,FUN_4,FUN_5
160394,29144,FUN_1,FUN_2
160422,7101,FUN_1,FUN_2
160424,17174,RET,CUBE_L
160473,25928,FUN_3,FUN_4
160480,2369,CUBE_L,RET
160497,4386,FUN_2,FUN_1
160502,8834,FUN_3,FUN_4
160503,14709,CUBE_R,RET
160510,20719,FUN_5,FUN_6
160514,11685,FUN_2,FUN_3
160519,21527,CUBE_R,FUN_6
160520,27599,FUN_5,FUN_6
160528,18406,FUN_3,FUN_2
160542,27288,RET,CUBE_L
160561,29814,FUN_2,FUN_1
160567,27052,FUN_2,FUN_3
160569,5834,FUN_4,FUN_3
160573,28415,FUN_2,FUN_1
160575,16887,CUBE_L,RET
160576,17935,CUBE_R,FUN_6
160594,2647,FUN_2,FUN_1
160622,29884,FUN_4,FUN_3
160639,8444,FUN_3,FUN_2
160642,16943,FUN_3,FUN_2
160653,17802,FUN_2,FUN_3
160664,16903,CUBE_R,FUN_6
160671,18910,CUBE_L,RET
160698,7655,FUN_1,FUN_2
160711,21817,FUN_1,FUN_2
160726,13196,FUN_3,FUN_4
160742,3225,FUN_3,FUN_2
160748,8594,FUN_2,FUN_1
160750,2978,FUN_1,FUN_2
160751,9208,FUN_3,FUN_2
160775,14405,FUN_2,FUN_1
160783,9895,FUN_4,FUN_5
160784,2796,FUN_6,CUBE_R
160787,14509,CUBE_R,RET
160788,14658,FUN_2,FUN_1
160799,4937,FUN_2,FUN_3
160800,3799,FUN_4,FUN_3
160804,12165,FUN_1,FUN_2
160808,19791,FUN_3,FUN_4
160817,6889,FUN_3,FUN_4
160825,14405,FUN_1,FUN_2
160828,966,RET,CUBE_R
160840,17931,FUN_5,FUN_4
160842,2560,FUN_6,CUBE_R
160853,17435,FUN_5,FUN_4
160856,2716,FUN_1,FUN_2
160856,13841,FUN_3,FUN_2
160872,27288,CUBE_L,RET
160876,13567,FUN_6,CUBE_R
160892,6626,FUN_2,FUN_1
160900,28980,FUN_1,FUN_2
160901,29111,FUN_3,FUN_4
160919,3020,FUN_4,FUN_3
160920,21298,FUN_3,FUN_2
160928,3833,FUN_3,FUN_4
160929,17935,FUN_6,CUBE_R
160933,5055,FUN_6,CUBE_R
160933,12195,FUN_4,FUN_5
160939,16526,FUN_4,FUN_3
160942,25810,FUN_3,FUN_2
160979,12422,RET,CUBE_R
160980,26568,RET,CUBE_R
160988,11456,FUN_3,FUN_2
160989,28523,FUN_5,FUN_4
160995,2331,FUN_4,FUN_3
161015,16718,FUN_2,FUN_1
161021,1064,FUN_2,FUN_3
161025,27632,FUN_5,FUN_6
161029,21350,FUN_5,FUN_6
161036,21459,FUN_2,FUN_3
161038,9545,FUN_1,FUN_2
161047,16135,CUBE_R,RET
161072,11685,FUN_3,FUN_2
161088,29827,FUN_5,FUN_4
161094,3822,FUN_1,FUN_2
161099,14031,FUN_3,FUN_4
161104,25134,FUN_2,FUN_1
161112,19600,FUN_5,FUN_6
161119,18979,FUN_3,FUN_2
161144,4995,FUN_3,FUN_4
161148,15762,FUN_3,FUN_2
161150,19860,FUN_1,FUN_2
161166,1470,FUN_1,CUBE_L
161186,11465,FUN_3,FUN_2
161208,9869,FUN_1,FUN_2
161209,23236,FUN_4,FUN_3
161215,11384,FUN_2,FUN_1
161224,15631,FUN_2,FUN_3
161231,27516,FUN_3,FUN_2
161236,9545,FUN_2,FUN_1
161249,8444,FUN_2,FUN_3
161256,22027,FUN_5,FUN_4
161273,15662,FUN_4,FUN_3
161275,27599,FUN_6,FUN_5
161297,18167,FUN_2,FUN_3
161315,2347,FUN_2,FUN_1
161343,2925,FUN_1,FUN_2
161346,12134,FUN_2,FUN_1
161347,17727,FUN_4,FUN_5
161359,5604,FUN_3,FUN_2
161373,10394,FUN_4,FUN_5
161386,11875,CUBE_R,RET
161427,25037,FUN_3,FUN_2
161442,2647,FUN_1,FUN_2
161452,22929,FUN_2,FUN_3
161460,26970,FUN_1,FUN_2
161468,21817,FUN_2,FUN_1
161495,29305,FUN_2,FUN_1
161500,27839,FUN_3,FUN_2
161503,9761,FUN_1,FUN_2
161506,5604,FUN_2,FUN_3
161519,28684,FUN_4,FUN_5
161528,14508,FUN_3,FUN_2
161546,13563,CUBE_L,RET
161547,5311,FUN_1,CUBE_L
161563,11958,FUN_4,FUN_3
161586,13722,CUBE_R,RET
161605,26970,FUN_2,FUN_1
161608,12926,FUN_3,FUN_2
161616,18086,FUN_4,FUN_5
161633,4124,FUN_3,FUN_2
161639,25488,FUN_1,FUN_2
161640,7348,FUN_3,FUN_4
161646,29298,FUN_2,FUN_3
161659,21031,FUN_4,FUN_3
161660,27484,CUBE_L,RET
161664,2647,FUN_2,FUN_1
161668,18406,FUN_2,FUN_3
161672,20284,FUN_1,FUN_2
161679,11602,CUBE_R,RET
161691,29627,FUN_2,FUN_3
161702,7799,RET,CUBE_R
161709,11685,FUN_2,FUN_3
161715,23236,FUN_3,FUN_4
161738,9526,FUN_2,FUN_1
161747,7348,FUN_4,FUN_3
161755,16508,CUBE_R,FUN_6
161755,26970,FUN_1,FUN_2
161760,13604,RET,CUBE_L
161763,8542,FUN_3,FUN_4
161780,24311,FUN_5,FUN_4
161781,20587,FUN_3,FUN_4
161794,627,FUN_5,FUN_4
161798,9478,FUN_4,FUN_3
161805,10394,FUN_5,FUN_4
161808,3906,FUN_3,FUN_2
161815,13196,FUN_4,FUN_3
161816,28477,FUN_3,FUN_2
161817,5722,FUN_1,FUN_2
161828,7348,FUN_3,FUN_4
161872,10989,FUN_3,FUN_2
161903,2273,CUBE_L,RET
161910,25416,FUN_2,FUN_1
161917,3634,FUN_1,FUN_2
161919,27028,RET,CUBE_R
161957,17198,RET,CUBE_R
161985,4386,FUN_1,FUN_2
161986,4349,FUN_6,FUN_5
161988,9895,FUN_5,FUN_4
161991,11229,FUN_3,FUN_4
162002,5164,FUN_3,FUN_4
162004,13946,FUN_2,FUN_1
162042,13865,FUN_3,FUN_2
162060,25037,FUN_2,FUN_3
162069,27796,FUN_6,CUBE_R
162086,24016,CUBE_R,RET
162093,11453,FUN_3,FUN_2
162113,13976,FUN_5,FUN_6
162128,16437,FUN_3,FUN_2
162147,28477,FUN_2,FUN_3
162164,11857,FUN_2,FUN_3
162184,8444,FUN_3,FUN_2
162205,21985,FUN_2,FUN_1
162227,19444,CUBE_L,FUN_1
162246,2647,FUN_1,FUN_2
162251,19580,FUN_3,FUN_2
162251,22826,FUN_3,FUN_2
162251,27796,CUBE_R,FUN_6
162261,18535,RET,CUBE_R
162268,627,FUN_4,FUN_5
162283,17435,FUN_4,FUN_5
162291,15091,FUN_2,FUN_1
162292,1541,FUN_1,FUN_2
162292,12636,FUN_4,FUN_5
162299,27928,FUN_5,FUN_6
162301,15032,FUN_1,FUN_2
162304,29814,FUN_1,FUN_2
162313,4557,FUN_3,FUN_2
162321,2647,FUN_2,FUN_1
162337,24495,FUN_3,FUN_2
162356,1461,FUN_3,FUN_4
162360,978,FUN_3,FUN_2
162361,5602,FUN_2,FUN_1
162388,28239,FUN_3,FUN_2
162394,11857,FUN_3,FUN_2
162401,22632,RET,CUBE_R
162407,2686,CUBE_R,FUN_6
162408,18620,FUN_4,FUN_5
162431,2796,CUBE_R,FUN_6
162449,627,FUN_5,FUN_4
162459,21753,FUN_1,FUN_2
162467,15298,FUN_2,FUN_3
162471,24989,FUN_3,FUN_4
162510,2171,FUN_3,FUN_2
162515,17174,CUBE_L,RET
162543,699,CUBE_L,FUN_1
162580,25134,FUN_1,FUN_2
162581,986,FUN_2,FUN_3
162598,4234,FUN_4,FUN_3
162604,5619,FUN_4,FUN_5
162609,18535,CUBE_R,RET
162617,8558,FUN_3,FUN_2
162651,8834,FUN_4,FUN_3
162659,20534,RET,CUBE_L
162660,3363,CUBE_L,RET
162692,16723,FUN_3,FUN_2
162706,9878,CUBE_L,RET
162709,29379,FUN_3,FUN_4
162725,29139,CUBE_R,FUN_6
162773,22884,FUN_3,FUN_2
162783,12422,CUBE_R,RET
162790,18535,RET,CUBE_R
162806,5164,FUN_4,FUN_3
162812,23850,FUN_2,FUN_3
162813,11821,FUN_3,FUN_4
162816,15460,FUN_1,CUBE_L
162830,2647,FUN_1,FUN_2
162859,16508,FUN_6,CUBE_R
162862,5604,FUN_3,FUN_2
162866,6824,FUN_1,FUN_2
162866,10394,FUN_4,FUN_5
162876,5942,FUN_4,FUN_3
162885,28669,FUN_3,FUN_2
162907,1510,FUN_6,CUBE_R
162909,10854,FUN_4,FUN_5
162914,14469,FUN_2,FUN_1
162929,19754,FUN_2,FUN_1
162929,22880,FUN_6,FUN_5
162943,22368,FUN_2,FUN_3
163003,11451,RET,CUBE_L
163037,19810,FUN_4,FUN_3
163044,15212,FUN_2,FUN_1
163048,7101,FUN_2,FUN_1
163066,9895,FUN_4,FUN_5
163083,28032,FUN_2,FUN_1
163087,11812,FUN_4,FUN_3
163102,25008,FUN_4,FUN_3
163116,5569,FUN_6,FUN_5
163123,5256,CUBE_L,RET
163127,22934,FUN_2,FUN_3
163147,1665,RET,CUBE_R
163161,12956,FUN_2,FUN_1
163163,5722,FUN_2,FUN_1
163166,9645,FUN_2,FUN_1
163173,2369,RET,CUBE_L
163177,3364,FUN_3,FUN_2
163180,18894,FUN_2,FUN_1
163182,23755,FUN_4,FUN_5
163193,23562,FUN_2,FUN_3
163213,26897,FUN_3,FUN_2
163227,21459,FUN_3,FUN_2
163230,17807,FUN_3,FUN_4
163231,14893,FUN_4,FUN_5
163237,10135,RET,CUBE_L
163248,13841,FUN_2,FUN_3
163252,7178,FUN_4,FUN_3
163259,24333,RET,CUBE_R
163275,14381,FUN_4,FUN_3
163287,18054,FUN_2,FUN_1
163299,19780,FUN_4,FUN_3
163303,6748,FUN_2,FUN_1
163304,10704,FUN_4,FUN_5
163320,26036,FUN_6,FUN_5
163336,16173,FUN_1,FUN_2
163357,25416,FUN_1,FUN_2
163365,5619,FUN_5,FUN_4
163384,13865,FUN_2,FUN_3
163385,22027,FUN_4,FUN_5
163386,7348,FUN_4,FUN_3
163389,1106,CUBE_R,RET
163392,7764,RET,CUBE_R
163397,11009,FUN_6,CUBE_R
163397,29827,FUN_4,FUN_5
163398,2647,FUN_2,FUN_1
163401,966,CUBE_R,RET
163401,11366,FUN_2,FUN_1
163415,25666,FUN_1,FUN_2
163421,26499,FUN_2,FUN_3
163436,5185,FUN_4,FUN_5
163436,9545,FUN_1,FUN_2
163436,13604,CUBE_L,RET
163436,24945,FUN_3,FUN_2
163443,22929,FUN_3,FUN_2
163446,25488,FUN_2,FUN_1
163450,22983,FUN_4,FUN_5
163454,27078,FUN_6,CUBE_R
163466,20228,FUN_1,FUN_2
163488,6903,FUN_3,FUN_2
163488,22983,FUN_5,FUN_4
163492,19791,FUN_4,FUN_3
163503,5886,FUN_5,FUN_6
163517,2382,FUN_2,FUN_3
163518,5619,FUN_4,FUN_5
163529,26875,CUBE_L,FUN_1
163531,17863,FUN_6,FUN_5
163536,27569,FUN_6,FUN_5
163538,15633,FUN_2,FUN_1
163550,23562,FUN_3,FUN_2
163558,1945,FUN_4,FUN_3
163580,13508,FUN_5,FUN_4
163583,27516,FUN_2,FUN_3
163585,6585,FUN_3,FUN_4
163588,10084,CUBE_L,FUN_1
163595,10311,FUN_3,FUN_4
163595,17897,FUN_5,FUN_4
163598,26320,FUN_1,FUN_2
163607,14,FUN_4,FUN_3
163615,19512,FUN_1,FUN_2
163616,11716,FUN_5,FUN_4
163622,3906,FUN_2,FUN_3
163645,23338,FUN_4,FUN_5
163646,3044,FUN_3,FUN_2
163660,17552,FUN_6,FUN_5
163671,10652,FUN_2,FUN_3
163672,18979,FUN_2,FUN_3
163673,9053,FUN_1,FUN_2
163683,13205,FUN_4,FUN_5
163686,27028,CUBE_R,RET
163706,29814,FUN_2,FUN_1
163708,10773,FUN_5,FUN_4
163722,18083,RET,CUBE_L
163735,19698,CUBE_L,FUN_1
163756,24472,FUN_3,FUN_4
163771,12105,FUN_2,FUN_3
163774,3937,FUN_1,FUN_2
163778,12105,FUN_3,FUN_2
163812,6164,FUN_1,FUN_2
163829,19512,FUN_2,FUN_1
163836,15397,CUBE_R,RET
163844,15272,FUN_4,FUN_5
163846,17085,CUBE_L,RET
163878,9216,FUN_2,FUN_1
163882,2347,FUN_1,FUN_2
163897,14022,FUN_1,FUN_2
163897,21154,FUN_4,FUN_5
163910,24016,RET,CUBE_R
163924,9878,RET,CUBE_L
163924,28476,FUN_5,FUN_4
163934,13847,CUBE_R,FUN_6
163939,25416,FUN_2,FUN_1
163949,2042,FUN_4,FUN_3
163953,12856,FUN_3,FUN_2
163978,4349,FUN_5,FUN_6
163981,22174,FUN_5,FUN_4
164000,10854,FUN_5,FUN_4
164003,10718,FUN_2,FUN_1
164012,22143,FUN_5,FUN_6
164028,18508,FUN_3,FUN_4
164031,20361,FUN_3,FUN_2
164034,15952,FUN_4,FUN_5
164044,10135,CUBE_L,RET
164055,17113,FUN_6,FUN_5
164058,6748,FUN_1,FUN_2
164105,26354,FUN_1,FUN_2
164123,29487,FUN_2,FUN_3
164126,9878,CUBE_L,RET
164126,20755,FUN_5,FUN_6
164129,28415,FUN_1,FUN_2
164162,12856,FUN_2,FUN_3
164172,2978,FUN_2,FUN_1
164189,19698,FUN_1,CUBE_L
164197,21963,RET,CUBE_R
164199,24065,FUN_4,FUN_5
164205,28634,FUN_5,FUN_6
164215,9878,RET,CUBE_L
164216,27284,FUN_4,FUN_3
164224,21817,FUN_1,FUN_2
164226,6168,FUN_4,FUN_5
164228,25219,FUN_3,FUN_4
164241,884,FUN_2,FUN_1
164249,26118,FUN_3,FUN_2
164253,15460,CUBE_L,FUN_1
164262,20432,FUN_2,FUN_3
164272,10811,FUN_2,FUN_1
164274,816,CUBE_L,RET
164281,26527,FUN_2,FUN_1
164284,7573,FUN_2,FUN_1
164284,11069,FUN_2,FUN_3
164295,9337,FUN_3,FUN_2
164302,28523,FUN_4,FUN_5
164316,19084,FUN_2,FUN_1
164345,2828,FUN_2,FUN_3
164352,12889,RET,CUBE_R
164359,29814,FUN_1,FUN_2
164369,2838,FUN_1,FUN_2
164382,3627,FUN_3,FUN_4
164419,13205,FUN_5,FUN_4
164421,6871,FUN_2,FUN_3
164421,19580,FUN_2,FUN_3
164425,3634,FUN_2,FUN_1
164437,16273,FUN_4,FUN_3
164448,19855,FUN_5,FUN_4
164453,13966,RET,CUBE_L
164466,12956,FUN_1,FUN_2
164466,25675,CUBE_R,RET
164468,27305,CUBE_R,RET
164469,6447,FUN_2,FUN_3
164475,29831,FUN_4,FUN_3
164491,26970,FUN_2,FUN_1
164509,10084,FUN_1,CUBE_L
164511,2828,FUN_3,FUN_2
164512,13196,FUN_3,FUN_4
164517,14887,CUBE_L,RET
164521,28075,FUN_6,FUN_5
164524,24945,FUN_2,FUN_3
164525,18086,FUN_5,FUN_4
164558,3044,FUN_2,FUN_3
164578,23094,FUN_1,FUN_2
164597,3332,FUN_3,FUN_2
164602,2796,FUN_6,CUBE_R
164608,18979,FUN_3,FUN_2
164616,21582,FUN_2,FUN_3
164632,21528,FUN_5,FUN_4
164634,20311,RET,CUBE_L
164636,15904,CUBE_L,RET
164640,17863,FUN_5,FUN_6
164644,27537,FUN_2,FUN_3
164654,15126,FUN_3,FUN_2
164656,14343,CUBE_R,RET
164657,9545,FUN_2,FUN_1
164661,28023,RET,CUBE_R
164669,11674,FUN_3,FUN_4
164686,18102,CUBE_R,FUN_6
164691,23491,FUN_1,FUN_2
164692,18620,FUN_5,FUN_4
164695,19910,FUN_2,FUN_3
164696,16943,FUN_2,FUN_3
164698,10811,FUN_1,FUN_2
164701,11774,FUN_4,FUN_3
164709,16076,FUN_5,FUN_6
164715,14031,FUN_4,FUN_3
164715,22976,FUN_4,FUN_3
164715,24593,FUN_1,FUN_2
164717,8864,FUN_4,FUN_3
164726,884,FUN_1,FUN_2
164752,3929,FUN_6,FUN_5
164752,4700,FUN_1,FUN_2
164758,7138,FUN_4,FUN_5
164762,11774,FUN_3,FUN_4
164781,1564,FUN_3,FUN_4
164791,28023,CUBE_R,RET
164805,20333,FUN_1,FUN_2
164812,967,FUN_1,FUN_2
164847,10311,FUN_4,FUN_3
164848,7178,FUN_3,FUN_4
164855,26073,FUN_2,FUN_1
164872,17225,FUN_3,FUN_4
164886,10704,FUN_5,FUN_4
164892,7317,RET,CUBE_L
164910,11774,FUN_4,FUN_3
164917,11206,FUN_3,FUN_2
164924,11453,FUN_2,FUN_3
164933,15298,FUN_3,FUN_2
164941,5968,FUN_3,FUN_2
164966,17897,FUN_4,FUN_5
164968,28023,RET,CUBE_R
164968,28779,FUN_2,FUN_1
164980,10135,RET,CUBE_L
164985,16173,FUN_2,FUN_1
164998,966,RET,CUBE_R
165008,9053,FUN_2,FUN_1
165040,17225,FUN_4,FUN_3
165047,15762,FUN_2,FUN_3
165048,987,FUN_2,FUN_1
165052,26970,FUN_1,FUN_2
165064,3519,FUN_6,FUN_5
165071,10582,FUN_2,FUN_3
165095,15122,FUN_4,FUN_3
165100,27839,FUN_2,FUN_3
165102,13408,RET,CUBE_R
165105,26783,FUN_4,FUN_3
165116,17085,RET,CUBE_L
165122,27599,FUN_5,FUN_6
165131,2171,FUN_2,FUN_3
165134,14887,RET,CUBE_L
165147,16165,FUN_1,FUN_2
165160,27,RET,CUBE_L
165162,6744,FUN_2,FUN_3
165178,6903,FUN_2,FUN_3
165190,17198,CUBE_R,RET
165195,28023,CUBE_R,RET
165207,29113,RET,CUBE_R
165217,5703,RET,CUBE_L
165233,26178,FUN_2,FUN_1
165247,19174,CUBE_R,RET
165264,27231,FUN_2,FUN_3
165283,29455,CUBE_L,FUN_1
165299,17223,FUN_3,FUN_2
165306,1510,CUBE_R,FUN_6
165308,17225,FUN_3,FUN_4
165318,14506,FUN_1,FUN_2
165322,16943,FUN_3,FUN_2
165337,21871,FUN_2,FUN_1
165338,21871,FUN_1,FUN_2
165374,4982,FUN_2,FUN_3
165383,25219,FUN_4,FUN_3
165385,18535,CUBE_R,RET
165390,26527,FUN_1,FUN_2
165396,16579,FUN_1,FUN_2
165403,21963,CUBE_R,RET
165409,13203,RET,CUBE_L
165418,20431,FUN_6,CUBE_R
165423,10854,FUN_4,FUN_5
165455,29408,FUN_6,FUN_5
165464,6974,FUN_3,FUN_4
165471,742,FUN_1,CUBE_L
165478,2109,FUN_1,CUBE_L
165487,14613,FUN_6,CUBE_R
165494,2812,FUN_2,FUN_1
165500,16034,FUN_2,FUN_1
165527,19984,FUN_3,FUN_4
165543,19160,FUN_2,FUN_3
165552,21736,FUN_2,FUN_1
165561,17931,FUN_4,FUN_5
165567,4110,FUN_3,FUN_2
165574,20284,FUN_2,FUN_1
165574,29440,CUBE_R,FUN_6
165578,23236,FUN_4,FUN_3
165584,2985,RET,CUBE_R
165595,17153,FUN_3,FUN_2
165603,17223,FUN_2,FUN_3
165605,24945,FUN_3,FUN_2
165609,5619,FUN_5,FUN_4
165614,15189,FUN_3,FUN_4
165616,21105,FUN_5,FUN_4
165617,14887,CUBE_L,RET
165621,16165,FUN_2,FUN_1
165627,10649,CUBE_R,FUN_6
165628,18102,FUN_6,CUBE_R
165635,27020,FUN_2,FUN_1
165643,11978,FUN_3,FUN_2
165651,18086,FUN_4,FUN_5
165656,7194,FUN_3,FUN_2
165667,16943,FUN_2,FUN_3
165672,19600,FUN_6,FUN_5
165676,20233,FUN_3,FUN_2
165701,27078,CUBE_R,FUN_6
165714,15122,FUN_3,FUN_4
165716,16815,FUN_4,FUN_5
165721,26178,FUN_1,FUN_2
165741,13822,FUN_2,FUN_1
165743,3378,FUN_2,FUN_3
165747,12165,FUN_2,FUN_1
165799,17225,FUN_4,FUN_3
165814,20308,FUN_2,FUN_1
165821,22826,FUN_2,FUN_3
165831,25417,RET,CUBE_L
165834,22601,CUBE_R,RET
165888,4557,FUN_2,FUN_3
165894,27913,FUN_1,FUN_2
165908,2382,FUN_3,FUN_2
165914,26449,FUN_3,FUN_2
165924,28669,FUN_2,FUN_3
165925,5164,FUN_3,FUN_4
165940,16721,FUN_4,FUN_3
165975,28606,FUN_1,CUBE_L
165977,28023,RET,CUBE_R
165991,27223,FUN_4,FUN_3
165996,9545,FUN_1,FUN_2
165999,29455,FUN_1,CUBE_L
166000,1541,FUN_2,FUN_1
166006,22797,FUN_3,FUN_2
166015,28023,CUBE_R,RET
166016,2201,FUN_3,FUN_2
166029,13866,FUN_3,FUN_2
166030,6903,FUN_3,FUN_2
166037,20432,FUN_3,FUN_2
166041,9895,FUN_5,FUN_4
166041,13976,FUN_6,FUN_5
166043,27028,RET,CUBE_R
166048,16107,FUN_6,CUBE_R
166051,3378,FUN_3,FUN_2
166055,21123,FUN_1,FUN_2
166058,11713,FUN_2,FUN_3
166059,14082,FUN_4,FUN_3
166062,29037,FUN_4,FUN_5
166066,28023,RET,CUBE_R
166072,4743,FUN_4,FUN_3
166079,22976,FUN_3,FUN_4
166081,4796,FUN_2,FUN_1
166094,28023,CUBE_R,RET
166101,28817,FUN_6,FUN_5
166113,3480,FUN_1,CUBE_L
166116,20228,FUN_2,FUN_1
166119,21680,CUBE_R,RET
166124,3689,FUN_2,FUN_3
166125,14506,FUN_2,FUN_1
166127,119,FUN_4,FUN_3
166127,4557,FUN_3,FUN_2
166139,26145,CUBE_L,RET
166141,19174,RET,CUBE_R
166169,5164,FUN_4,FUN_3
166175,28691,FUN_3,FUN_4
166179,14031,FUN_3,FUN_4
166196,6538,RET,CUBE_L
166210,10582,FUN_3,FUN_2
166212,3519,FUN_5,FUN_6
166232,5944,FUN_2,FUN_1
166239,13946,FUN_1,FUN_2
166241,26085,FUN_2,FUN_3
166248,18026,CUBE_R,RET
166250,3050,FUN_2,FUN_3
166259,19910,FUN_3,FUN_2
166264,11282,FUN_2,FUN_3
166272,19367,FUN_5,FUN_4
166274,13946,FUN_2,FUN_1
166278,26013,FUN_2,FUN_3
166281,23006,FUN_6,FUN_5
166296,29050,FUN_5,FUN_4
166303,1085,FUN_5,FUN_4
166309,6095,CUBE_R,RET
166321,3028,RET,CUBE_R
166327,14,FUN_3,FUN_4
166337,21105,FUN_4,FUN_5
166344,3627,FUN_4,FUN_3
166353,24065,FUN_5,FUN_4
166361,27020,FUN_1,FUN_2
166367,5449,FUN_3,FUN_4
166370,23463,CUBE_L,RET
166384,7215,FUN_2,FUN_3
166395,388,FUN_1,FUN_2
166397,23456,CUBE_R,FUN_6
166401,2862,FUN_4,FUN_3
166410,432,FUN_4,FUN_5
166441,16718,FUN_1,FUN_2
166445,15118,FUN_2,FUN_1
166458,16250,FUN_5,FUN_6
166472,7317,CUBE_L,RET
166488,15357,FUN_4,FUN_5
166494,15122,FUN_4,FUN_3
166510,12105,FUN_2,FUN_3
166515,20719,FUN_6,FUN_5
166529,27839,FUN_3,FUN_2
166565,16437,FUN_2,FUN_3
166568,21963,RET,CUBE_R
166568,24851,FUN_3,FUN_2
166572,14880,RET,CUBE_R
166573,15050,FUN_4,FUN_3
166586,142,FUN_3,FUN_2
166601,21100,FUN_6,FUN_5
166604,23094,FUN_2,FUN_1
166624,26297,FUN_3,FUN_2
166663,11812,FUN_3,FUN_4
166665,5957,CUBE_R,RET
166675,9208,FUN_2,FUN_3
166676,3412,FUN_6,CUBE_R
166735,13563,RET,CUBE_L
166735,20361,FUN_2,FUN_3
166740,6784,FUN_6,FUN_5
166743,21933,FUN_6,FUN_5
166745,25118,FUN_2,FUN_3
166760,12926,FUN_2,FUN_3
166786,11856,FUN_2,FUN_1
166788,5214,FUN_3,FUN_4
166791,10861,FUN_4,FUN_3
166796,7084,FUN_3,FUN_2
166799,17508,FUN_2,FUN_1
166801,3225,FUN_2,FUN_3
166806,11451,CUBE_L,RET
166822,16437,FUN_3,FUN_2
166834,4614,FUN_3,FUN_2
166876,7604,FUN_2,FUN_3
166883,16165,FUN_1,FUN_2
166885,18298,FUN_3,FUN_2
166895,13209,FUN_6,CUBE_R
166904,13866,FUN_2,FUN_3
166905,11737,FUN_3,FUN_4
166929,22963,FUN_6,FUN_5
166947,18979,FUN_2,FUN_3
166948,22816,FUN_2,FUN_1
166950,23562,FUN_2,FUN_3
166964,5164,FUN_3,FUN_4
166983,26783,FUN_3,FUN_4
167018,2924,FUN_2,FUN_1
167023,3925,RET,CUBE_R
167041,17508,FUN_1,FUN_2
167044,432,FUN_5,FUN_4
167054,18086,FUN_5,FUN_4
167055,11256,RET,CUBE_R
167063,19399,FUN_5,FUN_4
167069,17140,FUN_4,FUN_3
167076,14743,FUN_3,FUN_2
167076,27288,RET,CUBE_L
167080,18086,FUN_4,FUN_5
167101,29940,FUN_2,FUN_1
167115,2273,RET,CUBE_L
167129,5164,FUN_4,FUN_3
167152,27569,FUN_5,FUN_6
167163,1174,FUN_3,FUN_2
167181,17508,FUN_2,FUN_1
167204,16039,FUN_2,FUN_1
167206,29190,FUN_6,CUBE_R
167210,3925,CUBE_R,RET
167211,19910,FUN_2,FUN_3
167213,15424,FUN_5,FUN_4
167214,19794,FUN_4,FUN_3
167234,27288,CUBE_L,RET
167241,6871,FUN_3,FUN_2
167247,5942,FUN_3,FUN_4
167256,20159,FUN_6,CUBE_R
167265,19600,FUN_5,FUN_6
167276,8678,RET,CUBE_L
167278,21736,FUN_1,FUN_2
167280,19109,FUN_3,FUN_2
167283,23456,FUN_6,CUBE_R
167292,9249,FUN_4,FUN_5
167292,9900,FUN_2,FUN_1
167313,29305,FUN_1,FUN_2
167333,13866,FUN_3,FUN_2
167342,17240,FUN_2,FUN_3
167356,29274,CUBE_R,FUN_6
167371,1541,FUN_1,FUN_2
167374,29940,FUN_1,FUN_2
167379,6550,FUN_4,FUN_3
167387,9869,FUN_2,FUN_1
167391,754,FUN_1,FUN_2
167396,25666,FUN_2,FUN_1
167403,13958,FUN_3,FUN_2
167418,29182,FUN_1,FUN_2
167451,20110,FUN_6,CUBE_R
167454,17225,FUN_3,FUN_4
167462,1588,FUN_2,FUN_3
167469,29827,FUN_5,FUN_4
167480,21105,FUN_5,FUN_4
167488,14506,FUN_1,FUN_2
167556,15631,FUN_3,FUN_2
167559,19903,FUN_1,FUN_2
167560,17078,FUN_2,FUN_1
167566,29050,FUN_4,FUN_5
167590,18149,FUN_3,FUN_2
167609,10718,FUN_1,FUN_2
167610,2862,FUN_3,FUN_4
167628,824,FUN_5,FUN_4
167629,4164,FUN_3,FUN_2
167642,29827,FUN_4,FUN_5
167663,26083,FUN_6,CUBE_R
167675,19512,FUN_1,FUN_2
167677,22712,FUN_2,FUN_1
167693,24224,FUN_4,FUN_5
167706,1588,FUN_3,FUN_2
167711,4299,FUN_3,FUN_4
167719,15662,FUN_3,FUN_4
167730,5659,FUN_1,FUN_2
167736,3302,FUN_3,FUN_4
167736,27459,FUN_3,FUN_2
167761,6871,FUN_2,FUN_3
167783,11157,FUN_2,FUN_1
167788,986,FUN_3,FUN_2
167791,19910,FUN_3,FUN_2
167794,19780,FUN_3,FUN_4
167820,16342,FUN_3,FUN_4
167821,22770,FUN_3,FUN_2
167826,4299,FUN_4,FUN_3
167829,14508,FUN_2,FUN_3
167840,18979,FUN_3,FUN_2
167845,12836,FUN_3,FUN_2
167854,10135,CUBE_L,RET
167857,2433,FUN_2,FUN_1
167858,27839,FUN_2,FUN_3
167859,8525,FUN_2,FUN_1
167869,14405,FUN_2,FUN_1
167877,22197,FUN_2,FUN_3
167882,27949,RET,CUBE_L
167885,7084,FUN_2,FUN_3
167891,8525,FUN_1,FUN_2
167903,17167,FUN_3,FUN_2
167904,5449,FUN_4,FUN_3
167912,6871,FUN_3,FUN_2
167914,21123,FUN_2,FUN_1
167916,21943,FUN_6,CUBE_R
167925,7573,FUN_1,FUN_2
167941,15762,FUN_3,FUN_2
167959,3627,FUN_3,FUN_4
167959,22601,RET,CUBE_R
167961,4299,FUN_3,FUN_4
167969,6123,FUN_1,CUBE_L
167980,11206,FUN_2,FUN_3
167997,20432,FUN_2,FUN_3
168016,13679,FUN_3,FUN_2
168027,20755,FUN_6,FUN_5
168035,432,FUN_4,FUN_5
168044,15189,FUN_4,FUN_3
168061,16809,FUN_4,FUN_3
168075,5659,FUN_2,FUN_1
168080,19487,FUN_1,FUN_2
168088,5544,RET,CUBE_R
168090,7267,FUN_1,FUN_2
168114,18086,FUN_5,FUN_4
168122,21034,FUN_3,FUN_4
168123,7267,FUN_2,FUN_1
168125,6871,FUN_2,FUN_3
168143,21680,RET,CUBE_R
168156,14031,FUN_4,FUN_3
168158,6487,FUN_3,FUN_4
168161,17508,FUN_1,FUN_2
168169,4299,FUN_4,FUN_3
168187,3690,CUBE_R,FUN_6
168193,3929,FUN_5,FUN_6
168197,1541,FUN_2,FUN_1
168214,11235,FUN_2,FUN_1
168221,13946,FUN_1,FUN_2
168223,28507,FUN_3,FUN_2
168232,3814,CUBE_R,FUN_6
168239,9053,FUN_1,FUN_2
168243,4376,CUBE_L,FUN_1
168256,461,FUN_3,FUN_2
168268,11812,FUN_4,FUN_3
168281,28826,RET,CUBE_L
168284,17085,CUBE_L,RET
168289,21110,FUN_1,FUN_2
168290,3868,FUN_4,FUN_3
168306,29190,CUBE_R,FUN_6
168323,18979,FUN_2,FUN_3
168323,27028,CUBE_R,RET
168331,26083,CUBE_R,FUN_6
168333,425,FUN_4,FUN_5
168342,16579,FUN_2,FUN_1
168345,6185,CUBE_L,RET
168358,5164,FUN_3,FUN_4
168360,25008,FUN_3,FUN_4
168367,27913,FUN_2,FUN_1
168370,10525,FUN_2,FUN_1
168392,24989,FUN_4,FUN_3
168402,26145,RET,CUBE_L
168436,25262,FUN_1,CUBE_L
168469,19780,FUN_4,FUN_3
168476,15744,FUN_1,FUN_2
168477,18086,FUN_4,FUN_5
168481,19793,FUN_3,FUN_4
168488,12895,FUN_2,FUN_1
168498,16140,FUN_2,FUN_1
168511,24495,FUN_2,FUN_3
168513,11157,FUN_1,FUN_2
168521,11602,RET,CUBE_R
168521,18979,FUN_3,FUN_2
168540,13841,FUN_3,FUN_2
168561,13866,FUN_2,FUN_3
168587,1174,FUN_2,FUN_3
168609,6185,RET,CUBE_L
168610,19367,FUN_4,FUN_5
168616,19875,FUN_1,CUBE_L
168654,9834,FUN_3,FUN_2
168654,15793,FUN_2,FUN_3
168670,24333,CUBE_R,RET
168701,20796,FUN_2,FUN_3
168712,11282,FUN_3,FUN_2
168726,19365,FUN_6,CUBE_R
168760,1587,FUN_2,FUN_3
168767,14745,FUN_2,FUN_3
168774,21350,FUN_6,FUN_5
168788,5942,FUN_4,FUN_3
168794,21350,FUN_5,FUN_6
168799,8479,FUN_1,FUN_2
168813,29555,FUN_3,FUN_2
168827,15992,FUN_3,FUN_2
168836,19084,FUN_1,FUN_2
168845,8713,CUBE_R,RET
168855,9216,FUN_1,FUN_2
168866,682,CUBE_L,RET
168889,3042,FUN_2,FUN_1
168908,7348,FUN_3,FUN_4
168927,19910,FUN_2,FUN_3
168944,17347,FUN_3,FUN_4
168949,27796,FUN_6,CUBE_R
168951,15663,CUBE_L,RET
168966,2686,FUN_6,CUBE_R
168990,2371,FUN_5,FUN_6
169009,24333,RET,CUBE_R
169019,19512,FUN_2,FUN_1
169024,3519,FUN_6,FUN_5
169036,16059,FUN_1,CUBE_L
169037,14613,CUBE_R,FUN_6
169055,8673,FUN_3,FUN_2
169062,20158,CUBE_R,RET
169064,22766,FUN_3,FUN_2
169096,16173,FUN_1,FUN_2
169097,17414,FUN_5,FUN_4
169115,6487,FUN_4,FUN_3
169136,21459,FUN_2,FUN_3
169148,13203,CUBE_L,RET
169153,27779,FUN_2,FUN_3
169156,8593,CUBE_R,RET
169160,27078,FUN_6,CUBE_R
169162,24695,FUN_3,FUN_2
169170,13958,FUN_2,FUN_3
169179,10854,FUN_5,FUN_4
169183,29050,FUN_5,FUN_4
169197,29627,FUN_3,FUN_2
169221,5075,CUBE_R,FUN_6
169261,28245,FUN_3,FUN_2
169274,15424,FUN_4,FUN_5
169283,9969,CUBE_R,RET
169288,26118,FUN_2,FUN_3
169323,7691,FUN_2,FUN_3
169343,2201,FUN_2,FUN_3
169359,28426,RET,CUBE_R
169365,14880,CUBE_R,RET
169377,22826,FUN_3,FUN_2
169392,24657,FUN_3,FUN_4
169394,5659,FUN_1,FUN_2
169403,19875,CUBE_L,FUN_1
169412,14643,FUN_5,FUN_4
169421,5944,FUN_1,FUN_2
169436,15904,RET,CUBE_L
169448,19903,FUN_2,FUN_1
169452,29050,FUN_4,FUN_5
169459,27632,FUN_6,FUN_5
169480,21350,FUN_6,FUN_5
169481,17225,FUN_4,FUN_3
169502,23631,FUN_1,FUN_2
169508,13511,FUN_3,FUN_2
169511,5449,FUN_3,FUN_4
169517,21680,CUBE_R,RET
169544,2660,FUN_3,FUN_4
169544,21752,CUBE_R,FUN_6
169550,5686,FUN_5,FUN_4
169559,22022,FUN_3,FUN_4
169568,18877,FUN_6,FUN_5
169571,15817,FUN_1,FUN_2
169571,25243,CUBE_L,RET
169576,15358,FUN_4,FUN_3
169578,13866,FUN_3,FUN_2
169586,27020,FUN_2,FUN_1
169588,8673,FUN_2,FUN_3
169597,14743,FUN_2,FUN_3
169608,1064,FUN_3,FUN_2
169621,967,FUN_2,FUN_1
169634,14947,FUN_4,FUN_5
169641,17225,FUN_3,FUN_4
169659,3618,FUN_3,FUN_4
169733,21933,FUN_5,FUN_6
169739,1588,FUN_2,FUN_3
169742,27796,CUBE_R,FUN_6
169754,14398,CUBE_L,RET
169758,21199,CUBE_R,FUN_6
169758,27215,FUN_2,FUN_3
169768,13031,FUN_3,FUN_2
169775,24807,FUN_5,FUN_4
169783,2862,FUN_4,FUN_3
169799,17719,RET,CUBE_R
169809,3634,FUN_1,FUN_2
169812,3519,FUN_5,FUN_6
169845,898,FUN_4,FUN_3
169861,29050,FUN_5,FUN_4
169863,13797,FUN_3,FUN_2
169863,19780,FUN_3,FUN_4
169864,8969,FUN_4,FUN_3
169867,27284,FUN_3,FUN_4
169905,14726,CUBE_R,RET
169907,5075,FUN_6,CUBE_R
169914,15720,FUN_3,FUN_2
169931,18083,CUBE_L,RET
169932,23236,FUN_3,FUN_4
169933,19109,FUN_2,FUN_3
169941,29182,FUN_2,FUN_1
169962,24803,FUN_2,FUN_3
169975,27516,FUN_3,FUN_2
169982,22600,FUN_2,FUN_3
170018,24851,FUN_2,FUN_3
170054,11774,FUN_3,FUN_4
170094,14398,RET,CUBE_L
170095,14193,FUN_3,FUN_4
170095,15189,FUN_3,FUN_4
170106,3689,FUN_3,FUN_2
170111,18411,FUN_3,FUN_2
170116,18298,FUN_2,FUN_3
170120,4459,FUN_6,CUBE_R
170121,19600,FUN_6,FUN_5
170122,710,CUBE_L,RET
170126,17085,RET,CUBE_L
170133,18167,FUN_3,FUN_2
170137,18054,FUN_1,FUN_2
170149,27913,FUN_1,FUN_2
170177,23804,FUN_3,FUN_2
170191,21752,FUN_6,CUBE_R
170191,21933,FUN_6,FUN_5
170202,7209,CUBE_L,RET
170202,14329,FUN_1,FUN_2
170209,10861,FUN_3,FUN_4
170226,25453,FUN_3,FUN_2
170229,12165,FUN_1,FUN_2
170246,29827,FUN_5,FUN_4
170249,11978,FUN_2,FUN_3
170280,2433,FUN_1,FUN_2
170281,17225,FUN_4,FUN_3
170288,19670,FUN_1,FUN_2
170294,2109,CUBE_L,FUN_1
170305,3332,FUN_2,FUN_3
170305,7838,RET,CUBE_L
170308,14471,FUN_5,FUN_4
170322,27779,FUN_3,FUN_2
170337,4103,FUN_3,FUN_4
170338,8107,FUN_2,FUN_3
170356,14893,FUN_5,FUN_4
170364,4689,FUN_3,FUN_2
170368,5075,CUBE_R,FUN_6
170373,18979,FUN_2,FUN_3
170373,28606,CUBE_L,FUN_1
170388,7032,FUN_2,FUN_1
170410,13442,CUBE_L,RET
170434,9840,FUN_3,FUN_4
170439,29487,FUN_3,FUN_2
170439,29672,FUN_2,FUN_3
170442,28634,FUN_6,FUN_5
170449,4386,FUN_2,FUN_1
170460,3028,CUBE_R,RET
170470,10861,FUN_4,FUN_3
170474,18102,CUBE_R,FUN_6
170507,11367,FUN_2,FUN_1
170508,3378,FUN_2,FUN_3
170529,9216,FUN_2,FUN_1
170529,16815,FUN_5,FUN_4
170569,12415,FUN_6,FUN_5
170576,9840,FUN_4,FUN_3
170579,11157,FUN_2,FUN_1
170596,28239,FUN_2,FUN_3
170607,940,FUN_4,FUN_5
170610,24333,CUBE_R,RET
170624,23436,FUN_2,FUN_1
170642,2521,FUN_3,FUN_2
170651,193,FUN_4,FUN_3
170658,23099,FUN_5,FUN_6
170662,2364,FUN_2,FUN_3
170662,22377,FUN_1,FUN_2
170689,6667,RET,CUBE_R
170694,29104,FUN_3,FUN_2
170696,25160,FUN_6,CUBE_R
170716,10291,FUN_3,FUN_2
170719,14613,FUN_6,CUBE_R
170729,967,FUN_1,FUN_2
170738,9545,FUN_2,FUN_1
170743,24858,RET,CUBE_L
170751,21829,FUN_2,FUN_3
170751,29104,FUN_2,FUN_3
170757,7032,FUN_1,FUN_2
170759,10394,FUN_5,FUN_4
170764,18891,FUN_3,FUN_4
170795,29274,FUN_6,CUBE_R
170797,26910,FUN_5,FUN_6
170799,13068,RET,CUBE_R
170808,19278,FUN_3,FUN_4
170812,29269,FUN_4,FUN_3
170824,2197,CUBE_R,FUN_6
170828,17167,FUN_2,FUN_3
170828,20369,FUN_3,FUN_2
170836,14726,RET,CUBE_R
170872,27593,FUN_5,FUN_4
170893,1420,CUBE_L,RET
170895,15381,CUBE_L,RET
170896,19436,FUN_2,FUN_1
170899,3042,FUN_1,FUN_2
170927,18877,FUN_5,FUN_6
170934,13567,CUBE_R,FUN_6
170935,29672,FUN_3,FUN_2
170943,15176,FUN_6,CUBE_R
170945,2716,FUN_2,FUN_1
170947,20280,FUN_5,FUN_6
170949,8969,FUN_3,FUN_4
170958,898,FUN_3,FUN_4
170961,8022,FUN_2,FUN_3
170967,11130,FUN_6,FUN_5
170968,27599,FUN_6,FUN_5
170979,9481,CUBE_R,RET
170992,2450,CUBE_R,RET
170999,25008,FUN_4,FUN_3
171009,22816,FUN_1,FUN_2
171016,21298,FUN_2,FUN_3
171023,7032,FUN_2,FUN_1
171032,2978,FUN_1,FUN_2
171046,13203,RET,CUBE_L
171064,19436,FUN_1,FUN_2
171101,7445,RET,CUBE_R
171129,13657,FUN_5,FUN_4
171129,22425,CUBE_L,RET
171131,15793,FUN_3,FUN_2
171139,19499,CUBE_R,RET
171147,14508,FUN_3,FUN_2
171155,5968,FUN_2,FUN_3
171157,13966,CUBE_L,RET
171165,5075,FUN_6,CUBE_R
171174,14471,FUN_4,FUN_5
171178,1699,FUN_1,FUN_2
171189,19303,FUN_2,FUN_3
171199,21199,FUN_6,CUBE_R
171210,29079,FUN_3,FUN_2
171241,13005,FUN_4,FUN_5
171243,20167,FUN_3,FUN_2
171245,20504,FUN_1,FUN_2
171258,816,RET,CUBE_L
171260,22425,RET,CUBE_L
171279,17343,FUN_2,FUN_1
171290,13295,FUN_4,FUN_3
171295,24858,CUBE_L,RET
171296,17419,FUN_2,FUN_3
171298,21664,CUBE_R,FUN_6
171307,22766,FUN_2,FUN_3
171314,19144,FUN_4,FUN_3
171319,13295,FUN_3,FUN_4
171331,940,FUN_5,FUN_4
171345,1940,FUN_5,FUN_4
171354,20159,CUBE_R,FUN_6
171356,3412,CUBE_R,FUN_6
171357,8793,FUN_3,FUN_2
171361,9969,RET,CUBE_R
171371,6131,FUN_2,FUN_1
171385,6784,FUN_5,FUN_6
171403,17078,FUN_1,FUN_2
171413,14887,RET,CUBE_L
171413,28161,CUBE_L,RET
171419,15212,FUN_1,FUN_2
171427,9545,FUN_1,FUN_2
171455,28634,FUN_5,FUN_6
171457,22938,FUN_3,FUN_2
171465,28606,FUN_1,CUBE_L
171473,13722,RET,CUBE_R
171475,15817,FUN_2,FUN_1
171483,23585,RET,CUBE_L
171493,27000,CUBE_L,FUN_1
171514,7725,FUN_1,FUN_2
171525,15762,FUN_2,FUN_3
171530,14508,FUN_2,FUN_3
171537,7267,FUN_1,FUN_2
171569,28606,CUBE_L,FUN_1
171571,15762,FUN_3,FUN_2
171571,17708,CUBE_L,RET
171571,23456,CUBE_R,FUN_6
171582,22601,CUBE_R,RET
171585,22826,FUN_2,FUN_3
171587,4110,FUN_2,FUN_3
171588,15381,RET,CUBE_L
171607,13295,FUN_4,FUN_3
171610,24262,FUN_3,FUN_2
171628,22425,CUBE_L,RET
171632,13819,FUN_2,FUN_1
171637,10895,FUN_2,FUN_1
171643,2384,CUBE_L,RET
171648,14,FUN_4,FUN_3
171648,8524,FUN_3,FUN_2
171665,14471,FUN_5,FUN_4
171675,28023,RET,CUBE_R
171680,10488,FUN_2,FUN_1
171704,11367,FUN_1,FUN_2
171707,10291,FUN_2,FUN_3
171707,26436,CUBE_R,FUN_6
171718,6447,FUN_3,FUN_2
171725,10749,FUN_4,FUN_5
171728,710,RET,CUBE_L
171738,27779,FUN_2,FUN_3
171755,20755,FUN_5,FUN_6
171762,24858,RET,CUBE_L
171764,16140,FUN_1,FUN_2
171764,28826,CUBE_L,RET
171766,8693,FUN_2,FUN_1
171766,12165,FUN_2,FUN_1
171772,12956,FUN_2,FUN_1
171776,28717,FUN_3,FUN_2
171783,7209,RET,CUBE_L
171787,21390,FUN_4,FUN_5
171789,6131,FUN_1,FUN_2
171794,12895,FUN_1,FUN_2
171797,10667,FUN_1,FUN_2
171808,20110,CUBE_R,FUN_6
171809,24224,FUN_5,FUN_4
171820,13442,RET,CUBE_L
171824,15720,FUN_2,FUN_3
171824,29305,FUN_2,FUN_1
171826,19399,FUN_4,FUN_5
171830,796,FUN_3,FUN_4
171833,24858,CUBE_L,RET
171835,1699,FUN_2,FUN_1
171841,6784,FUN_6,FUN_5
171852,16140,FUN_2,FUN_1
171868,27952,FUN_2,FUN_1
171896,29432,FUN_4,FUN_3
171911,13023,FUN_2,FUN_1
171918,11958,FUN_3,FUN_4
171921,27284,FUN_4,FUN_3
171922,19296,CUBE_R,FUN_6
171956,14301,FUN_2,FUN_1
171957,27078,CUBE_R,FUN_6
171968,19875,FUN_1,CUBE_L
171968,20820,FUN_4,FUN_3
171976,17954,FUN_1,FUN_2
171992,19468,FUN_3,FUN_2
171993,18149,FUN_2,FUN_3
172006,28266,FUN_3,FUN_2
172009,25643,CUBE_R,RET
172012,6373,FUN_4,FUN_5
172024,21582,FUN_3,FUN_2
172031,22076,FUN_6,CUBE_R
172038,19487,FUN_2,FUN_1
172044,17935,CUBE_R,FUN_6
172107,5449,FUN_4,FUN_3
172126,20039,FUN_2,FUN_1
172131,2197,FUN_6,CUBE_R
172146,13563,CUBE_L,RET
172171,2393,CUBE_L,FUN_1
172183,3042,FUN_2,FUN_1
172184,27858,FUN_3,FUN_2
172200,17584,FUN_2,FUN_3
172215,26354,FUN_2,FUN_1
172229,1699,FUN_1,FUN_2
172236,29487,FUN_2,FUN_3
172241,17352,CUBE_L,FUN_1
172283,10486,FUN_5,FUN_4
172303,905,FUN_2,FUN_1
172326,24695,FUN_2,FUN_3
172345,19245,FUN_2,FUN_1
172350,16062,FUN_2,FUN_1
172355,10525,FUN_1,FUN_2
172356,14743,FUN_3,FUN_2
172363,27952,FUN_1,FUN_2
172391,17240,FUN_3,FUN_2
172403,8793,FUN_2,FUN_3
172405,18878,FUN_4,FUN_3
172408,27952,FUN_2,FUN_1
172411,2924,FUN_1,FUN_2
172412,2109,FUN_1,CUBE_L
172413,16128,FUN_6,CUBE_R
172417,20167,FUN_2,FUN_3
172419,17347,FUN_4,FUN_3
172429,1174,FUN_3,FUN_2
172432,2450,RET,CUBE_R
172438,29379,FUN_4,FUN_3
172441,21006,CUBE_L,FUN_1
172452,26499,FUN_3,FUN_2
172460,10895,FUN_1,FUN_2
172478,2133,FUN_4,FUN_5
172488,17352,FUN_1,CUBE_L
172513,4684,FUN_4,FUN_3
172519,15050,FUN_3,FUN_4
172555,11157,FUN_1,FUN_2
172556,23643,FUN_2,FUN_3
172560,12908,FUN_1,FUN_2
172567,29544,FUN_1,CUBE_L
172572,6185,CUBE_L,RET
172574,19515,FUN_3,FUN_4
172575,13736,FUN_3,FUN_4
172576,14887,CUBE_L,RET
172580,4937,FUN_3,FUN_2
172580,22766,FUN_3,FUN_2
172584,15744,FUN_2,FUN_1
172585,2384,RET,CUBE_L
172593,20838,FUN_3,FUN_2
172593,27000,FUN_1,CUBE_L
172596,22766,FUN_2,FUN_3
172611,13023,FUN_1,FUN_2
172615,15848,FUN_3,FUN_2
172640,29050,FUN_4,FUN_5
172667,17078,FUN_2,FUN_1
172671,17340,FUN_2,FUN_1
172675,17080,FUN_3,FUN_2
172678,17483,FUN_5,FUN_6
172698,20167,FUN_3,FUN_2
172707,18298,FUN_3,FUN_2
172715,8542,FUN_4,FUN_3
172735,13056,FUN_2,FUN_3
172757,6784,FUN_5,FUN_6
172767,14301,FUN_1,FUN_2
172783,13819,FUN_1,FUN_2
172809,19580,FUN_3,FUN_2
172813,21502,FUN_1,FUN_2
172829,2660,FUN_4,FUN_3
172831,8224,FUN_4,FUN_3
172833,4705,FUN_4,FUN_5
172835,1064,FUN_2,FUN_3
172841,27284,FUN_3,FUN_4
172849,13563,RET,CUBE_L
172850,21006,FUN_1,CUBE_L
172860,24352,FUN_4,FUN_3
172862,29379,FUN_3,FUN_4
172864,29725,CUBE_R,FUN_6
172873,16165,FUN_2,FUN_1
172882,28394,FUN_5,FUN_4
172886,24345,FUN_1,CUBE_L
172901,142,FUN_2,FUN_3
172922,22425,RET,CUBE_L
172930,10135,RET,CUBE_L
172932,10733,FUN_3,FUN_4
172934,8048,FUN_6,FUN_5
172942,20284,FUN_1,FUN_2
172964,7609,FUN_4,FUN_5
172966,7725,FUN_2,FUN_1
172995,29182,FUN_1,FUN_2
172999,3690,FUN_6,CUBE_R
173002,3689,FUN_2,FUN_3
173002,9637,FUN_6,FUN_5
173005,5886,FUN_6,FUN_5
173011,29052,FUN_3,FUN_2
173015,24345,CUBE_L,FUN_1
173034,4684,FUN_3,FUN_4
173043,3028,RET,CUBE_R
173056,13567,FUN_6,CUBE_R
173062,27675,FUN_3,FUN_4
173063,7845,FUN_4,FUN_3
173076,13847,FUN_6,CUBE_R
173082,16934,FUN_6,CUBE_R
173086,14887,RET,CUBE_L
173092,10811,FUN_2,FUN_1
173094,4386,FUN_1,FUN_2
173094,15633,FUN_1,FUN_2
173098,10208,RET,CUBE_R
173101,9645,FUN_1,FUN_2
173105,16244,FUN_3,FUN_2
173108,29544,CUBE_L,FUN_1
173110,4937,FUN_2,FUN_3
173118,27223,FUN_3,FUN_4
173124,5333,FUN_3,FUN_2
173124,7209,CUBE_L,RET
173138,1914,CUBE_L,RET
173139,29487,FUN_3,FUN_2
173142,14990,FUN_1,FUN_2
173149,16579,FUN_1,FUN_2
173151,3042,FUN_1,FUN_2
173170,12569,FUN_5,FUN_4
173181,27524,FUN_4,FUN_5
173189,4376,FUN_1,CUBE_L
173194,10854,FUN_4,FUN_5
173202,15133,RET,CUBE_L
173202,17708,RET,CUBE_L
173217,15989,FUN_2,FUN_1
173220,7609,FUN_5,FUN_4
173229,7725,FUN_1,FUN_2
173230,29274,CUBE_R,FUN_6
173242,7209,RET,CUBE_L
173247,8675,FUN_2,FUN_1
173274,26460,FUN_1,FUN_2
173280,2812,FUN_1,FUN_2
173283,4937,FUN_3,FUN_2
173284,29001,CUBE_R,RET
173287,17226,CUBE_R,RET
173318,16062,FUN_1,FUN_2
173352,19144,FUN_3,FUN_4
173363,6944,FUN_2,FUN_1
173367,29725,FUN_6,CUBE_R
173374,16128,CUBE_R,FUN_6
173381,14777,FUN_1,CUBE_L
173383,26159,FUN_4,FUN_3
173386,2197,CUBE_R,FUN_6
173390,4937,FUN_2,FUN_3
173414,7838,CUBE_L,RET
173440,20820,FUN_3,FUN_4
173441,20280,FUN_6,FUN_5
173445,20432,FUN_3,FUN_2
173453,18149,FUN_3,FUN_2
173457,13847,CUBE_R,FUN_6
173473,25226,FUN_3,FUN_2
173477,27176,FUN_6,CUBE_R
173495,5659,FUN_2,FUN_1
173497,28606,FUN_1,CUBE_L
173498,5310,FUN_1,FUN_2
173523,16342,FUN_4,FUN_3
173529,22865,FUN_3,FUN_4
173558,19440,FUN_2,FUN_1
173561,3302,FUN_4,FUN_3
173563,5585,FUN_3,FUN_2
173566,14613,CUBE_R,FUN_6
173567,29848,FUN_4,FUN_5
173582,3292,FUN_4,FUN_5
173590,19144,FUN_4,FUN_3
173596,26766,FUN_1,CUBE_L
173601,12161,FUN_3,FUN_4
173606,20658,FUN_4,FUN_3
173613,3332,FUN_3,FUN_2
173614,3929,FUN_6,FUN_5
173622,19580,FUN_2,FUN_3
173630,15633,FUN_2,FUN_1
173638,27305,RET,CUBE_R
173639,15091,FUN_1,FUN_2
173657,24989,FUN_3,FUN_4
173686,28485,FUN_6,CUBE_R
173701,28321,CUBE_R,FUN_6
173706,13657,FUN_4,FUN_5
173707,5585,FUN_2,FUN_3
173712,14926,RET,CUBE_R
173717,22797,FUN_2,FUN_3
173730,13797,FUN_2,FUN_3
173749,25705,FUN_3,FUN_2
173756,12956,FUN_1,FUN_2
173762,29494,FUN_5,FUN_4
173783,17413,FUN_3,FUN_2
173805,15133,CUBE_L,RET
173812,22865,FUN_4,FUN_3
173822,7101,FUN_1,FUN_2
173836,9834,FUN_2,FUN_3
173836,29269,FUN_3,FUN_4
173843,7209,CUBE_L,RET
173848,22197,FUN_3,FUN_2
173849,2924,FUN_2,FUN_1
173850,6805,CUBE_R,FUN_6
173852,4509,FUN_5,FUN_4
173854,8793,FUN_3,FUN_2
173862,10525,FUN_2,FUN_1
173886,16062,FUN_2,FUN_1
173887,22557,FUN_2,FUN_3
173890,27078,FUN_6,CUBE_R
173894,9095,CUBE_L,RET
173902,24086,FUN_3,FUN_4
173903,20131,FUN_5,FUN_4
173913,9840,FUN_3,FUN_4
173924,7445,CUBE_R,RET
173968,25008,FUN_3,FUN_4
173984,3929,FUN_5,FUN_6
173987,19473,FUN_5,FUN_4
173989,6748,FUN_2,FUN_1
173997,29379,FUN_4,FUN_3
173998,9208,FUN_3,FUN_2
174011,5659,FUN_1,FUN_2
174015,7215,FUN_3,FUN_2
174016,19090,FUN_2,FUN_1
174022,11857,FUN_2,FUN_3
174025,12557,RET,CUBE_R
174030,20251,CUBE_R,RET
174070,27496,FUN_2,FUN_3
174070,27524,FUN_5,FUN_4
174084,6447,FUN_2,FUN_3
174105,28394,FUN_4,FUN_5
174151,16128,FUN_6,CUBE_R
174157,17719,CUBE_R,RET
174159,27496,FUN_3,FUN_2
174165,24945,FUN_2,FUN_3
174165,26083,FUN_6,CUBE_R
174169,17113,FUN_5,FUN_6
174174,5185,FUN_5,FUN_4
174183,27799,FUN_5,FUN_6
174184,13567,CUBE_R,FUN_6
174200,2925,FUN_2,FUN_1
174214,25682,FUN_5,FUN_4
174233,22905,FUN_2,FUN_3
174239,13946,FUN_2,FUN_1
174243,18140,FUN_2,FUN_3
174243,19850,RET,CUBE_L
174250,4705,FUN_5,FUN_4
174289,17240,FUN_2,FUN_3
174294,15357,FUN_5,FUN_4
174300,19401,FUN_2,FUN_3
174329,10525,FUN_1,FUN_2
174336,5449,FUN_3,FUN_4
174336,7912,FUN_2,FUN_3
174352,5602,FUN_1,FUN_2
174365,15397,RET,CUBE_R
174393,1699,FUN_2,FUN_1
174398,14471,FUN_4,FUN_5
174398,19440,FUN_1,FUN_2
174399,15633,FUN_1,FUN_2
174410,14022,FUN_2,FUN_1
174414,2184,FUN_6,CUBE_R
174424,13567,FUN_6,CUBE_R
174428,1420,RET,CUBE_L
174430,9216,FUN_1,FUN_2
174431,7084,FUN_3,FUN_2
174467,13455,FUN_3,FUN_2
174477,24734,FUN_5,FUN_6
174479,20167,FUN_2,FUN_3
174534,17584,FUN_3,FUN_2
174540,24734,FUN_6,FUN_5
174557,18686,FUN_1,FUN_2
174558,18430,FUN_6,CUBE_R
174560,17352,CUBE_L,FUN_1
174570,16062,FUN_1,FUN_2
174574,22826,FUN_3,FUN_2
174593,25643,RET,CUBE_R
174595,10931,FUN_2,FUN_3
174614,8102,FUN_3,FUN_2
174638,5427,FUN_1,CUBE_L
174638,24784,FUN_3,FUN_2
174639,15050,FUN_4,FUN_3
174648,12063,CUBE_R,RET
174658,1595,FUN_6,FUN_5
174661,25126,FUN_1,FUN_2
174701,9208,FUN_2,FUN_3
174706,17508,FUN_2,FUN_1
174724,21963,CUBE_R,RET
174736,9481,RET,CUBE_R
174737,11812,FUN_3,FUN_4
174739,25935,FUN_3,FUN_2
174748,19401,FUN_3,FUN_2
174754,8675,FUN_1,FUN_2
174767,940,FUN_4,FUN_5
174775,7474,FUN_2,FUN_3
174775,13295,FUN_3,FUN_4
174780,3742,RET,CUBE_R
174790,7340,FUN_6,CUBE_R
174800,21110,FUN_2,FUN_1
174803,16165,FUN_1,FUN_2
174803,29274,FUN_6,CUBE_R
174805,10899,FUN_3,FUN_2
174815,4723,FUN_2,FUN_1
174819,24583,FUN_4,FUN_5
174833,4299,FUN_3,FUN_4
174838,17226,RET,CUBE_R
174841,1420,CUBE_L,RET
174843,12215,RET,CUBE_L
174855,18296,FUN_2,FUN_1
174860,16140,FUN_1,FUN_2
174895,1420,RET,CUBE_L
174902,2067,FUN_3,FUN_4
174907,17340,FUN_1,FUN_2
174913,7317,RET,CUBE_L
174922,22076,CUBE_R,FUN_6
174928,19401,FUN_2,FUN_3
174934,23804,FUN_2,FUN_3
174939,22816,FUN_2,FUN_1
174940,2925,FUN_1,FUN_2
174959,13203,CUBE_L,RET
174971,21706,FUN_2,FUN_3
174987,15118,FUN_1,FUN_2
174990,15833,CUBE_R,FUN_6
174995,9869,FUN_1,FUN_2
175026,12836,FUN_2,FUN_3
175040,19855,FUN_4,FUN_5
175043,4937,FUN_3,FUN_2
175065,2273,CUBE_L,RET
175076,29684,CUBE_L,FUN_1
175083,19855,FUN_5,FUN_4
175095,19515,FUN_4,FUN_3
175105,10899,FUN_2,FUN_3
175111,6748,FUN_1,FUN_2
175115,26897,FUN_2,FUN_3
175128,20251,RET,CUBE_R
175138,28744,CUBE_L,RET
175139,2625,FUN_4,FUN_3
175154,5189,RET,CUBE_R
175163,22076,FUN_6,CUBE_R
175166,2384,CUBE_L,RET
175171,14471,FUN_5,FUN_4
175172,6786,FUN_2,FUN_3
175175,29305,FUN_1,FUN_2
175176,22865,FUN_3,FUN_4
175194,7317,CUBE_L,RET
175202,17751,CUBE_R,RET
175203,23463,RET,CUBE_L
175208,26083,CUBE_R,FUN_6
175213,16039,FUN_1,FUN_2
175215,5095,CUBE_R,FUN_6
175218,24065,FUN_4,FUN_5
175235,11721,FUN_3,FUN_4
175244,27305,CUBE_R,RET
175253,19754,FUN_1,FUN_2
175257,21664,FUN_6,CUBE_R
175262,13092,FUN_5,FUN_6
175272,13567,CUBE_R,FUN_6
175272,21871,FUN_2,FUN_1
175273,10263,CUBE_L,RET
175286,5171,FUN_3,FUN_2
175300,3044,FUN_3,FUN_2
175316,142,FUN_3,FUN_2
175323,3609,FUN_3,FUN_4
175327,987,FUN_1,FUN_2
175327,13408,CUBE_R,RET
175340,19661,FUN_3,FUN_2
175351,6429,FUN_2,FUN_3
175359,29284,CUBE_R,RET
175364,29487,FUN_2,FUN_3
175366,21298,FUN_3,FUN_2
175370,24051,FUN_2,FUN_1
175395,24784,FUN_2,FUN_3
175406,7922,FUN_3,FUN_4
175415,24262,FUN_2,FUN_3
175420,8713,RET,CUBE_R
175424,2273,RET,CUBE_L
175426,7032,FUN_1,FUN_2
175427,1420,CUBE_L,RET
175428,2828,FUN_2,FUN_3
175438,22076,CUBE_R,FUN_6
175445,12168,FUN_2,FUN_3
175447,18298,FUN_2,FUN_3
175458,6805,FUN_6,CUBE_R
175469,2645,CUBE_R,RET
175473,7317,RET,CUBE_L
175473,12195,FUN_5,FUN_4
175482,8853,FUN_3,FUN_2
175483,10153,FUN_4,FUN_5
175533,15662,FUN_4,FUN_3
175558,18140,FUN_3,FUN_2
175559,29466,FUN_2,FUN_1
175596,5185,FUN_4,FUN_5
175602,22236,FUN_6,FUN_5
175607,8675,FUN_2,FUN_1
175610,2067,FUN_4,FUN_3
175614,19754,FUN_2,FUN_1
175634,6786,FUN_3,FUN_2
175646,7499,FUN_2,FUN_3
175648,12195,FUN_4,FUN_5
175649,8216,RET,CUBE_R
175660,12195,FUN_5,FUN_4
175665,20410,CUBE_L,FUN_1
175667,2133,FUN_5,FUN_4
175705,2645,RET,CUBE_R
175706,21285,CUBE_L,FUN_1
175714,13023,FUN_2,FUN_1
175721,15795,CUBE_L,FUN_1
175722,16892,FUN_2,FUN_3
175727,19855,FUN_4,FUN_5
175731,905,FUN_1,FUN_2
175736,17863,FUN_6,FUN_5
175736,29274,CUBE_R,FUN_6
175739,19793,FUN_4,FUN_3
175761,18901,CUBE_R,RET
175763,6043,FUN_4,FUN_5
175773,3742,CUBE_R,RET
175799,23850,FUN_3,FUN_2
175803,28980,FUN_2,FUN_1
175818,17459,FUN_3,FUN_2
175845,20131,FUN_4,FUN_5
175846,20369,FUN_2,FUN_3
175854,7209,RET,CUBE_L
175859,16076,FUN_6,FUN_5
175887,14343,RET,CUBE_R
175906,5185,FUN_5,FUN_4
175906,16722,RET,CUBE_L
175909,22905,FUN_3,FUN_2
175915,4897,FUN_2,FUN_1
175916,14880,RET,CUBE_R
175920,25008,FUN_4,FUN_3
175922,22842,FUN_2,FUN_3
175933,12195,FUN_4,FUN_5
175948,16722,CUBE_L,RET
175948,20280,FUN_5,FUN_6
175954,13797,FUN_3,FUN_2
175960,12145,RET,CUBE_R
175974,7560,CUBE_L,RET
175979,17343,FUN_1,FUN_2
175983,11164,FUN_1,FUN_2
175987,12956,FUN_2,FUN_1
175995,816,CUBE_L,RET
175996,4937,FUN_2,FUN_3
176003,21664,CUBE_R,FUN_6
176007,15298,FUN_2,FUN_3
176010,21100,FUN_5,FUN_6
176031,24557,FUN_3,FUN_2
176043,2716,FUN_1,FUN_2
176043,12165,FUN_1,FUN_2
176050,5185,FUN_4,FUN_5
176053,8793,FUN_2,FUN_3
176073,20645,FUN_2,FUN_1
176085,6160,FUN_4,FUN_5
176088,29672,FUN_2,FUN_3
176107,18266,CUBE_L,FUN_1
176110,14405,FUN_1,FUN_2
176113,13803,RET,CUBE_L
176124,10240,RET,CUBE_L
176126,10525,FUN_2,FUN_1
176131,7074,FUN_2,FUN_1
176134,17954,FUN_2,FUN_1
176138,26908,FUN_3,FUN_4
176150,19440,FUN_2,FUN_1
176184,1125,FUN_3,FUN_4
176187,29274,FUN_6,CUBE_R
176241,25214,RET,CUBE_L
176246,28680,FUN_1,CUBE_L
176247,18718,FUN_2,FUN_1
176251,13980,FUN_5,FUN_6
176254,2393,FUN_1,CUBE_L
176256,23835,FUN_3,FUN_2
176257,25207,FUN_3,FUN_2
176259,29379,FUN_3,FUN_4
176264,13056,FUN_3,FUN_2
176265,24945,FUN_3,FUN_2
176274,10444,RET,CUBE_L
176278,5185,FUN_5,FUN_4
176287,27661,FUN_3,FUN_2
176293,10263,RET,CUBE_L
176318,23636,FUN_2,FUN_3
176322,26417,FUN_3,FUN_2
176326,9637,FUN_5,FUN_6
176334,15298,FUN_3,FUN_2
176347,7178,FUN_4,FUN_3
176351,2623,FUN_4,FUN_3
176355,11206,FUN_3,FUN_2
176356,24784,FUN_3,FUN_2
176361,18149,FUN_2,FUN_3
176389,17140,FUN_3,FUN_4
176395,13305,FUN_2,FUN_1
176402,8048,FUN_5,FUN_6
176409,12134,FUN_1,FUN_2
176411,905,FUN_2,FUN_1
176415,17459,FUN_2,FUN_3
176417,1590,FUN_3,FUN_2
176421,29487,FUN_3,FUN_2
176423,15377,FUN_2,FUN_3
176443,14471,FUN_4,FUN_5
176452,2384,RET,CUBE_L
176461,19039,FUN_4,FUN_3
176463,23139,CUBE_R,RET
176469,848,FUN_3,FUN_4
176492,16076,FUN_5,FUN_6
176494,29274,CUBE_R,FUN_6
176498,26498,FUN_3,FUN_2
176502,6373,FUN_5,FUN_4
176506,20233,FUN_2,FUN_3
176533,11891,FUN_5,FUN_6
176534,967,FUN_2,FUN_1
176554,273,FUN_5,FUN_4
176554,10899,FUN_3,FUN_2
176555,12083,FUN_3,FUN_2
176569,4505,FUN_5,FUN_4
176575,5074,FUN_6,FUN_5
176583,4796,FUN_1,FUN_2
176610,2261,FUN_4,FUN_5
176616,16722,RET,CUBE_L
176620,5095,FUN_6,CUBE_R
176625,12956,FUN_1,FUN_2
176625,28825,FUN_2,FUN_1
176649,11456,FUN_2,FUN_1
176673,21933,FUN_5,FUN_6
176685,11164,FUN_2,FUN_1
176709,4505,FUN_4,FUN_5
176724,24065,FUN_5,FUN_4
176740,8414,FUN_3,FUN_2
176741,4614,FUN_2,FUN_3
176754,22797,FUN_3,FUN_2
176757,142,FUN_2,FUN_3
176769,21713,FUN_6,CUBE_R
176786,4684,FUN_4,FUN_3
176788,18926,FUN_3,FUN_2
176800,19278,FUN_4,FUN_3
176811,9526,FUN_1,FUN_2
176844,22790,FUN_2,FUN_1
176855,3742,RET,CUBE_R
176855,27675,FUN_4,FUN_3
176870,11164,FUN_1,FUN_2
176879,13066,FUN_4,FUN_3
176890,2660,FUN_3,FUN_4
176896,19401,FUN_3,FUN_2
176918,28394,FUN_5,FUN_4
176921,22744,FUN_1,FUN_2
176930,25935,FUN_2,FUN_3
176931,14643,FUN_4,FUN_5
176959,967,FUN_1,FUN_2
176976,21480,FUN_3,FUN_2
176977,2660,FUN_4,FUN_3
176977,8853,FUN_2,FUN_3
176989,2782,FUN_2,FUN_3
177003,1988,FUN_6,FUN_5
177006,905,FUN_1,FUN_2
177011,13657,FUN_5,FUN_4
177020,2660,FUN_3,FUN_4
177026,19218,CUBE_L,RET
177048,14928,CUBE_R,RET
177048,17589,RET,CUBE_L
177059,17174,RET,CUBE_L
177062,14658,FUN_1,FUN_2
177068,9869,FUN_2,FUN_1
177074,22884,FUN_2,FUN_3
177081,10899,FUN_2,FUN_3
177091,15762,FUN_2,FUN_3
177115,9962,FUN_4,FUN_3
177118,3053,FUN_5,FUN_4
177126,29274,FUN_6,CUBE_R
177137,26354,FUN_1,FUN_2
177150,12136,FUN_4,FUN_5
177156,17315,FUN_5,FUN_4
177161,4796,FUN_2,FUN_1
177163,24989,FUN_4,FUN_3
177169,14852,FUN_2,FUN_3
177183,16165,FUN_2,FUN_1
177191,21135,FUN_1,FUN_2
177195,22915,FUN_2,FUN_1
177196,24784,FUN_2,FUN_3
177220,3292,FUN_5,FUN_4
177234,6429,FUN_3,FUN_2
177244,11164,FUN_2,FUN_1
177261,14405,FUN_2,FUN_1
177268,8022,FUN_3,FUN_2
177282,8048,FUN_6,FUN_5
177289,18718,FUN_1,FUN_2
177296,20280,FUN_6,FUN_5
177306,11812,FUN_4,FUN_3
177311,19515,FUN_3,FUN_4
177321,22134,FUN_2,FUN_3
177323,5310,FUN_2,FUN_1
177324,4234,FUN_3,FUN_4
177325,22780,FUN_2,FUN_1
177327,5171,FUN_2,FUN_3
177327,29182,FUN_2,FUN_1
177340,4614,FUN_3,FUN_2
177352,10748,FUN_3,FUN_2
177357,7317,CUBE_L,RET
177379,19401,FUN_2,FUN_3
177397,22789,FUN_2,FUN_1
177398,6241,FUN_3,FUN_4
177406,967,FUN_2,FUN_1
177411,16098,FUN_2,FUN_1
177414,22462,FUN_2,FUN_3
177417,2796,CUBE_R,FUN_6
177440,8658,FUN_5,FUN_6
177448,15016,CUBE_L,RET
177461,9840,FUN_4,FUN_3
177464,16244,FUN_2,FUN_3
177465,23667,FUN_2,FUN_1
177472,16098,FUN_1,FUN_2
177476,26083,FUN_6,CUBE_R
177489,22789,FUN_1,FUN_2
177497,7497,FUN_3,FUN_4
177502,24212,FUN_5,FUN_4
177521,11898,FUN_3,FUN_2
177536,11367,FUN_2,FUN_1
177540,20645,FUN_1,FUN_2
177559,13800,CUBE_L,RET
177569,2064,FUN_1,FUN_2
177572,9532,FUN_5,FUN_6
177577,22789,FUN_2,FUN_1
177584,18149,FUN_3,FUN_2
177584,28187,CUBE_L,FUN_1
177585,13023,FUN_1,FUN_2
177588,22789,FUN_1,FUN_2
177602,9196,FUN_4,FUN_5
177608,22789,FUN_2,FUN_1
177612,29274,CUBE_R,FUN_6
177624,17080,FUN_2,FUN_3
177640,15176,CUBE_R,FUN_6
177645,22826,FUN_2,FUN_3
177647,24704,CUBE_R,RET
177647,29887,FUN_1,CUBE_L
177655,22790,FUN_1,FUN_2
177661,17719,RET,CUBE_R
177672,3572,FUN_5,FUN_6
177673,4700,FUN_2,FUN_1
177685,15795,FUN_1,CUBE_L
177709,22789,FUN_1,FUN_2
177719,20410,FUN_1,CUBE_L
177725,16098,FUN_2,FUN_1
177733,12956,FUN_2,FUN_1
177733,16273,FUN_3,FUN_4
177738,12083,FUN_2,FUN_3
177738,22915,FUN_1,FUN_2
177746,12705,FUN_1,FUN_2
177766,6738,FUN_3,FUN_2
177767,19367,FUN_5,FUN_4
177768,5185,FUN_4,FUN_5
177777,7084,FUN_2,FUN_3
177779,11456,FUN_1,FUN_2
177781,19220,FUN_3,FUN_2
177804,12895,FUN_2,FUN_1
177807,2398,FUN_1,FUN_2
177831,16062,FUN_2,FUN_1
177837,26022,FUN_1,FUN_2
177839,17315,FUN_4,FUN_5
177857,29684,FUN_1,CUBE_L
177859,11857,FUN_3,FUN_2
177862,16344,RET,CUBE_R
177872,1174,FUN_2,FUN_3
177881,22970,CUBE_R,FUN_6
177889,21285,FUN_1,CUBE_L
177890,6738,FUN_2,FUN_3
177895,21967,FUN_4,FUN_5
177901,14985,FUN_6,FUN_5
177902,10444,CUBE_L,RET
177905,20197,FUN_3,FUN_2
177906,18718,FUN_2,FUN_1
177913,21680,RET,CUBE_R
177941,14508,FUN_3,FUN_2
177962,26449,FUN_2,FUN_3
177966,6487,FUN_3,FUN_4
177975,11235,FUN_1,FUN_2
177975,15176,FUN_6,CUBE_R
177977,7497,FUN_4,FUN_3
177995,25691,FUN_2,FUN_1
178000,18046,RET,CUBE_R
178005,10525,FUN_1,FUN_2
178010,23456,FUN_6,CUBE_R
178012,28680,CUBE_L,FUN_1
178017,14880,CUBE_R,RET
178022,28980,FUN_1,FUN_2
178058,17690,CUBE_R,FUN_6
178063,17315,FUN_5,FUN_4
178063,22970,FUN_6,CUBE_R
178066,15176,CUBE_R,FUN_6
178069,5189,CUBE_R,RET
178081,14777,CUBE_L,FUN_1
178084,23643,FUN_3,FUN_2
178084,29544,FUN_1,CUBE_L
178086,14508,FUN_2,FUN_3
178112,21752,CUBE_R,FUN_6
178123,22970,CUBE_R,FUN_6
178130,14405,FUN_1,FUN_2
178162,20308,FUN_1,FUN_2
178164,27078,CUBE_R,FUN_6
178170,15176,FUN_6,CUBE_R
178170,17954,FUN_1,FUN_2
178202,16678,FUN_6,FUN_5
178205,27928,FUN_6,FUN_5
178218,11206,FUN_2,FUN_3
178223,28161,RET,CUBE_L
178230,8414,FUN_2,FUN_3
178231,625,FUN_4,FUN_5
178233,18026,RET,CUBE_R
178234,2450,CUBE_R,RET
178243,10778,FUN_6,FUN_5
178256,15817,FUN_1,FUN_2
178258,27949,CUBE_L,RET
178260,18718,FUN_1,FUN_2
178272,2395,RET,CUBE_L
178278,22797,FUN_2,FUN_3
178286,12572,FUN_2,FUN_3
178289,15720,FUN_3,FUN_2
178291,18873,FUN_3,FUN_4
178293,3100,FUN_5,FUN_6
178303,27078,FUN_6,CUBE_R
178312,9750,FUN_2,FUN_1
178326,7725,FUN_2,FUN_1
178327,3844,FUN_2,FUN_3
178355,13068,CUBE_R,RET
178360,23745,CUBE_L,RET
178363,8853,FUN_3,FUN_2
178363,10424,FUN_2,FUN_3
178369,20131,FUN_5,FUN_4
178371,19344,CUBE_L,RET
178382,24734,FUN_5,FUN_6
178388,18778,FUN_1,CUBE_L
178392,2925,FUN_2,FUN_1
178397,9249,FUN_5,FUN_4
178400,22970,FUN_6,CUBE_R
178403,23850,FUN_2,FUN_3
178406,11856,FUN_1,FUN_2
178413,4614,FUN_2,FUN_3
178423,21943,CUBE_R,FUN_6
178448,2433,FUN_2,FUN_1
178458,19399,FUN_5,FUN_4
178464,16165,FUN_1,FUN_2
178504,3271,CUBE_R,RET
178515,13056,FUN_2,FUN_3
178518,22134,FUN_3,FUN_2
178531,27078,CUBE_R,FUN_6
178535,27812,FUN_3,FUN_2
178549,2382,FUN_2,FUN_3
178550,28744,RET,CUBE_L
178587,24945,FUN_2,FUN_3
178588,390,FUN_1,FUN_2
178598,10704,FUN_4,FUN_5
178614,10638,FUN_3,FUN_4
178616,14509,RET,CUBE_R
178633,1960,RET,CUBE_L
178636,3925,RET,CUBE_R
178646,28998,FUN_4,FUN_3
178664,9196,FUN_5,FUN_4
178669,8419,FUN_2,FUN_1
178727,6582,FUN_2,FUN_1
178730,27812,FUN_2,FUN_3
178770,18140,FUN_2,FUN_3
178778,9571,FUN_2,FUN_3
178787,17690,FUN_6,CUBE_R
178806,7627,FUN_2,FUN_1
178815,8524,FUN_2,FUN_3
178825,28744,CUBE_L,RET
178839,29448,CUBE_L,RET
178840,5062,FUN_5,FUN_6
178850,19174,CUBE_R,RET
178869,29804,FUN_2,FUN_1
178887,11898,FUN_2,FUN_3
178892,21298,FUN_2,FUN_3
178900,25293,FUN_6,FUN_5
178904,8853,FUN_2,FUN_3
178911,5095,CUBE_R,FUN_6
178917,4614,FUN_3,FUN_2
178931,3844,FUN_3,FUN_2
178937,17167,FUN_3,FUN_2
178946,26498,FUN_2,FUN_3
178947,14985,FUN_5,FUN_6
178949,15817,FUN_2,FUN_1
178964,7084,FUN_3,FUN_2
178965,19090,FUN_1,FUN_2
178977,24352,FUN_3,FUN_4
178979,28691,FUN_4,FUN_3
178986,10135,CUBE_L,RET
178986,22438,FUN_4,FUN_5
179001,13442,CUBE_L,RET
179007,390,FUN_2,FUN_1
179013,6786,FUN_2,FUN_3
179015,905,FUN_2,FUN_1
179021,14985,FUN_6,FUN_5
179041,10895,FUN_2,FUN_1
179050,13511,FUN_2,FUN_3
179062,390,FUN_1,FUN_2
179064,24057,FUN_2,FUN_1
179075,25467,FUN_1,CUBE_L
179084,4509,FUN_4,FUN_5
179088,27223,FUN_4,FUN_3
179101,21680,CUBE_R,RET
179112,1625,FUN_3,FUN_2
179112,9962,FUN_3,FUN_4
179128,1819,FUN_2,FUN_1
179140,14880,RET,CUBE_R
179153,28032,FUN_1,FUN_2
179160,12215,CUBE_L,RET
179168,9869,FUN_1,FUN_2
179170,27028,RET,CUBE_R
179194,11721,FUN_4,FUN_3
179196,1960,CUBE_L,RET
179211,8853,FUN_3,FUN_2
179231,8313,FUN_6,CUBE_R
179241,23338,FUN_5,FUN_4
179276,1125,FUN_4,FUN_3
179277,24057,FUN_1,FUN_2
179284,7306,FUN_5,FUN_4
179288,7406,FUN_4,FUN_3
179311,15631,FUN_2,FUN_3
179326,9637,FUN_6,FUN_5
179328,15016,RET,CUBE_L
179348,3044,FUN_2,FUN_3
179349,7497,FUN_3,FUN_4
179349,21753,FUN_2,FUN_1
179352,27157,CUBE_R,FUN_6
179356,16098,FUN_1,FUN_2
179362,13023,FUN_2,FUN_1
179363,13834,FUN_1,FUN_2
179365,9750,FUN_1,FUN_2
179366,14852,FUN_3,FUN_2
179371,22404,FUN_3,FUN_4
179379,7074,FUN_1,FUN_2
179380,11650,RET,CUBE_L
179388,27231,FUN_3,FUN_2
179411,28825,FUN_1,FUN_2
179412,1193,CUBE_R,RET
179413,17589,CUBE_L,RET
179420,14193,FUN_4,FUN_3
179428,20658,FUN_3,FUN_4
179431,29940,FUN_2,FUN_1
179444,18140,FUN_3,FUN_2
179447,8701,FUN_4,FUN_5
179460,565,CUBE_L,FUN_1
179474,9747,FUN_3,FUN_2
179477,15344,FUN_3,FUN_4
179481,3292,FUN_4,FUN_5
179486,9056,FUN_3,FUN_2
179525,24557,FUN_2,FUN_3
179536,19850,CUBE_L,RET
179536,20660,FUN_1,FUN_2
179549,7074,FUN_2,FUN_1
179555,11206,FUN_3,FUN_2
179571,13980,FUN_6,FUN_5
179573,3042,FUN_2,FUN_3
179596,9895,FUN_4,FUN_5
179603,6487,FUN_4,FUN_3
179617,25226,FUN_2,FUN_3
179628,19039,FUN_3,FUN_4
179631,9196,FUN_4,FUN_5
179635,15797,CUBE_R,RET
179646,1819,FUN_1,FUN_2
179660,905,FUN_1,FUN_2
179670,21285,CUBE_L,FUN_1
179694,10811,FUN_1,FUN_2
179695,2433,FUN_1,FUN_2
179753,8022,FUN_2,FUN_3
179755,23745,RET,CUBE_L
179757,17483,FUN_6,FUN_5
179759,11856,FUN_2,FUN_1
179759,15952,FUN_5,FUN_4
179763,25666,FUN_1,FUN_2
179777,12315,FUN_3,FUN_2
179778,15762,FUN_3,FUN_2
179781,432,FUN_5,FUN_4
179781,19473,FUN_4,FUN_5
179786,21680,RET,CUBE_R
179788,2067,FUN_3,FUN_4
179798,22970,CUBE_R,FUN_6
179802,1625,FUN_2,FUN_3
179806,7505,FUN_3,FUN_2
179814,23139,RET,CUBE_R
179857,15663,RET,CUBE_L
179876,29085,FUN_4,FUN_3
179877,19430,CUBE_R,FUN_6
179878,25467,CUBE_L,FUN_1
179893,21276,FUN_3,FUN_2
179903,22842,FUN_3,FUN_2
179926,13657,FUN_4,FUN_5
179933,9539,CUBE_R,FUN_6
179934,1819,FUN_2,FUN_1
179943,22368,FUN_3,FUN_2
179960,21409,FUN_2,FUN_1
179968,3921,FUN_4,FUN_5
179968,23491,FUN_2,FUN_1
179970,21676,CUBE_L,FUN_1
179970,29684,CUBE_L,FUN_1
179973,26595,FUN_2,FUN_1
179980,26243,CUBE_R,FUN_6
180019,21680,CUBE_R,RET
180034,18102,FUN_6,CUBE_R
180049,5310,FUN_1,FUN_2
180062,21829,FUN_3,FUN_2
180062,29487,FUN_2,FUN_3
180075,19440,FUN_1,FUN_2
180090,12224,FUN_3,FUN_4
180095,13408,RET,CUBE_R
180100,13066,FUN_3,FUN_4
180110,8107,FUN_3,FUN_2
180113,2838,FUN_2,FUN_1
180120,19374,FUN_3,FUN_2
180126,15286,FUN_2,FUN_3
180136,3609,FUN_4,FUN_3
180144,6691,FUN_2,FUN_3
180167,25226,FUN_3,FUN_2
180174,17690,CUBE_R,FUN_6
180177,3332,FUN_2,FUN_3
180181,2398,FUN_2,FUN_1
180188,19220,FUN_2,FUN_3
180206,23036,FUN_5,FUN_4
180207,29242,FUN_2,FUN_3
180215,23667,FUN_1,FUN_2
180226,19748,RET,CUBE_R
180243,22583,FUN_4,FUN_5
180245,18092,FUN_1,FUN_2
180251,13442,RET,CUBE_L
180261,956,FUN_3,FUN_4
180270,22826,FUN_3,FUN_2
180275,13980,FUN_5,FUN_6
180277,3400,FUN_3,FUN_2
180277,3844,FUN_2,FUN_3
180283,7061,FUN_2,FUN_1
180287,18878,FUN_3,FUN_4
180294,15635,FUN_2,FUN_1
180333,20745,FUN_4,FUN_3
180339,17078,FUN_1,FUN_2
180370,27114,FUN_6,FUN_5
180381,6933,FUN_5,FUN_6
180390,8969,FUN_4,FUN_3
180395,1281,FUN_4,FUN_3
180398,26482,CUBE_R,FUN_6
180407,13196,FUN_4,FUN_3
180411,18411,FUN_2,FUN_3
180413,9919,FUN_1,FUN_2
180420,15762,FUN_2,FUN_3
180441,15057,FUN_1,FUN_2
180460,12195,FUN_5,FUN_4
180476,26783,FUN_4,FUN_3
180490,13455,FUN_2,FUN_3
180493,9056,FUN_2,FUN_3
180496,13506,CUBE_L,FUN_1
180505,10525,FUN_2,FUN_1
180518,24583,FUN_5,FUN_4
180519,7061,FUN_1,FUN_2
180521,22915,FUN_2,FUN_1
180523,6304,FUN_4,FUN_5
180534,10085,FUN_4,FUN_3
180548,6981,FUN_6,CUBE_R
180554,9430,FUN_3,FUN_2
180572,15377,FUN_3,FUN_2
180591,14880,CUBE_R,RET
180594,12705,FUN_2,FUN_1
180613,10135,RET,CUBE_L
180616,13305,FUN_1,FUN_2
180625,9196,FUN_5,FUN_4
180628,15952,FUN_4,FUN_5
180630,4684,FUN_3,FUN_4
180635,26858,FUN_2,FUN_1
180652,3332,FUN_3,FUN_2
180666,12136,FUN_5,FUN_4
180667,19117,FUN_1,FUN_2
180686,3378,FUN_3,FUN_2
180699,10748,FUN_2,FUN_3
180719,19558,FUN_2,FUN_1
180755,11206,FUN_2,FUN_3
180769,24990,CUBE_R,RET
180818,5604,FUN_2,FUN_3
180822,25912,FUN_5,FUN_6
180832,5256,RET,CUBE_L
180836,6123,CUBE_L,FUN_1
180841,9438,FUN_3,FUN_2
180863,22842,FUN_2,FUN_3
180867,23768,FUN_3,FUN_2
180873,3042,FUN_3,FUN_2
180874,13068,RET,CUBE_R
180890,7032,FUN_2,FUN_1
180926,19558,FUN_1,FUN_2
180935,7505,FUN_2,FUN_3
180943,28245,FUN_2,FUN_3
180953,8678,CUBE_L,RET
180970,2796,FUN_6,CUBE_R
180972,28641,FUN_3,FUN_2
180985,10811,FUN_2,FUN_1
180999,19670,FUN_2,FUN_1
181019,15744,FUN_1,FUN_2
181022,27898,FUN_1,CUBE_L
181023,12702,FUN_2,FUN_3
181030,8900,CUBE_L,RET
181033,10811,FUN_1,FUN_2
181034,19671,FUN_2,FUN_3
181068,24467,CUBE_R,RET
181074,119,FUN_3,FUN_4
181074,2133,FUN_4,FUN_5
181083,21896,FUN_1,FUN_2
181092,27295,FUN_1,FUN_2
181095,23667,FUN_2,FUN_1
181101,14985,FUN_5,FUN_6
181107,7547,FUN_5,FUN_6
181112,19855,FUN_5,FUN_4
181115,18026,CUBE_R,RET
181138,6160,FUN_5,FUN_4
181139,11447,CUBE_L,RET
181152,9265,FUN_3,FUN_2
181155,2716,FUN_2,FUN_1
181157,142,FUN_3,FUN_2
181161,29085,FUN_3,FUN_4
181166,19401,FUN_3,FUN_2
181168,23768,FUN_2,FUN_3
181171,23036,FUN_4,FUN_5
181188,12168,FUN_3,FUN_2
181190,11831,RET,CUBE_R
181201,17315,FUN_4,FUN_5
181224,9895,FUN_5,FUN_4
181232,11857,FUN_2,FUN_3
181237,27157,FUN_6,CUBE_R
181240,13068,CUBE_R,RET
181249,19629,FUN_3,FUN_2
181251,3572,FUN_6,FUN_5
181256,7098,RET,CUBE_L
181262,5095,FUN_6,CUBE_R
181275,24212,FUN_4,FUN_5
181282,4386,FUN_2,FUN_1
181285,2382,FUN_3,FUN_2
181290,6805,CUBE_R,FUN_6
181308,29640,CUBE_R,RET
181337,9438,FUN_2,FUN_3
181337,13275,FUN_6,CUBE_R
181357,11856,FUN_1,FUN_2
181360,28541,FUN_3,FUN_2
181362,28641,FUN_2,FUN_3
181363,8107,FUN_2,FUN_3
181419,15635,FUN_1,FUN_2
181435,14506,FUN_2,FUN_1
181454,15817,FUN_1,FUN_2
181454,23667,FUN_1,FUN_2
181469,19401,FUN_2,FUN_3
181483,10638,FUN_4,FUN_3
181492,16903,FUN_6,CUBE_R
181497,26595,FUN_1,FUN_2
181503,27492,FUN_5,FUN_4
181510,12224,FUN_4,FUN_3
181514,14405,FUN_2,FUN_1
181528,23667,FUN_2,FUN_1
181529,24657,FUN_4,FUN_3
181553,8521,FUN_3,FUN_2
181558,28641,FUN_3,FUN_2
181603,19374,FUN_2,FUN_3
181625,21110,FUN_1,FUN_2
181640,1393,FUN_1,FUN_2
181668,23228,FUN_5,FUN_4
181682,1914,RET,CUBE_L
181685,22789,FUN_2,FUN_1
181688,17078,FUN_2,FUN_1
181689,4927,FUN_3,FUN_2
181689,15189,FUN_4,FUN_3
181689,19793,FUN_3,FUN_4
181692,4935,RET,CUBE_L
181696,18873,FUN_4,FUN_3
181700,3801,CUBE_L,RET
181706,17352,FUN_1,CUBE_L
181747,5139,FUN_5,FUN_6
181752,4614,FUN_2,FUN_3
181763,14985,FUN_6,FUN_5
181782,25157,FUN_5,FUN_6
181783,6201,CUBE_L,RET
181786,19296,FUN_6,CUBE_R
181795,4103,FUN_4,FUN_3
181797,2700,FUN_3,FUN_2
181808,8107,FUN_3,FUN_2
181813,4250,CUBE_L,FUN_1
181813,8275,FUN_1,FUN_2
181820,15952,FUN_5,FUN_4
181828,16062,FUN_1,FUN_2
181830,27078,FUN_6,CUBE_R
181835,26211,FUN_3,FUN_2
181840,13511,FUN_3,FUN_2
181846,21034,FUN_4,FUN_3
181859,4386,FUN_1,FUN_2
181873,24557,FUN_3,FUN_2
181878,26554,RET,CUBE_R
181880,23228,FUN_4,FUN_5
181891,15952,FUN_4,FUN_5
181892,1590,FUN_2,FUN_3
181892,16892,FUN_3,FUN_2
181912,5095,CUBE_R,FUN_6
181917,18086,FUN_5,FUN_4
181931,29345,FUN_4,FUN_3
181969,4299,FUN_4,FUN_3
181971,29904,FUN_2,FUN_3
181974,2716,FUN_1,FUN_2
181984,2925,FUN_1,FUN_2
181994,10460,FUN_4,FUN_3
181996,21285,FUN_1,CUBE_L
181997,2364,FUN_3,FUN_2
182005,26527,FUN_2,FUN_1
182007,4743,FUN_3,FUN_4
182013,3302,FUN_3,FUN_4
182033,18287,CUBE_L,RET
182034,10245,FUN_2,FUN_1
182046,29528,CUBE_L,RET
182053,3519,FUN_6,FUN_5
182062,20660,FUN_2,FUN_1
182099,25243,RET,CUBE_L
182108,12215,RET,CUBE_L
182117,17094,FUN_2,FUN_1
182117,22404,FUN_4,FUN_3
182129,15118,FUN_2,FUN_1
182130,25326,FUN_3,FUN_2
182153,20810,FUN_5,FUN_6
182154,17094,FUN_1,FUN_2
182160,29475,FUN_2,FUN_1
182166,3412,FUN_6,CUBE_R
182181,20728,FUN_4,FUN_5
182184,11447,RET,CUBE_L
182184,27322,FUN_2,FUN_3
182195,14562,FUN_3,FUN_2
182205,18926,FUN_2,FUN_3
182218,2647,FUN_1,FUN_2
182227,23256,FUN_3,FUN_2
182229,13980,FUN_6,FUN_5
182229,15039,FUN_3,FUN_2
182232,2433,FUN_2,FUN_1
182234,17167,FUN_2,FUN_3
182237,17352,CUBE_L,FUN_1
182251,29640,RET,CUBE_R
182255,18718,FUN_2,FUN_1
182278,3665,FUN_4,FUN_5
182281,27952,FUN_1,FUN_2
182285,17719,CUBE_R,RET
182317,8969,FUN_3,FUN_4
182328,11650,CUBE_L,RET
182331,4509,FUN_5,FUN_4
182336,2382,FUN_2,FUN_3
182353,28919,FUN_1,FUN_2
182364,2925,FUN_2,FUN_1
182405,13723,FUN_3,FUN_4
182411,22316,FUN_3,FUN_2
182439,3921,FUN_5,FUN_4
182439,5769,FUN_6,FUN_5
182443,19804,CUBE_L,RET
182449,10245,FUN_1,FUN_2
182471,13068,RET,CUBE_R
182486,19296,CUBE_R,FUN_6
182488,15531,CUBE_L,RET
182491,13723,FUN_4,FUN_3
182494,193,FUN_3,FUN_4
182494,10875,FUN_2,FUN_1
182506,18778,CUBE_L,FUN_1
182563,11465,FUN_2,FUN_3
182570,22134,FUN_2,FUN_3
182571,28980,FUN_2,FUN_1
182572,14027,FUN_5,FUN_4
182580,26858,FUN_1,FUN_2
182594,26349,FUN_2,FUN_3
182596,1353,CUBE_L,RET
182597,10349,CUBE_L,RET
182610,15285,FUN_3,FUN_2
182615,21135,FUN_2,FUN_1
182616,20051,FUN_5,FUN_6
182626,13732,FUN_3,FUN_4
182642,7604,FUN_3,FUN_2
182661,4897,FUN_1,FUN_2
182670,10824,FUN_6,CUBE_R
182671,11770,FUN_5,FUN_6
182677,10748,FUN_3,FUN_2
182696,18083,RET,CUBE_L
182710,3625,FUN_3,FUN_4
182732,10704,FUN_5,FUN_4
182732,19374,FUN_3,FUN_2
182735,16594,FUN_2,FUN_1
182749,16903,CUBE_R,FUN_6
182750,19430,FUN_6,CUBE_R
182758,26268,FUN_2,FUN_1
182769,17080,FUN_3,FUN_2
182772,21285,CUBE_L,FUN_1
182781,19487,FUN_1,FUN_2
182797,986,FUN_2,FUN_3
182805,858,FUN_5,FUN_6
182806,2321,FUN_4,FUN_3
182812,21448,FUN_2,FUN_3
182813,898,FUN_4,FUN_3
182819,2398,FUN_1,FUN_2
182831,17171,FUN_3,FUN_4
182852,25627,FUN_1,FUN_2
182859,20228,FUN_1,FUN_2
182872,20233,FUN_3,FUN_2
182882,17241,FUN_2,FUN_1
182916,22632,CUBE_R,RET
182917,29383,CUBE_L,FUN_1
182925,22780,FUN_1,FUN_2
182925,29640,CUBE_R,RET
182941,10245,FUN_2,FUN_1
182951,3412,CUBE_R,FUN_6
182961,20228,FUN_2,FUN_1
182973,11737,FUN_4,FUN_3
182984,29672,FUN_3,FUN_2
182992,17300,FUN_1,FUN_2
182997,29640,RET,CUBE_R
182998,17347,FUN_3,FUN_4
183003,14506,FUN_1,FUN_2
183013,6201,RET,CUBE_L
183018,16594,FUN_1,FUN_2
183019,10245,FUN_1,FUN_2
183022,10245,FUN_2,FUN_1
183024,954,FUN_5,FUN_6
183036,2925,FUN_1,FUN_2
183038,3689,FUN_3,FUN_2
183040,9097,RET,CUBE_L
183040,20140,FUN_1,FUN_2
183041,10245,FUN_1,FUN_2
183044,18167,FUN_2,FUN_3
183046,24653,FUN_5,FUN_4
183049,17690,FUN_6,CUBE_R
183050,15286,FUN_3,FUN_2
183060,25226,FUN_2,FUN_3
183086,21228,FUN_3,FUN_2
183095,21829,FUN_2,FUN_3
183109,27295,FUN_2,FUN_1
183111,10245,FUN_2,FUN_1
183120,6131,FUN_2,FUN_1
183124,16763,FUN_3,FUN_2
183127,20580,RET,CUBE_L
183139,1821,FUN_4,FUN_3
183143,2623,FUN_3,FUN_4
183151,14351,FUN_4,FUN_3
183151,15720,FUN_2,FUN_3
183159,14509,CUBE_R,RET
183175,21285,FUN_1,CUBE_L
183195,10806,FUN_2,FUN_3
183200,7167,FUN_4,FUN_3
183201,21003,FUN_3,FUN_2
183216,565,FUN_1,CUBE_L
183220,13203,RET,CUBE_L
183234,11357,CUBE_L,RET
183237,11367,FUN_1,FUN_2
183243,10135,CUBE_L,RET
183246,23667,FUN_1,FUN_2
183255,954,FUN_6,FUN_5
183276,22143,FUN_6,FUN_5
183297,28415,FUN_2,FUN_1
183310,28919,FUN_2,FUN_1
183312,20340,FUN_2,FUN_1
183314,19278,FUN_3,FUN_4
183314,20140,FUN_2,FUN_1
183320,13946,FUN_1,FUN_2
183322,5449,FUN_4,FUN_3
183322,29111,FUN_4,FUN_3
183348,19850,RET,CUBE_L
183369,5310,FUN_2,FUN_1
183383,25293,FUN_5,FUN_6
183383,29684,FUN_1,CUBE_L
183384,4103,FUN_3,FUN_4
183390,4557,FUN_2,FUN_3
183396,2716,FUN_2,FUN_1
183417,12161,FUN_4,FUN_3
183428,281,FUN_2,FUN_3
183442,19804,RET,CUBE_L
183455,10349,RET,CUBE_L
183467,17094,FUN_2,FUN_1
183474,27651,FUN_3,FUN_2
183483,29672,FUN_2,FUN_3
183487,10811,FUN_2,FUN_1
183500,2321,FUN_3,FUN_4
183526,816,RET,CUBE_L
183533,4376,CUBE_L,FUN_1
183538,21123,FUN_1,FUN_2
183541,12134,FUN_2,FUN_1
183545,27078,CUBE_R,FUN_6
183559,14469,FUN_1,FUN_2
183560,16218,FUN_2,FUN_1
183562,12999,FUN_6,CUBE_R
183563,29672,FUN_3,FUN_2
183570,28744,RET,CUBE_L
183581,8107,FUN_2,FUN_3
183611,5256,CUBE_L,RET
183635,21871,FUN_1,FUN_2
183645,9951,FUN_3,FUN_2
183647,19579,RET,CUBE_L
183668,29672,FUN_2,FUN_3
183672,19117,FUN_2,FUN_1
183713,816,CUBE_L,RET
183724,3625,FUN_4,FUN_3
183725,5661,FUN_3,FUN_4
183736,9895,FUN_4,FUN_5
183743,858,FUN_6,FUN_5
183744,23436,FUN_1,FUN_2
183749,4394,FUN_3,FUN_2
183749,19420,FUN_6,FUN_5
183751,11737,FUN_3,FUN_4
183754,15118,FUN_1,FUN_2
183757,24477,FUN_3,FUN_2
183771,7912,FUN_3,FUN_2
183774,26058,FUN_3,FUN_4
183789,16678,FUN_5,FUN_6
183790,25797,FUN_3,FUN_2
183795,25691,FUN_1,FUN_2
183801,4796,FUN_1,FUN_2
183809,24557,FUN_2,FUN_3
183814,15531,RET,CUBE_L
183822,9095,RET,CUBE_L
183847,20140,FUN_1,FUN_2
183865,967,FUN_1,FUN_2
183869,19245,FUN_1,FUN_2
183879,18406,FUN_3,FUN_2
183898,2521,FUN_2,FUN_3
183898,3689,FUN_2,FUN_3
183900,2133,FUN_5,FUN_4
183900,4995,FUN_4,FUN_3
183906,4700,FUN_1,FUN_2
183920,4557,FUN_3,FUN_2
183921,27295,FUN_1,FUN_2
183922,16850,FUN_4,FUN_3
183923,9060,FUN_5,FUN_6
183941,3801,RET,CUBE_L
183943,10854,FUN_5,FUN_4
183944,7573,FUN_2,FUN_1
183944,15833,FUN_6,CUBE_R
183945,18894,FUN_1,FUN_2
183964,565,CUBE_L,FUN_1
183979,29102,FUN_2,FUN_3
183991,4673,FUN_2,FUN_3
183998,20580,CUBE_L,RET
184003,20284,FUN_2,FUN_1
184004,3625,FUN_3,FUN_4
184021,14562,FUN_2,FUN_3
184052,21647,FUN_5,FUN_6
184060,7167,FUN_3,FUN_4
184078,12791,FUN_3,FUN_2
184080,858,FUN_5,FUN_6
184089,3225,FUN_3,FUN_2
184105,7209,CUBE_L,RET
184116,19804,CUBE_L,RET
184123,27295,FUN_2,FUN_1
184124,5310,FUN_1,FUN_2
184131,23457,FUN_4,FUN_5
184138,4144,CUBE_L,RET
184141,14702,RET,CUBE_R
184149,21933,FUN_6,FUN_5
184154,219,CUBE_L,FUN_1
184167,28779,FUN_1,FUN_2
184168,12255,FUN_2,FUN_3
184173,3332,FUN_2,FUN_3
184180,19804,RET,CUBE_L
184181,10488,FUN_1,FUN_2
184196,28035,CUBE_L,RET
184210,20140,FUN_2,FUN_1
184215,27964,FUN_4,FUN_3
184216,15631,FUN_3,FUN_2
184217,10135,RET,CUBE_L
184258,21123,FUN_2,FUN_1
184259,10806,FUN_3,FUN_2
184263,2899,RET,CUBE_R
184267,5139,FUN_6,FUN_5
184280,12624,RET,CUBE_R
184282,19984,FUN_4,FUN_3
184288,25337,RET,CUBE_L
184303,15531,CUBE_L,RET
184324,22134,FUN_3,FUN_2
184334,17315,FUN_5,FUN_4
184344,19686,FUN_5,FUN_4
184357,21502,FUN_2,FUN_1
184360,8594,FUN_1,FUN_2
184370,4394,FUN_2,FUN_3
184376,11235,FUN_2,FUN_1
184397,21706,FUN_3,FUN_2
184406,13657,FUN_5,FUN_4
184407,26875,FUN_1,CUBE_L
184410,13066,FUN_4,FUN_3
184410,28032,FUN_2,FUN_1
184424,29448,RET,CUBE_L
184433,19804,CUBE_L,RET
184435,12624,CUBE_R,RET
184449,281,FUN_3,FUN_2
184463,26783,FUN_3,FUN_4
184466,21298,FUN_3,FUN_2
184477,10649,FUN_6,CUBE_R
184496,7505,FUN_3,FUN_2
184511,17413,FUN_2,FUN_3
184513,29242,FUN_3,FUN_2
184530,15530,FUN_3,FUN_2
184532,26875,CUBE_L,FUN_1
184555,858,FUN_6,FUN_5
184560,9914,CUBE_L,FUN_1
184564,13068,CUBE_R,RET
184565,16979,CUBE_L,RET
184570,11602,CUBE_R,RET
184591,29555,FUN_2,FUN_3
184600,15547,FUN_3,FUN_4
184642,8839,FUN_2,FUN_3
184648,4557,FUN_2,FUN_3
184655,18406,FUN_2,FUN_3
184659,27114,FUN_5,FUN_6
184672,17113,FUN_6,FUN_5
184678,15032,FUN_2,FUN_1
184679,10811,FUN_1,FUN_2
184682,27952,FUN_2,FUN_1
184700,4459,CUBE_R,FUN_6
184701,27955,CUBE_R,FUN_6
184718,28120,FUN_3,FUN_2
184732,11357,RET,CUBE_L
184767,20361,FUN_3,FUN_2
184769,14990,FUN_2,FUN_1
184778,219,FUN_1,CUBE_L
184778,18910,RET,CUBE_L
184784,13761,FUN_5,FUN_4
184796,11500,FUN_1,FUN_2
184797,10135,CUBE_L,RET
184802,22236,FUN_5,FUN_6
184813,15460,FUN_1,CUBE_L
184818,23139,CUBE_R,RET
184823,13834,FUN_2,FUN_1
184845,22766,FUN_3,FUN_2
184854,26595,FUN_2,FUN_1
184869,8315,FUN_3,FUN_2
184871,7604,FUN_2,FUN_3
184873,15797,RET,CUBE_R
184876,20051,FUN_6,FUN_5
184881,21390,FUN_5,FUN_4
184883,5319,RET,CUBE_R
184887,2184,CUBE_R,FUN_6
184887,10143,RET,CUBE_R
184891,21421,CUBE_R,FUN_6
184892,3625,FUN_4,FUN_3
184894,19748,CUBE_R,RET
184899,3292,FUN_5,FUN_4
184903,17584,FUN_2,FUN_1
184906,16250,FUN_6,FUN_5
184932,25157,FUN_6,FUN_5
184934,16594,FUN_2,FUN_1
184951,10086,FUN_5,FUN_4
184983,3755,FUN_3,FUN_4
184990,28415,FUN_1,FUN_2
184997,7194,FUN_2,FUN_3
185026,8834,FUN_3,FUN_4
185027,24464,FUN_3,FUN_2
185033,13732,FUN_4,FUN_3
185041,27913,FUN_2,FUN_1
185045,21852,FUN_5,FUN_6
185047,8107,FUN_3,FUN_2
185048,18287,RET,CUBE_L
185075,2283,FUN_2,FUN_3
185103,1459,FUN_3,FUN_2
185111,2067,FUN_4,FUN_3
185122,15219,FUN_2,FUN_1
185123,12281,FUN_3,FUN_2
185123,28032,FUN_1,FUN_2
185166,13946,FUN_2,FUN_1
185176,5354,FUN_5,FUN_6
185181,7662,FUN_3,FUN_4
185192,24803,FUN_3,FUN_2
185199,4103,FUN_4,FUN_3
185207,4184,RET,CUBE_L
185207,8937,FUN_6,CUBE_R
185209,27368,CUBE_R,FUN_6
185236,8434,FUN_3,FUN_2
185239,20361,FUN_2,FUN_3
185249,7760,FUN_5,FUN_4
185259,26268,FUN_1,FUN_2
185275,5968,FUN_3,FUN_2
185310,3625,FUN_3,FUN_4
185345,14351,FUN_3,FUN_4
185347,19579,CUBE_L,RET
185368,7240,FUN_3,FUN_2
185377,10486,FUN_4,FUN_5
185428,8937,CUBE_R,FUN_6
185445,9097,CUBE_L,RET
185447,22787,FUN_3,FUN_4
185447,25326,FUN_2,FUN_3
185479,3100,FUN_6,FUN_5
185481,21100,FUN_6,FUN_5
185484,2049,FUN_3,FUN_2
185495,12624,RET,CUBE_R
185496,28998,FUN_3,FUN_4
185499,905,FUN_2,FUN_1
185512,7004,FUN_5,FUN_6
185513,23643,FUN_2,FUN_3
185514,7240,FUN_2,FUN_3
185514,10678,FUN_2,FUN_1
185546,19903,FUN_1,FUN_2
185551,9438,FUN_3,FUN_2
185561,16218,FUN_1,FUN_2
185565,2261,FUN_5,FUN_4
185565,27651,FUN_2,FUN_3
185597,11737,FUN_4,FUN_3
185614,20728,FUN_5,FUN_4
185633,13732,FUN_3,FUN_4
185648,16208,FUN_5,FUN_4
185675,26380,CUBE_R,FUN_6
185677,28120,FUN_2,FUN_3
185681,281,FUN_2,FUN_3
185682,23137,FUN_3,FUN_2
185695,21582,FUN_2,FUN_3
185702,19468,FUN_2,FUN_3
185705,7371,FUN_2,FUN_1
185711,20284,FUN_1,FUN_2
185714,10811,FUN_2,FUN_1
185716,3225,FUN_2,FUN_3
185716,20361,FUN_3,FUN_2
185717,390,FUN_2,FUN_1
185717,10749,FUN_5,FUN_4
185728,4995,FUN_3,FUN_4
185733,16979,RET,CUBE_L
185762,4394,FUN_3,FUN_2
185765,19395,FUN_2,FUN_1
185766,4642,FUN_1,CUBE_L
185776,25701,FUN_3,FUN_2
185784,13761,FUN_4,FUN_5
185828,10143,CUBE_R,RET
185830,10086,FUN_4,FUN_5
185841,26380,FUN_6,CUBE_R
185844,15631,FUN_2,FUN_3
185847,1373,FUN_3,FUN_2
185865,8419,FUN_1,FUN_2
185871,12281,FUN_2,FUN_3
185875,22789,FUN_1,FUN_2
185883,9097,RET,CUBE_L
185885,21460,FUN_5,FUN_4
185889,27284,FUN_4,FUN_3
185891,534,FUN_2,FUN_3
185898,10205,FUN_6,CUBE_R
185936,17241,FUN_1,FUN_2
185938,14746,RET,CUBE_R
185956,28640,FUN_3,FUN_4
185981,2067,FUN_3,FUN_4
185985,13761,FUN_5,FUN_4
185987,5235,FUN_3,FUN_4
185992,10811,FUN_1,FUN_2
185998,22816,FUN_1,FUN_2
186000,20796,FUN_3,FUN_2
186001,219,CUBE_L,FUN_1
186015,10086,FUN_5,FUN_4
186016,19903,FUN_2,FUN_1
186058,4144,RET,CUBE_L
186065,15720,FUN_3,FUN_2
186074,29383,FUN_1,CUBE_L
186078,27020,FUN_1,FUN_2
186100,29443,FUN_2,FUN_1
186101,16613,FUN_6,FUN_5
186104,7497,FUN_4,FUN_3
186122,16594,FUN_1,FUN_2
186136,9751,FUN_2,FUN_3
186155,7240,FUN_3,FUN_2
186168,9097,CUBE_L,RET
186170,3140,FUN_5,FUN_4
186178,5743,FUN_1,CUBE_L
186182,20361,FUN_2,FUN_3
186184,26118,FUN_3,FUN_2
186201,22022,FUN_4,FUN_3
186203,23755,FUN_5,FUN_4
186244,7371,FUN_1,FUN_2
186247,17808,RET,CUBE_R
186248,21105,FUN_4,FUN_5
186286,14852,FUN_2,FUN_3
186328,10638,FUN_3,FUN_4
186338,19515,FUN_4,FUN_3
186347,21829,FUN_3,FUN_2
186353,29111,FUN_3,FUN_4
186356,11370,FUN_2,FUN_1
186358,281,FUN_3,FUN_2
186361,19296,FUN_6,CUBE_R
186376,24224,FUN_4,FUN_5
186378,4459,FUN_6,CUBE_R
186385,6034,FUN_3,FUN_4
186389,2331,FUN_3,FUN_4
186404,2064,FUN_2,FUN_1
186424,21688,CUBE_R,RET
186442,2004,FUN_2,FUN_1
186460,22797,FUN_3,FUN_2
186470,6696,FUN_3,FUN_2
186471,13245,FUN_3,FUN_4
186483,19515,FUN_3,FUN_4
186494,21100,FUN_5,FUN_6
186500,7912,FUN_2,FUN_3
186519,27952,FUN_1,FUN_2
186521,11367,FUN_2,FUN_1
186528,5319,CUBE_R,RET
186531,9951,FUN_2,FUN_3
186531,18485,CUBE_L,RET
186532,19748,RET,CUBE_R
186532,29804,FUN_1,FUN_2
186533,519,CUBE_L,RET
186550,28998,FUN_4,FUN_3
186552,7247,FUN_2,FUN_3
186562,2004,FUN_1,FUN_2
186573,14068,FUN_5,FUN_6
186585,26449,FUN_3,FUN_2
186587,22134,FUN_2,FUN_3
186588,3100,FUN_5,FUN_6
186592,26083,CUBE_R,FUN_6
186598,9637,FUN_5,FUN_6
186618,19990,FUN_5,FUN_6
186620,16076,FUN_6,FUN_5
186638,17419,FUN_3,FUN_2
186639,7371,FUN_2,FUN_1
186654,18296,FUN_1,FUN_2
186681,2433,FUN_1,FUN_2
186702,12215,CUBE_L,RET
186711,15126,FUN_2,FUN_3
186714,11685,FUN_3,FUN_2
186726,10601,RET,CUBE_R
186729,1224,FUN_3,FUN_4
186738,16273,FUN_4,FUN_3
186741,19392,FUN_4,FUN_3
186773,19218,RET,CUBE_L
186778,7556,FUN_4,FUN_5
186784,3302,FUN_4,FUN_3
186800,10444,RET,CUBE_L
186803,7032,FUN_1,FUN_2
186820,10875,FUN_1,FUN_2
186828,9751,FUN_3,FUN_2
186829,27415,FUN_2,FUN_1
186842,5921,FUN_5,FUN_4
186864,19810,FUN_3,FUN_4
186879,11384,FUN_1,FUN_2
186895,16594,FUN_2,FUN_1
186901,24311,FUN_4,FUN_5
186902,27621,RET,CUBE_R
186911,13567,FUN_6,CUBE_R
186930,23256,FUN_2,FUN_3
186945,4642,CUBE_L,FUN_1
186948,17719,RET,CUBE_R
186949,17608,CUBE_R,RET
186957,3140,FUN_4,FUN_5
186968,10749,FUN_4,FUN_5
186981,7340,CUBE_R,FUN_6
187005,26417,FUN_2,FUN_3
187010,19515,FUN_4,FUN_3
187015,17584,FUN_1,FUN_2
187019,22905,FUN_2,FUN_3
187039,14351,FUN_4,FUN_3
187051,12161,FUN_3,FUN_4
187066,7240,FUN_2,FUN_3
187067,14562,FUN_3,FUN_2
187077,1174,FUN_3,FUN_2
187085,19515,FUN_3,FUN_4
187086,966,CUBE_R,RET
187102,11005,RET,CUBE_R
187123,17094,FUN_1,FUN_2
187128,7556,FUN_5,FUN_4
187146,7017,FUN_2,FUN_1
187148,9830,FUN_4,FUN_5
187158,1441,FUN_2,FUN_3
187170,29111,FUN_4,FUN_3
187179,17094,FUN_2,FUN_1
187193,8038,CUBE_L,RET
187213,2211,FUN_3,FUN_2
187215,19558,FUN_2,FUN_1
187231,1637,FUN_3,FUN_2
187294,16718,FUN_2,FUN_3
187296,8419,FUN_2,FUN_1
187307,22592,FUN_6,CUBE_R
187314,19558,FUN_1,FUN_2
187330,11650,RET,CUBE_L
187331,19174,RET,CUBE_R
187338,4743,FUN_4,FUN_3
187341,22236,FUN_6,FUN_5
187342,23256,FUN_3,FUN_2
187344,27439,FUN_6,CUBE_R
187358,7167,FUN_4,FUN_3
187359,10875,FUN_2,FUN_1
187365,10689,FUN_2,FUN_1
187376,17094,FUN_1,FUN_2
187377,14746,CUBE_R,RET
187382,12705,FUN_1,FUN_2
187386,11856,FUN_2,FUN_1
187390,27322,FUN_3,FUN_2
187393,1420,RET,CUBE_L
187394,3225,FUN_3,FUN_2
187404,28641,FUN_2,FUN_3
187410,19296,CUBE_R,FUN_6
187412,5629,FUN_2,FUN_1
187416,10899,FUN_3,FUN_2
187419,22280,FUN_2,FUN_1
187429,10444,CUBE_L,RET
187436,14068,FUN_6,FUN_5
187436,29242,FUN_2,FUN_3
187440,19600,FUN_5,FUN_6
187454,27952,FUN_2,FUN_1
187460,19860,FUN_2,FUN_1
187472,16589,FUN_4,FUN_5
187475,11602,RET,CUBE_R
187478,27955,FUN_6,CUBE_R
187515,3634,FUN_2,FUN_1
187516,10689,FUN_1,FUN_2
187517,5659,FUN_2,FUN_1
187531,11930,FUN_4,FUN_5
187541,19218,CUBE_L,RET
187548,6671,FUN_2,FUN_1
187552,11366,FUN_1,FUN_2
187553,8779,FUN_5,FUN_4
187561,10282,FUN_2,FUN_3
187562,6582,FUN_1,FUN_2
187565,20504,FUN_2,FUN_1
187579,4219,FUN_3,FUN_2
187580,14287,FUN_4,FUN_3
187594,19436,FUN_2,FUN_3
187604,7247,FUN_3,FUN_2
187621,28980,FUN_1,FUN_2
187625,21031,FUN_3,FUN_4
187630,8937,FUN_6,CUBE_R
187654,17419,FUN_2,FUN_3
187655,22785,CUBE_R,RET
187667,4505,FUN_5,FUN_4
187678,10725,FUN_2,FUN_1
187689,28032,FUN_2,FUN_1
187692,25467,FUN_1,CUBE_L
187701,17171,FUN_4,FUN_3
187713,18894,FUN_2,FUN_1
187737,5319,RET,CUBE_R
187737,14900,FUN_3,FUN_2
187748,10673,FUN_2,FUN_1
187773,16076,FUN_5,FUN_6
187788,390,FUN_1,FUN_2
187793,4255,FUN_3,FUN_2
187793,10824,CUBE_R,FUN_6
187801,22022,FUN_3,FUN_4
187808,966,RET,CUBE_R
187820,7326,FUN_3,FUN_2
187832,7067,FUN_4,FUN_3
187832,20796,FUN_2,FUN_3
187839,7505,FUN_2,FUN_3
187851,10689,FUN_2,FUN_1
187857,26118,FUN_2,FUN_3
187867,25891,FUN_6,FUN_5
187871,26417,FUN_3,FUN_2
187896,17530,FUN_3,FUN_2
187905,25650,FUN_2,FUN_1
187934,4614,FUN_3,FUN_2
187945,28998,FUN_3,FUN_4
187958,18031,FUN_3,FUN_2
187975,9962,FUN_4,FUN_3
187979,24065,FUN_4,FUN_5
187982,21409,FUN_1,FUN_2
187983,16236,FUN_3,FUN_2
187995,27751,FUN_4,FUN_5
188004,26681,FUN_2,FUN_1
188005,22766,FUN_2,FUN_3
188007,26268,FUN_2,FUN_1
188012,26118,FUN_3,FUN_2
188030,15333,FUN_4,FUN_5
188032,26354,FUN_2,FUN_1
188050,4509,FUN_4,FUN_5
188060,10488,FUN_2,FUN_1
188065,26111,FUN_1,FUN_2
188066,364,FUN_3,FUN_4
188074,5425,FUN_4,FUN_3
188075,16208,FUN_4,FUN_5
188078,10349,CUBE_L,RET
188083,25453,FUN_2,FUN_3
188113,4184,CUBE_L,RET
188113,6241,FUN_4,FUN_3
188114,24874,FUN_4,FUN_5
188120,16761,FUN_2,FUN_1
188120,20197,FUN_2,FUN_3
188127,11,CUBE_R,FUN_6
188128,763,FUN_3,FUN_2
188130,29801,FUN_2,FUN_1
188131,20745,FUN_3,FUN_4
188139,27114,FUN_6,FUN_5
188140,16594,FUN_1,FUN_2
188146,12161,FUN_4,FUN_3
188150,10806,FUN_2,FUN_3
188173,21871,FUN_2,FUN_1
188174,26118,FUN_2,FUN_3
188177,14990,FUN_1,FUN_2
188185,7632,RET,CUBE_L
188191,7326,FUN_2,FUN_3
188201,22712,FUN_1,FUN_2
188205,29952,FUN_2,FUN_1
188220,16979,CUBE_L,RET
188247,15176,CUBE_R,FUN_6
188253,24333,RET,CUBE_R
188260,21460,FUN_4,FUN_5
188266,11282,FUN_2,FUN_3
188279,12134,FUN_1,FUN_2
188311,219,FUN_1,CUBE_L
188325,10749,FUN_5,FUN_4
188329,10245,FUN_1,FUN_2
188347,6034,FUN_4,FUN_3
188351,18083,CUBE_L,RET
188355,26417,FUN_2,FUN_3
188361,29672,FUN_3,FUN_2
188377,27105,FUN_3,FUN_2
188391,3629,FUN_1,FUN_2
188393,11911,FUN_6,CUBE_R
188405,15377,FUN_2,FUN_3
188413,16723,FUN_2,FUN_3
188448,7371,FUN_1,FUN_2
188448,17315,FUN_4,FUN_5
188448,19401,FUN_3,FUN_2
188460,2796,CUBE_R,FUN_6
188465,29440,FUN_6,CUBE_R
188481,26159,FUN_3,FUN_4
188492,7326,FUN_3,FUN_2
188496,9097,RET,CUBE_L
188503,5354,FUN_6,FUN_5
188535,15695,CUBE_L,RET
188556,27188,RET,CUBE_L
188557,5629,FUN_1,FUN_2
188558,14552,FUN_2,FUN_1
188560,27157,CUBE_R,FUN_6
188594,15220,RET,CUBE_L
188598,11005,CUBE_R,RET
188600,1441,FUN_3,FUN_2
188602,14678,FUN_3,FUN_4
188613,21298,FUN_2,FUN_3
188627,17226,CUBE_R,RET
188655,25557,FUN_3,FUN_2
188658,17483,FUN_5,FUN_6
188688,15219,FUN_1,FUN_2
188697,5722,FUN_1,FUN_2
188701,28426,CUBE_R,RET
188704,27415,FUN_1,FUN_2
188714,18457,FUN_2,FUN_1
188724,22797,FUN_2,FUN_3
188734,23076,FUN_3,FUN_2
188736,27020,FUN_2,FUN_1
188742,28426,RET,CUBE_R
188751,22217,FUN_2,FUN_1
188760,18929,FUN_2,FUN_1
188768,2004,FUN_2,FUN_1
188776,23385,CUBE_R,RET
188778,28426,CUBE_R,RET
188779,24807,FUN_4,FUN_5
188786,21100,FUN_6,FUN_5
188787,2796,FUN_6,CUBE_R
188792,4885,FUN_3,FUN_4
188805,7186,RET,CUBE_L
188823,2269,FUN_3,FUN_2
188846,4144,CUBE_L,RET
188849,2261,FUN_4,FUN_5
188863,7247,FUN_2,FUN_3
188879,21871,FUN_1,FUN_2
188889,19392,FUN_3,FUN_4
188897,16236,FUN_2,FUN_3
188899,18842,CUBE_R,RET
188912,12281,FUN_3,FUN_2
188924,24333,CUBE_R,RET
188926,10931,FUN_3,FUN_2
188935,29801,FUN_1,FUN_2
188962,26417,FUN_3,FUN_2
188969,12932,FUN_3,FUN_2
188974,17173,FUN_4,FUN_3
188978,4927,FUN_2,FUN_3
188992,2331,FUN_4,FUN_3
189000,10895,FUN_1,FUN_2
189000,16587,FUN_2,FUN_1
189002,12999,CUBE_R,FUN_6
189008,17719,CUBE_R,RET
189010,26681,FUN_1,FUN_2
189015,29672,FUN_2,FUN_3
189019,6460,FUN_2,FUN_1
189033,25935,FUN_3,FUN_2
189051,29940,FUN_1,FUN_2
189052,3774,CUBE_R,RET
189057,3814,FUN_6,CUBE_R
189063,28957,CUBE_L,FUN_1
189075,11930,FUN_5,FUN_4
189077,4743,FUN_3,FUN_4
189080,9840,FUN_3,FUN_4
189089,28096,FUN_2,FUN_1
189094,10718,FUN_2,FUN_3
189126,12315,FUN_2,FUN_3
189131,18490,FUN_4,FUN_3
189148,25797,FUN_2,FUN_3
189184,22134,FUN_3,FUN_2
189186,13800,RET,CUBE_L
189189,6460,FUN_1,FUN_2
189219,4164,FUN_2,FUN_1
189248,18083,RET,CUBE_L
189251,8107,FUN_2,FUN_3
189255,4633,FUN_4,FUN_3
189285,26268,FUN_1,FUN_2
189291,10895,FUN_2,FUN_1
189310,6550,FUN_3,FUN_4
189360,473,CUBE_L,RET
189375,9840,FUN_4,FUN_3
189380,11737,FUN_3,FUN_4
189388,7326,FUN_2,FUN_3
189389,22785,RET,CUBE_R
189397,10623,FUN_3,FUN_2
189400,17808,CUBE_R,RET
189414,3177,FUN_2,FUN_1
189421,28779,FUN_2,FUN_1
189422,4796,FUN_2,FUN_1
189426,15419,CUBE_L,RET
189440,1960,RET,CUBE_L
189448,13604,RET,CUBE_L
189450,4927,FUN_3,FUN_2
189457,15797,CUBE_R,RET
189458,22787,FUN_4,FUN_3
189504,8969,FUN_4,FUN_3
189521,12315,FUN_3,FUN_2
189531,667,CUBE_R,RET
189539,26417,FUN_2,FUN_3
189541,4394,FUN_2,FUN_3
189541,24008,FUN_4,FUN_5
189542,7317,RET,CUBE_L
189559,4459,CUBE_R,FUN_6
189561,14552,FUN_1,FUN_2
189567,12215,RET,CUBE_L
189570,12455,FUN_5,FUN_6
189571,29443,FUN_1,FUN_2
189580,20308,FUN_2,FUN_1
189585,57,FUN_3,FUN_2
189593,22217,FUN_1,FUN_2
189615,19117,FUN_1,FUN_2
189617,1914,CUBE_L,RET
189622,24557,FUN_3,FUN_2
189626,16579,FUN_2,FUN_1
189637,23694,FUN_1,FUN_2
189645,23636,FUN_3,FUN_2
189646,26380,CUBE_R,FUN_6
189648,17094,FUN_2,FUN_1
189650,22098,CUBE_L,RET
189655,28507,FUN_2,FUN_3
189656,12315,FUN_2,FUN_3
189656,17719,RET,CUBE_R
189673,6761,FUN_6,CUBE_R
189680,26185,FUN_2,FUN_1
189695,16587,FUN_1,FUN_2
189703,9571,FUN_3,FUN_2
189707,22915,FUN_1,FUN_2
189711,10718,FUN_3,FUN_2
189714,16236,FUN_3,FUN_2
189718,16405,CUBE_R,RET
189745,26548,FUN_2,FUN_1
189767,8542,FUN_3,FUN_4
189772,12315,FUN_3,FUN_2
189797,3177,FUN_1,FUN_2
189800,1459,FUN_2,FUN_3
189817,20308,FUN_1,FUN_2
189819,9853,FUN_3,FUN_4
189836,20337,CUBE_R,RET
189857,7317,CUBE_L,RET
189895,10460,FUN_3,FUN_4
189895,16587,FUN_2,FUN_1
189907,13068,RET,CUBE_R
189908,8894,FUN_5,FUN_4
189912,20337,RET,CUBE_R
189938,14287,FUN_3,FUN_4
189946,12315,FUN_2,FUN_3
189973,7371,FUN_2,FUN_1
189978,2450,RET,CUBE_R
189986,8894,FUN_4,FUN_5
189990,13196,FUN_3,FUN_4
189993,29614,CUBE_R,FUN_6
189994,3572,FUN_5,FUN_6
189999,14351,FUN_3,FUN_4
190008,25471,FUN_3,FUN_2
190012,28919,FUN_1,FUN_2
190013,24333,RET,CUBE_R
190014,9060,FUN_6,FUN_5
190015,24909,FUN_2,FUN_3
190017,18894,FUN_1,FUN_2
190027,16236,FUN_2,FUN_3
190046,15460,CUBE_L,FUN_1
190051,16587,FUN_1,FUN_2
190058,9060,FUN_5,FUN_6
190059,19831,FUN_2,FUN_1
190064,4557,FUN_3,FUN_2
190066,25650,FUN_1,FUN_2
190090,4896,FUN_2,FUN_1
190095,19558,FUN_2,FUN_1
190098,9060,FUN_6,FUN_5
190119,4743,FUN_4,FUN_3
190131,18212,FUN_3,FUN_4
190141,20337,CUBE_R,RET
190142,19285,FUN_2,FUN_1
190143,26595,FUN_1,FUN_2
190161,20011,FUN_4,FUN_5
190166,119,FUN_4,FUN_3
190173,9673,CUBE_R,RET
190180,9840,FUN_3,FUN_4
190202,6171,FUN_3,FUN_2
190202,7178,FUN_3,FUN_4
190211,13841,FUN_2,FUN_3
190219,11909,FUN_1,FUN_2
190250,25935,FUN_2,FUN_3
190251,24241,FUN_4,FUN_5
190254,9673,RET,CUBE_R
190262,15080,FUN_2,FUN_1
190279,27404,FUN_3,FUN_4
190298,22217,FUN_2,FUN_1
190299,28998,FUN_4,FUN_3
190313,6201,CUBE_L,RET
190328,6180,FUN_1,FUN_2
190339,22785,CUBE_R,RET
190343,16585,FUN_3,FUN_4
190354,5157,CUBE_R,RET
190382,6582,FUN_2,FUN_1
190403,18031,FUN_2,FUN_3
190433,11465,FUN_3,FUN_2
190436,20504,FUN_1,FUN_2
190448,10849,FUN_4,FUN_5
190467,27875,CUBE_L,RET
190474,22712,FUN_2,FUN_1
190515,2049,FUN_2,FUN_3
190530,7484,FUN_2,FUN_1
190538,10749,FUN_4,FUN_5
190547,16587,FUN_2,FUN_1
190563,7387,FUN_3,FUN_4
190566,28751,CUBE_R,FUN_6
190576,18858,FUN_3,FUN_2
190580,18083,CUBE_L,RET
190586,1224,FUN_4,FUN_3
190589,19984,FUN_3,FUN_4
190592,1420,CUBE_L,RET
190635,21460,FUN_5,FUN_4
190636,4505,FUN_4,FUN_5
190646,28641,FUN_3,FUN_2
190655,6132,FUN_3,FUN_2
190662,22842,FUN_3,FUN_2
190680,12134,FUN_2,FUN_1
190680,28035,RET,CUBE_L
190684,24464,FUN_2,FUN_3
190687,17407,CUBE_R,RET
190706,10349,RET,CUBE_L
190711,26354,FUN_1,FUN_2
190718,24241,FUN_5,FUN_4
190720,21852,FUN_6,FUN_5
190742,28826,RET,CUBE_L
190743,25705,FUN_2,FUN_3
190760,18842,RET,CUBE_R
190765,16599,FUN_1,CUBE_L
190775,3225,FUN_2,FUN_3
190776,18457,FUN_1,FUN_2
190778,20361,FUN_3,FUN_2
190787,28426,RET,CUBE_R
190802,2102,CUBE_L,RET
190803,24241,FUN_4,FUN_5
190822,10895,FUN_1,FUN_2
190826,3625,FUN_4,FUN_3
190843,24807,FUN_5,FUN_4
190851,6748,FUN_2,FUN_3
190865,19629,FUN_2,FUN_3
190870,27295,FUN_1,FUN_2
190876,10086,FUN_4,FUN_5
190877,18212,FUN_4,FUN_3
190883,18855,FUN_6,FUN_5
190901,15219,FUN_2,FUN_1
190906,24784,FUN_3,FUN_2
190908,14351,FUN_4,FUN_3
190921,1725,FUN_2,FUN_3
190977,5786,FUN_3,FUN_2
190977,6671,FUN_1,FUN_2
190979,6429,FUN_2,FUN_3
190993,24803,FUN_2,FUN_3
191009,22302,FUN_2,FUN_1
191017,4896,FUN_1,FUN_2
191022,5968,FUN_2,FUN_3
191025,23076,FUN_2,FUN_3
191067,27322,FUN_2,FUN_3
191074,19566,FUN_2,FUN_3
191075,19780,FUN_4,FUN_3
191084,22632,RET,CUBE_R
191094,27322,FUN_3,FUN_2
191102,13604,CUBE_L,RET
191108,14552,FUN_2,FUN_1
191121,3140,FUN_5,FUN_4
191127,640,FUN_5,FUN_6
191128,11856,FUN_1,FUN_2
191133,23636,FUN_2,FUN_3
191147,19160,FUN_3,FUN_2
191156,24557,FUN_2,FUN_3
191158,18406,FUN_3,FUN_2
191167,15626,RET,CUBE_R
191181,15037,CUBE_R,FUN_6
191190,26862,FUN_2,FUN_3
191199,15328,FUN_2,FUN_1
191213,11283,FUN_5,FUN_4
191214,2450,CUBE_R,RET
191233,12999,FUN_6,CUBE_R
191233,20039,FUN_1,FUN_2
191243,13237,CUBE_R,FUN_6
191254,29052,FUN_2,FUN_3
191259,8658,FUN_6,FUN_5
191259,12895,FUN_1,FUN_2
191261,24241,FUN_5,FUN_4
191265,11650,CUBE_L,RET
191283,26069,FUN_3,FUN_2
191293,15286,FUN_2,FUN_3
191301,4505,FUN_5,FUN_4
191305,9840,FUN_4,FUN_3
191315,29297,RET,CUBE_R
191318,2004,FUN_1,FUN_2
191324,9962,FUN_3,FUN_4
191342,23036,FUN_5,FUN_4
191345,23562,FUN_3,FUN_2
191355,14805,FUN_4,FUN_5
191357,3625,FUN_3,FUN_4
191369,15631,FUN_3,FUN_2
191378,7098,CUBE_L,RET
191381,4164,FUN_1,FUN_2
191384,3774,RET,CUBE_R
191388,10357,FUN_3,FUN_4
191398,21421,FUN_6,CUBE_R
191413,24333,CUBE_R,RET
191420,29627,FUN_2,FUN_3
191427,24861,FUN_5,FUN_4
191428,10444,RET,CUBE_L
191432,13645,FUN_6,CUBE_R
191433,12932,FUN_2,FUN_3
191434,17078,FUN_1,FUN_2
191446,9750,FUN_2,FUN_1
191450,1588,FUN_3,FUN_2
191461,14906,FUN_2,FUN_1
191467,21034,FUN_3,FUN_4
191476,13946,FUN_1,FUN_2
191492,15992,FUN_2,FUN_3
191518,26436,FUN_6,CUBE_R
191537,23667,FUN_2,FUN_1
191577,26862,FUN_3,FUN_2
191578,16761,FUN_1,FUN_2
191584,8894,FUN_5,FUN_4
191590,12860,FUN_3,FUN_2
191596,7157,FUN_2,FUN_3
191605,11582,FUN_1,FUN_2
191610,26243,FUN_6,CUBE_R
191611,5189,RET,CUBE_R
191614,27322,FUN_2,FUN_3
191621,9751,FUN_2,FUN_3
191638,5629,FUN_2,FUN_1
191641,10460,FUN_4,FUN_3
191642,13196,FUN_4,FUN_3
191642,15219,FUN_1,FUN_2
191645,19629,FUN_3,FUN_2
191646,9560,CUBE_R,RET
191647,9830,FUN_5,FUN_4
191675,27006,FUN_6,FUN_5
191691,9312,CUBE_R,FUN_6
191697,26354,FUN_2,FUN_1
191699,3665,FUN_5,FUN_4
191707,14900,FUN_2,FUN_3
191711,26585,FUN_6,CUBE_R
191716,21105,FUN_5,FUN_4
191740,25643,CUBE_R,RET
191743,18083,RET,CUBE_L
191749,4346,RET,CUBE_R
191756,17727,FUN_5,FUN_4
191774,17085,CUBE_L,RET
191794,19292,FUN_4,FUN_3
191799,15032,FUN_1,FUN_2
191801,9914,FUN_1,CUBE_L
191814,14022,FUN_1,FUN_2
191820,3480,CUBE_L,FUN_1
191851,26185,FUN_1,FUN_2
191860,20413,FUN_2,FUN_1
191864,1521,CUBE_R,FUN_6
191873,15080,FUN_1,FUN_2
191892,1932,CUBE_R,FUN_6
191892,27415,FUN_2,FUN_1
191901,25471,FUN_2,FUN_3
191904,4743,FUN_3,FUN_4
191921,8779,FUN_4,FUN_5
191924,9751,FUN_3,FUN_2
191924,17508,FUN_1,FUN_2
191936,4509,FUN_5,FUN_4
191978,23076,FUN_3,FUN_2
191980,11426,CUBE_R,FUN_6
191996,28096,FUN_1,FUN_2
192011,25476,FUN_1,CUBE_L
192016,9097,CUBE_L,RET
192025,16587,FUN_1,FUN_2
192030,1588,FUN_2,FUN_3
192039,9751,FUN_2,FUN_3
192054,3225,FUN_3,FUN_2
192060,25467,CUBE_L,FUN_1
192062,354,FUN_4,FUN_5
192072,10931,FUN_2,FUN_3
192081,11283,FUN_4,FUN_5
192113,12215,CUBE_L,RET
192115,10143,RET,CUBE_R
192116,5585,FUN_3,FUN_2
192144,14508,FUN_3,FUN_2
192151,10899,FUN_2,FUN_3
192153,20011,FUN_5,FUN_4
192166,19374,FUN_2,FUN_3
192182,20140,FUN_1,FUN_2
192233,24256,FUN_3,FUN_2
192250,7556,FUN_4,FUN_5
192256,10773,FUN_4,FUN_5
192258,14532,FUN_3,FUN_2
192261,3042,FUN_2,FUN_1
192261,5659,FUN_1,FUN_2
192264,16218,FUN_2,FUN_1
192264,25157,FUN_5,FUN_6
192266,15176,FUN_6,CUBE_R
192273,9438,FUN_2,FUN_3
192275,10357,FUN_4,FUN_3
192324,9456,FUN_5,FUN_4
192329,1085,FUN_4,FUN_5
192332,25935,FUN_3,FUN_2
192352,23228,FUN_5,FUN_4
192361,5319,CUBE_R,RET
192373,17004,FUN_5,FUN_6
192377,19029,RET,CUBE_L
192378,14906,FUN_1,FUN_2
192411,8248,FUN_3,FUN_2
192441,3177,FUN_2,FUN_1
192443,16892,FUN_2,FUN_3
192444,9060,FUN_5,FUN_6
192454,25705,FUN_3,FUN_2
192458,1008,FUN_2,FUN_1
192468,21034,FUN_4,FUN_3
192485,1373,FUN_2,FUN_3
192486,15992,FUN_3,FUN_2
192500,7445,RET,CUBE_R
192516,28218,FUN_4,FUN_5
192522,7556,FUN_5,FUN_4
192527,21003,FUN_2,FUN_3
192545,1699,FUN_1,FUN_2
192557,7074,FUN_1,FUN_2
192573,5661,FUN_4,FUN_3
192578,10989,FUN_2,FUN_3
192586,281,FUN_2,FUN_3
192614,884,FUN_2,FUN_3
192624,18406,FUN_2,FUN_3
192639,987,FUN_2,FUN_1
192649,16979,RET,CUBE_L
192649,23974,FUN_3,FUN_4
192656,26902,CUBE_R,FUN_6
192670,25754,FUN_3,FUN_2
192684,17646,FUN_2,FUN_1
192692,10811,FUN_2,FUN_1
192692,10996,FUN_6,CUBE_R
192695,2315,FUN_4,FUN_5
192713,4594,FUN_2,FUN_3
192722,14532,FUN_2,FUN_3
192727,28096,FUN_2,FUN_1
192728,24704,RET,CUBE_R
192741,22027,FUN_5,FUN_4
192749,26595,FUN_2,FUN_1
192752,25935,FUN_2,FUN_3
192763,9456,FUN_4,FUN_5
192788,25564,FUN_2,FUN_1
192793,17094,FUN_1,FUN_2
192815,1302,FUN_4,FUN_5
192818,15631,FUN_2,FUN_3
192847,20413,FUN_1,FUN_2
192857,4164,FUN_2,FUN_1
192873,19152,FUN_3,FUN_4
192875,9060,FUN_6,FUN_5
192891,15286,FUN_3,FUN_2
192894,27459,FUN_2,FUN_3
192895,20598,FUN_3,FUN_2
192909,26970,FUN_2,FUN_1
192933,6034,FUN_3,FUN_4
192937,4509,FUN_4,FUN_5
192957,17808,RET,CUBE_R
192972,12862,CUBE_L,FUN_1
192973,19395,FUN_1,FUN_2
192996,6671,FUN_2,FUN_1
192998,24704,CUBE_R,RET
193001,10444,CUBE_L,RET
193010,10996,CUBE_R,FUN_6
193018,913,FUN_3,FUN_2
193022,1008,FUN_1,FUN_2
193043,27157,FUN_6,CUBE_R
193046,7167,FUN_3,FUN_4
193048,742,CUBE_L,FUN_1
193052,21285,CUBE_L,FUN_1
193067,12700,FUN_3,FUN_2
193078,5661,FUN_3,FUN_4
193103,12161,FUN_3,FUN_4
193121,27651,FUN_3,FUN_2
193124,1940,FUN_4,FUN_5
193130,22302,FUN_1,FUN_2
193139,18271,FUN_4,FUN_3
193144,4614,FUN_2,FUN_3
193155,24564,FUN_5,FUN_4
193159,1808,FUN_4,FUN_5
193167,12778,FUN_4,FUN_5
193184,25705,FUN_2,FUN_3
193193,10631,CUBE_L,FUN_1
193206,28443,FUN_3,FUN_2
193213,7788,FUN_3,FUN_2
193221,20413,FUN_2,FUN_1
193237,10638,FUN_4,FUN_3
193240,22098,RET,CUBE_L
193241,7655,FUN_2,FUN_3
193241,21420,FUN_2,FUN_1
193241,23820,FUN_1,CUBE_L
193256,1174,FUN_2,FUN_3
193261,503,FUN_3,FUN_2
193293,19161,RET,CUBE_L
193314,16943,FUN_3,FUN_2
193315,20197,FUN_3,FUN_2
193322,23835,FUN_2,FUN_3
193334,28641,FUN_2,FUN_3
193404,6671,FUN_1,FUN_2
193413,3177,FUN_1,FUN_2
193438,22842,FUN_2,FUN_3
193453,25184,FUN_3,FUN_2
193465,26185,FUN_2,FUN_1
193483,24179,FUN_5,FUN_4
193512,4991,FUN_3,FUN_4
193512,19804,RET,CUBE_L
193520,6671,FUN_2,FUN_1
193522,3634,FUN_1,FUN_2
193540,26783,FUN_4,FUN_3
193558,3302,FUN_3,FUN_4
193565,17226,RET,CUBE_R
193590,15133,RET,CUBE_L
193591,28443,FUN_2,FUN_3
193621,13205,FUN_4,FUN_5
193640,16943,FUN_2,FUN_3
193652,16526,FUN_3,FUN_4
193658,7017,FUN_1,FUN_2
193659,1008,FUN_2,FUN_1
193660,1771,FUN_2,FUN_1
193669,19629,FUN_2,FUN_3
193683,13237,FUN_6,CUBE_R
193687,26159,FUN_4,FUN_3
193690,12087,FUN_2,FUN_1
193697,3801,CUBE_L,RET
193699,4509,FUN_5,FUN_4
193701,10525,FUN_1,FUN_2
193714,19218,RET,CUBE_L
193722,20820,FUN_4,FUN_3
193736,11566,FUN_3,FUN_2
193777,7655,FUN_3,FUN_2
193778,16076,FUN_6,FUN_5
193788,15292,FUN_2,FUN_1
193792,28032,FUN_1,FUN_2
193812,7655,FUN_2,FUN_3
193832,7215,FUN_2,FUN_3
193842,7499,FUN_3,FUN_2
193852,13657,FUN_4,FUN_5
193860,7632,CUBE_L,RET
193871,10875,FUN_1,FUN_2
193891,18919,CUBE_R,FUN_6
193892,10771,CUBE_L,RET
193898,14771,FUN_4,FUN_5
193905,22134,FUN_2,FUN_3
193908,19029,CUBE_L,RET
193908,29117,FUN_2,FUN_3
193912,12814,FUN_1,CUBE_L
193925,12549,RET,CUBE_R
193927,28826,CUBE_L,RET
193928,24734,FUN_6,FUN_5
193940,4376,FUN_1,CUBE_L
193942,1008,FUN_1,FUN_2
193946,25225,FUN_3,FUN_4
193947,6671,FUN_1,FUN_2
193948,17472,FUN_4,FUN_5
193952,22928,FUN_4,FUN_3
193954,9060,FUN_5,FUN_6
193967,11674,FUN_4,FUN_3
193973,10748,FUN_2,FUN_3
193978,3158,FUN_2,FUN_1
193978,9751,FUN_3,FUN_2
193979,22884,FUN_3,FUN_2
193988,9456,FUN_5,FUN_4
193990,4796,FUN_1,FUN_2
194044,22884,FUN_2,FUN_3
194045,22785,RET,CUBE_R
194050,3471,FUN_6,CUBE_R
194061,22842,FUN_3,FUN_2
194062,8675,FUN_1,FUN_2
194072,7791,FUN_2,FUN_3
194097,16763,FUN_2,FUN_3
194098,10931,FUN_3,FUN_2
194107,15286,FUN_2,FUN_3
194117,23667,FUN_1,FUN_2
194132,9751,FUN_2,FUN_3
194149,4255,FUN_2,FUN_3
194166,9751,FUN_3,FUN_2
194167,4103,FUN_3,FUN_4
194174,193,FUN_4,FUN_3
194179,10272,FUN_4,FUN_3
194192,3519,FUN_5,FUN_6
194211,6045,CUBE_L,RET
194215,19152,FUN_4,FUN_3
194221,281,FUN_3,FUN_2
194222,3661,CUBE_L,RET
194223,14287,FUN_4,FUN_3
194241,19436,FUN_3,FUN_2
194247,18901,RET,CUBE_R
194253,2315,FUN_5,FUN_4
194264,978,FUN_2,FUN_1
194269,17954,FUN_2,FUN_1
194271,10725,FUN_1,FUN_2
194278,13841,FUN_3,FUN_2
194302,25184,FUN_2,FUN_3
194311,17500,FUN_2,FUN_3
194329,17508,FUN_2,FUN_1
194335,25476,CUBE_L,FUN_1
194341,22842,FUN_2,FUN_3
194350,12359,FUN_6,FUN_5
194355,17901,CUBE_L,RET
194355,18286,CUBE_R,RET
194359,5968,FUN_3,FUN_2
194361,10488,FUN_1,FUN_2
194361,13456,RET,CUBE_R
194369,18910,CUBE_L,RET
194375,4935,CUBE_L,RET
194381,20055,FUN_2,FUN_3
194387,17646,FUN_1,FUN_2
194390,25203,FUN_3,FUN_2
194415,23192,CUBE_R,RET
194435,3140,FUN_4,FUN_5
194436,27404,FUN_4,FUN_3
194437,24333,RET,CUBE_R
194450,4796,FUN_2,FUN_1
194467,24799,FUN_4,FUN_5
194476,24065,FUN_5,FUN_4
194499,56,RET,CUBE_R
194500,15695,RET,CUBE_L
194511,10824,FUN_6,CUBE_R
194522,29952,FUN_1,FUN_2
194529,9571,FUN_2,FUN_3
194530,29494,FUN_4,FUN_5
194547,22787,FUN_3,FUN_4
194561,13205,FUN_5,FUN_4
194579,16367,FUN_3,FUN_2
194587,29117,FUN_3,FUN_2
194606,12136,FUN_4,FUN_5
194609,11235,FUN_1,FUN_2
194623,26902,FUN_6,CUBE_R
194628,2269,FUN_2,FUN_3
194629,10631,FUN_1,CUBE_L
194641,28695,FUN_3,FUN_2
194652,22789,FUN_2,FUN_1
194652,26354,FUN_1,FUN_2
194658,19144,FUN_3,FUN_4
194677,15286,FUN_3,FUN_2
194678,13834,FUN_1,FUN_2
194683,18086,FUN_4,FUN_5
194685,15947,FUN_5,FUN_6
194689,3471,CUBE_R,FUN_6
194693,27368,FUN_6,CUBE_R
194699,10689,FUN_1,FUN_2
194701,7157,FUN_3,FUN_2
194724,13455,FUN_3,FUN_2
194725,4935,RET,CUBE_L
194725,28281,FUN_3,FUN_4
194785,6304,FUN_5,FUN_4
194793,23868,FUN_3,FUN_2
194800,2364,FUN_2,FUN_3
194812,13834,FUN_2,FUN_1
194816,57,FUN_2,FUN_3
194833,10875,FUN_2,FUN_1
194838,19796,FUN_3,FUN_2
194842,13723,FUN_3,FUN_4
194847,966,CUBE_R,RET
194851,22787,FUN_4,FUN_3
194856,10806,FUN_3,FUN_2
194876,8315,FUN_2,FUN_3
194894,22712,FUN_1,FUN_2
194909,12168,FUN_2,FUN_3
194924,7505,FUN_3,FUN_2
194936,1808,FUN_5,FUN_4
194936,4219,FUN_2,FUN_3
194937,20598,FUN_2,FUN_3
194941,19747,FUN_1,CUBE_L
194949,13834,FUN_1,FUN_2
194951,15633,FUN_2,FUN_1
194969,4843,FUN_3,FUN_2
194972,20055,FUN_3,FUN_2
194975,15080,FUN_2,FUN_1
194977,22280,FUN_1,FUN_2
194979,25225,FUN_4,FUN_3
194980,6671,FUN_2,FUN_1
194981,4314,FUN_3,FUN_2
194986,14893,FUN_4,FUN_5
194990,4557,FUN_2,FUN_3
195035,24992,CUBE_L,FUN_1
195041,9875,FUN_3,FUN_4
195044,6933,FUN_6,FUN_5
195068,20228,FUN_1,FUN_2
195083,29475,FUN_1,FUN_2
195085,16122,CUBE_R,RET
195089,14900,FUN_3,FUN_2
195089,24477,FUN_2,FUN_3
195108,119,FUN_3,FUN_4
195118,17226,CUBE_R,RET
195121,27640,FUN_5,FUN_6
195134,13112,FUN_1,FUN_2
195159,19285,FUN_1,FUN_2
195169,10510,FUN_3,FUN_4
195170,21420,FUN_1,FUN_2
195174,29487,FUN_3,FUN_2
195181,7326,FUN_3,FUN_2
195199,14506,FUN_2,FUN_1
195202,19646,FUN_5,FUN_6
195216,6132,FUN_2,FUN_3
195221,15569,FUN_4,FUN_3
195257,5449,FUN_3,FUN_4
195268,4124,FUN_2,FUN_3
195282,22697,RET,CUBE_L
195283,10771,RET,CUBE_L
195286,3863,FUN_2,FUN_1
195311,5537,FUN_4,FUN_5
195313,978,FUN_1,FUN_2
195316,17085,RET,CUBE_L
195320,18718,FUN_1,FUN_2
195323,17173,FUN_3,FUN_4
195334,15500,FUN_2,FUN_3
195342,19191,CUBE_R,FUN_6
195352,24477,FUN_3,FUN_2
195353,16718,FUN_3,FUN_2
195374,19671,FUN_3,FUN_2
195389,26380,FUN_6,CUBE_R
195396,26185,FUN_1,FUN_2
195405,26211,FUN_2,FUN_3
195410,13834,FUN_2,FUN_1
195412,23192,RET,CUBE_R
195417,23456,CUBE_R,FUN_6
195422,7074,FUN_2,FUN_1
195424,9751,FUN_2,FUN_3
195459,26902,CUBE_R,FUN_6
195462,9097,RET,CUBE_L
195466,10525,FUN_2,FUN_1
195470,4698,CUBE_R,RET
195472,11056,FUN_3,FUN_4
195473,11164,FUN_1,FUN_2
195485,24283,FUN_2,FUN_1
195492,16236,FUN_3,FUN_2
195493,2364,FUN_3,FUN_2
195499,21967,FUN_5,FUN_4
195533,6696,FUN_2,FUN_3
195533,24256,FUN_2,FUN_3
195545,17085,CUBE_L,RET
195556,26380,CUBE_R,FUN_6
195559,7326,FUN_2,FUN_3
195566,19436,FUN_2,FUN_3
195574,4927,FUN_2,FUN_3
195575,19401,FUN_2,FUN_3
195598,16526,FUN_4,FUN_3
195614,29494,FUN_5,FUN_4
195632,19629,FUN_3,FUN_2
195637,17085,RET,CUBE_L
195639,9312,FUN_6,CUBE_R
195644,7371,FUN_1,FUN_2
195644,8434,FUN_2,FUN_3
195648,12549,CUBE_R,RET
195648,17085,CUBE_L,RET
195666,22789,FUN_1,FUN_2
195667,9060,FUN_6,FUN_5
195668,17085,RET,CUBE_L
195676,2924,FUN_1,FUN_2
195678,17085,CUBE_L,RET
195679,27415,FUN_1,FUN_2
195698,25797,FUN_3,FUN_2
195711,9526,FUN_2,FUN_1
195714,17085,RET,CUBE_L
195733,3774,CUBE_R,RET
195757,25243,CUBE_L,RET
195762,19670,FUN_1,FUN_2
195765,24212,FUN_5,FUN_4
195803,23974,FUN_4,FUN_3
195805,7655,FUN_3,FUN_2
195814,22099,FUN_3,FUN_2
195819,17085,CUBE_L,RET
195820,25981,FUN_2,FUN_1
195821,9060,FUN_5,FUN_6
195825,19436,FUN_3,FUN_2
195829,24269,FUN_2,FUN_1
195845,19436,FUN_2,FUN_3
195849,14124,CUBE_R,FUN_6
195865,2197,FUN_6,CUBE_R
195885,13295,FUN_4,FUN_3
195891,29079,FUN_2,FUN_1
195907,16582,FUN_2,FUN_1
195911,24256,FUN_3,FUN_2
195947,21857,FUN_2,FUN_3
195948,11512,FUN_2,FUN_1
195948,20413,FUN_1,FUN_2
195950,12908,FUN_2,FUN_1
195951,24351,FUN_1,FUN_2
195962,13834,FUN_1,FUN_2
195980,29401,RET,CUBE_R
195985,6696,FUN_3,FUN_2
195998,12136,FUN_5,FUN_4
196003,4594,FUN_3,FUN_2
196016,24179,FUN_4,FUN_5
196019,29528,RET,CUBE_L
196021,9875,FUN_4,FUN_3
196037,354,FUN_5,FUN_4
196040,19566,FUN_3,FUN_2
196044,18929,FUN_1,FUN_2
196046,13456,CUBE_R,RET
196049,19436,FUN_3,FUN_2
196051,19804,CUBE_L,RET
196069,20321,FUN_3,FUN_4
196074,14805,FUN_5,FUN_4
196078,3471,FUN_6,CUBE_R
196085,14900,FUN_2,FUN_3
196086,9159,FUN_5,FUN_4
196094,15633,FUN_1,FUN_2
196097,19566,FUN_2,FUN_3
196114,28218,FUN_5,FUN_4
196117,667,RET,CUBE_R
196120,9053,FUN_2,FUN_1
196120,24636,FUN_1,CUBE_L
196121,354,FUN_4,FUN_5
196131,24477,FUN_2,FUN_3
196148,21210,FUN_3,FUN_2
196161,987,FUN_1,FUN_2
196161,19566,FUN_3,FUN_2
196168,2422,FUN_1,CUBE_L
196186,11370,FUN_1,FUN_2
196188,19566,FUN_2,FUN_3
196189,17954,FUN_1,FUN_2
196190,5062,FUN_6,FUN_5
196198,16062,FUN_2,FUN_1
196215,27524,FUN_4,FUN_5
196219,3302,FUN_4,FUN_3
196230,24799,FUN_5,FUN_4
196235,22871,FUN_4,FUN_3
196238,25891,FUN_5,FUN_6
196259,27980,FUN_3,FUN_2
196265,13797,FUN_2,FUN_3
196279,10488,FUN_2,FUN_1
196282,22602,FUN_4,FUN_5
196282,27368,CUBE_R,FUN_6
196283,15992,FUN_2,FUN_3
196288,18919,FUN_6,CUBE_R
196288,29117,FUN_2,FUN_3
196291,4774,FUN_5,FUN_4
196301,1932,FUN_6,CUBE_R
196302,10525,FUN_1,FUN_2
196303,18485,RET,CUBE_L
196310,9060,FUN_6,FUN_5
196314,26185,FUN_2,FUN_1
196320,10771,CUBE_L,RET
196329,10208,CUBE_R,RET
196351,20321,FUN_4,FUN_3
196357,14532,FUN_3,FUN_2
196362,2049,FUN_3,FUN_2
196377,9637,FUN_6,FUN_5
196422,27524,FUN_5,FUN_4
196426,3307,RET,CUBE_L
196426,13092,FUN_6,FUN_5
196444,6889,FUN_4,FUN_3
196445,24051,FUN_1,FUN_2
196508,15631,FUN_3,FUN_2
196514,15292,FUN_1,FUN_2
196551,29760,CUBE_L,FUN_1
196552,22099,FUN_2,FUN_3
196571,5582,FUN_4,FUN_3
196574,7788,FUN_2,FUN_3
196583,23199,CUBE_R,FUN_6
196592,8471,FUN_4,FUN_5
196642,4314,FUN_2,FUN_3
196656,19796,FUN_2,FUN_3
196656,20776,FUN_3,FUN_2
196687,14562,FUN_2,FUN_3
196691,28202,CUBE_R,FUN_6
196703,4800,FUN_3,FUN_2
196708,15569,FUN_3,FUN_4
196717,4813,FUN_2,FUN_3
196727,23643,FUN_3,FUN_2
196735,24044,FUN_1,FUN_2
196744,235,FUN_4,FUN_5
196749,6696,FUN_2,FUN_3
196756,27640,FUN_6,FUN_5
196769,15633,FUN_2,FUN_1
196779,27114,FUN_5,FUN_6
196782,29297,CUBE_R,RET
196787,23385,RET,CUBE_R
196791,10806,FUN_2,FUN_3
196795,23804,FUN_3,FUN_2
196812,4800,FUN_2,FUN_3
196823,1302,FUN_5,FUN_4
196833,6721,FUN_2,FUN_3
196856,2716,FUN_1,FUN_2
196857,9342,CUBE_L,RET
196875,12568,CUBE_R,RET
196887,2324,FUN_4,FUN_5
196898,9060,FUN_5,FUN_6
196915,15569,FUN_4,FUN_3
196921,15633,FUN_1,FUN_2
196931,29037,FUN_5,FUN_4
196946,4509,FUN_4,FUN_5
196947,26783,FUN_3,FUN_4
196953,26902,FUN_6,CUBE_R
196963,29475,FUN_2,FUN_1
196980,3519,FUN_6,FUN_5
196993,19580,FUN_3,FUN_2
197011,9337,FUN_2,FUN_1
197015,1085,FUN_5,FUN_4
197016,4796,FUN_1,FUN_2
197019,15027,FUN_2,FUN_1
197025,18317,CUBE_L,RET
197033,23436,FUN_2,FUN_3
197035,25476,FUN_1,CUBE_L
197059,6269,CUBE_R,RET
197073,1622,FUN_5,FUN_4
197121,19629,FUN_2,FUN_3
197133,19401,FUN_3,FUN_2
197139,2324,FUN_5,FUN_4
197141,15848,FUN_2,FUN_3
197162,13732,FUN_4,FUN_3
197165,9750,FUN_1,FUN_2
197169,8167,RET,CUBE_L
197171,3661,RET,CUBE_L
197171,7024,CUBE_R,FUN_6
197173,22871,FUN_3,FUN_4
197178,24290,FUN_3,FUN_2
197191,21042,FUN_3,FUN_2
197196,14552,FUN_1,FUN_2
197197,17508,FUN_1,FUN_2
197203,16718,FUN_2,FUN_3
197204,8823,FUN_2,FUN_1
197215,16380,FUN_3,FUN_2
197226,18901,CUBE_R,RET
197226,26858,FUN_2,FUN_1
197241,29499,FUN_5,FUN_6
197247,13976,FUN_5,FUN_6
197247,16098,FUN_2,FUN_1
197264,7074,FUN_1,FUN_2
197266,19641,CUBE_R,RET
197269,18212,FUN_3,FUN_4
197293,16887,RET,CUBE_L
197308,7632,RET,CUBE_L
197313,29408,FUN_5,FUN_6
197314,27459,FUN_3,FUN_2
197323,17173,FUN_4,FUN_3
197329,19566,FUN_3,FUN_2
197351,29499,FUN_6,FUN_5
197359,2004,FUN_2,FUN_1
197365,29117,FUN_3,FUN_2
197367,24874,FUN_5,FUN_4
197376,21210,FUN_2,FUN_3
197377,21985,FUN_1,FUN_2
197399,16582,FUN_1,FUN_2
197409,29117,FUN_2,FUN_3
197410,18718,FUN_2,FUN_1
197410,19218,CUBE_L,RET
197418,3170,FUN_3,FUN_2
197424,20810,FUN_6,FUN_5
197436,19641,RET,CUBE_R
197439,13657,FUN_5,FUN_4
197446,13455,FUN_2,FUN_3
197447,22099,FUN_3,FUN_2
197450,12908,FUN_1,FUN_2
197451,16761,FUN_2,FUN_1
197493,14351,FUN_3,FUN_4
197518,23326,FUN_1,CUBE_L
197520,13464,FUN_4,FUN_3
197537,12549,RET,CUBE_R
197541,5582,FUN_3,FUN_4
197545,5585,FUN_2,FUN_3
197552,3983,FUN_2,FUN_3
197555,4129,FUN_3,FUN_4
197558,287,FUN_3,FUN_2
197558,21880,RET,CUBE_L
197565,26858,FUN_1,FUN_2
197568,19436,FUN_2,FUN_3
197572,21709,FUN_3,FUN_4
197576,29401,CUBE_R,RET
197582,25008,FUN_3,FUN_4
197584,13511,FUN_2,FUN_3
197593,18212,FUN_4,FUN_3
197595,23868,FUN_2,FUN_3
197596,8834,FUN_4,FUN_3
197613,3572,FUN_6,FUN_5
197618,22377,FUN_2,FUN_1
197623,13023,FUN_1,FUN_2
197632,26858,FUN_2,FUN_1
197651,24256,FUN_2,FUN_3
197652,10601,CUBE_R,RET
197664,21829,FUN_2,FUN_3
197670,10310,FUN_3,FUN_2
197703,21126,RET,CUBE_R
197718,16331,FUN_5,FUN_4
197728,2066,FUN_6,FUN_5
197730,22766,FUN_3,FUN_2
197738,7061,FUN_2,FUN_1
197745,29117,FUN_3,FUN_2
197749,8749,FUN_5,FUN_4
197762,10349,CUBE_L,RET
197777,15569,FUN_3,FUN_4
197794,4103,FUN_4,FUN_3
197794,4673,FUN_3,FUN_2
197812,20575,FUN_2,FUN_3
197814,15500,FUN_3,FUN_2
197826,15992,FUN_3,FUN_2
197828,29037,FUN_4,FUN_5
197863,27231,FUN_2,FUN_1
197868,19285,FUN_2,FUN_1
197876,22871,FUN_4,FUN_3
197891,2,FUN_4,FUN_5
197903,8823,FUN_1,FUN_2
197907,14678,FUN_4,FUN_3
197908,27231,FUN_1,FUN_2
197912,25929,FUN_3,FUN_4
197916,15328,FUN_1,FUN_2
197921,2585,CUBE_R,RET
197923,4689,FUN_2,FUN_3
197924,22842,FUN_3,FUN_2
197933,4873,FUN_5,FUN_4
197948,8558,FUN_2,FUN_1
197950,5585,FUN_3,FUN_2
197951,19218,RET,CUBE_L
197965,13310,RET,CUBE_R
197977,9337,FUN_1,FUN_2
197981,6422,CUBE_L,FUN_1
197983,22438,FUN_5,FUN_4
197997,1521,FUN_6,CUBE_R
198005,19744,FUN_5,FUN_4
198008,26067,CUBE_R,RET
198031,15500,FUN_2,FUN_3
198031,23636,FUN_3,FUN_2
198038,17173,FUN_3,FUN_4
198039,4219,FUN_3,FUN_2
198044,15631,FUN_2,FUN_3
198081,2,FUN_5,FUN_4
198082,8675,FUN_2,FUN_1
198093,4802,CUBE_L,RET
198101,27952,FUN_1,FUN_2
198102,1373,FUN_3,FUN_2
198104,28826,RET,CUBE_L
198108,13822,FUN_1,FUN_2
198141,20445,FUN_3,FUN_2
198144,1771,FUN_1,FUN_2
198144,7098,RET,CUBE_L
198146,10357,FUN_3,FUN_4
198153,9060,FUN_6,FUN_5
198155,17790,FUN_5,FUN_4
198175,14805,FUN_4,FUN_5
198178,4614,FUN_3,FUN_2
198191,26585,CUBE_R,FUN_6
198192,6744,FUN_3,FUN_2
198199,20580,RET,CUBE_L
198206,25008,FUN_4,FUN_3
198207,11005,RET,CUBE_R
198222,14827,CUBE_L,RET
198233,14,FUN_3,FUN_4
198233,22022,FUN_4,FUN_3
198237,5449,FUN_4,FUN_3
198244,27006,FUN_5,FUN_6
198245,13645,CUBE_R,FUN_6
198274,22789,FUN_2,FUN_1
198281,2324,FUN_4,FUN_5
198281,15040,FUN_2,FUN_3
198282,913,FUN_2,FUN_3
198295,16850,FUN_3,FUN_4
198299,16761,FUN_1,FUN_2
198313,13511,FUN_3,FUN_2
198328,2049,FUN_2,FUN_3
198338,6744,FUN_2,FUN_3
198341,15631,FUN_3,FUN_2
198357,638,CUBE_L,FUN_1
198367,3924,FUN_3,FUN_4
198369,9337,FUN_2,FUN_1
198378,7194,FUN_3,FUN_2
198396,26858,FUN_1,FUN_2
198407,13841,FUN_2,FUN_3
198414,17508,FUN_2,FUN_1
198416,13511,FUN_2,FUN_3
198419,28495,CUBE_L,RET
198451,9516,FUN_2,FUN_1
198464,15219,FUN_2,FUN_1
198465,50,FUN_5,FUN_4
198467,23643,FUN_2,FUN_3
198474,13645,FUN_6,CUBE_R
198480,20361,FUN_2,FUN_3
198486,6744,FUN_3,FUN_2
198496,16380,FUN_2,FUN_3
198515,3495,FUN_2,FUN_1
198528,7655,FUN_2,FUN_3
198551,19191,FUN_6,CUBE_R
198561,18930,FUN_3,FUN_4
198597,4673,FUN_2,FUN_3
198602,5108,FUN_2,FUN_1
198617,8675,FUN_1,FUN_2
198622,20158,RET,CUBE_R
198625,913,FUN_3,FUN_2
198629,6671,FUN_1,FUN_2
198631,12868,FUN_4,FUN_3
198688,4802,RET,CUBE_L
198693,10771,RET,CUBE_L
198697,7317,RET,CUBE_L
198698,13112,FUN_2,FUN_1
198706,28695,FUN_2,FUN_3
198711,9516,FUN_1,FUN_2
198730,10678,FUN_1,FUN_2
198732,913,FUN_2,FUN_3
198740,4509,FUN_5,FUN_4
198745,26205,CUBE_R,RET
198753,26211,FUN_3,FUN_2
198762,8558,FUN_1,FUN_2
198782,18901,RET,CUBE_R
198800,26527,FUN_1,FUN_2
198825,14678,FUN_3,FUN_4
198833,5565,FUN_2,FUN_1
198850,23491,FUN_1,FUN_2
198852,12964,FUN_3,FUN_2
198852,13980,FUN_5,FUN_6
198861,10310,FUN_2,FUN_3
198863,15517,CUBE_L,RET
198865,4897,FUN_2,FUN_1
198874,8594,FUN_2,FUN_1
198879,16599,CUBE_L,FUN_1
198923,4935,CUBE_L,RET
198929,29672,FUN_3,FUN_2
198947,13464,FUN_3,FUN_4
198950,25810,FUN_2,FUN_1
198958,18212,FUN_3,FUN_4
198968,19810,FUN_4,FUN_3
198985,9516,FUN_2,FUN_1
198990,13822,FUN_2,FUN_1
199006,13455,FUN_3,FUN_2
199007,17198,RET,CUBE_R
199021,18046,CUBE_R,RET
199055,17719,CUBE_R,RET
199059,25077,CUBE_L,FUN_1
199078,26159,FUN_3,FUN_4
199082,16389,RET,CUBE_L
199099,2567,FUN_2,FUN_3
199129,20374,FUN_6,CUBE_R
199156,18924,CUBE_R,RET
199174,22404,FUN_3,FUN_4
199176,2433,FUN_2,FUN_1
199177,20158,CUBE_R,RET
199186,2394,FUN_4,FUN_5
199190,14566,FUN_5,FUN_6
199198,22568,FUN_5,FUN_4
199224,9120,FUN_6,FUN_5
199225,25467,FUN_1,CUBE_L
199228,26460,FUN_2,FUN_1
199241,709,FUN_4,FUN_3
199261,4813,FUN_3,FUN_2
199264,4614,FUN_2,FUN_3
199273,11911,CUBE_R,FUN_6
199275,4314,FUN_3,FUN_2
199278,15118,FUN_2,FUN_3
199280,21460,FUN_4,FUN_5
199280,29872,CUBE_L,FUN_1
199286,1823,FUN_3,FUN_2
199286,18855,FUN_5,FUN_6
199292,22871,FUN_3,FUN_4
199303,18813,FUN_2,FUN_1
199309,13464,FUN_4,FUN_3
199310,5449,FUN_3,FUN_4
199312,3471,CUBE_R,FUN_6
199312,28495,RET,CUBE_L
199313,29184,FUN_3,FUN_2
199314,12415,FUN_5,FUN_6
199319,28695,FUN_3,FUN_2
199346,20575,FUN_3,FUN_2
199356,16613,FUN_5,FUN_6
199370,57,FUN_3,FUN_2
199382,23974,FUN_3,FUN_4
199384,6744,FUN_2,FUN_3
199390,18310,FUN_2,FUN_1
199393,22404,FUN_4,FUN_3
199395,8007,FUN_6,FUN_5
199396,12895,FUN_2,FUN_1
199442,24636,CUBE_L,FUN_1
199454,5582,FUN_4,FUN_3
199464,27980,FUN_2,FUN_3
199474,12259,FUN_2,FUN_1
199498,119,FUN_4,FUN_3
199506,13732,FUN_3,FUN_4
199528,29184,FUN_2,FUN_3
199531,10424,FUN_3,FUN_2
199531,29037,FUN_5,FUN_4
199541,14566,FUN_6,FUN_5
199549,26118,FUN_3,FUN_2
199556,13511,FUN_3,FUN_2
199568,7326,FUN_3,FUN_2
199571,281,FUN_2,FUN_3
199575,9097,CUBE_L,RET
199575,16745,FUN_3,FUN_2
199579,29037,FUN_4,FUN_5
199580,11898,FUN_3,FUN_2
199583,238,FUN_2,FUN_1
199585,24464,FUN_3,FUN_2
199615,9516,FUN_1,FUN_2
199623,13841,FUN_3,FUN_2
199664,913,FUN_3,FUN_2
199669,2433,FUN_1,FUN_2
199673,12956,FUN_1,FUN_2
199673,27305,RET,CUBE_R
199678,4897,FUN_1,FUN_2
199678,6933,FUN_5,FUN_6
199703,17289,RET,CUBE_R
199703,18686,FUN_2,FUN_1
199706,7061,FUN_1,FUN_2
199719,14566,FUN_5,FUN_6
199743,27327,FUN_4,FUN_3
199758,20459,CUBE_R,RET
199760,5108,FUN_1,FUN_2
199781,667,CUBE_R,RET
199792,1008,FUN_2,FUN_1
199792,1981,CUBE_L,FUN_1
199795,16331,FUN_4,FUN_5
199813,24477,FUN_3,FUN_2
199818,29052,FUN_3,FUN_2
199835,14532,FUN_2,FUN_3
199839,24676,FUN_4,FUN_5
199840,15531,RET,CUBE_L
199846,28218,FUN_4,FUN_5
199847,19886,FUN_2,FUN_1
199848,10996,FUN_6,CUBE_R
199853,6824,FUN_2,FUN_1
199862,2315,FUN_4,FUN_5
199863,18894,FUN_2,FUN_1
199864,21228,FUN_2,FUN_3
199868,25891,FUN_6,FUN_5
199878,1510,FUN_6,CUBE_R
199879,8167,CUBE_L,RET
199883,4103,FUN_3,FUN_4
199904,13827,FUN_4,FUN_5
199914,15286,FUN_2,FUN_3
199954,12568,RET,CUBE_R
199962,19860,FUN_1,FUN_2
199978,9516,FUN_2,FUN_1
199978,21709,FUN_4,FUN_3
199984,22871,FUN_4,FUN_3
199989,17589,RET,CUBE_L
200006,15419,RET,CUBE_L
200006,28957,FUN_1,CUBE_L
200013,25754,FUN_2,FUN_3
200031,16594,FUN_2,FUN_1
200050,23868,FUN_3,FUN_2
200053,9516,FUN_1,FUN_2
200053,15992,FUN_2,FUN_3
200063,12568,CUBE_R,RET
200075,3822,FUN_2,FUN_3
200078,25203,FUN_2,FUN_3
200085,8107,FUN_3,FUN_2
200085,27516,FUN_2,FUN_3
200088,4346,CUBE_R,RET
200122,531,FUN_5,FUN_6
200126,23076,FUN_2,FUN_3
200131,11768,FUN_3,FUN_2
200139,24676,FUN_5,FUN_4
200157,16184,FUN_5,FUN_4
200182,17240,FUN_3,FUN_2
200184,898,FUN_3,FUN_4
200185,20197,FUN_2,FUN_3
200187,5675,FUN_1,FUN_2
200190,4614,FUN_3,FUN_2
200200,22404,FUN_3,FUN_4
200224,235,FUN_5,FUN_4
200227,817,CUBE_R,RET
200234,6744,FUN_3,FUN_2
200266,12383,FUN_4,FUN_3
200282,25935,FUN_3,FUN_2
200286,8775,FUN_3,FUN_2
200293,27949,RET,CUBE_L
200295,5629,FUN_1,FUN_2
200304,15848,FUN_3,FUN_2
200304,18563,FUN_3,FUN_2
200304,18813,FUN_1,FUN_2
200311,14743,FUN_2,FUN_3
200321,6744,FUN_2,FUN_3
200323,13679,FUN_2,FUN_3
200327,15569,FUN_4,FUN_3
200354,3044,FUN_3,FUN_2
200369,1453,FUN_3,FUN_4
200395,21969,FUN_2,FUN_1
200397,25891,FUN_5,FUN_6
200399,4219,FUN_2,FUN_3
200399,16850,FUN_4,FUN_3
200431,12862,FUN_1,CUBE_L
200447,29578,CUBE_R,RET
200454,3158,FUN_1,FUN_2
200465,4036,FUN_3,FUN_2
200474,12568,RET,CUBE_R
200475,25891,FUN_6,FUN_5
200478,9097,RET,CUBE_L
200504,14743,FUN_3,FUN_2
200508,26642,FUN_3,FUN_4
200509,238,FUN_1,FUN_2
200509,22871,FUN_3,FUN_4
200512,20916,RET,CUBE_R
200526,29187,FUN_2,FUN_3
200539,12415,FUN_6,FUN_5
200546,10824,CUBE_R,FUN_6
200565,25326,FUN_3,FUN_2
200575,25008,FUN_3,FUN_4
200587,565,FUN_1,CUBE_L
200598,27621,CUBE_R,RET
200608,29528,CUBE_L,RET
200636,119,FUN_3,FUN_4
200648,7655,FUN_3,FUN_2
200660,20649,FUN_2,FUN_1
200661,15817,FUN_2,FUN_3
200663,26109,FUN_3,FUN_2
200665,14743,FUN_2,FUN_3
200667,14499,CUBE_L,RET
200667,16599,FUN_1,CUBE_L
200672,18718,FUN_1,FUN_2
200675,10778,FUN_5,FUN_6
200678,19039,FUN_4,FUN_3
200696,18891,FUN_4,FUN_3
200700,3177,FUN_2,FUN_1
200703,29298,FUN_3,FUN_2
200708,9159,FUN_4,FUN_5
200716,28154,FUN_2,FUN_3
200730,8542,FUN_4,FUN_3
200732,13455,FUN_2,FUN_3
200742,20796,FUN_3,FUN_2
200755,10899,FUN_3,FUN_2
200757,27971,FUN_3,FUN_2
200762,20445,FUN_2,FUN_3
200764,20197,FUN_3,FUN_2
200769,18924,RET,CUBE_R
200769,21829,FUN_3,FUN_2
200787,11465,FUN_2,FUN_3
200797,25935,FUN_2,FUN_3
200802,6889,FUN_3,FUN_4
200811,565,CUBE_L,FUN_1
200814,12161,FUN_4,FUN_3
200819,22316,FUN_2,FUN_3
200820,13679,FUN_3,FUN_2
200829,952,CUBE_L,RET
200834,9526,FUN_1,FUN_2
200839,9342,RET,CUBE_L
200847,11768,FUN_2,FUN_3
200850,3378,FUN_2,FUN_3
200854,193,FUN_3,FUN_4
200888,4897,FUN_2,FUN_1
200913,25557,FUN_2,FUN_3
200923,16599,CUBE_L,FUN_1
200924,26205,RET,CUBE_R
200930,26902,CUBE_R,FUN_6
200944,26548,FUN_1,FUN_2
200962,6696,FUN_3,FUN_2
200965,25453,FUN_3,FUN_2
200970,24290,FUN_2,FUN_3
200975,17113,FUN_5,FUN_6
200981,6582,FUN_1,FUN_2
200986,3042,FUN_1,FUN_2
200999,11898,FUN_2,FUN_3
201001,23123,FUN_3,FUN_2
201012,19139,CUBE_L,FUN_1
201016,13797,FUN_3,FUN_2
201025,7965,FUN_5,FUN_6
201028,7390,FUN_2,FUN_3
201030,28660,FUN_3,FUN_2
201036,5537,FUN_5,FUN_4
201037,6889,FUN_4,FUN_3
201046,17808,CUBE_R,RET
201061,25338,FUN_3,FUN_2
201065,22099,FUN_2,FUN_3
201081,3863,FUN_1,FUN_2
201091,16298,FUN_6,CUBE_R
201100,14900,FUN_3,FUN_2
201113,19566,FUN_2,FUN_3
201118,1008,FUN_1,FUN_2
201124,6889,FUN_3,FUN_4
201125,19629,FUN_3,FUN_2
201126,3983,FUN_3,FUN_2
201133,12195,FUN_4,FUN_5
201141,3100,FUN_6,FUN_5
201143,18813,FUN_2,FUN_1
201145,19039,FUN_3,FUN_4
201157,2049,FUN_3,FUN_2
201157,28650,FUN_5,FUN_6
201158,12361,FUN_4,FUN_3
201161,8434,FUN_3,FUN_2
201166,18891,FUN_3,FUN_4
201172,27524,FUN_4,FUN_5
201202,29037,FUN_5,FUN_4
201206,18149,FUN_2,FUN_1
201230,27114,FUN_6,FUN_5
201242,28695,FUN_2,FUN_3
201245,4557,FUN_3,FUN_2
201261,14626,FUN_2,FUN_1
201270,20419,CUBE_L,FUN_1
201277,952,RET,CUBE_L
201293,26551,FUN_3,FUN_4
201296,29182,FUN_1,FUN_2
201314,9516,FUN_2,FUN_1
201319,25567,FUN_2,FUN_1
201322,21100,FUN_5,FUN_6
201364,13044,FUN_2,FUN_1
201368,28249,CUBE_R,RET
201383,3863,FUN_2,FUN_1
201392,16579,FUN_1,FUN_2
201394,15464,FUN_1,FUN_2
201398,19444,FUN_1,CUBE_L
201398,27343,FUN_1,CUBE_L
201415,11426,FUN_6,CUBE_R
201441,6422,FUN_1,CUBE_L
201443,24262,FUN_3,FUN_2
201447,8594,FUN_1,FUN_2
201451,4813,FUN_2,FUN_3
201455,15848,FUN_2,FUN_3
201460,21460,FUN_5,FUN_4
201460,25643,RET,CUBE_R
201489,3495,FUN_1,FUN_2
201500,16098,FUN_1,FUN_2
201511,14405,FUN_1,FUN_2
201513,26499,FUN_2,FUN_3
201517,1521,CUBE_R,FUN_6
201527,4219,FUN_3,FUN_2
201533,23481,FUN_4,FUN_3
201555,18673,CUBE_R,FUN_6
201562,14499,RET,CUBE_L
201566,11898,FUN_3,FUN_2
201569,15989,FUN_1,FUN_2
201572,4219,FUN_2,FUN_3
201583,10718,FUN_2,FUN_3
201594,24464,FUN_2,FUN_3
201596,25567,FUN_1,FUN_2
201615,22217,FUN_1,FUN_2
201617,14667,FUN_3,FUN_4
201618,14667,FUN_4,FUN_3
201625,26239,CUBE_R,FUN_6
201670,18673,FUN_6,CUBE_R
201691,14667,FUN_3,FUN_4
201708,25338,FUN_2,FUN_3
201711,18102,CUBE_R,FUN_6
201719,4459,FUN_6,CUBE_R
201725,8102,FUN_2,FUN_3
201731,11426,CUBE_R,FUN_6
201740,17198,CUBE_R,RET
201771,565,FUN_1,CUBE_L
201774,7247,FUN_3,FUN_2
201782,27105,FUN_2,FUN_3
201785,11164,FUN_2,FUN_1
201788,8160,FUN_4,FUN_3
201800,20110,FUN_6,CUBE_R
201803,19152,FUN_3,FUN_4
201808,1646,RET,CUBE_R
201813,4329,FUN_4,FUN_3
201824,2433,FUN_2,FUN_1
201831,7194,FUN_2,FUN_3
201832,17146,CUBE_R,RET
201846,12352,CUBE_R,RET
201856,6208,CUBE_R,FUN_6
201859,5686,FUN_4,FUN_5
201860,24799,FUN_4,FUN_5
201869,14935,CUBE_R,FUN_6
201869,23974,FUN_4,FUN_3
201876,18853,FUN_2,FUN_3
201877,24955,FUN_3,FUN_2
201892,13645,CUBE_R,FUN_6
201901,28507,FUN_3,FUN_2
201902,24262,FUN_2,FUN_3
201903,7569,FUN_3,FUN_2
201920,18919,CUBE_R,FUN_6
201921,11894,FUN_1,FUN_2
201931,1637,FUN_2,FUN_3
201945,11695,FUN_3,FUN_2
201950,3140,FUN_5,FUN_4
201972,7420,FUN_3,FUN_2
201974,13464,FUN_3,FUN_4
201988,531,FUN_6,FUN_5
201990,25482,RET,CUBE_R
201995,15569,FUN_3,FUN_4
201996,2004,FUN_1,FUN_2
202020,13044,FUN_1,FUN_2
202023,26548,FUN_2,FUN_1
202028,13906,FUN_3,FUN_2
202034,26449,FUN_2,FUN_3
202053,26067,RET,CUBE_R
202071,22785,CUBE_R,RET
202083,17407,RET,CUBE_R
202086,18891,FUN_4,FUN_3
202100,10638,FUN_3,FUN_4
202106,23404,CUBE_L,RET
202107,19629,FUN_2,FUN_3
202108,12195,FUN_5,FUN_4
202142,6550,FUN_4,FUN_3
202144,1008,FUN_2,FUN_1
202155,11503,FUN_2,FUN_1
202178,17751,RET,CUBE_R
202180,10623,FUN_2,FUN_3
202184,5800,FUN_3,FUN_2
202200,898,FUN_4,FUN_3
202203,21460,FUN_4,FUN_5
202205,29037,FUN_4,FUN_5
202210,24481,FUN_3,FUN_4
202214,22871,FUN_4,FUN_3
202225,15992,FUN_3,FUN_2
202231,29739,CUBE_R,FUN_6
202237,6824,FUN_1,FUN_2
202242,11551,FUN_2,FUN_3
202258,11503,FUN_1,FUN_2
202276,25203,FUN_3,FUN_2
202287,7662,FUN_4,FUN_3
202314,12623,FUN_2,FUN_3
202329,14124,FUN_6,CUBE_R
202338,18046,RET,CUBE_R
202346,11768,FUN_3,FUN_2
202352,17719,RET,CUBE_R
202372,23036,FUN_4,FUN_5
202379,25929,FUN_4,FUN_3
202384,16301,FUN_2,FUN_3
202390,7308,CUBE_L,RET
202391,12071,FUN_2,FUN_3
202400,14831,FUN_4,FUN_5
202406,16801,FUN_2,FUN_3
202420,21935,CUBE_R,FUN_6
202424,29331,RET,CUBE_L
202466,6460,FUN_2,FUN_1
202467,13456,RET,CUBE_R
202472,28695,FUN_3,FUN_2
202475,22905,FUN_3,FUN_2
202495,7655,FUN_2,FUN_3
202514,27105,FUN_3,FUN_2
202516,22842,FUN_2,FUN_3
202543,16367,FUN_2,FUN_3
202544,14343,CUBE_R,RET
202548,3625,FUN_4,FUN_3
202550,15298,FUN_2,FUN_3
202558,21709,FUN_3,FUN_4
202560,16594,FUN_1,FUN_2
202563,7101,FUN_2,FUN_1
202576,29331,CUBE_L,RET
202579,1008,FUN_1,FUN_2
202579,12455,FUN_6,FUN_5
202595,25810,FUN_1,FUN_2
202611,15817,FUN_3,FUN_2
202630,14985,FUN_5,FUN_6
202630,24874,FUN_4,FUN_5
202630,25891,FUN_5,FUN_6
202642,9308,FUN_5,FUN_6
202648,18046,CUBE_R,RET
202653,13822,FUN_1,FUN_2
202653,28650,FUN_6,FUN_5
202657,11367,FUN_1,FUN_2
202659,4885,FUN_4,FUN_3
202676,10530,FUN_3,FUN_2
202684,2565,FUN_3,FUN_2
202685,2229,FUN_3,FUN_2
202691,26783,FUN_4,FUN_3
202692,24481,FUN_4,FUN_3
202711,21502,FUN_1,FUN_2
202715,29331,RET,CUBE_L
202719,19860,FUN_2,FUN_1
202721,25567,FUN_2,FUN_1
202727,18919,FUN_6,CUBE_R
202744,2567,FUN_3,FUN_2
202749,18149,FUN_1,FUN_2
202756,26239,FUN_6,CUBE_R
202762,9159,FUN_5,FUN_4
202764,19686,FUN_4,FUN_5
202768,8542,FUN_3,FUN_4
202769,14566,FUN_6,FUN_5
202790,11503,FUN_2,FUN_1
202799,26548,FUN_1,FUN_2
202825,10561,FUN_3,FUN_2
202827,7390,FUN_3,FUN_2
202857,2730,FUN_5,FUN_4
202858,14499,CUBE_L,RET
202876,14056,FUN_5,FUN_4
202886,25453,FUN_2,FUN_3
202911,16437,FUN_2,FUN_3
202914,11347,CUBE_R,FUN_6
202926,21100,FUN_6,FUN_5
202933,12908,FUN_2,FUN_1
202939,29401,RET,CUBE_R
202941,10150,CUBE_R,FUN_6
202944,26417,FUN_3,FUN_2
202950,15531,CUBE_L,RET
202951,22871,FUN_3,FUN_4
202952,22404,FUN_4,FUN_3
202965,12640,RET,CUBE_L
202966,19294,FUN_4,FUN_3
202987,29037,FUN_5,FUN_4
202988,19973,FUN_4,FUN_5
203000,2838,FUN_1,FUN_2
203004,7505,FUN_2,FUN_3
203011,25398,FUN_6,CUBE_R
203014,29443,FUN_2,FUN_1
203015,15469,RET,CUBE_R
203016,3044,FUN_2,FUN_3
203040,7497,FUN_3,FUN_4
203048,16943,FUN_3,FUN_2
203049,8320,RET,CUBE_R
203051,9342,CUBE_L,RET
203059,22245,FUN_5,FUN_6
203068,20592,FUN_4,FUN_3
203069,10996,CUBE_R,FUN_6
203071,11367,FUN_2,FUN_1
203113,11856,FUN_2,FUN_1
203114,26029,FUN_2,FUN_1
203128,24351,FUN_2,FUN_1
203140,22417,FUN_6,CUBE_R
203144,5968,FUN_2,FUN_3
203156,19558,FUN_1,FUN_2
203172,15500,FUN_3,FUN_2
203180,3307,CUBE_L,RET
203192,19174,CUBE_R,RET
203200,2393,CUBE_L,FUN_1
203255,7569,FUN_2,FUN_3
203256,20315,CUBE_L,FUN_1
203273,10424,FUN_2,FUN_3
203278,7484,FUN_1,FUN_2
203278,14743,FUN_3,FUN_2
203299,8102,FUN_3,FUN_2
203313,10525,FUN_2,FUN_1
203346,26145,CUBE_L,RET
203382,21449,FUN_3,FUN_4
203383,5585,FUN_2,FUN_3
203384,22871,FUN_4,FUN_3
203388,13515,FUN_1,FUN_2
203388,19629,FUN_3,FUN_2
203413,8693,FUN_1,FUN_2
203415,19903,FUN_1,FUN_2
203420,26520,FUN_3,FUN_4
203437,4774,FUN_4,FUN_5
203458,5565,FUN_1,FUN_2
203474,13295,FUN_3,FUN_4
203475,11367,FUN_1,FUN_2
203476,8107,FUN_2,FUN_3
203477,12168,FUN_3,FUN_2
203478,20315,FUN_1,CUBE_L
203528,1453,FUN_4,FUN_3
203539,8542,FUN_4,FUN_3
203552,7157,FUN_2,FUN_3
203567,7556,FUN_4,FUN_5
203582,4700,FUN_2,FUN_3
203584,6744,FUN_3,FUN_2
203589,9560,RET,CUBE_R
203606,4219,FUN_3,FUN_2
203609,3471,FUN_6,CUBE_R
203620,28443,FUN_3,FUN_2
203624,18046,RET,CUBE_R
203635,10748,FUN_3,FUN_2
203646,24256,FUN_3,FUN_2
203652,7499,FUN_2,FUN_3
203658,2730,FUN_4,FUN_5
203659,17751,CUBE_R,RET
203666,19973,FUN_5,FUN_4
203671,5157,RET,CUBE_R
203686,2315,FUN_5,FUN_4
203692,18919,CUBE_R,FUN_6
203706,11367,FUN_2,FUN_1
203707,11930,FUN_4,FUN_5
203715,10875,FUN_1,FUN_2
203716,29079,FUN_1,FUN_2
203721,26118,FUN_2,FUN_3
203722,14831,FUN_5,FUN_4
203725,5582,FUN_3,FUN_4
203737,23076,FUN_3,FUN_2
203758,15817,FUN_2,FUN_3
203763,11551,FUN_3,FUN_2
203781,6377,FUN_4,FUN_5
203799,29801,FUN_2,FUN_1
203801,19558,FUN_2,FUN_1
203802,20374,CUBE_R,FUN_6
203810,19580,FUN_2,FUN_3
203824,21123,FUN_1,FUN_2
203825,709,FUN_3,FUN_4
203832,2,FUN_4,FUN_5
203841,29052,FUN_2,FUN_3
203861,4813,FUN_3,FUN_2
203861,4937,FUN_3,FUN_2
203861,11767,FUN_4,FUN_3
203861,20374,FUN_6,CUBE_R
203869,8350,FUN_3,FUN_2
203876,7689,FUN_3,FUN_4
203878,4700,FUN_3,FUN_2
203881,13511,FUN_2,FUN_3
203885,13119,FUN_3,FUN_4
203902,17198,RET,CUBE_R
203912,26480,CUBE_R,FUN_6
203915,7420,FUN_2,FUN_3
203917,1771,FUN_2,FUN_1
203922,8417,FUN_3,FUN_4
203938,4937,FUN_2,FUN_3
203944,4982,FUN_3,FUN_2
203966,11695,FUN_2,FUN_3
203969,10725,FUN_2,FUN_1
203975,238,FUN_2,FUN_1
203986,22298,RET,CUBE_L
204007,22311,FUN_4,FUN_3
204014,11347,FUN_6,CUBE_R
204028,20728,FUN_4,FUN_5
204028,27952,FUN_2,FUN_1
204037,12319,FUN_2,FUN_1
204038,4700,FUN_2,FUN_3
204038,17751,RET,CUBE_R
204075,29739,FUN_6,CUBE_R
204081,12908,FUN_1,FUN_2
204082,15298,FUN_3,FUN_2
204089,2838,FUN_2,FUN_1
204109,22865,FUN_4,FUN_3
204110,12352,RET,CUBE_R
204116,2433,FUN_1,FUN_2
204126,7912,FUN_3,FUN_2
204129,11426,FUN_6,CUBE_R
204141,27949,CUBE_L,RET
204143,22884,FUN_3,FUN_2
204144,9159,FUN_4,FUN_5
204160,26499,FUN_3,FUN_2
204162,21100,FUN_5,FUN_6
204164,15122,FUN_3,FUN_4
204179,16488,RET,CUBE_R
204184,5449,FUN_4,FUN_3
204198,19646,FUN_6,FUN_5
204206,24704,RET,CUBE_R
204222,12252,FUN_4,FUN_3
204225,6377,FUN_5,FUN_4
204227,8038,RET,CUBE_L
204227,21210,FUN_3,FUN_2
204249,19796,FUN_3,FUN_2
204254,1823,FUN_2,FUN_3
204266,7098,CUBE_L,RET
204269,24909,FUN_3,FUN_2
204270,27088,FUN_3,FUN_2
204285,3755,FUN_4,FUN_3
204297,12455,FUN_5,FUN_6
204309,11269,FUN_2,FUN_3
204316,4129,FUN_4,FUN_3
204316,9526,FUN_2,FUN_1
204357,29578,RET,CUBE_R
204367,26380,FUN_6,CUBE_R
204380,14893,FUN_5,FUN_4
204396,28695,FUN_2,FUN_3
204427,4813,FUN_2,FUN_3
204449,24374,FUN_6,FUN_5
204451,21123,FUN_2,FUN_1
204460,287,FUN_2,FUN_3
204461,2324,FUN_5,FUN_4
204472,14823,FUN_4,FUN_5
204476,27949,RET,CUBE_L
204484,11347,CUBE_R,FUN_6
204496,11657,FUN_2,FUN_1
204507,3495,FUN_2,FUN_1
204517,7556,FUN_5,FUN_4
204522,287,FUN_3,FUN_2
204525,4937,FUN_3,FUN_2
204529,2565,FUN_2,FUN_3
204538,238,FUN_1,FUN_2
204553,7689,FUN_4,FUN_3
204556,667,RET,CUBE_R
204561,26460,FUN_1,FUN_2
204567,21123,FUN_1,FUN_2
204567,21171,FUN_3,FUN_2
204587,14667,FUN_4,FUN_3
204602,20308,FUN_2,FUN_1
204616,10718,FUN_3,FUN_2
204643,1008,FUN_2,FUN_1
204686,22878,CUBE_R,RET
204690,16437,FUN_3,FUN_2
204697,14552,FUN_2,FUN_1
204719,29740,CUBE_L,RET
204742,28443,FUN_2,FUN_3
204751,7057,FUN_3,FUN_2
204768,24955,FUN_2,FUN_3
204803,1174,FUN_3,FUN_2
204806,7017,FUN_2,FUN_1
204813,13657,FUN_4,FUN_5
204816,14777,FUN_1,CUBE_L
204823,10725,FUN_1,FUN_2
204841,7017,FUN_1,FUN_2
204847,20030,FUN_4,FUN_5
204855,29475,FUN_1,FUN_2
204875,29578,CUBE_R,RET
204877,18149,FUN_2,FUN_1
204884,26029,FUN_1,FUN_2
204893,11737,FUN_4,FUN_3
204904,10771,CUBE_L,RET
204945,2176,FUN_3,FUN_4
204991,24374,FUN_5,FUN_6
205017,24955,FUN_3,FUN_2
205030,3479,FUN_4,FUN_3
205035,7922,FUN_4,FUN_3
205036,1821,FUN_3,FUN_4
205042,12252,FUN_3,FUN_4
205088,24734,FUN_5,FUN_6
205127,28562,FUN_4,FUN_3
205128,2700,FUN_2,FUN_3
205134,8853,FUN_2,FUN_1
205148,20030,FUN_5,FUN_4
205149,20916,CUBE_R,RET
205153,14643,FUN_5,FUN_4
205164,11283,FUN_5,FUN_4
205170,12895,FUN_1,FUN_2
205171,19860,FUN_1,FUN_2
205179,12252,FUN_4,FUN_3
205189,13822,FUN_2,FUN_1
205191,10310,FUN_3,FUN_2
205191,27949,CUBE_L,RET
205194,15816,FUN_4,FUN_3
205221,20906,CUBE_L,RET
205224,27772,FUN_5,FUN_6
205237,27938,FUN_5,FUN_4
205245,10962,FUN_3,FUN_2
205255,3158,FUN_2,FUN_1
205276,16298,CUBE_R,FUN_6
205278,28703,FUN_1,FUN_2
205290,20030,FUN_4,FUN_5
205309,27493,FUN_2,FUN_1
205318,17500,FUN_3,FUN_2
205345,2412,RET,CUBE_R
205347,11463,FUN_2,FUN_1
205350,27952,FUN_1,FUN_2
205353,19029,RET,CUBE_L
205356,18563,FUN_2,FUN_3
205364,10725,FUN_2,FUN_1
205374,8962,FUN_3,FUN_2
205378,3755,FUN_3,FUN_4
205422,20419,FUN_1,CUBE_L
205424,23694,FUN_2,FUN_1
205429,29037,FUN_4,FUN_5
205436,11347,FUN_6,CUBE_R
205437,21600,FUN_3,FUN_2
205445,7922,FUN_3,FUN_4
205467,1453,FUN_3,FUN_4
205477,4314,FUN_2,FUN_3
205479,19558,FUN_1,FUN_2
205494,5800,FUN_2,FUN_3
205500,8350,FUN_2,FUN_3
205502,3878,CUBE_R,RET
205536,19793,FUN_4,FUN_3
205551,26029,FUN_2,FUN_1
205553,19029,CUBE_L,RET
205573,11767,FUN_3,FUN_4
205577,28489,CUBE_R,RET
205595,4111,CUBE_R,FUN_6
205598,1590,FUN_3,FUN_2
205602,12623,FUN_3,FUN_2
205611,29804,FUN_2,FUN_1
205629,4111,FUN_6,CUBE_R
205642,25225,FUN_3,FUN_4
205643,14985,FUN_6,FUN_5
205644,26354,FUN_2,FUN_1
205651,15526,FUN_2,FUN_3
205654,1595,FUN_5,FUN_6
205656,4614,FUN_2,FUN_3
205672,14893,FUN_4,FUN_5
205676,5132,CUBE_R,RET
205681,17751,CUBE_R,RET
205683,23300,FUN_2,FUN_1
205697,17407,CUBE_R,RET
205702,1174,FUN_2,FUN_3
205704,12252,FUN_3,FUN_4
205718,14900,FUN_2,FUN_3
205725,23850,FUN_3,FUN_2
205747,3878,RET,CUBE_R
205747,15726,FUN_2,FUN_3
205767,23404,RET,CUBE_L
205773,2315,FUN_4,FUN_5
205773,6429,FUN_3,FUN_2
205773,18457,FUN_2,FUN_1
205778,9328,FUN_6,FUN_5
205781,4314,FUN_3,FUN_2
205784,17261,FUN_2,FUN_3
205784,26354,FUN_1,FUN_2
205785,2565,FUN_3,FUN_2
205785,17198,CUBE_R,RET
205801,73,FUN_2,FUN_1
205805,18851,FUN_3,FUN_2
205808,29079,FUN_2,FUN_1
205819,6786,FUN_3,FUN_2
205845,12252,FUN_4,FUN_3
205854,14499,RET,CUBE_L
205854,20419,CUBE_L,FUN_1
205871,3378,FUN_3,FUN_2
205875,14893,FUN_5,FUN_4
205881,12623,FUN_2,FUN_3
205889,11512,FUN_1,FUN_2
205913,10989,FUN_3,FUN_2
205915,21460,FUN_5,FUN_4
205920,20728,FUN_5,FUN_4
205922,1193,RET,CUBE_R
205924,22920,FUN_3,FUN_4
205928,10806,FUN_3,FUN_2
205949,23326,CUBE_L,FUN_1
205952,29494,FUN_4,FUN_5
205954,8834,FUN_3,FUN_4
205959,12964,FUN_2,FUN_3
205959,19236,RET,CUBE_L
205972,29740,RET,CUBE_L
205974,17482,FUN_5,FUN_6
205984,25705,FUN_3,FUN_2
205995,28015,FUN_3,FUN_2
205997,27912,FUN_3,FUN_4
206001,15793,FUN_2,FUN_3
206025,9120,FUN_5,FUN_6
206043,7655,FUN_3,FUN_2
206053,21482,FUN_3,FUN_2
206062,28386,FUN_4,FUN_5
206071,24874,FUN_5,FUN_4
206093,26783,FUN_3,FUN_4
206112,2176,FUN_4,FUN_3
206119,14,FUN_4,FUN_3
206130,7788,FUN_3,FUN_2
206132,11894,FUN_2,FUN_1
206132,13906,FUN_2,FUN_3
206135,11657,FUN_1,FUN_2
206146,22920,FUN_4,FUN_3
206157,19853,FUN_2,FUN_3
206183,898,FUN_3,FUN_4
206188,10638,FUN_4,FUN_3
206207,8320,CUBE_R,RET
206210,19793,FUN_3,FUN_4
206224,22417,CUBE_R,FUN_6
206229,24352,FUN_4,FUN_3
206251,1320,FUN_1,CUBE_L
206251,28703,FUN_2,FUN_1
206252,5434,FUN_2,FUN_1
206254,2730,FUN_5,FUN_4
206258,10525,FUN_1,FUN_2
206277,796,FUN_4,FUN_3
206298,15395,FUN_3,FUN_2
206302,9661,FUN_5,FUN_6
206304,3177,FUN_1,FUN_2
206318,21210,FUN_2,FUN_3
206319,7017,FUN_2,FUN_1
206320,287,FUN_2,FUN_3
206322,14906,FUN_2,FUN_1
206331,29804,FUN_1,FUN_2
206334,27088,FUN_2,FUN_3
206341,19580,FUN_3,FUN_2
206345,4219,FUN_2,FUN_3
206347,20340,FUN_1,FUN_2
206361,21171,FUN_2,FUN_3
206362,12215,RET,CUBE_L
206366,3378,FUN_2,FUN_3
206371,19029,RET,CUBE_L
206374,10438,FUN_5,FUN_4
206375,17751,RET,CUBE_R
206388,12027,FUN_2,FUN_1
206391,11695,FUN_3,FUN_2
206403,16128,CUBE_R,FUN_6
206403,17763,FUN_2,FUN_1
206409,20197,FUN_2,FUN_3
206420,13822,FUN_1,FUN_2
206423,12908,FUN_2,FUN_1
206428,11551,FUN_2,FUN_3
206433,16587,FUN_2,FUN_1
206440,29401,CUBE_R,RET
206451,11426,CUBE_R,FUN_6
206457,11161,FUN_4,FUN_3
206466,17198,RET,CUBE_R
206493,15968,FUN_3,FUN_4
206496,10654,FUN_2,FUN_3
206496,26029,FUN_1,FUN_2
206498,11357,CUBE_L,RET
206514,28244,CUBE_R,RET
206535,1353,RET,CUBE_L
206539,6171,FUN_2,FUN_3
206548,11347,CUBE_R,FUN_6
206554,29274,FUN_6,CUBE_R
206560,10718,FUN_2,FUN_3
206568,24799,FUN_5,FUN_4
206577,15526,FUN_3,FUN_2
206590,27952,FUN_2,FUN_1
206594,14985,FUN_5,FUN_6
206598,12071,FUN_3,FUN_2
206600,17208,FUN_3,FUN_2
206614,29052,FUN_3,FUN_2
206616,17419,FUN_3,FUN_2
206624,11185,CUBE_L,RET
206629,20321,FUN_3,FUN_4
206644,26354,FUN_2,FUN_1
206645,19580,FUN_2,FUN_3
206646,14777,CUBE_L,FUN_1
206649,22865,FUN_3,FUN_4
206651,28154,FUN_3,FUN_2
206666,16165,FUN_2,FUN_1
206669,21449,FUN_4,FUN_3
206681,10875,FUN_2,FUN_1
206683,4111,CUBE_R,FUN_6
206685,5512,CUBE_L,RET
206691,17584,FUN_2,FUN_1
206692,898,FUN_4,FUN_3
206716,11656,FUN_3,FUN_4
206729,7209,RET,CUBE_L
206782,19558,FUN_2,FUN_1
206783,9545,FUN_2,FUN_3
206792,10806,FUN_2,FUN_3
206795,12778,FUN_5,FUN_4
206797,10806,FUN_3,FUN_2
206806,8611,CUBE_R,FUN_6
206807,8350,FUN_3,FUN_2
206808,15017,FUN_3,FUN_2
206819,11302,FUN_4,FUN_3
206819,19860,FUN_2,FUN_1
206823,10066,FUN_2,FUN_3
206829,4314,FUN_2,FUN_3
206837,29494,FUN_5,FUN_4
206838,20649,FUN_1,FUN_2
206859,14935,FUN_6,CUBE_R
206859,16943,FUN_2,FUN_3
206874,1595,FUN_6,FUN_5
206947,10806,FUN_2,FUN_3
206947,23694,FUN_1,FUN_2
206953,15672,FUN_3,FUN_4
206969,2676,FUN_6,CUBE_R
206974,25643,CUBE_R,RET
206975,1625,FUN_3,FUN_2
206990,16218,FUN_1,FUN_2
207004,13822,FUN_2,FUN_1
207005,21815,FUN_2,FUN_3
207008,10748,FUN_2,FUN_3
207011,22871,FUN_3,FUN_4
207014,19401,FUN_2,FUN_3
207019,898,FUN_3,FUN_4
207038,11656,FUN_4,FUN_3
207043,2594,CUBE_R,RET
207051,24734,FUN_6,FUN_5
207080,1912,CUBE_R,RET
207127,20030,FUN_5,FUN_4
207137,21482,FUN_2,FUN_3
207159,21105,FUN_4,FUN_5
207161,2209,CUBE_R,FUN_6
207161,13822,FUN_1,FUN_2
207190,2324,FUN_4,FUN_5
207192,20110,CUBE_R,FUN_6
207203,10875,FUN_1,FUN_2
207216,22557,FUN_3,FUN_2
207223,287,FUN_3,FUN_2
207241,20838,FUN_2,FUN_1
207244,752,FUN_4,FUN_5
207244,21171,FUN_3,FUN_2
207258,7317,CUBE_L,RET
207266,4774,FUN_5,FUN_4
207271,18851,FUN_2,FUN_3
207296,16054,FUN_1,CUBE_L
207305,28703,FUN_1,FUN_2
207314,7101,FUN_1,FUN_2
207318,12354,CUBE_R,FUN_6
207323,19580,FUN_3,FUN_2
207333,21210,FUN_3,FUN_2
207338,15817,FUN_3,FUN_2
207343,9841,CUBE_R,FUN_6
207344,7655,FUN_2,FUN_3
207351,11768,FUN_2,FUN_3
207367,7788,FUN_2,FUN_3
207369,18969,FUN_3,FUN_4
207392,19860,FUN_1,FUN_2
207393,8940,CUBE_R,FUN_6
207402,29804,FUN_2,FUN_1
207405,2730,FUN_4,FUN_5
207411,10748,FUN_3,FUN_2
207432,12255,FUN_3,FUN_2
207442,2412,CUBE_R,RET
207450,10996,FUN_6,CUBE_R
207459,11930,FUN_5,FUN_4
207479,25705,FUN_2,FUN_3
207487,8701,FUN_5,FUN_4
207503,14569,FUN_3,FUN_2
207510,20575,FUN_2,FUN_3
207522,6095,RET,CUBE_R
207536,7499,FUN_3,FUN_2
207536,17500,FUN_2,FUN_3
207546,898,FUN_4,FUN_3
207555,29443,FUN_1,FUN_2
207567,2730,FUN_5,FUN_4
207572,22766,FUN_2,FUN_3
207580,25326,FUN_2,FUN_3
207583,28204,FUN_4,FUN_3
207589,10718,FUN_3,FUN_2
207591,8542,FUN_3,FUN_4
207607,9841,FUN_6,CUBE_R
207608,22557,FUN_2,FUN_3
207610,23781,FUN_3,FUN_4
207620,12568,CUBE_R,RET
207621,27780,CUBE_R,FUN_6
207625,24799,FUN_4,FUN_5
207626,4036,FUN_2,FUN_3
207640,8350,FUN_2,FUN_3
207642,18801,FUN_4,FUN_5
207645,13909,FUN_3,FUN_2
207666,354,FUN_5,FUN_4
207671,15483,CUBE_L,FUN_1
207671,20838,FUN_1,FUN_2
207686,16943,FUN_3,FUN_2
207705,287,FUN_2,FUN_3
207705,1625,FUN_2,FUN_3
207710,17552,FUN_5,FUN_6
207714,24734,FUN_5,FUN_6
207716,21480,FUN_2,FUN_3
207729,11551,FUN_3,FUN_2
207735,10875,FUN_2,FUN_1
207740,24704,CUBE_R,RET
207741,816,RET,CUBE_L
207744,14027,FUN_4,FUN_5
207759,22099,FUN_3,FUN_2
207760,1195,FUN_3,FUN_2
207762,24495,FUN_3,FUN_2
207764,2567,FUN_2,FUN_3
207765,25203,FUN_2,FUN_3
207772,10918,CUBE_L,RET
207778,21449,FUN_3,FUN_4
207786,5659,FUN_2,FUN_1
207794,13822,FUN_2,FUN_1
207802,17552,FUN_6,FUN_5
207808,9873,CUBE_L,RET
207811,10895,FUN_2,FUN_1
207813,8940,FUN_6,CUBE_R
207818,19860,FUN_2,FUN_1
207835,10245,FUN_2,FUN_1
207836,24874,FUN_4,FUN_5
207849,4743,FUN_4,FUN_3
207852,14569,FUN_2,FUN_3
207862,8022,FUN_3,FUN_2
207868,10718,FUN_2,FUN_3
207876,26380,CUBE_R,FUN_6
207878,16389,CUBE_L,RET
207893,21449,FUN_4,FUN_3
207897,16815,FUN_4,FUN_5
207904,13560,FUN_3,FUN_4
207908,4459,CUBE_R,FUN_6
207914,10245,FUN_1,FUN_2
207918,29079,FUN_1,FUN_2
207933,24874,FUN_5,FUN_4
207935,3378,FUN_3,FUN_2
207936,20575,FUN_3,FUN_2
207947,19646,FUN_5,FUN_6
207951,29672,FUN_2,FUN_3
207958,12455,FUN_6,FUN_5
207980,20728,FUN_4,FUN_5
207983,21482,FUN_3,FUN_2
207991,19264,CUBE_R,RET
207993,23326,FUN_1,CUBE_L
207999,15848,FUN_3,FUN_2
208000,11856,FUN_1,FUN_2
208002,24799,FUN_5,FUN_4
208013,26354,FUN_1,FUN_2
208026,4088,FUN_3,FUN_2
208036,7032,FUN_2,FUN_1
208047,20030,FUN_4,FUN_5
208067,898,FUN_3,FUN_4
208075,4743,FUN_3,FUN_4
208076,1521,FUN_6,CUBE_R
208085,6045,RET,CUBE_L
208091,15017,FUN_2,FUN_3
208096,4991,FUN_4,FUN_3
208099,22433,FUN_6,FUN_5
208106,4103,FUN_4,FUN_3
208110,6696,FUN_2,FUN_3
208110,23850,FUN_2,FUN_3
208119,16943,FUN_2,FUN_3
208124,11930,FUN_4,FUN_5
208128,18331,CUBE_L,RET
208129,15080,FUN_1,FUN_2
208130,8834,FUN_4,FUN_3
208140,17500,FUN_3,FUN_2
208151,18756,CUBE_R,RET
208154,18149,FUN_1,FUN_2
208155,3519,FUN_5,FUN_6
208157,16815,FUN_5,FUN_4
208177,8611,FUN_6,CUBE_R
208178,13205,FUN_4,FUN_5
208179,22099,FUN_2,FUN_3
208186,9287,FUN_3,FUN_2
208187,27493,FUN_1,FUN_2
208196,20575,FUN_2,FUN_3
208212,9159,FUN_5,FUN_4
208226,5434,FUN_1,FUN_2
208244,6123,FUN_1,CUBE_L
208246,10748,FUN_2,FUN_3
208256,21871,FUN_2,FUN_1
208256,27231,FUN_2,FUN_1
208262,4164,FUN_1,FUN_2
208279,2924,FUN_2,FUN_1
208281,17552,FUN_5,FUN_6
208283,7788,FUN_3,FUN_2
208285,4219,FUN_3,FUN_2
208289,1587,FUN_3,FUN_2
208308,3755,FUN_4,FUN_3
208312,6269,RET,CUBE_R
208326,3378,FUN_2,FUN_3
208327,20575,FUN_3,FUN_2
208356,29952,FUN_2,FUN_1
208366,10962,FUN_2,FUN_3
208369,26354,FUN_2,FUN_1
208370,14667,FUN_3,FUN_4
208372,11695,FUN_2,FUN_3
208388,16850,FUN_3,FUN_4
208392,10357,FUN_4,FUN_3
208409,7609,FUN_4,FUN_5
208410,9673,CUBE_R,RET
208431,22178,CUBE_R,RET
208432,16098,FUN_2,FUN_1
208443,2321,FUN_4,FUN_3
208443,29111,FUN_3,FUN_4
208465,2211,FUN_2,FUN_1
208482,13310,CUBE_R,RET
208488,672,FUN_3,FUN_2
208489,26029,FUN_2,FUN_1
208504,14569,FUN_3,FUN_2
208509,17552,FUN_6,FUN_5
208514,9112,FUN_4,FUN_5
208514,14635,FUN_4,FUN_3
208523,22099,FUN_3,FUN_2
208527,952,CUBE_L,RET
208541,6095,CUBE_R,RET
208562,16098,FUN_1,FUN_2
208571,1193,CUBE_R,RET
208579,21871,FUN_1,FUN_2
208579,23705,FUN_3,FUN_4
208587,25225,FUN_4,FUN_3
208588,3158,FUN_1,FUN_2
208593,15344,FUN_4,FUN_3
208599,19860,FUN_1,FUN_2
208607,15080,FUN_2,FUN_1
208613,22433,FUN_5,FUN_6
208621,21171,FUN_2,FUN_3
208641,5132,RET,CUBE_R
208653,20361,FUN_3,FUN_2
208654,2594,RET,CUBE_R
208663,14499,CUBE_L,RET
208678,20575,FUN_2,FUN_3
208700,50,FUN_4,FUN_5
208701,8102,FUN_2,FUN_3
208705,28669,FUN_3,FUN_2
208707,24858,RET,CUBE_L
208714,21409,FUN_2,FUN_3
208721,6721,FUN_3,FUN_2
208723,19987,RET,CUBE_L
208724,8225,CUBE_R,FUN_6
208726,3158,FUN_2,FUN_1
208730,27912,FUN_4,FUN_3
208734,20649,FUN_2,FUN_1
208735,23155,FUN_2,FUN_1
208744,24874,FUN_4,FUN_5
208758,18457,FUN_1,FUN_2
208774,9673,RET,CUBE_R
208787,15641,FUN_3,FUN_2
208811,14626,FUN_1,FUN_2
208814,3592,FUN_4,FUN_5
208814,19264,RET,CUBE_R
208842,2211,FUN_1,FUN_2
208843,13464,FUN_4,FUN_3
208852,26029,FUN_1,FUN_2
208853,17500,FUN_2,FUN_3
208874,19549,FUN_4,FUN_3
208874,26029,FUN_2,FUN_1
208882,5132,CUBE_R,RET
208884,2197,CUBE_R,FUN_6
208889,28357,FUN_2,FUN_1
208891,18930,FUN_4,FUN_3
208897,4743,FUN_4,FUN_3
208910,11456,FUN_2,FUN_1
208911,19264,CUBE_R,RET
208915,18458,RET,CUBE_L
208921,21482,FUN_2,FUN_3
208924,15079,FUN_3,FUN_4
208939,28154,FUN_2,FUN_3
208950,13944,CUBE_R,FUN_6
208953,29739,CUBE_R,FUN_6
208967,952,RET,CUBE_L
208967,15333,FUN_5,FUN_4
208972,14506,FUN_1,FUN_2
209027,14569,FUN_2,FUN_3
209030,16054,CUBE_L,FUN_1
209035,9873,RET,CUBE_L
209042,22417,FUN_6,CUBE_R
209044,8958,FUN_4,FUN_5
209046,22871,FUN_4,FUN_3
209049,26527,FUN_2,FUN_1
209055,19796,FUN_2,FUN_3
209061,7788,FUN_2,FUN_3
209092,11357,RET,CUBE_L
209096,6721,FUN_2,FUN_3
209096,10982,FUN_4,FUN_5
209098,18310,FUN_1,FUN_2
209140,17419,FUN_2,FUN_3
209143,4557,FUN_2,FUN_3
209158,1521,CUBE_R,FUN_6
209165,16488,CUBE_R,RET
209178,5659,FUN_1,FUN_2
209198,10310,FUN_2,FUN_3
209201,24874,FUN_5,FUN_4
209206,19864,FUN_4,FUN_5
209212,6095,RET,CUBE_R
209235,12215,CUBE_L,RET
209259,27088,FUN_3,FUN_2
209260,7032,FUN_1,FUN_2
209275,29718,FUN_2,FUN_3
209278,667,CUBE_R,RET
209311,8102,FUN_3,FUN_2
209313,15714,FUN_3,FUN_4
209314,14552,FUN_1,FUN_2
209328,19264,RET,CUBE_R
209333,22938,FUN_2,FUN_1
209335,13447,FUN_3,FUN_2
209336,7956,FUN_5,FUN_4
209336,21548,RET,CUBE_L
209337,8815,FUN_2,FUN_1
209339,14743,FUN_2,FUN_3
209355,26499,FUN_2,FUN_3
209356,14823,FUN_5,FUN_4
209390,22871,FUN_3,FUN_4
209402,22099,FUN_2,FUN_3
209409,25467,CUBE_L,FUN_1
209419,6269,CUBE_R,RET
209422,21409,FUN_3,FUN_2
209428,13464,FUN_3,FUN_4
209440,20374,CUBE_R,FUN_6
209450,3158,FUN_1,FUN_2
209457,29010,CUBE_R,RET
209460,10875,FUN_1,FUN_2
209468,13196,FUN_3,FUN_4
209479,2812,FUN_2,FUN_1
209481,21664,FUN_6,CUBE_R
209496,21600,FUN_2,FUN_3
209497,19152,FUN_4,FUN_3
209505,13944,FUN_6,CUBE_R
209512,4219,FUN_2,FUN_3
209527,8958,FUN_5,FUN_4
209528,1393,FUN_2,FUN_1
209529,20533,RET,CUBE_R
209562,2166,RET,CUBE_R
209590,18855,FUN_6,FUN_5
209613,2392,RET,CUBE_L
209613,11716,FUN_4,FUN_5
209623,8542,FUN_4,FUN_3
209631,4052,CUBE_R,RET
209637,9105,CUBE_R,RET
209637,9159,FUN_4,FUN_5
209649,28349,FUN_5,FUN_4
209659,3846,CUBE_L,FUN_1
209669,8611,CUBE_R,FUN_6
209675,2812,FUN_1,FUN_2
209678,2594,CUBE_R,RET
209682,27295,FUN_2,FUN_1
209686,24352,FUN_3,FUN_4
209687,22368,FUN_2,FUN_1
209702,18858,FUN_2,FUN_3
209717,8611,FUN_6,CUBE_R
209727,16039,FUN_2,FUN_1
209734,20645,FUN_2,FUN_1
209736,28247,FUN_3,FUN_2
209763,2838,FUN_1,FUN_2
209763,17261,FUN_3,FUN_2
209765,21482,FUN_3,FUN_2
209772,26527,FUN_1,FUN_2
209776,29684,CUBE_L,FUN_1
209783,1393,FUN_1,FUN_2
209791,14990,FUN_2,FUN_3
209795,1914,RET,CUBE_L
209808,12354,FUN_6,CUBE_R
209808,16165,FUN_1,FUN_2
209824,14893,FUN_4,FUN_5
209827,27295,FUN_1,FUN_2
209834,19940,CUBE_R,RET
209835,26970,FUN_1,FUN_2
209845,6269,RET,CUBE_R
209855,28489,RET,CUBE_R
209864,6342,CUBE_R,FUN_6
209877,29010,RET,CUBE_R
209883,5585,FUN_3,FUN_2
209891,4642,FUN_1,CUBE_L
209891,28669,FUN_2,FUN_3
209905,952,CUBE_L,RET
209915,18969,FUN_4,FUN_3
209942,12868,FUN_3,FUN_4
209944,25488,FUN_1,FUN_2
209947,15421,FUN_2,FUN_1
209948,6761,CUBE_R,FUN_6
209953,1052,CUBE_R,FUN_6
209956,25347,CUBE_L,FUN_1
209990,22368,FUN_1,FUN_2
210012,19580,FUN_2,FUN_3
210023,27751,FUN_5,FUN_4
210028,6171,FUN_3,FUN_2
210053,29952,FUN_1,FUN_2
210056,16298,FUN_6,CUBE_R
210059,19466,FUN_2,FUN_3
210070,6744,FUN_2,FUN_3
210086,9060,FUN_5,FUN_6
210089,2324,FUN_5,FUN_4
210111,27971,FUN_2,FUN_3
210112,3578,CUBE_L,FUN_1
210132,11456,FUN_1,FUN_2
210136,4052,RET,CUBE_R
210139,26970,FUN_2,FUN_1
210143,20649,FUN_1,FUN_2
210146,14746,RET,CUBE_R
210158,4577,FUN_3,FUN_2
210191,284,CUBE_L,RET
210192,7655,FUN_3,FUN_2
210198,519,RET,CUBE_L
210198,20859,CUBE_L,FUN_1
210215,2838,FUN_2,FUN_1
210222,13563,CUBE_L,RET
210225,8102,FUN_2,FUN_3
210257,20645,FUN_1,FUN_2
210259,23745,CUBE_L,RET
210260,11456,FUN_2,FUN_1
210265,25809,FUN_5,FUN_4
210291,3690,CUBE_R,FUN_6
210294,21871,FUN_2,FUN_1
210305,11503,FUN_1,FUN_2
210318,12908,FUN_1,FUN_2
210320,15641,FUN_2,FUN_3
210339,23155,FUN_1,FUN_2
210343,10778,FUN_6,FUN_5
210347,9287,FUN_2,FUN_3
210349,1587,FUN_2,FUN_3
210356,21871,FUN_1,FUN_2
210389,10120,CUBE_L,RET
210407,10989,FUN_2,FUN_3
210417,4052,CUBE_R,RET
210417,25325,FUN_2,FUN_1
210418,29672,FUN_3,FUN_2
210420,24168,CUBE_R,FUN_6
210424,18928,FUN_2,FUN_1
210426,28391,FUN_3,FUN_4
210437,3307,RET,CUBE_L
210451,22134,FUN_3,FUN_2
210455,18026,RET,CUBE_R
210462,20337,RET,CUBE_R
210485,8823,FUN_2,FUN_1
210491,28485,CUBE_R,FUN_6
210506,2518,FUN_2,FUN_1
210514,21548,CUBE_L,RET
210517,21480,FUN_3,FUN_2
210528,29182,FUN_2,FUN_1
210536,13827,FUN_5,FUN_4
210538,28249,RET,CUBE_R
210539,13242,RET,CUBE_L
210586,20355,RET,CUBE_R
210596,16197,FUN_3,FUN_4
210605,21210,FUN_2,FUN_3
210606,20040,FUN_1,CUBE_L
210619,19816,FUN_4,FUN_3
210634,18686,FUN_1,FUN_2
210648,25467,FUN_1,CUBE_L
210661,13591,FUN_2,FUN_1
210661,29079,FUN_2,FUN_1
210664,1393,FUN_2,FUN_1
210666,4557,FUN_3,FUN_2
210666,13944,CUBE_R,FUN_6
210679,20649,FUN_2,FUN_1
210690,661,CUBE_L,RET
210691,29684,FUN_1,CUBE_L
210719,18851,FUN_3,FUN_2
210740,15641,FUN_3,FUN_2
210745,20374,FUN_6,CUBE_R
210752,8823,FUN_1,FUN_2
210753,5123,FUN_1,FUN_2
210805,23745,RET,CUBE_L
210822,9830,FUN_4,FUN_5
210831,20755,FUN_6,FUN_5
210832,25126,FUN_2,FUN_1
210837,29190,FUN_6,CUBE_R
210838,9661,FUN_6,FUN_5
210838,20355,CUBE_R,RET
210852,25564,FUN_1,FUN_2
210859,15672,FUN_4,FUN_3
210872,27557,FUN_2,FUN_1
210877,10982,FUN_5,FUN_4
210878,14393,FUN_3,FUN_4
210883,2049,FUN_2,FUN_3
210888,21228,FUN_3,FUN_2
210888,24784,FUN_2,FUN_3
210903,3378,FUN_3,FUN_2
210904,7445,CUBE_R,RET
210929,17552,FUN_5,FUN_6
210929,29052,FUN_2,FUN_3
210935,11357,CUBE_L,RET
210935,19218,CUBE_L,RET
210948,14634,FUN_3,FUN_4
210964,10718,FUN_3,FUN_2
210983,14823,FUN_4,FUN_5
211005,19886,FUN_1,FUN_2
211014,4743,FUN_3,FUN_4
211015,27223,FUN_3,FUN_4
211021,9053,FUN_1,FUN_2
211024,20030,FUN_5,FUN_4
211028,13310,RET,CUBE_R
211030,28391,FUN_4,FUN_3
211062,7157,FUN_3,FUN_2
211065,11856,FUN_2,FUN_1
211072,19804,RET,CUBE_L
211074,8823,FUN_2,FUN_1
211089,1981,FUN_1,CUBE_L
211090,18718,FUN_2,FUN_1
211102,26417,FUN_2,FUN_3
211108,8958,FUN_4,FUN_5
211125,4162,FUN_4,FUN_3
211153,11213,RET,CUBE_R
211165,18102,FUN_6,CUBE_R
211165,24371,CUBE_R,FUN_6
211177,23326,CUBE_L,FUN_1
211190,3332,FUN_3,FUN_2
211194,23745,CUBE_L,RET
211205,4642,CUBE_L,FUN_1
211207,22417,CUBE_R,FUN_6
211208,20361,FUN_2,FUN_3
211222,1771,FUN_1,FUN_2
211229,22039,FUN_4,FUN_3
211257,6738,FUN_3,FUN_2
211258,19264,CUBE_R,RET
211261,7340,FUN_6,CUBE_R
211268,11465,FUN_3,FUN_2
211268,14552,FUN_2,FUN_1
211277,4346,RET,CUBE_R
211281,21082,CUBE_R,RET
211282,3629,FUN_2,FUN_1
211282,19558,FUN_1,FUN_2
211286,7505,FUN_3,FUN_2
211286,11456,FUN_1,FUN_2
211287,3592,FUN_5,FUN_4
211291,22311,FUN_3,FUN_4
211303,27295,FUN_2,FUN_1
211323,22938,FUN_1,FUN_2
211354,4873,FUN_4,FUN_5
211361,6045,CUBE_L,RET
211366,8542,FUN_3,FUN_4
211378,18801,FUN_5,FUN_4
211384,9105,RET,CUBE_R
211386,6269,CUBE_R,RET
211389,10931,FUN_2,FUN_1
211393,25126,FUN_1,FUN_2
211404,6557,FUN_4,FUN_5
211460,22236,FUN_5,FUN_6
211466,5786,FUN_2,FUN_3
211483,7897,CUBE_R,RET
211487,23719,FUN_2,FUN_1
211488,12623,FUN_3,FUN_2
211497,26981,FUN_1,CUBE_L
211504,29757,FUN_1,CUBE_L
211517,24933,FUN_3,FUN_2
211521,24374,FUN_6,FUN_5
211531,18919,FUN_6,CUBE_R
211535,26543,FUN_1,CUBE_L
211560,22433,FUN_6,FUN_5
211561,1587,FUN_3,FUN_2
211566,11456,FUN_2,FUN_1
211571,2324,FUN_4,FUN_5
211580,29111,FUN_4,FUN_3
211594,9676,FUN_5,FUN_4
211600,13464,FUN_4,FUN_3
211602,21706,FUN_2,FUN_3
211603,13455,FUN_3,FUN_2
211608,19686,FUN_5,FUN_4
211617,6738,FUN_2,FUN_3
211621,26928,CUBE_L,RET
211631,9056,FUN_3,FUN_2
211634,22905,FUN_2,FUN_3
211647,10223,FUN_3,FUN_4
211648,15547,FUN_4,FUN_3
211654,9873,CUBE_L,RET
211655,22368,FUN_2,FUN_1
211665,10394,FUN_4,FUN_5
211666,7149,FUN_3,FUN_2
211671,6738,FUN_3,FUN_2
211672,26109,FUN_2,FUN_3
211676,28489,CUBE_R,RET
211681,22099,FUN_3,FUN_2
211683,18969,FUN_3,FUN_4
211717,4577,FUN_2,FUN_3
211738,284,RET,CUBE_L
211746,12145,CUBE_R,RET
211749,4614,FUN_3,FUN_2
211758,4982,FUN_2,FUN_3
211764,20916,RET,CUBE_R
211766,23300,FUN_1,FUN_2
211767,2166,CUBE_R,RET
211774,16745,FUN_2,FUN_3
211777,21409,FUN_2,FUN_3
211788,11426,FUN_6,CUBE_R
211802,25325,FUN_1,FUN_2
211806,20776,FUN_2,FUN_3
211816,3863,FUN_1,FUN_2
211819,8992,FUN_5,FUN_4
211834,13237,CUBE_R,FUN_6
211837,2049,FUN_3,FUN_2
211851,8823,FUN_1,FUN_2
211859,29111,FUN_3,FUN_4
211860,17584,FUN_1,FUN_2
211860,25226,FUN_3,FUN_2
211888,7057,FUN_2,FUN_3
211889,7061,FUN_2,FUN_3
211889,13205,FUN_5,FUN_4
211898,3519,FUN_6,FUN_5
211901,21105,FUN_5,FUN_4
211906,28744,CUBE_L,RET
211911,9328,FUN_5,FUN_6
211914,6045,RET,CUBE_L
211933,29111,FUN_4,FUN_3
211949,11,FUN_6,CUBE_R
211950,6738,FUN_2,FUN_3
211963,18756,RET,CUBE_R
211964,28247,FUN_2,FUN_3
211998,28728,CUBE_R,RET
212001,24676,FUN_4,FUN_5
212012,16815,FUN_4,FUN_5
212021,9830,FUN_5,FUN_4
212023,6045,CUBE_L,RET
212024,16488,RET,CUBE_R
212039,7445,RET,CUBE_R
212048,7326,FUN_2,FUN_3
212055,10982,FUN_4,FUN_5
212078,7956,FUN_4,FUN_5
212083,20040,CUBE_L,FUN_1
212086,26109,FUN_3,FUN_2
212088,3578,FUN_1,CUBE_L
212092,10263,CUBE_L,RET
212110,8007,FUN_5,FUN_6
212132,18924,CUBE_R,RET
212142,4459,FUN_6,CUBE_R
212146,6180,FUN_2,FUN_1
212149,7445,CUBE_R,RET
212157,13035,FUN_3,FUN_2
212162,21228,FUN_2,FUN_3
212166,22404,FUN_3,FUN_4
212167,13035,FUN_2,FUN_3
212169,22134,FUN_2,FUN_3
212178,19886,FUN_2,FUN_1
212185,519,CUBE_L,RET
212188,16405,RET,CUBE_R
212190,6553,FUN_2,FUN_1
212199,13390,FUN_3,FUN_4
212207,13035,FUN_3,FUN_2
212210,16745,FUN_3,FUN_2
212220,6171,FUN_2,FUN_3
212229,13035,FUN_2,FUN_3
212236,4982,FUN_3,FUN_2
212268,28669,FUN_3,FUN_2
212277,3118,FUN_2,FUN_1
212287,6477,FUN_6,CUBE_R
212308,8823,FUN_2,FUN_1
212309,21736,FUN_2,FUN_1
212310,25325,FUN_2,FUN_1
212330,27913,FUN_1,FUN_2
212358,284,CUBE_L,RET
212359,7157,FUN_2,FUN_3
212373,10725,FUN_1,FUN_2
212374,6738,FUN_3,FUN_2
212387,24593,FUN_2,FUN_1
212389,15017,FUN_3,FUN_2
212394,2742,FUN_3,FUN_4
212395,21871,FUN_2,FUN_1
212407,19439,CUBE_R,FUN_6
212417,8675,FUN_2,FUN_1
212428,28204,FUN_3,FUN_4
212450,6535,CUBE_R,FUN_6
212453,14124,CUBE_R,FUN_6
212464,14351,FUN_4,FUN_3
212465,19160,FUN_2,FUN_3
212475,11503,FUN_2,FUN_1
212504,6269,RET,CUBE_R
212507,12908,FUN_2,FUN_1
212509,25347,FUN_1,CUBE_L
212520,531,FUN_5,FUN_6
212554,28669,FUN_2,FUN_3
212561,15122,FUN_4,FUN_3
212562,20755,FUN_5,FUN_6
212581,22905,FUN_3,FUN_2
212591,24269,FUN_1,FUN_2
212602,16331,FUN_5,FUN_4
212613,2518,FUN_1,FUN_2
212624,25557,FUN_3,FUN_2
212627,24269,FUN_2,FUN_1
212641,22878,RET,CUBE_R
212642,19940,RET,CUBE_R
212662,13798,RET,CUBE_L
212672,18026,CUBE_R,RET
212676,22884,FUN_2,FUN_3
212691,4577,FUN_3,FUN_2
212692,8853,FUN_1,FUN_2
212698,20645,FUN_2,FUN_1
212700,14752,FUN_4,FUN_3
212706,4873,FUN_5,FUN_4
212731,13390,FUN_4,FUN_3
212732,2211,FUN_2,FUN_1
212742,4577,FUN_2,FUN_3
212747,21482,FUN_2,FUN_3
212750,22928,FUN_3,FUN_4
212757,24374,FUN_5,FUN_6
212776,5841,FUN_2,FUN_1
212783,4577,FUN_3,FUN_2
212789,21082,RET,CUBE_R
212809,20592,FUN_3,FUN_4
212825,503,FUN_2,FUN_3
212836,4873,FUN_4,FUN_5
212845,9265,FUN_2,FUN_3
212852,7371,FUN_2,FUN_1
212870,8007,FUN_6,FUN_5
212889,4972,FUN_4,FUN_3
212921,22197,FUN_2,FUN_3
212925,3878,CUBE_R,RET
212927,22697,CUBE_L,RET
212930,28349,FUN_4,FUN_5
212942,25711,FUN_3,FUN_4
212949,16809,FUN_3,FUN_4
212959,14750,FUN_1,FUN_2
212989,5944,FUN_2,FUN_1
212997,24557,FUN_3,FUN_2
213009,15641,FUN_2,FUN_3
213016,4260,CUBE_R,RET
213016,15601,FUN_4,FUN_5
213024,13119,FUN_4,FUN_3
213026,2838,FUN_1,FUN_2
213052,19312,FUN_5,FUN_4
213054,12255,FUN_2,FUN_3
213068,7505,FUN_2,FUN_3
213070,4873,FUN_5,FUN_4
213070,23326,FUN_1,CUBE_L
213080,11,CUBE_R,FUN_6
213092,6690,FUN_2,FUN_1
213102,2730,FUN_4,FUN_5
213102,12027,FUN_1,FUN_2
213107,17241,FUN_2,FUN_3
213114,2392,CUBE_L,RET
213117,25471,FUN_3,FUN_2
213118,4896,FUN_2,FUN_1
213121,6095,CUBE_R,RET
213130,2518,FUN_2,FUN_1
213131,25514,CUBE_L,RET
213131,27751,FUN_4,FUN_5
213152,12908,FUN_1,FUN_2
213155,2324,FUN_5,FUN_4
213169,18083,CUBE_L,RET
213172,50,FUN_5,FUN_4
213198,8007,FUN_5,FUN_6
213206,29104,FUN_3,FUN_2
213209,3755,FUN_3,FUN_4
213214,23636,FUN_2,FUN_3
213214,28650,FUN_5,FUN_6
213216,1796,FUN_3,FUN_2
213220,22938,FUN_2,FUN_1
213225,5841,FUN_1,FUN_2
213231,2348,FUN_4,FUN_3
213235,24803,FUN_3,FUN_2
213243,22697,RET,CUBE_L
213259,28669,FUN_3,FUN_2
213263,13797,FUN_2,FUN_3
213270,6045,RET,CUBE_L
213280,7170,CUBE_L,FUN_1
213280,17722,FUN_4,FUN_3
213283,9328,FUN_6,FUN_5
213300,16405,CUBE_R,RET
213304,9105,CUBE_R,RET
213309,8681,FUN_3,FUN_4
213318,9673,CUBE_R,RET
213330,7445,RET,CUBE_R
213330,11282,FUN_3,FUN_2
213353,7390,FUN_2,FUN_3
213357,3578,CUBE_L,FUN_1
213372,17080,FUN_2,FUN_3
213377,26970,FUN_1,FUN_2
213392,23719,FUN_1,FUN_2
213408,4220,FUN_4,FUN_3
213409,29672,FUN_2,FUN_3
213414,1521,FUN_6,CUBE_R
213414,6171,FUN_3,FUN_2
213417,9056,FUN_2,FUN_3
213443,6269,CUBE_R,RET
213443,19831,FUN_1,FUN_2
213448,6067,FUN_4,FUN_5
213466,27593,FUN_4,FUN_5
213476,4164,FUN_2,FUN_1
213477,26417,FUN_3,FUN_2
213486,8853,FUN_2,FUN_1
213486,23705,FUN_4,FUN_3
213515,13390,FUN_3,FUN_4
213529,17482,FUN_6,FUN_5
213556,26109,FUN_2,FUN_3
213561,11551,FUN_2,FUN_3
213575,17482,FUN_5,FUN_6
213582,19144,FUN_4,FUN_3
213586,12694,RET,CUBE_R
213586,12705,FUN_2,FUN_1
213606,20055,FUN_2,FUN_1
213619,6553,FUN_1,FUN_2
213620,17652,CUBE_L,FUN_1
213635,4644,FUN_3,FUN_4
213659,17241,FUN_3,FUN_2
213664,29028,FUN_3,FUN_2
213677,17241,FUN_2,FUN_3
213682,16892,FUN_3,FUN_2
213691,7017,FUN_1,FUN_2
213696,5722,FUN_2,FUN_1
213703,13679,FUN_2,FUN_3
213706,10525,FUN_2,FUN_1
213718,8675,FUN_1,FUN_2
213723,26981,CUBE_L,FUN_1
213736,25226,FUN_2,FUN_3
213738,14241,FUN_2,FUN_3
213741,7689,FUN_3,FUN_4
213762,26928,RET,CUBE_L
213763,11898,FUN_2,FUN_3
213765,1771,FUN_2,FUN_1
213785,9673,RET,CUBE_R
213804,1393,FUN_1,FUN_2
213804,21935,FUN_6,CUBE_R
213808,22298,CUBE_L,RET
213814,20355,RET,CUBE_R
213822,28507,FUN_2,FUN_3
213842,1193,RET,CUBE_R
213842,22099,FUN_2,FUN_3
213863,21548,RET,CUBE_L
213871,20415,FUN_3,FUN_2
213879,1940,FUN_5,FUN_4
213879,22368,FUN_1,FUN_2
213910,9645,FUN_2,FUN_3
213912,22905,FUN_2,FUN_3
213918,548,FUN_3,FUN_2
213924,11902,FUN_6,FUN_5
213935,29443,FUN_2,FUN_1
213938,10525,FUN_1,FUN_2
213948,20649,FUN_1,FUN_2
213969,668,FUN_3,FUN_2
213975,24593,FUN_1,FUN_2
213979,21969,FUN_1,FUN_2
213988,519,RET,CUBE_L
213988,17482,FUN_6,FUN_5
213991,8007,FUN_6,FUN_5
214010,24803,FUN_2,FUN_3
214012,10530,FUN_2,FUN_3
214014,10658,FUN_4,FUN_3
214024,24495,FUN_2,FUN_3
214028,7965,FUN_6,FUN_5
214035,15817,FUN_2,FUN_3
214041,20435,RET,CUBE_R
214046,12083,FUN_3,FUN_2
214060,23705,FUN_3,FUN_4
214098,24283,FUN_1,FUN_2
214106,20906,RET,CUBE_L
214121,17241,FUN_3,FUN_2
214136,2275,FUN_3,FUN_4
214172,27288,RET,CUBE_L
214175,22790,FUN_2,FUN_1
214176,7068,FUN_2,FUN_3
214189,17241,FUN_2,FUN_3
214214,21126,CUBE_R,RET
214236,7779,FUN_3,FUN_4
214239,16437,FUN_2,FUN_3
214245,17652,FUN_1,CUBE_L
214245,29298,FUN_2,FUN_3
214257,3415,FUN_5,FUN_4
214258,6171,FUN_2,FUN_3
214258,20645,FUN_1,FUN_2
214275,20321,FUN_4,FUN_3
214275,26595,FUN_1,FUN_2
214280,1125,FUN_3,FUN_4
214287,3158,FUN_2,FUN_1
214287,6180,FUN_1,FUN_2
214290,8853,FUN_1,FUN_2
214296,10771,RET,CUBE_L
214301,26928,CUBE_L,RET
214303,5769,FUN_5,FUN_6
214307,668,FUN_2,FUN_3
214318,28650,FUN_6,FUN_5
214322,22040,FUN_2,FUN_1
214346,13822,FUN_1,FUN_2
214351,21276,FUN_2,FUN_1
214353,28541,FUN_2,FUN_3
214365,28496,FUN_3,FUN_2
214383,50,FUN_4,FUN_5
214404,25195,FUN_3,FUN_4
214407,8594,FUN_2,FUN_1
214417,15848,FUN_2,FUN_3
214461,10962,FUN_3,FUN_2
214475,17719,CUBE_R,RET
214485,2567,FUN_3,FUN_2
214491,26766,CUBE_L,FUN_1
214500,12354,CUBE_R,FUN_6
214508,4274,FUN_4,FUN_3
214524,9673,CUBE_R,RET
214524,13196,FUN_4,FUN_3
214538,19631,FUN_5,FUN_6
214546,6786,FUN_2,FUN_3
214583,7619,FUN_1,FUN_2
214593,18884,FUN_2,FUN_3
214617,19666,FUN_3,FUN_2
214622,21705,FUN_3,FUN_2
214628,8107,FUN_3,FUN_2
214631,24351,FUN_1,FUN_2
214639,686,FUN_3,FUN_2
214642,12895,FUN_2,FUN_1
214644,7194,FUN_3,FUN_2
214651,17241,FUN_3,FUN_2
214651,22976,FUN_4,FUN_3
214658,10678,FUN_2,FUN_1
214661,2742,FUN_4,FUN_3
214666,23719,FUN_2,FUN_1
214685,24371,FUN_6,CUBE_R
214690,11456,FUN_1,FUN_2
214720,19374,FUN_3,FUN_2
214723,22865,FUN_4,FUN_3
214767,27368,FUN_6,CUBE_R
214771,16208,FUN_5,FUN_4
214807,14393,FUN_4,FUN_3
214821,5722,FUN_1,FUN_2
214832,23094,FUN_1,FUN_2
214849,29104,FUN_2,FUN_3
214854,12315,FUN_3,FUN_2
214864,24676,FUN_5,FUN_4
214865,15526,FUN_2,FUN_3
214881,12964,FUN_3,FUN_2
214890,22905,FUN_3,FUN_2
214894,10931,FUN_1,FUN_2
214897,9060,FUN_6,FUN_5
214904,16745,FUN_2,FUN_3
214939,9463,FUN_6,CUBE_R
214941,20055,FUN_1,FUN_2
214952,23514,CUBE_R,FUN_6
214986,10962,FUN_2,FUN_3
215010,11637,FUN_3,FUN_4
215022,3519,FUN_5,FUN_6
215035,4896,FUN_1,FUN_2
215068,28507,FUN_3,FUN_2
215105,21123,FUN_2,FUN_1
215117,24933,FUN_2,FUN_3
215123,13958,FUN_3,FUN_2
215147,668,FUN_3,FUN_2
215159,26109,FUN_3,FUN_2
215185,25183,FUN_3,FUN_2
215187,23719,FUN_1,FUN_2
215211,29684,CUBE_L,FUN_1
215218,22790,FUN_1,FUN_2
215222,17407,RET,CUBE_R
215243,19686,FUN_4,FUN_5
215246,4164,FUN_1,FUN_2
215249,24464,FUN_3,FUN_2
215264,1796,FUN_2,FUN_3
215270,17414,FUN_4,FUN_5
215285,7024,FUN_6,CUBE_R
215294,27772,FUN_6,FUN_5
215303,16721,FUN_3,FUN_4
215305,15720,FUN_2,FUN_3
215310,17500,FUN_3,FUN_2
215310,18930,FUN_3,FUN_4
215317,26029,FUN_1,FUN_2
215329,18620,FUN_4,FUN_5
215344,2049,FUN_2,FUN_3
215348,6871,FUN_3,FUN_2
215354,19804,CUBE_L,RET
215373,11282,FUN_2,FUN_3
215387,21511,CUBE_L,RET
215388,13909,FUN_2,FUN_3
215394,1125,FUN_4,FUN_3
215399,15017,FUN_2,FUN_3
215401,17080,FUN_3,FUN_2
215414,19220,FUN_3,FUN_2
215417,6903,FUN_2,FUN_3
215438,10824,FUN_6,CUBE_R
215465,19984,FUN_4,FUN_3
215467,57,FUN_2,FUN_3
215473,14743,FUN_3,FUN_2
215497,15547,FUN_3,FUN_4
215497,16815,FUN_5,FUN_4
215501,12570,CUBE_L,RET
215507,11251,FUN_3,FUN_4
215507,19671,FUN_2,FUN_3
215510,11,FUN_6,CUBE_R
215538,4897,FUN_1,FUN_2
215550,18816,FUN_3,FUN_2
215552,283,CUBE_R,RET
215558,10875,FUN_2,FUN_1
215590,29578,RET,CUBE_R
215606,23452,FUN_4,FUN_3
215610,14102,FUN_2,FUN_1
215616,29928,FUN_3,FUN_2
215623,9159,FUN_5,FUN_4
215638,29904,FUN_3,FUN_2
215639,1125,FUN_3,FUN_4
215651,15080,FUN_1,FUN_2
215652,24495,FUN_3,FUN_2
215655,3755,FUN_4,FUN_3
215670,1193,CUBE_R,RET
215670,20355,CUBE_R,RET
215718,10530,FUN_3,FUN_2
215733,6429,FUN_2,FUN_3
215745,8594,FUN_1,FUN_2
215749,15176,CUBE_R,FUN_6
215765,4991,FUN_3,FUN_4
215766,16054,FUN_1,CUBE_L
215771,20916,CUBE_R,RET
215777,19160,FUN_3,FUN_2
215781,21406,FUN_2,FUN_1
215795,16062,FUN_1,FUN_2
215804,23633,FUN_2,FUN_1
215825,15720,FUN_3,FUN_2
215842,6460,FUN_1,FUN_2
215865,2049,FUN_3,FUN_2
215899,14893,FUN_5,FUN_4
215908,10931,FUN_2,FUN_1
215915,4288,FUN_3,FUN_4
215930,17080,FUN_2,FUN_3
215935,19558,FUN_2,FUN_1
215937,19236,CUBE_L,RET
215946,9526,FUN_1,FUN_2
215997,15601,FUN_5,FUN_4
216005,8815,FUN_1,FUN_2
216005,25021,FUN_2,FUN_1
216016,15526,FUN_3,FUN_2
216020,6342,FUN_6,CUBE_R
216029,7505,FUN_3,FUN_2
216031,3225,FUN_2,FUN_3
216039,20575,FUN_3,FUN_2
216042,25325,FUN_1,FUN_2
216049,22417,FUN_6,CUBE_R
216056,9308,FUN_6,FUN_5
216072,11456,FUN_2,FUN_1
216080,18495,FUN_2,FUN_1
216095,2518,FUN_1,FUN_2
216129,15200,CUBE_L,RET
216136,19903,FUN_2,FUN_1
216146,26928,RET,CUBE_L
216152,7371,FUN_1,FUN_2
216155,5123,FUN_2,FUN_1
216157,10263,RET,CUBE_L
216159,19220,FUN_2,FUN_3
216182,13797,FUN_3,FUN_2
216188,29079,FUN_1,FUN_2
216199,16075,FUN_2,FUN_3
216226,3545,FUN_2,FUN_3
216227,7655,FUN_2,FUN_3
216242,10530,FUN_2,FUN_3
216259,14027,FUN_5,FUN_4
216266,3863,FUN_2,FUN_1
216299,12908,FUN_2,FUN_1
216303,16943,FUN_3,FUN_2
216328,9672,CUBE_L,RET
216348,18290,FUN_3,FUN_2
216359,21126,RET,CUBE_R
216390,22880,FUN_5,FUN_4
216392,24441,FUN_2,FUN_1
216400,20110,FUN_6,CUBE_R
216404,20776,FUN_3,FUN_2
216421,23094,FUN_2,FUN_1
216443,4991,FUN_4,FUN_3
216447,21709,FUN_4,FUN_3
216453,8701,FUN_4,FUN_5
216461,12083,FUN_2,FUN_3
216476,7194,FUN_2,FUN_3
216481,8434,FUN_2,FUN_3
216481,21548,CUBE_L,RET
216485,9489,FUN_6,FUN_5
216505,21935,CUBE_R,FUN_6
216507,95,FUN_3,FUN_4
216516,7922,FUN_4,FUN_3
216522,18851,FUN_2,FUN_3
216528,7632,CUBE_L,RET
216545,7172,CUBE_R,FUN_6
216546,29304,FUN_2,FUN_3
216550,20355,RET,CUBE_R
216552,19160,FUN_2,FUN_3
216559,12908,FUN_1,FUN_2
216568,13958,FUN_2,FUN_3
216572,4774,FUN_4,FUN_5
216573,18151,CUBE_L,FUN_1
216577,4991,FUN_3,FUN_4
216593,21276,FUN_1,FUN_2
216595,15122,FUN_3,FUN_4
216599,18290,FUN_2,FUN_3
216607,4991,FUN_4,FUN_3
216608,646,FUN_1,CUBE_L
216612,18930,FUN_4,FUN_3
216617,12455,FUN_5,FUN_6
216621,11930,FUN_5,FUN_4
216629,28817,FUN_5,FUN_6
216634,9060,FUN_5,FUN_6
216668,6460,FUN_2,FUN_1
216673,17113,FUN_6,FUN_5
216678,4991,FUN_3,FUN_4
216691,4329,FUN_3,FUN_4
216698,13847,FUN_6,CUBE_R
216699,18290,FUN_3,FUN_2
216706,27651,FUN_2,FUN_3
216711,20755,FUN_6,FUN_5
216718,11465,FUN_2,FUN_3
216718,19218,RET,CUBE_L
216723,29591,FUN_5,FUN_4
216724,9526,FUN_2,FUN_1
216734,21736,FUN_1,FUN_2
216745,15992,FUN_2,FUN_3
216759,2049,FUN_2,FUN_3
216772,6721,FUN_3,FUN_2
216774,6611,FUN_5,FUN_4
216794,10085,FUN_3,FUN_4
216838,24212,FUN_4,FUN_5
216848,21235,FUN_6,FUN_5
216852,17352,FUN_1,CUBE_L
216873,14635,FUN_3,FUN_4
216874,20321,FUN_3,FUN_4
216881,3415,FUN_4,FUN_5
216889,2594,RET,CUBE_R
216897,15719,FUN_3,FUN_2
216907,8779,FUN_5,FUN_4
216935,14241,FUN_3,FUN_2
216945,7969,RET,CUBE_L
216949,4131,CUBE_R,RET
216949,25929,FUN_3,FUN_4
216963,19220,FUN_3,FUN_2
216964,19631,FUN_6,FUN_5
216967,1796,FUN_3,FUN_2
216985,19804,RET,CUBE_L
216987,283,RET,CUBE_R
217014,20355,CUBE_R,RET
217015,16585,FUN_4,FUN_3
217057,2742,FUN_3,FUN_4
217065,12134,FUN_1,FUN_2
217068,17414,FUN_5,FUN_4
217076,11347,FUN_6,CUBE_R
217087,20087,FUN_4,FUN_5
217099,15080,FUN_2,FUN_1
217130,15122,FUN_4,FUN_3
217162,29527,FUN_3,FUN_4
217179,11367,FUN_1,FUN_2
217179,14743,FUN_2,FUN_3
217191,16582,FUN_2,FUN_1
217197,1125,FUN_4,FUN_3
217200,6460,FUN_1,FUN_2
217223,12134,FUN_2,FUN_1
217252,1725,FUN_3,FUN_2
217254,15200,RET,CUBE_L
217256,6690,FUN_1,FUN_2
217267,27813,FUN_3,FUN_4
217273,4379,FUN_2,FUN_1
217287,14805,FUN_5,FUN_4
217304,22938,FUN_1,FUN_2
217308,8102,FUN_3,FUN_2
217312,7922,FUN_3,FUN_4
217317,1314,FUN_3,FUN_4
217318,21871,FUN_1,FUN_2
217331,16709,FUN_5,FUN_4
217332,2372,CUBE_L,RET
217356,1595,FUN_5,FUN_6
217377,8107,FUN_2,FUN_3
217379,20459,RET,CUBE_R
217380,19646,FUN_6,FUN_5
217392,6164,FUN_2,FUN_1
217394,28415,FUN_2,FUN_1
217396,2324,FUN_4,FUN_5
217397,9673,RET,CUBE_R
217405,17451,RET,CUBE_L
217422,13150,FUN_4,FUN_5
217430,18054,FUN_2,FUN_3
217431,20660,FUN_1,FUN_2
217438,27751,FUN_5,FUN_4
217447,786,FUN_3,FUN_2
217470,27524,FUN_5,FUN_4
217473,18930,FUN_3,FUN_4
217474,13242,CUBE_L,RET
217495,8107,FUN_3,FUN_2
217499,8675,FUN_2,FUN_1
217510,817,RET,CUBE_R
217513,21705,FUN_2,FUN_3
217514,19831,FUN_2,FUN_1
217522,3378,FUN_2,FUN_3
217529,13237,FUN_6,CUBE_R
217531,1914,CUBE_L,RET
217532,18930,FUN_4,FUN_3
217541,8594,FUN_2,FUN_1
217576,17111,FUN_3,FUN_2
217583,20649,FUN_2,FUN_1
217595,10652,FUN_3,FUN_2
217596,22880,FUN_4,FUN_5
217600,18495,FUN_1,FUN_2
217608,3210,FUN_4,FUN_3
217623,8834,FUN_3,FUN_4
217629,9159,FUN_4,FUN_5
217631,25497,CUBE_L,RET
217634,23024,FUN_3,FUN_4
217636,22880,FUN_5,FUN_4
217640,22880,FUN_4,FUN_5
217644,22880,FUN_5,FUN_4
217659,4614,FUN_2,FUN_3
217674,25567,FUN_1,FUN_2
217675,396,FUN_3,FUN_4
217680,16380,FUN_3,FUN_2
217690,6095,RET,CUBE_R
217697,10530,FUN_3,FUN_2
217704,17027,CUBE_R,FUN_6
217705,16932,FUN_4,FUN_5
217717,5944,FUN_1,FUN_2
217728,621,FUN_3,FUN_2
217745,20755,FUN_5,FUN_6
217757,8363,FUN_2,FUN_1
217761,2049,FUN_3,FUN_2
217765,13132,FUN_4,FUN_3
217775,5944,FUN_2,FUN_1
217778,22880,FUN_4,FUN_5
217789,9676,FUN_4,FUN_5
217799,4723,FUN_1,FUN_2
217802,9308,FUN_5,FUN_6
217806,2924,FUN_1,FUN_2
217822,13150,FUN_5,FUN_4
217841,22880,FUN_5,FUN_4
217848,8118,CUBE_L,RET
217853,8107,FUN_2,FUN_3
217855,15814,FUN_2,FUN_1
217859,17517,FUN_3,FUN_4
217860,28728,RET,CUBE_R
217863,5590,FUN_3,FUN_2
217870,4088,FUN_2,FUN_3
217879,16380,FUN_2,FUN_3
217882,2283,FUN_3,FUN_4
217884,12354,FUN_6,CUBE_R
217910,12010,FUN_3,FUN_4
217925,21228,FUN_3,FUN_2
217928,25929,FUN_4,FUN_3
217948,10767,FUN_3,FUN_2
217962,22880,FUN_4,FUN_5
217973,19039,FUN_4,FUN_3
217979,13797,FUN_2,FUN_3
217999,27459,FUN_2,FUN_3
218003,6460,FUN_2,FUN_1
218004,531,FUN_6,FUN_5
218017,27524,FUN_4,FUN_5
218021,8118,RET,CUBE_L
218031,4774,FUN_5,FUN_4
218032,20645,FUN_2,FUN_1
218036,29274,CUBE_R,FUN_6
218039,26928,CUBE_L,RET
218065,22785,RET,CUBE_R
218071,16892,FUN_2,FUN_3
218074,24241,FUN_4,FUN_5
218079,17552,FUN_6,FUN_5
218112,548,FUN_2,FUN_3
218121,1193,RET,CUBE_R
218123,18801,FUN_4,FUN_5
218127,23719,FUN_2,FUN_1
218129,18816,FUN_2,FUN_3
218134,24933,FUN_3,FUN_2
218147,9489,FUN_5,FUN_6
218149,12553,FUN_1,FUN_2
218189,21548,RET,CUBE_L
218189,26297,FUN_2,FUN_1
218207,4346,CUBE_R,RET
218219,18930,FUN_3,FUN_4
218229,8102,FUN_2,FUN_3
218236,20541,FUN_2,FUN_3
218244,6491,RET,CUBE_L
218246,9105,RET,CUBE_R
218246,20355,RET,CUBE_R
218247,23781,FUN_4,FUN_3
218252,14332,FUN_3,FUN_2
218265,25497,RET,CUBE_L
218272,17414,FUN_4,FUN_5
218274,3878,RET,CUBE_R
218309,6204,FUN_3,FUN_2
218311,20435,CUBE_R,RET
218330,4274,FUN_3,FUN_4
218332,7390,FUN_3,FUN_2
218334,22597,FUN_5,FUN_6
218335,12908,FUN_2,FUN_1
218337,25650,FUN_2,FUN_1
218339,2924,FUN_2,FUN_1
218339,12071,FUN_2,FUN_3
218342,15672,FUN_3,FUN_4
218344,27105,FUN_2,FUN_1
218361,2623,FUN_4,FUN_3
218367,27875,RET,CUBE_L
218373,22557,FUN_3,FUN_2
218402,2623,FUN_3,FUN_4
218411,14667,FUN_4,FUN_3
218419,28495,CUBE_L,RET
218421,26499,FUN_3,FUN_2
218423,14906,FUN_1,FUN_2
218429,13150,FUN_4,FUN_5
218433,7057,FUN_3,FUN_2
218452,4088,FUN_3,FUN_2
218453,22785,CUBE_R,RET
218459,18331,RET,CUBE_L
218482,27408,FUN_1,CUBE_L
218493,12071,FUN_3,FUN_2
218495,28526,FUN_4,FUN_3
218496,8107,FUN_3,FUN_2
218520,1725,FUN_2,FUN_3
218520,3415,FUN_5,FUN_4
218521,29443,FUN_1,FUN_2
218535,9673,CUBE_R,RET
218542,12572,FUN_3,FUN_2
218551,13237,CUBE_R,FUN_6
218552,20756,CUBE_L,FUN_1
218553,754,FUN_2,FUN_3
218563,24345,FUN_1,CUBE_L
218572,940,FUN_5,FUN_4
218590,19469,FUN_6,FUN_5
218607,15797,RET,CUBE_R
218625,11902,FUN_5,FUN_6
218638,50,FUN_5,FUN_4
218650,6164,FUN_1,FUN_2
218651,17763,FUN_1,FUN_2
218651,27295,FUN_1,FUN_2
218663,13150,FUN_5,FUN_4
218679,8701,FUN_5,FUN_4
218702,8107,FUN_2,FUN_3
218703,3863,FUN_1,FUN_2
218708,6429,FUN_3,FUN_2
218715,29801,FUN_1,FUN_2
218720,21511,RET,CUBE_L
218724,17589,CUBE_L,RET
218728,1281,FUN_3,FUN_2
218760,13112,FUN_1,FUN_2
218765,3913,FUN_3,FUN_2
218795,4274,FUN_4,FUN_3
218798,26185,FUN_1,FUN_2
218802,13116,CUBE_R,FUN_6
218803,1771,FUN_1,FUN_2
218816,13599,FUN_3,FUN_2
218834,17862,FUN_3,FUN_2
218836,13530,FUN_3,FUN_4
218847,23694,FUN_2,FUN_1
218848,2197,FUN_6,CUBE_R
218856,10652,FUN_2,FUN_3
218870,15333,FUN_4,FUN_5
218881,11551,FUN_3,FUN_2
218882,22920,FUN_3,FUN_4
218887,16244,FUN_3,FUN_2
218929,17584,FUN_2,FUN_1
218934,11465,FUN_3,FUN_2
218935,28496,FUN_2,FUN_3
218947,7170,FUN_1,CUBE_L
218962,27083,FUN_2,FUN_1
218970,8558,FUN_2,FUN_3
218972,29718,FUN_3,FUN_2
218976,7705,FUN_5,FUN_6
218979,26910,FUN_6,FUN_5
218981,13242,RET,CUBE_L
218992,3378,FUN_3,FUN_2
218995,754,FUN_3,FUN_2
219000,15720,FUN_2,FUN_3
219005,17510,FUN_2,FUN_1
219005,22884,FUN_3,FUN_2
219018,8969,FUN_3,FUN_4
219018,12908,FUN_1,FUN_2
219023,12087,FUN_1,FUN_2
219025,11251,FUN_4,FUN_3
219046,25557,FUN_2,FUN_3
219055,14586,FUN_6,CUBE_R
219066,24909,FUN_2,FUN_3
219077,16721,FUN_4,FUN_3
219084,26553,CUBE_R,RET
219087,4376,CUBE_L,FUN_1
219095,6373,FUN_4,FUN_5
219101,7655,FUN_3,FUN_2
219101,29527,FUN_4,FUN_3
219103,667,RET,CUBE_R
219104,21511,CUBE_L,RET
219110,16244,FUN_2,FUN_3
219127,27913,FUN_2,FUN_1
219131,10767,FUN_2,FUN_3
219132,9066,CUBE_R,RET
219151,27020,FUN_1,FUN_2
219184,10085,FUN_4,FUN_3
219195,13530,FUN_4,FUN_3
219204,11465,FUN_2,FUN_3
219207,22557,FUN_2,FUN_3
219214,10409,FUN_6,CUBE_R
219225,2331,FUN_3,FUN_4
219248,22134,FUN_3,FUN_2
219263,24557,FUN_2,FUN_3
219265,23694,FUN_1,FUN_2
219272,4088,FUN_2,FUN_3
219278,18522,FUN_5,FUN_4
219283,17517,FUN_4,FUN_3
219284,7995,FUN_3,FUN_2
219287,17350,FUN_5,FUN_4
219288,24212,FUN_5,FUN_4
219309,4112,CUBE_L,FUN_1
219326,13958,FUN_3,FUN_2
219326,20645,FUN_1,FUN_2
219332,21935,FUN_6,CUBE_R
219339,23694,FUN_2,FUN_1
219340,13150,FUN_4,FUN_5
219345,28247,FUN_3,FUN_2
219364,28154,FUN_3,FUN_2
219366,10962,FUN_3,FUN_2
219374,4131,RET,CUBE_R
219374,10899,FUN_2,FUN_3
219387,27875,CUBE_L,RET
219404,18310,FUN_2,FUN_1
219405,13530,FUN_3,FUN_4
219407,27463,FUN_2,FUN_1
219413,8834,FUN_4,FUN_3
219419,3378,FUN_2,FUN_3
219421,8225,FUN_6,CUBE_R
219423,29757,CUBE_L,FUN_1
219430,20756,FUN_1,CUBE_L
219436,10931,FUN_1,FUN_2
219453,6034,FUN_4,FUN_3
219458,26981,FUN_1,CUBE_L
219502,29757,FUN_1,CUBE_L
219511,25650,FUN_1,FUN_2
219515,24992,FUN_1,CUBE_L
219555,11164,FUN_1,FUN_2
219564,20755,FUN_6,FUN_5
219565,12917,FUN_5,FUN_6
219567,20756,CUBE_L,FUN_1
219567,27501,FUN_3,FUN_4
219588,1914,RET,CUBE_L
219601,12134,FUN_1,FUN_2
219604,2828,FUN_3,FUN_2
219606,20756,FUN_1,CUBE_L
219613,16809,FUN_4,FUN_3
219614,26783,FUN_4,FUN_3
219615,16488,CUBE_R,RET
219634,12572,FUN_2,FUN_3
219640,25077,FUN_1,CUBE_L
219643,754,FUN_2,FUN_3
219650,10120,RET,CUBE_L
219654,4896,FUN_2,FUN_1
219657,2724,FUN_3,FUN_4
219662,24351,FUN_2,FUN_1
219672,10614,FUN_2,FUN_1
219677,23514,FUN_6,CUBE_R
219680,1941,FUN_3,FUN_2
219688,10409,CUBE_R,FUN_6
219701,12087,FUN_2,FUN_1
219701,14200,FUN_3,FUN_2
219704,11465,FUN_3,FUN_2
219708,16582,FUN_1,FUN_2
219715,29274,FUN_6,CUBE_R
219717,20756,CUBE_L,FUN_1
219722,13966,RET,CUBE_L
219726,142,FUN_2,FUN_3
219731,1771,FUN_2,FUN_1
219737,18894,FUN_1,FUN_2
219738,20756,FUN_1,CUBE_L
219739,23694,FUN_1,FUN_2
219748,8693,FUN_2,FUN_1
219758,9284,FUN_1,FUN_2
219759,8118,CUBE_L,RET
219780,20459,CUBE_R,RET
219788,364,FUN_4,FUN_3
219816,2518,FUN_2,FUN_1
219839,14552,FUN_1,FUN_2
219852,27368,CUBE_R,FUN_6
219854,8225,CUBE_R,FUN_6
219876,17763,FUN_2,FUN_1
219878,15421,FUN_1,FUN_2
219881,14906,FUN_2,FUN_1
219899,2178,FUN_3,FUN_2
219937,24945,FUN_3,FUN_2
219940,10989,FUN_3,FUN_2
219952,4937,FUN_2,FUN_3
219969,14082,FUN_3,FUN_4
219994,13150,FUN_5,FUN_4
220006,20756,CUBE_L,FUN_1
220015,25291,FUN_3,FUN_4
220024,21406,FUN_1,FUN_2
220038,14355,CUBE_L,FUN_1
220043,18620,FUN_5,FUN_4
220047,12281,FUN_2,FUN_3
220054,14586,CUBE_R,FUN_6
220061,754,FUN_3,FUN_2
220063,27813,FUN_4,FUN_3
220065,7655,FUN_2,FUN_3
220087,10718,FUN_2,FUN_3
220087,16098,FUN_2,FUN_1
220114,11737,FUN_3,FUN_4
220119,7632,RET,CUBE_L
220123,14241,FUN_2,FUN_3
220127,8301,FUN_1,CUBE_L
220129,20756,FUN_1,CUBE_L
220130,14499,RET,CUBE_L
220135,18331,CUBE_L,RET
220141,20087,FUN_5,FUN_4
220154,19864,FUN_5,FUN_4
220156,14893,FUN_4,FUN_5
220163,10620,CUBE_R,RET
220172,17663,CUBE_L,FUN_1
220175,14351,FUN_3,FUN_4
220176,11763,CUBE_L,RET
220212,29718,FUN_2,FUN_3
220220,16488,RET,CUBE_R
220239,19136,RET,CUBE_R
220244,5157,CUBE_R,RET
220253,14241,FUN_3,FUN_2
220256,12010,FUN_4,FUN_3
220258,21235,FUN_5,FUN_6
220276,6738,FUN_2,FUN_3
220279,19220,FUN_2,FUN_3
220296,20756,CUBE_L,FUN_1
220297,28728,CUBE_R,RET
220313,27493,FUN_2,FUN_1
220321,16380,FUN_3,FUN_2
220335,20838,FUN_2,FUN_1
220336,29640,CUBE_R,RET
220341,15333,FUN_5,FUN_4
220342,2392,RET,CUBE_L
220357,9526,FUN_1,FUN_2
220375,19093,RET,CUBE_R
220377,4813,FUN_3,FUN_2
220381,28660,FUN_2,FUN_1
220405,16089,FUN_2,FUN_1
220413,8969,FUN_4,FUN_3
220430,13116,FUN_6,CUBE_R
220442,15333,FUN_4,FUN_5
220449,534,FUN_3,FUN_2
220449,13181,FUN_2,FUN_1
220453,13150,FUN_4,FUN_5
220465,19661,FUN_2,FUN_3
220477,2742,FUN_4,FUN_3
220482,1914,CUBE_L,RET
220487,13146,FUN_3,FUN_2
220506,13944,FUN_6,CUBE_R
220510,21705,FUN_3,FUN_2
220527,22628,FUN_4,FUN_5
220530,22597,FUN_6,FUN_5
220533,5590,FUN_2,FUN_3
220543,20459,RET,CUBE_R
220579,1796,FUN_2,FUN_3
220597,73,FUN_1,FUN_2
220599,22938,FUN_2,FUN_1
220611,10678,FUN_1,FUN_2
220618,5615,CUBE_L,RET
220621,1771,FUN_1,FUN_2
220623,24374,FUN_6,FUN_5
220629,966,RET,CUBE_R
220632,10525,FUN_2,FUN_1
220636,21518,CUBE_L,FUN_1
220637,28728,RET,CUBE_R
220645,8693,FUN_1,FUN_2
220661,14893,FUN_5,FUN_4
220665,6786,FUN_3,FUN_2
220698,940,FUN_4,FUN_5
220700,24557,FUN_3,FUN_2
220701,11763,RET,CUBE_L
220736,5434,FUN_2,FUN_1
220738,7508,FUN_5,FUN_6
220740,26928,RET,CUBE_L
220746,5076,CUBE_L,RET
220751,4774,FUN_4,FUN_5
220751,23137,FUN_2,FUN_1
220756,20660,FUN_2,FUN_1
220764,24212,FUN_4,FUN_5
220765,29190,CUBE_R,FUN_6
220772,3495,FUN_1,FUN_2
220780,1941,FUN_2,FUN_3
220802,18140,FUN_2,FUN_3
220805,287,FUN_3,FUN_2
220808,13958,FUN_2,FUN_3
220819,29801,FUN_2,FUN_1
220822,22785,RET,CUBE_R
220829,6429,FUN_2,FUN_3
220840,29744,FUN_3,FUN_2
220855,11185,RET,CUBE_L
220856,13958,FUN_3,FUN_2
220871,15133,CUBE_L,RET
220911,364,FUN_3,FUN_4
220916,12553,FUN_2,FUN_1
220930,28744,RET,CUBE_L
220932,786,FUN_2,FUN_3
220951,11347,CUBE_R,FUN_6
220963,24351,FUN_1,FUN_2
220987,6460,FUN_1,FUN_2
220993,28359,FUN_3,FUN_2
221010,6373,FUN_5,FUN_4
221025,20459,CUBE_R,RET
221029,13958,FUN_2,FUN_3
221030,7215,FUN_3,FUN_2
221058,8363,FUN_1,FUN_2
221067,17608,RET,CUBE_R
221068,7340,CUBE_R,FUN_6
221074,22915,FUN_2,FUN_1
221076,7505,FUN_2,FUN_3
221092,8693,FUN_2,FUN_1
221101,12917,FUN_6,FUN_5
221105,5007,FUN_2,FUN_1
221118,1587,FUN_2,FUN_3
221149,3210,FUN_3,FUN_4
221158,12408,FUN_2,FUN_1
221178,10962,FUN_2,FUN_3
221179,22311,FUN_4,FUN_3
221181,21929,FUN_2,FUN_1
221188,26297,FUN_1,FUN_2
221205,10854,FUN_4,FUN_5
221219,4774,FUN_5,FUN_4
221219,28476,FUN_4,FUN_5
221221,24557,FUN_2,FUN_3
221224,2828,FUN_2,FUN_3
221228,3225,FUN_3,FUN_2
221243,12027,FUN_2,FUN_1
221243,18298,FUN_3,FUN_2
221247,19984,FUN_3,FUN_4
221249,5434,FUN_1,FUN_2
221251,7499,FUN_2,FUN_3
221254,8940,CUBE_R,FUN_6
221259,20075,FUN_2,FUN_1
221261,21042,FUN_2,FUN_3
221273,4723,FUN_2,FUN_1
221286,21126,CUBE_R,RET
221290,15714,FUN_4,FUN_3
221293,4112,FUN_1,CUBE_L
221302,24557,FUN_3,FUN_2
221311,17451,CUBE_L,RET
221312,10854,FUN_5,FUN_4
221313,16098,FUN_1,FUN_2
221317,7463,FUN_3,FUN_4
221319,786,FUN_3,FUN_2
221348,16892,FUN_3,FUN_2
221350,19686,FUN_5,FUN_4
221355,3983,FUN_2,FUN_3
221389,4349,FUN_6,CUBE_R
221394,978,FUN_2,FUN_1
221399,24557,FUN_2,FUN_3
221409,14332,FUN_2,FUN_3
221411,24521,FUN_3,FUN_2
221416,25981,FUN_1,FUN_2
221420,18383,FUN_2,FUN_1
221420,28660,FUN_1,FUN_2
221421,12917,FUN_5,FUN_6
221430,10444,RET,CUBE_L
221430,14750,FUN_2,FUN_1
221439,17113,FUN_5,FUN_6
221443,7505,FUN_3,FUN_2
221456,7897,RET,CUBE_R
221459,13150,FUN_5,FUN_4
221471,7463,FUN_4,FUN_3
221482,22618,FUN_3,FUN_2
221493,13944,CUBE_R,FUN_6
221512,9631,FUN_5,FUN_6
221513,26910,FUN_5,FUN_6
221516,4774,FUN_4,FUN_5
221516,23694,FUN_2,FUN_1
221526,20755,FUN_5,FUN_6
221535,16380,FUN_2,FUN_3
221551,16943,FUN_2,FUN_3
221552,17261,FUN_2,FUN_3
221564,2518,FUN_1,FUN_2
221581,21298,FUN_3,FUN_2
221605,17663,FUN_1,CUBE_L
221612,786,FUN_2,FUN_3
221620,24988,FUN_3,FUN_4
221622,8107,FUN_3,FUN_2
221626,14906,FUN_1,FUN_2
221633,12917,FUN_6,FUN_5
221638,22880,FUN_5,FUN_4
221648,26185,FUN_2,FUN_1
221662,29801,FUN_1,FUN_2
221663,27913,FUN_1,FUN_2
221676,13761,FUN_4,FUN_5
221683,25226,FUN_3,FUN_2
221684,10667,FUN_2,FUN_3
221701,18086,FUN_5,FUN_4
221704,24909,FUN_3,FUN_2
221706,12087,FUN_1,FUN_2
221711,17153,FUN_2,FUN_3
221720,19864,FUN_4,FUN_5
221721,14586,FUN_6,CUBE_R
221743,6171,FUN_3,FUN_2
221746,4045,FUN_3,FUN_4
221755,22618,FUN_2,FUN_3
221757,12623,FUN_2,FUN_3
221763,29801,FUN_2,FUN_1
221782,12553,FUN_1,FUN_2
221791,10614,FUN_1,FUN_2
221793,17798,FUN_3,FUN_4
221808,2828,FUN_3,FUN_2
221810,13146,FUN_2,FUN_3
221827,11774,FUN_4,FUN_3
221834,10614,FUN_2,FUN_1
221849,22884,FUN_2,FUN_3
221871,2324,FUN_5,FUN_4
221873,2695,FUN_4,FUN_3
221898,11313,FUN_3,FUN_2
221899,10854,FUN_4,FUN_5
221901,10338,RET,CUBE_L
221915,23457,FUN_5,FUN_4
221924,9672,RET,CUBE_L
221924,21053,FUN_3,FUN_4
221941,13599,FUN_2,FUN_3
221982,4941,FUN_3,FUN_2
221987,29739,FUN_6,CUBE_R
222001,3619,FUN_2,FUN_1
222010,19686,FUN_4,FUN_5
222013,3801,RET,CUBE_L
222013,23514,CUBE_R,FUN_6
222014,534,FUN_2,FUN_3
222018,95,FUN_4,FUN_3
222019,16488,CUBE_R,RET
222022,4700,FUN_3,FUN_2
222022,18816,FUN_3,FUN_2
222024,9265,FUN_3,FUN_2
222036,17091,CUBE_L,RET
222057,9761,FUN_2,FUN_1
222084,22309,CUBE_L,RET
222085,27772,FUN_5,FUN_6
222111,20459,RET,CUBE_R
222129,27739,FUN_3,FUN_2
222141,27796,FUN_6,CUBE_R
222153,6920,CUBE_L,RET
222156,18853,FUN_3,FUN_2
222173,28359,FUN_2,FUN_3
222215,26047,RET,CUBE_R
222224,28695,FUN_3,FUN_2
222225,2049,FUN_2,FUN_3
222240,16809,FUN_3,FUN_4
222240,28660,FUN_2,FUN_1
222241,9526,FUN_2,FUN_1
222251,22508,FUN_3,FUN_2
222257,5075,CUBE_R,FUN_6
222259,16621,FUN_4,FUN_5
222260,29401,RET,CUBE_R
222262,14355,FUN_1,CUBE_L
222267,12705,FUN_1,FUN_2
222284,7387,FUN_4,FUN_3
222301,4164,FUN_2,FUN_1
222305,2828,FUN_2,FUN_3
222321,12027,FUN_1,FUN_2
222333,25207,FUN_2,FUN_3
222337,10854,FUN_5,FUN_4
222338,15465,CUBE_R,FUN_6
222338,29443,FUN_2,FUN_1
222351,13679,FUN_3,FUN_2
222367,142,FUN_3,FUN_2
222374,287,FUN_2,FUN_3
222377,11737,FUN_4,FUN_3
222387,23694,FUN_1,FUN_2
222387,28359,FUN_3,FUN_2
222398,4937,FUN_3,FUN_2
222403,7505,FUN_2,FUN_3
222411,26499,FUN_2,FUN_3
222414,10962,FUN_3,FUN_2
222422,3863,FUN_2,FUN_1
222425,17414,FUN_5,FUN_4
222427,11424,RET,CUBE_R
222446,14795,FUN_2,FUN_1
222469,9747,FUN_2,FUN_1
222471,14683,FUN_3,FUN_2
222486,14985,FUN_6,FUN_5
222502,3495,FUN_2,FUN_1
222503,19039,FUN_3,FUN_4
222530,13181,FUN_1,FUN_2
222542,17751,CUBE_R,RET
222543,20755,FUN_6,FUN_5
222550,11662,FUN_2,FUN_1
222559,13005,FUN_5,FUN_4
222562,796,FUN_3,FUN_4
222578,23835,FUN_3,FUN_2
222581,17862,FUN_2,FUN_3
222593,3158,FUN_1,FUN_2
222604,15547,FUN_4,FUN_3
222614,11902,FUN_6,FUN_5
222620,23633,FUN_1,FUN_2
222626,11716,FUN_5,FUN_4
222630,8156,FUN_3,FUN_4
222637,12430,CUBE_L,FUN_1
222652,19495,CUBE_L,RET
222655,10878,CUBE_R,RET
222658,20374,CUBE_R,FUN_6
222671,5256,RET,CUBE_L
222671,12803,FUN_2,FUN_3
222683,24909,FUN_2,FUN_3
222688,22816,FUN_2,FUN_3
222689,27739,FUN_2,FUN_3
222690,2178,FUN_2,FUN_3
222709,23633,FUN_2,FUN_1
222721,95,FUN_3,FUN_4
222725,21518,FUN_1,CUBE_L
222736,18495,FUN_2,FUN_1
222740,15817,FUN_3,FUN_2
222763,17227,FUN_5,FUN_4
222767,29345,FUN_3,FUN_2
222792,29401,CUBE_R,RET
222794,6944,FUN_1,FUN_2
222811,18331,RET,CUBE_L
222818,19670,FUN_2,FUN_1
222822,13958,FUN_3,FUN_2
222829,13733,FUN_2,FUN_1
222830,17508,FUN_1,FUN_2
222831,3003,CUBE_R,FUN_6
222831,21688,RET,CUBE_R
222833,22508,FUN_2,FUN_3
222836,7627,FUN_1,FUN_2
222840,20728,FUN_5,FUN_4
222858,22352,FUN_3,FUN_2
222868,17790,FUN_4,FUN_5
222881,12361,FUN_3,FUN_4
222887,23835,FUN_2,FUN_3
222892,18140,FUN_3,FUN_2
222893,27772,FUN_6,FUN_5
222909,18816,FUN_2,FUN_3
222916,15395,FUN_2,FUN_3
222931,29640,RET,CUBE_R
222949,621,FUN_2,FUN_3
222951,17080,FUN_3,FUN_2
222956,23192,CUBE_R,RET
222967,4023,CUBE_R,FUN_6
222969,27501,FUN_4,FUN_3
222971,926,FUN_4,FUN_3
222974,17113,FUN_6,FUN_5
222979,15421,FUN_2,FUN_1
222980,7956,FUN_5,FUN_4
222998,7297,RET,CUBE_L
223010,6690,FUN_2,FUN_1
223018,22789,FUN_1,FUN_2
223030,29475,FUN_2,FUN_1
223035,13761,FUN_5,FUN_4
223051,5479,FUN_3,FUN_2
223054,4036,FUN_3,FUN_2
223069,15027,FUN_1,FUN_2
223070,16488,RET,CUBE_R
223092,29408,FUN_6,FUN_5
223097,24992,CUBE_L,FUN_1
223099,5479,FUN_2,FUN_3
223111,9747,FUN_1,FUN_2
223139,4698,RET,CUBE_R
223145,26460,FUN_2,FUN_1
223163,14683,FUN_2,FUN_3
223163,15547,FUN_3,FUN_4
223166,3629,FUN_1,FUN_2
223167,1771,FUN_2,FUN_1
223168,11856,FUN_1,FUN_2
223171,22915,FUN_1,FUN_2
223176,11164,FUN_2,FUN_1
223180,29591,FUN_4,FUN_5
223183,4557,FUN_2,FUN_3
223193,28507,FUN_2,FUN_3
223210,9399,FUN_3,FUN_2
223212,4992,CUBE_R,FUN_6
223219,6744,FUN_3,FUN_2
223222,25338,FUN_3,FUN_2
223227,5007,FUN_1,FUN_2
223233,6429,FUN_3,FUN_2
223241,28523,FUN_5,FUN_4
223249,15395,FUN_3,FUN_2
223254,796,FUN_4,FUN_3
223254,22134,FUN_2,FUN_3
223274,2518,FUN_2,FUN_1
223279,17862,FUN_3,FUN_2
223287,4095,RET,CUBE_L
223290,11357,RET,CUBE_L
223291,786,FUN_3,FUN_2
223292,14635,FUN_4,FUN_3
223299,24617,FUN_3,FUN_2
223302,28817,FUN_6,FUN_5
223307,24212,FUN_5,FUN_4
223308,4896,FUN_1,FUN_2
223316,23394,FUN_4,FUN_3
223328,24212,FUN_4,FUN_5
223330,2197,CUBE_R,FUN_6
223342,17862,FUN_2,FUN_3
223346,24212,FUN_5,FUN_4
223351,16034,FUN_1,FUN_2
223361,2067,FUN_4,FUN_3
223364,19093,CUBE_R,RET
223364,24212,FUN_4,FUN_5
223372,29744,FUN_2,FUN_3
223374,4260,RET,CUBE_R
223374,24212,FUN_5,FUN_4
223377,5479,FUN_3,FUN_2
223381,16160,CUBE_R,RET
223393,24212,FUN_4,FUN_5
223397,24212,FUN_5,FUN_4
223400,26979,CUBE_L,RET
223415,7297,CUBE_L,RET
223423,16273,FUN_3,FUN_4
223427,22679,CUBE_L,RET
223440,15483,FUN_1,CUBE_L
223450,20075,FUN_1,FUN_2
223455,19804,CUBE_L,RET
223466,15080,FUN_1,FUN_2
223468,26543,CUBE_L,FUN_1
223483,14355,CUBE_L,FUN_1
223488,23630,CUBE_L,RET
223505,10849,FUN_5,FUN_6
223506,14332,FUN_3,FUN_2
223526,21857,FUN_3,FUN_2
223534,9922,FUN_6,CUBE_R
223578,16801,FUN_3,FUN_2
223580,19853,FUN_3,FUN_2
223582,6611,FUN_4,FUN_5
223606,25891,FUN_6,FUN_5
223607,21709,FUN_3,FUN_4
223612,15395,FUN_2,FUN_3
223614,17465,FUN_3,FUN_2
223627,20756,FUN_1,CUBE_L
223631,2331,FUN_4,FUN_3
223634,24212,FUN_4,FUN_5
223643,20756,CUBE_L,FUN_1
223648,26090,FUN_1,FUN_2
223680,20841,FUN_1,CUBE_L
223688,21426,FUN_3,FUN_2
223696,4095,CUBE_L,RET
223712,23705,FUN_4,FUN_3
223734,11774,FUN_3,FUN_4
223736,10120,CUBE_L,RET
223755,15395,FUN_3,FUN_2
223761,14056,FUN_4,FUN_5
223764,20728,FUN_4,FUN_5
223781,20756,FUN_1,CUBE_L
223795,27105,FUN_1,FUN_2
223809,3146,CUBE_L,RET
223810,3495,FUN_1,FUN_2
223820,26118,FUN_3,FUN_2
223837,5023,FUN_3,FUN_2
223856,17584,FUN_1,FUN_2
223862,23630,RET,CUBE_L
223888,12624,CUBE_R,RET
223891,20756,CUBE_L,FUN_1
223902,3913,FUN_2,FUN_3
223904,22508,FUN_3,FUN_2
223914,8225,FUN_6,CUBE_R
223914,20459,CUBE_R,RET
223918,4698,CUBE_R,RET
223930,11313,FUN_2,FUN_3
223932,14508,FUN_2,FUN_1
223962,9922,CUBE_R,FUN_6
223973,29401,RET,CUBE_R
223987,20756,FUN_1,CUBE_L
223990,17798,FUN_4,FUN_3
223997,27557,FUN_1,FUN_2
224019,15099,FUN_6,CUBE_R
224026,18383,FUN_1,FUN_2
224043,11768,FUN_3,FUN_2
224061,17227,FUN_4,FUN_5
224073,1580,FUN_2,FUN_1
224086,6204,FUN_2,FUN_3
224102,14102,FUN_1,FUN_2
224109,29928,FUN_2,FUN_3
224120,29591,FUN_5,FUN_4
224126,16039,FUN_1,FUN_2
224126,28363,RET,CUBE_L
224142,10120,RET,CUBE_L
224144,6164,FUN_2,FUN_1
224154,14635,FUN_3,FUN_4
224157,19212,CUBE_L,RET
224160,29744,FUN_3,FUN_2
224174,27569,FUN_6,FUN_5
224178,18140,FUN_2,FUN_3
224197,11902,FUN_5,FUN_6
224206,4723,FUN_1,FUN_2
224217,4723,FUN_2,FUN_1
224241,23342,RET,CUBE_R
224275,17763,FUN_1,FUN_2
224276,15460,FUN_1,CUBE_L
224276,16892,FUN_2,FUN_3
224284,13909,FUN_3,FUN_2
224285,19440,FUN_2,FUN_1
224287,4723,FUN_1,FUN_2
224312,1008,FUN_1,FUN_2
224314,11685,FUN_2,FUN_3
224317,25823,CUBE_R,FUN_6
224327,27971,FUN_3,FUN_2
224348,5296,FUN_1,CUBE_L
224363,29744,FUN_2,FUN_3
224371,20415,FUN_2,FUN_1
224380,17261,FUN_3,FUN_2
224385,27223,FUN_4,FUN_3
224394,19136,CUBE_R,RET
224402,26185,FUN_1,FUN_2
224406,14355,FUN_1,CUBE_L
224414,23630,CUBE_L,RET
224415,27105,FUN_2,FUN_1
224424,13112,FUN_2,FUN_1
224425,6473,FUN_6,FUN_5
224436,7760,FUN_4,FUN_5
224457,1725,FUN_3,FUN_2
224458,4036,FUN_2,FUN_3
224463,25338,FUN_2,FUN_3
224472,29401,CUBE_R,RET
224474,773,FUN_5,FUN_4
224476,3332,FUN_2,FUN_3
224506,23719,FUN_1,FUN_2
224507,3983,FUN_3,FUN_2
224508,21298,FUN_2,FUN_3
224525,12505,FUN_3,FUN_2
224528,13146,FUN_3,FUN_2
224533,390,FUN_2,FUN_1
224547,20355,CUBE_R,RET
224559,3332,FUN_3,FUN_2
224559,22789,FUN_2,FUN_1
224561,8022,FUN_2,FUN_3
224603,5123,FUN_1,FUN_2
224604,27661,FUN_2,FUN_1
224608,17901,RET,CUBE_L
224608,21480,FUN_2,FUN_3
224625,3005,FUN_5,FUN_6
224631,24521,FUN_2,FUN_3
224634,7057,FUN_2,FUN_3
224635,14332,FUN_2,FUN_3
224639,19666,FUN_2,FUN_3
224643,23338,FUN_4,FUN_5
224643,25471,FUN_2,FUN_3
224643,27105,FUN_1,FUN_2
224644,3332,FUN_2,FUN_3
224650,12803,FUN_3,FUN_2
224660,15037,FUN_6,CUBE_R
224663,13958,FUN_2,FUN_3
224685,29578,CUBE_R,RET
224702,12624,RET,CUBE_R
224711,6611,FUN_5,FUN_4
224720,27463,FUN_1,FUN_2
224728,17080,FUN_2,FUN_3
224732,21042,FUN_3,FUN_2
224755,16932,FUN_5,FUN_4
224756,3319,FUN_4,FUN_3
224760,27231,FUN_1,FUN_2
224783,15027,FUN_2,FUN_1
224784,29409,FUN_1,CUBE_L
224786,9308,FUN_6,FUN_5
224800,12568,RET,CUBE_R
224810,4705,FUN_4,FUN_5
224817,14355,CUBE_L,FUN_1
224824,16801,FUN_2,FUN_3
224830,8275,FUN_2,FUN_3
224835,2229,FUN_2,FUN_3
224838,4774,FUN_5,FUN_4
224839,3913,FUN_3,FUN_2
224845,25471,FUN_3,FUN_2
224857,11685,FUN_3,FUN_2
224863,29867,FUN_4,FUN_3
224883,13559,RET,CUBE_L
224889,4992,FUN_6,CUBE_R
224895,5123,FUN_2,FUN_1
224907,18801,FUN_5,FUN_4
224907,23219,FUN_6,FUN_5
224910,18220,CUBE_R,RET
224915,11444,FUN_2,FUN_1
224921,3592,FUN_4,FUN_5
224925,11856,FUN_2,FUN_1
224929,23338,FUN_5,FUN_4
224931,12105,FUN_3,FUN_2
224936,22797,FUN_3,FUN_2
224941,11185,CUBE_L,RET
224945,14885,FUN_3,FUN_4
224961,14920,FUN_3,FUN_2
224963,19666,FUN_3,FUN_2
224975,25929,FUN_3,FUN_4
224995,29740,CUBE_L,RET
224998,22785,CUBE_R,RET
225017,23835,FUN_3,FUN_2
225022,238,FUN_2,FUN_1
225027,17589,RET,CUBE_L
225060,13119,FUN_3,FUN_4
225062,17124,FUN_6,CUBE_R
225133,2324,FUN_4,FUN_5
225140,3271,RET,CUBE_R
225142,25471,FUN_2,FUN_3
225146,29912,FUN_3,FUN_4
225149,11313,FUN_3,FUN_2
225151,13690,RET,CUBE_L
225151,21482,FUN_3,FUN_2
225158,13181,FUN_2,FUN_1
225175,4045,FUN_4,FUN_3
225181,16488,CUBE_R,RET
225184,15547,FUN_4,FUN_3
225190,20415,FUN_1,FUN_2
225191,27621,RET,CUBE_R
225225,10428,CUBE_R,FUN_6
225234,27569,FUN_5,FUN_6
225239,7547,FUN_6,FUN_5
225244,11367,FUN_2,FUN_1
225247,20838,FUN_1,FUN_2
225255,29546,FUN_5,FUN_6
225262,19984,FUN_4,FUN_3
225308,3983,FUN_2,FUN_3
225317,24351,FUN_2,FUN_1
225340,4814,CUBE_R,FUN_6
225360,28695,FUN_2,FUN_3
225374,13244,FUN_5,FUN_6
225381,16801,FUN_3,FUN_2
225406,6611,FUN_4,FUN_5
225409,12931,FUN_4,FUN_3
225410,11930,FUN_4,FUN_5
225411,13154,CUBE_R,FUN_6
225446,22309,RET,CUBE_L
225450,6944,FUN_2,FUN_1
225463,5023,FUN_2,FUN_3
225486,24464,FUN_2,FUN_3
225487,17111,FUN_2,FUN_3
225489,13244,FUN_6,FUN_5
225511,26543,FUN_1,CUBE_L
225518,29940,FUN_2,FUN_1
225521,8779,FUN_4,FUN_5
225524,1314,FUN_4,FUN_3
225569,17982,CUBE_L,RET
225586,23338,FUN_4,FUN_5
225591,20041,FUN_2,FUN_1
225593,10573,RET,CUBE_L
225593,19507,FUN_4,FUN_5
225598,24799,FUN_4,FUN_5
225601,13657,FUN_5,FUN_4
225601,20075,FUN_2,FUN_1
225601,24653,FUN_4,FUN_5
225622,3863,FUN_1,FUN_2
225637,6611,FUN_5,FUN_4
225642,13511,FUN_3,FUN_2
225654,19285,FUN_1,FUN_2
225655,4774,FUN_4,FUN_5
225664,26499,FUN_3,FUN_2
225665,19678,FUN_3,FUN_2
225666,11229,FUN_4,FUN_3
225670,25823,FUN_6,CUBE_R
225700,12595,FUN_5,FUN_6
225704,6416,FUN_4,FUN_5
225704,22039,FUN_3,FUN_4
225714,14751,CUBE_L,RET
225732,23099,FUN_6,FUN_5
225736,24521,FUN_3,FUN_2
225736,24676,FUN_4,FUN_5
225738,4813,FUN_2,FUN_3
225743,5123,FUN_1,FUN_2
225749,12172,CUBE_R,FUN_6
225757,23076,FUN_2,FUN_3
225762,3332,FUN_3,FUN_2
225767,4386,FUN_2,FUN_1
225774,11424,CUBE_R,RET
225779,19285,FUN_2,FUN_1
225780,12568,CUBE_R,RET
225789,28174,FUN_2,FUN_1
225795,29052,FUN_3,FUN_2
225799,14508,FUN_1,FUN_2
225801,29190,FUN_6,CUBE_R
225804,11512,FUN_2,FUN_1
225825,2324,FUN_5,FUN_4
225826,9399,FUN_2,FUN_3
225834,17510,FUN_1,FUN_2
225844,4036,FUN_3,FUN_2
225860,8646,FUN_2,FUN_3
225869,1193,CUBE_R,RET
225875,13154,FUN_6,CUBE_R
225907,24676,FUN_5,FUN_4
225910,28541,FUN_3,FUN_2
225935,14283,FUN_5,FUN_6
225937,1008,FUN_2,FUN_1
225937,27651,FUN_3,FUN_2
225949,12803,FUN_2,FUN_3
225968,22816,FUN_3,FUN_2
225972,19696,FUN_2,FUN_3
225977,5319,RET,CUBE_R
225983,24988,FUN_4,FUN_3
225985,19579,RET,CUBE_L
226001,23137,FUN_1,FUN_2
226003,672,FUN_2,FUN_3
226007,3937,FUN_2,FUN_1
226013,14751,RET,CUBE_L
226015,95,FUN_4,FUN_3
226031,12889,CUBE_R,RET
226051,15254,FUN_3,FUN_2
226062,19285,FUN_1,FUN_2
226089,14683,FUN_3,FUN_2
226105,12908,FUN_2,FUN_1
226112,22309,CUBE_L,RET
226123,19670,FUN_1,FUN_2
226172,21276,FUN_2,FUN_1
226183,19552,FUN_6,FUN_5
226199,12424,RET,CUBE_L
226218,7627,FUN_2,FUN_1
226223,15421,FUN_1,FUN_2
226241,27912,FUN_3,FUN_4
226242,14885,FUN_4,FUN_3
226255,940,FUN_5,FUN_4
226266,9120,FUN_6,FUN_5
226276,12424,CUBE_L,RET
226296,7340,FUN_6,CUBE_R
226303,22789,FUN_1,FUN_2
226310,1637,FUN_3,FUN_2
226324,5694,FUN_3,FUN_4
226334,12424,RET,CUBE_L
226355,27020,FUN_2,FUN_1
226382,15395,FUN_2,FUN_3
226384,3146,RET,CUBE_L
226408,18816,FUN_3,FUN_2
226423,19670,FUN_2,FUN_1
226435,29190,CUBE_R,FUN_6
226436,5715,FUN_2,FUN_1
226438,12424,CUBE_L,RET
226440,17111,FUN_3,FUN_2
226488,26543,CUBE_L,FUN_1
226501,11367,FUN_1,FUN_2
226509,26330,FUN_3,FUN_4
226512,7627,FUN_1,FUN_2
226530,5123,FUN_2,FUN_1
226577,21110,FUN_2,FUN_3
226582,11229,FUN_3,FUN_4
226596,6045,CUBE_L,RET
226615,2261,FUN_5,FUN_4
226630,19285,FUN_2,FUN_1
226633,12512,FUN_3,FUN_4
226640,5694,FUN_4,FUN_3
226641,2812,FUN_2,FUN_3
226641,28549,CUBE_L,RET
226644,13305,FUN_2,FUN_1
226653,978,FUN_1,FUN_2
226673,13154,CUBE_R,FUN_6
226679,14609,FUN_3,FUN_2
226714,16205,FUN_3,FUN_2
226733,6920,RET,CUBE_L
226747,12408,FUN_1,FUN_2
226753,23745,RET,CUBE_L
226757,14743,FUN_3,FUN_2
226765,13181,FUN_1,FUN_2
226784,24351,FUN_1,FUN_2
226799,19860,FUN_2,FUN_1
226803,23430,FUN_4,FUN_3
226826,19220,FUN_3,FUN_2
226835,25325,FUN_2,FUN_1
226839,21215,FUN_2,FUN_1
226841,7215,FUN_2,FUN_3
226845,21857,FUN_2,FUN_3
226858,19507,FUN_5,FUN_4
226868,18583,CUBE_R,FUN_6
226872,19092,FUN_2,FUN_1
226875,25471,FUN_3,FUN_2
226878,6045,RET,CUBE_L
226897,19374,FUN_2,FUN_3
226902,9878,CUBE_L,RET
226910,284,RET,CUBE_L
226915,11909,FUN_2,FUN_1
226918,24352,FUN_4,FUN_3
226921,5319,CUBE_R,RET
226938,22039,FUN_4,FUN_3
226941,4642,FUN_1,CUBE_L
226947,9541,FUN_3,FUN_2
226966,10854,FUN_4,FUN_5
226972,6535,FUN_6,CUBE_R
226983,20283,CUBE_R,RET
226985,10223,FUN_4,FUN_3
226994,16932,FUN_4,FUN_5
226996,28695,FUN_3,FUN_2
226997,10573,CUBE_L,RET
227000,4376,FUN_1,CUBE_L
227000,16361,FUN_6,CUBE_R
227020,15817,FUN_2,FUN_3
227041,21406,FUN_2,FUN_1
227060,23137,FUN_2,FUN_1
227069,29179,FUN_4,FUN_3
227077,2211,FUN_1,FUN_2
227084,7215,FUN_3,FUN_2
227089,2812,FUN_3,FUN_2
227111,10996,CUBE_R,FUN_6
227120,6690,FUN_1,FUN_2
227129,5944,FUN_1,FUN_2
227139,2331,FUN_3,FUN_4
227139,7215,FUN_2,FUN_3
227140,18495,FUN_1,FUN_2
227152,14329,FUN_2,FUN_1
227168,22039,FUN_3,FUN_4
227183,12931,FUN_3,FUN_4
227184,13116,CUBE_R,FUN_6
227194,1020,FUN_2,FUN_1
227198,7505,FUN_3,FUN_2
227206,7627,FUN_2,FUN_1
227212,6201,RET,CUBE_L
227255,10749,FUN_5,FUN_4
227260,28154,FUN_2,FUN_3
227261,22865,FUN_3,FUN_4
227283,1193,RET,CUBE_R
227285,28909,CUBE_R,RET
227287,10989,FUN_2,FUN_3
227289,13112,FUN_1,FUN_2
227322,672,FUN_3,FUN_2
227332,11185,RET,CUBE_L
227370,13733,FUN_1,FUN_2
227386,6045,CUBE_L,RET
227398,2261,FUN_4,FUN_5
227400,17911,CUBE_L,FUN_1
227407,5715,FUN_1,FUN_2
227410,25293,FUN_6,FUN_5
227415,11444,FUN_1,FUN_2
227421,13031,FUN_2,FUN_1
227424,8812,FUN_3,FUN_4
227427,29190,FUN_6,CUBE_R
227442,24868,CUBE_L,RET
227449,1796,FUN_3,FUN_2
227469,7505,FUN_2,FUN_3
227476,19910,FUN_3,FUN_2
227491,23491,FUN_2,FUN_3
227506,14082,FUN_4,FUN_3
227509,26330,FUN_4,FUN_3
227547,16389,RET,CUBE_L
227547,20415,FUN_2,FUN_1
227571,7547,FUN_5,FUN_6
227572,4394,FUN_3,FUN_2
227598,4386,FUN_1,FUN_2
227624,25293,FUN_5,FUN_6
227632,15027,FUN_1,FUN_2
227640,235,FUN_4,FUN_5
227641,25338,FUN_3,FUN_2
227648,22027,FUN_4,FUN_5
227649,20459,RET,CUBE_R
227661,11370,FUN_2,FUN_1
227663,4814,FUN_6,CUBE_R
227674,13116,FUN_6,CUBE_R
227682,19670,FUN_1,FUN_2
227684,24899,CUBE_L,RET
227694,19495,RET,CUBE_L
227697,1771,FUN_1,FUN_2
227707,23452,FUN_3,FUN_4
227709,11685,FUN_2,FUN_3
227710,8419,FUN_1,FUN_2
227711,13759,FUN_5,FUN_4
227714,9282,CUBE_R,FUN_6
227720,18298,FUN_2,FUN_3
227737,8478,FUN_1,FUN_2
227753,8894,FUN_4,FUN_5
227759,14885,FUN_3,FUN_4
227763,9399,FUN_3,FUN_2
227773,11367,FUN_2,FUN_1
227779,29274,CUBE_R,FUN_6
227789,25872,FUN_4,FUN_5
227796,23694,FUN_2,FUN_1
227802,20906,CUBE_L,RET
227803,14885,FUN_4,FUN_3
227810,14283,FUN_6,FUN_5
227814,287,FUN_3,FUN_2
227822,13242,CUBE_L,RET
227829,20308,FUN_1,FUN_2
227858,742,FUN_1,CUBE_L
227865,14879,FUN_3,FUN_4
227881,3715,FUN_3,FUN_2
227887,2331,FUN_4,FUN_3
227907,28660,FUN_1,FUN_2
227913,17261,FUN_2,FUN_3
227937,5005,CUBE_L,RET
227944,29491,FUN_5,FUN_4
227946,29801,FUN_1,FUN_2
227950,7697,FUN_6,CUBE_R
227968,22377,FUN_1,FUN_2
227969,26766,FUN_1,CUBE_L
227980,10349,RET,CUBE_L
228007,6599,FUN_3,FUN_2
228007,22099,FUN_3,FUN_2
228015,786,FUN_2,FUN_3
228029,27621,CUBE_R,RET
228033,24868,RET,CUBE_L
228043,12636,FUN_5,FUN_6
228088,4937,FUN_2,FUN_3
228097,23192,RET,CUBE_R
228103,6630,FUN_5,FUN_4
228115,7627,FUN_1,FUN_2
228133,20075,FUN_1,FUN_2
228141,2812,FUN_2,FUN_3
228155,13909,FUN_2,FUN_3
228174,1373,FUN_2,FUN_3
228184,3170,FUN_2,FUN_3
228208,24909,FUN_3,FUN_2
228229,26987,FUN_4,FUN_5
228231,8419,FUN_2,FUN_1
228253,25179,RET,CUBE_R
228255,3118,FUN_1,FUN_2
228261,20308,FUN_2,FUN_1
228262,1314,FUN_3,FUN_4
228267,6889,FUN_4,FUN_3
228274,28281,FUN_4,FUN_5
228281,21126,RET,CUBE_R
228285,14609,FUN_2,FUN_3
228287,5023,FUN_3,FUN_2
228307,17080,FUN_3,FUN_2
228324,20916,RET,CUBE_R
228328,16056,CUBE_L,FUN_1
228336,473,RET,CUBE_L
228355,4896,FUN_2,FUN_1
228356,17091,RET,CUBE_L
228356,27651,FUN_2,FUN_3
228369,2742,FUN_3,FUN_4
228419,18298,FUN_3,FUN_2
228465,8131,FUN_3,FUN_4
228481,10854,FUN_5,FUN_4
228482,9762,CUBE_L,RET
228491,25567,FUN_2,FUN_1
228493,8478,FUN_2,FUN_1
228517,19696,FUN_3,FUN_2
228521,1637,FUN_2,FUN_3
228525,16045,CUBE_R,RET
228535,16587,FUN_1,FUN_2
228552,21110,FUN_3,FUN_2
228555,1120,CUBE_L,FUN_1
228562,21929,FUN_1,FUN_2
228564,6744,FUN_2,FUN_3
228566,9308,FUN_5,FUN_6
228569,2724,FUN_4,FUN_3
228569,4220,FUN_3,FUN_4
228575,24168,FUN_6,CUBE_R
228589,4386,FUN_2,FUN_1
228594,14920,FUN_2,FUN_3
228600,17413,FUN_3,FUN_2
228614,19910,FUN_2,FUN_3
228627,1637,FUN_3,FUN_2
228635,25293,FUN_6,FUN_5
228656,24868,CUBE_L,RET
228730,19440,FUN_1,FUN_2
228737,3210,FUN_4,FUN_3
228743,4274,FUN_3,FUN_4
228743,5607,CUBE_R,RET
228754,8419,FUN_1,FUN_2
228765,17751,RET,CUBE_R
228770,12105,FUN_2,FUN_3
228835,9962,FUN_4,FUN_3
228841,14899,FUN_2,FUN_3
228852,22058,CUBE_R,RET
228857,29491,FUN_4,FUN_5
228901,10849,FUN_6,FUN_5
228905,13767,FUN_3,FUN_2
228905,25008,FUN_4,FUN_3
228912,13767,FUN_2,FUN_3
228912,21511,RET,CUBE_L
228918,4705,FUN_5,FUN_4
228920,1969,FUN_5,FUN_6
228923,22352,FUN_2,FUN_3
228924,2067,FUN_3,FUN_4
228942,29274,FUN_6,CUBE_R
228945,17862,FUN_3,FUN_2
228988,12889,RET,CUBE_R
228993,8853,FUN_2,FUN_1
229004,23342,CUBE_R,RET
229009,1796,FUN_2,FUN_3
229021,4505,FUN_4,FUN_5
229025,21857,FUN_3,FUN_2
229029,3471,CUBE_R,FUN_6
229030,27020,FUN_1,FUN_2
229035,15176,FUN_6,CUBE_R
229036,24352,FUN_3,FUN_4
229072,25533,CUBE_R,FUN_6
229073,18537,CUBE_L,FUN_1
229081,9700,FUN_5,FUN_6
229090,29455,CUBE_L,FUN_1
229090,29499,FUN_5,FUN_6
229098,28204,FUN_4,FUN_3
229110,25077,CUBE_L,FUN_1
229110,26987,FUN_5,FUN_4
229143,19136,RET,CUBE_R
229161,28485,FUN_6,CUBE_R
229182,19853,FUN_2,FUN_3
229191,12568,RET,CUBE_R
229193,21856,CUBE_L,FUN_1
229194,12636,FUN_6,FUN_5
229198,7057,FUN_3,FUN_2
229204,21126,CUBE_R,RET
229209,5157,RET,CUBE_R
229219,24909,FUN_2,FUN_3
229231,19473,FUN_5,FUN_4
229238,7387,FUN_3,FUN_4
229240,25496,CUBE_L,RET
229268,26302,FUN_6,FUN_5
229278,3118,FUN_2,FUN_1
229293,13767,FUN_3,FUN_2
229295,20435,RET,CUBE_R
229303,13511,FUN_2,FUN_3
229313,2321,FUN_3,FUN_4
229320,4705,FUN_4,FUN_5
229332,14351,FUN_4,FUN_3
229345,2730,FUN_5,FUN_4
229345,3715,FUN_2,FUN_3
229360,12624,CUBE_R,RET
229362,28541,FUN_2,FUN_3
229378,14609,FUN_3,FUN_2
229378,23705,FUN_3,FUN_4
229387,11909,FUN_1,FUN_2
229399,26258,FUN_5,FUN_4
229403,4896,FUN_1,FUN_2
229433,672,FUN_2,FUN_3
229441,27020,FUN_2,FUN_1
229442,1366,FUN_3,FUN_4
229453,1637,FUN_2,FUN_3
229453,15814,FUN_1,FUN_2
229460,8176,CUBE_R,FUN_6
229469,21426,FUN_2,FUN_3
229478,7387,FUN_4,FUN_3
229483,11444,FUN_2,FUN_1
229486,5619,FUN_4,FUN_5
229490,2812,FUN_3,FUN_2
229491,17386,FUN_4,FUN_5
229507,18969,FUN_4,FUN_3
229512,16405,RET,CUBE_R
229559,12408,FUN_2,FUN_1
229581,21480,FUN_3,FUN_2
229598,11424,RET,CUBE_R
229600,20649,FUN_1,FUN_2
229611,3118,FUN_1,FUN_2
229628,1491,FUN_3,FUN_4
229631,18522,FUN_4,FUN_5
229636,15547,FUN_3,FUN_4
229645,22912,FUN_2,FUN_1
229654,11444,FUN_1,FUN_2
229668,17113,FUN_5,FUN_6
229668,26543,FUN_1,CUBE_L
229686,16731,FUN_3,FUN_2
229692,26118,FUN_2,FUN_3
229696,19903,FUN_1,FUN_2
229704,2321,FUN_4,FUN_3
229719,1580,FUN_1,FUN_2
229721,29466,FUN_1,FUN_2
229723,21426,FUN_3,FUN_2
229726,15050,FUN_3,FUN_4
229735,21123,FUN_1,FUN_2
229751,4030,FUN_4,FUN_5
229754,13305,FUN_1,FUN_2
229762,8594,FUN_1,FUN_2
229767,12636,FUN_5,FUN_6
229774,1637,FUN_3,FUN_2
229790,10085,FUN_3,FUN_4
229792,24521,FUN_2,FUN_3
229796,11056,FUN_4,FUN_3
229804,10063,FUN_5,FUN_6
229805,1625,FUN_3,FUN_2
229812,15133,RET,CUBE_L
229821,2372,RET,CUBE_L
229831,29345,FUN_2,FUN_3
229840,11958,FUN_4,FUN_5
229858,4528,FUN_1,FUN_2
229858,10063,FUN_6,FUN_5
229886,2724,FUN_3,FUN_4
229886,18903,FUN_4,FUN_3
229887,25719,FUN_3,FUN_2
229896,15547,FUN_4,FUN_3
229900,5005,RET,CUBE_L
229922,12572,FUN_3,FUN_2
229940,2660,FUN_4,FUN_3
229941,26499,FUN_2,FUN_3
229950,10282,FUN_3,FUN_2
229953,17751,CUBE_R,RET
229957,26022,FUN_2,FUN_1
229969,8894,FUN_5,FUN_4
229984,3053,FUN_4,FUN_5
229984,12636,FUN_6,FUN_5
229992,5810,RET,CUBE_L
229996,10525,FUN_1,FUN_2
229998,14283,FUN_5,FUN_6
230001,21752,FUN_6,FUN_5
230005,21126,RET,CUBE_R
230021,29499,FUN_6,FUN_5
230029,16184,FUN_4,FUN_5
230030,4220,FUN_4,FUN_3
230032,27619,FUN_5,FUN_4
230034,17529,FUN_3,FUN_2
230037,26460,FUN_1,FUN_2
230038,390,FUN_1,FUN_2
230066,8693,FUN_1,FUN_2
230066,15050,FUN_4,FUN_3
230082,13245,FUN_4,FUN_3
230107,8176,FUN_6,CUBE_R
230114,13721,FUN_3,FUN_2
230126,10989,FUN_3,FUN_2
230140,6045,RET,CUBE_L
230142,2209,FUN_6,CUBE_R
230148,3506,CUBE_L,FUN_1
230148,29052,FUN_2,FUN_3
230153,41,FUN_3,FUN_2
230155,3752,CUBE_L,RET
230166,4379,FUN_1,FUN_2
230175,15815,FUN_2,FUN_1
230182,19024,FUN_2,FUN_3
230195,1860,CUBE_L,FUN_1
230201,24033,FUN_1,FUN_2
230205,12570,RET,CUBE_L
230216,16205,FUN_2,FUN_3
230226,29546,FUN_6,FUN_5
230232,21426,FUN_2,FUN_3
230233,29546,FUN_5,FUN_6
230261,23974,FUN_3,FUN_4
230267,10895,FUN_1,FUN_2
230268,25514,RET,CUBE_L
230290,6871,FUN_2,FUN_3
230292,6208,FUN_6,CUBE_R
230298,29640,CUBE_R,RET
230304,1965,FUN_4,FUN_3
230308,25337,CUBE_L,RET
230309,12531,FUN_6,FUN_5
230340,10718,FUN_3,FUN_2
230349,4164,FUN_1,FUN_2
230367,8812,FUN_4,FUN_3
230401,16184,FUN_5,FUN_4
230404,20916,CUBE_R,RET
230404,29182,FUN_1,FUN_2
230410,25084,CUBE_L,FUN_1
230414,21053,FUN_4,FUN_3
230416,8749,FUN_4,FUN_5
230422,29190,CUBE_R,FUN_6
230423,15333,FUN_5,FUN_4
230432,12071,FUN_2,FUN_3
230435,4705,FUN_5,FUN_4
230435,19285,FUN_1,FUN_2
230436,27651,FUN_3,FUN_2
230454,23137,FUN_1,FUN_2
230459,28726,FUN_4,FUN_3
230461,5005,CUBE_L,RET
230469,11024,CUBE_L,FUN_1
230487,14283,FUN_6,FUN_5
230505,18290,FUN_2,FUN_3
230507,25533,FUN_6,CUBE_R
230510,24168,CUBE_R,FUN_6
230520,8176,CUBE_R,FUN_6
230537,17703,FUN_6,CUBE_R
230547,7317,RET,CUBE_L
230547,18851,FUN_3,FUN_2
230580,16932,FUN_5,FUN_4
230580,23804,FUN_2,FUN_1
230581,24858,CUBE_L,RET
230592,1580,FUN_2,FUN_1
230611,29475,FUN_1,FUN_2
230621,10223,FUN_3,FUN_4
230627,22880,FUN_4,FUN_5
230643,1281,FUN_2,FUN_3
230670,24168,FUN_6,CUBE_R
230673,13591,FUN_1,FUN_2
230684,14743,FUN_2,FUN_3
230685,7387,FUN_3,FUN_4
230689,15496,FUN_5,FUN_4
230702,8646,FUN_3,FUN_2
230705,19864,FUN_5,FUN_4
230707,8812,FUN_3,FUN_4
230721,25338,FUN_2,FUN_3
230740,29102,FUN_3,FUN_2
230745,24617,FUN_2,FUN_3
230752,17421,FUN_4,FUN_3
230755,20197,FUN_3,FUN_2
230755,20333,FUN_2,FUN_1
230760,2064,FUN_1,FUN_2
230768,19473,FUN_4,FUN_5
230776,17589,CUBE_L,RET
230778,5290,FUN_3,FUN_4
230778,24868,RET,CUBE_L
230804,11465,FUN_2,FUN_3
230811,22267,FUN_4,FUN_5
230844,16205,FUN_3,FUN_2
230846,10063,FUN_5,FUN_6
230851,22352,FUN_3,FUN_2
230855,13604,RET,CUBE_L
230883,29546,FUN_6,FUN_5
230899,12889,CUBE_R,RET
230900,23609,FUN_5,FUN_4
230925,28511,CUBE_R,RET
230926,21480,FUN_2,FUN_3
230937,754,FUN_2,FUN_3
230938,29284,RET,CUBE_R
230955,1281,FUN_3,FUN_2
230959,12512,FUN_4,FUN_3
230985,28636,FUN_2,FUN_1
230988,22915,FUN_2,FUN_1
230990,19191,CUBE_R,FUN_6
230990,23404,CUBE_L,RET
230991,10901,FUN_4,FUN_3
231013,1120,FUN_1,CUBE_L
231018,11930,FUN_5,FUN_4
231019,19092,FUN_1,FUN_2
231024,6487,FUN_3,FUN_4
231036,10423,CUBE_L,FUN_1
231052,29485,CUBE_R,FUN_6
231077,16056,FUN_1,CUBE_L
231083,21126,CUBE_R,RET
231103,5471,RET,CUBE_R
231112,7474,FUN_3,FUN_2
231139,6560,FUN_5,FUN_6
231155,20333,FUN_1,FUN_2
231191,19495,CUBE_L,RET
231198,27923,FUN_3,FUN_4
231200,7525,FUN_3,FUN_2
231201,13767,FUN_2,FUN_3
231223,15938,FUN_2,FUN_1
231228,20197,FUN_2,FUN_3
231245,17703,CUBE_R,FUN_6
231251,10444,CUBE_L,RET
231252,15212,FUN_2,FUN_3
231252,29958,CUBE_L,RET
231254,709,FUN_4,FUN_3
231269,940,FUN_4,FUN_5
231306,11657,FUN_2,FUN_1
231311,13767,FUN_3,FUN_2
231321,3715,FUN_3,FUN_2
231321,6416,FUN_5,FUN_4
231344,5123,FUN_1,FUN_2
231364,3225,FUN_2,FUN_3
231368,21276,FUN_1,FUN_2
231371,4394,FUN_2,FUN_3
231389,27619,FUN_4,FUN_5
231391,1281,FUN_2,FUN_3
231426,4630,CUBE_R,FUN_6
231430,14635,FUN_4,FUN_3
231439,24313,FUN_3,FUN_4
231450,1008,FUN_1,FUN_2
231459,9513,FUN_3,FUN_4
231460,2730,FUN_4,FUN_5
231495,8350,FUN_3,FUN_2
231502,15989,FUN_2,FUN_1
231513,12312,FUN_5,FUN_4
231521,13591,FUN_2,FUN_1
231525,18220,RET,CUBE_R
231533,8444,FUN_2,FUN_1
231544,19049,FUN_5,FUN_6
231554,4992,CUBE_R,FUN_6
231564,10444,RET,CUBE_L
231579,3332,FUN_2,FUN_3
231593,7371,FUN_2,FUN_3
231600,10282,FUN_2,FUN_3
231606,13841,FUN_2,FUN_1
231612,25719,FUN_2,FUN_3
231615,25471,FUN_2,FUN_3
231620,5694,FUN_3,FUN_4
231625,2331,FUN_3,FUN_4
231629,17529,FUN_2,FUN_3
231632,1366,FUN_4,FUN_3
231637,18928,FUN_1,FUN_2
231638,20544,CUBE_R,RET
231639,3530,FUN_3,FUN_2
231640,10066,FUN_3,FUN_2
231651,12917,FUN_5,FUN_6
231654,13604,CUBE_L,RET
231661,14283,FUN_5,FUN_6
231666,8675,FUN_1,FUN_2
231681,13841,FUN_1,FUN_2
231692,14609,FUN_2,FUN_3
231693,4274,FUN_4,FUN_3
231697,15601,FUN_4,FUN_5
231702,18990,FUN_4,FUN_5
231706,3225,FUN_3,FUN_2
231706,28549,RET,CUBE_L
231729,23379,FUN_3,FUN_4
231734,25077,FUN_1,CUBE_L
231743,15032,FUN_2,FUN_1
231752,319,FUN_2,FUN_1
231753,16039,FUN_2,FUN_1
231755,29684,FUN_1,CUBE_L
231761,20796,FUN_2,FUN_1
231763,10282,FUN_3,FUN_2
231782,2261,FUN_5,FUN_4
231783,4774,FUN_5,FUN_4
231785,11958,FUN_5,FUN_4
231803,11005,CUBE_R,RET
231804,12252,FUN_3,FUN_4
231813,28357,FUN_1,FUN_2
231826,20796,FUN_1,FUN_2
231831,20459,CUBE_R,RET
231835,1120,CUBE_L,FUN_1
231838,15219,FUN_1,FUN_2
231848,4052,RET,CUBE_R
231848,20233,FUN_2,FUN_3
231848,23457,FUN_4,FUN_5
231851,5142,FUN_5,FUN_6
231862,21482,FUN_2,FUN_3
231865,6903,FUN_3,FUN_2
231873,8969,FUN_3,FUN_4
231877,10428,FUN_6,CUBE_R
231884,1366,FUN_3,FUN_4
231908,17703,FUN_6,CUBE_R
231917,24061,CUBE_L,RET
231920,25292,FUN_3,FUN_2
231921,1120,FUN_1,CUBE_L
231921,15219,FUN_2,FUN_1
231922,4220,FUN_3,FUN_4
231923,4528,FUN_2,FUN_1
231924,15050,FUN_3,FUN_4
231926,9541,FUN_2,FUN_3
231941,10409,FUN_6,CUBE_R
231983,4548,CUBE_L,RET
231985,29491,FUN_5,FUN_4
231994,13841,FUN_2,FUN_1
231995,21140,FUN_4,FUN_5
231997,21195,FUN_4,FUN_3
232005,23404,RET,CUBE_L
232017,2567,FUN_2,FUN_3
232017,2812,FUN_2,FUN_3
232018,19666,FUN_2,FUN_3
232019,4220,FUN_4,FUN_3
232023,17227,FUN_5,FUN_4
232040,293,CUBE_L,FUN_1
232058,21126,RET,CUBE_R
232065,17508,FUN_2,FUN_1
232066,2321,FUN_3,FUN_4
232090,12071,FUN_3,FUN_2
232132,29940,FUN_1,FUN_2
232133,23404,CUBE_L,RET
232141,1441,FUN_2,FUN_3
232146,1366,FUN_4,FUN_3
232154,24734,FUN_6,FUN_5
232156,28909,RET,CUBE_R
232164,22098,CUBE_L,RET
232169,21662,FUN_3,FUN_4
232202,29503,CUBE_R,RET
232214,28716,FUN_3,FUN_2
232223,26987,FUN_4,FUN_5
232229,11958,FUN_4,FUN_5
232260,22129,FUN_4,FUN_5
232265,16815,FUN_4,FUN_5
232269,18832,FUN_3,FUN_4
232278,95,FUN_3,FUN_4
232286,8646,FUN_2,FUN_3
232295,8176,FUN_6,CUBE_R
232300,11269,FUN_3,FUN_2
232303,28660,FUN_2,FUN_1
232314,24933,FUN_2,FUN_1
232315,5290,FUN_4,FUN_3
232325,19810,FUN_3,FUN_4
232326,28496,FUN_3,FUN_2
232331,5886,FUN_5,FUN_6
232356,12312,FUN_4,FUN_5
232373,13767,FUN_2,FUN_3
232382,22027,FUN_5,FUN_4
232391,22438,FUN_4,FUN_5
232399,29491,FUN_4,FUN_5
232413,9056,FUN_3,FUN_2
232430,21705,FUN_2,FUN_3
232433,28247,FUN_2,FUN_3
232443,12252,FUN_4,FUN_3
232445,3457,FUN_2,FUN_1
232450,11958,FUN_5,FUN_4
232478,11737,FUN_3,FUN_4
232490,15631,FUN_2,FUN_3
232493,27651,FUN_2,FUN_3
232500,10282,FUN_2,FUN_3
232525,21871,FUN_2,FUN_1
232556,27404,FUN_3,FUN_4
232560,388,FUN_2,FUN_1
232574,3457,FUN_1,FUN_2
232579,20598,FUN_3,FUN_2
232609,28511,RET,CUBE_R
232614,13116,CUBE_R,FUN_6
232622,25960,FUN_3,FUN_2
232634,4220,FUN_3,FUN_4
232635,27661,FUN_1,FUN_2
232654,2412,RET,CUBE_R
232661,16815,FUN_5,FUN_4
232676,19678,FUN_2,FUN_3
232693,19296,FUN_6,CUBE_R
232701,14508,FUN_2,FUN_1
232719,29028,FUN_2,FUN_3
232722,3457,FUN_2,FUN_1
232728,816,CUBE_L,RET
232736,22679,RET,CUBE_L
232738,9962,FUN_3,FUN_4
232748,4548,RET,CUBE_L
232748,6071,FUN_2,FUN_1
232789,25077,CUBE_L,FUN_1
232790,25471,FUN_3,FUN_2
232791,20197,FUN_3,FUN_2
232814,27621,RET,CUBE_R
232819,14124,FUN_6,CUBE_R
232820,9878,RET,CUBE_L
232829,9430,FUN_2,FUN_1
232868,16815,FUN_4,FUN_5
232871,19383,FUN_2,FUN_1
232874,4052,CUBE_R,RET
232889,29485,FUN_6,CUBE_R
232890,16888,FUN_3,FUN_2
232900,1941,FUN_3,FUN_2
232930,15601,FUN_5,FUN_4
232936,1946,CUBE_R,RET
232947,28174,FUN_1,FUN_2
232951,21195,FUN_3,FUN_4
232958,20227,FUN_3,FUN_4
232962,9463,CUBE_R,FUN_6
232968,20838,FUN_2,FUN_1
232977,6034,FUN_3,FUN_4
232984,898,FUN_4,FUN_3
232987,1860,FUN_1,CUBE_L
232998,18928,FUN_2,FUN_1
232999,16579,FUN_2,FUN_1
233007,13244,FUN_5,FUN_6
233010,26258,FUN_4,FUN_5
233013,21132,FUN_2,FUN_3
233033,1366,FUN_3,FUN_4
233033,28695,FUN_2,FUN_3
233039,29640,RET,CUBE_R
233043,26258,FUN_5,FUN_4
233047,41,FUN_2,FUN_3
233048,7463,FUN_3,FUN_4
233050,5471,CUBE_R,RET
233053,26178,FUN_2,FUN_1
233072,5886,FUN_6,FUN_5
233126,12917,FUN_6,FUN_5
233130,11269,FUN_2,FUN_3
233132,16815,FUN_5,FUN_4
233165,11930,FUN_4,FUN_5
233167,5076,RET,CUBE_L
233178,12045,FUN_3,FUN_2
233181,21195,FUN_4,FUN_3
233185,5076,CUBE_L,RET
233186,4528,FUN_1,FUN_2
233195,15050,FUN_4,FUN_3
233197,7760,FUN_5,FUN_4
233218,19924,FUN_1,CUBE_L
233245,22912,FUN_1,FUN_2
233255,11269,FUN_3,FUN_2
233259,13238,RET,CUBE_L
233266,10479,CUBE_R,RET
233280,9089,FUN_2,FUN_1
233286,14743,FUN_3,FUN_2
233287,3863,FUN_2,FUN_1
233291,2467,FUN_4,FUN_3
233306,24933,FUN_1,FUN_2
233313,25567,FUN_1,FUN_2
233322,5987,CUBE_L,FUN_1
233325,21011,FUN_4,FUN_5
233330,20660,FUN_1,FUN_2
233339,2406,FUN_3,FUN_2
233347,22464,FUN_4,FUN_5
233348,26730,FUN_5,FUN_6
233357,19495,RET,CUBE_L
233360,19924,CUBE_L,FUN_1
233376,1625,FUN_2,FUN_3
233392,26211,FUN_2,FUN_3
233422,26987,FUN_5,FUN_4
233426,10479,RET,CUBE_R
233443,1699,FUN_2,FUN_1
233446,16075,FUN_3,FUN_2
233473,9056,FUN_2,FUN_3
233478,2412,CUBE_R,RET
233480,6560,FUN_6,FUN_5
233483,14812,FUN_3,FUN_4
233492,4052,RET,CUBE_R
233508,16815,FUN_4,FUN_5
233526,22438,FUN_5,FUN_4
233528,23123,FUN_2,FUN_1
233537,23491,FUN_3,FUN_2
233538,19296,CUBE_R,FUN_6
233543,2467,FUN_3,FUN_4
233552,12572,FUN_2,FUN_3
233584,12168,FUN_2,FUN_1
233591,12252,FUN_3,FUN_4
233625,5619,FUN_5,FUN_4
233626,18583,FUN_6,CUBE_R
233630,16804,FUN_3,FUN_4
233643,14812,FUN_4,FUN_3
233648,4204,CUBE_R,FUN_6
233664,2742,FUN_4,FUN_3
233664,23568,FUN_3,FUN_2
233677,5709,FUN_6,FUN_5
233682,19558,FUN_1,FUN_2
233690,940,FUN_5,FUN_4
233693,24061,RET,CUBE_L
233698,2467,FUN_4,FUN_3
233706,16034,FUN_2,FUN_3
233707,7017,FUN_2,FUN_1
233716,19860,FUN_1,FUN_2
233717,6560,FUN_5,FUN_6
233729,20432,FUN_2,FUN_3
233733,2412,RET,CUBE_R
233741,23630,RET,CUBE_L
233749,1441,FUN_3,FUN_2
233772,27482,CUBE_L,RET
233774,18990,FUN_5,FUN_4
233777,10582,FUN_2,FUN_3
233803,5235,FUN_4,FUN_3
233811,21363,CUBE_L,RET
233813,9337,FUN_1,FUN_2
233821,6071,FUN_1,FUN_2
233824,23436,FUN_3,FUN_2
233826,26766,CUBE_L,FUN_1
233841,24788,FUN_3,FUN_2
233855,21482,FUN_3,FUN_2
233869,9748,FUN_3,FUN_2
233876,20041,FUN_1,FUN_2
233886,26460,FUN_2,FUN_1
233895,20095,FUN_6,CUBE_R
233898,20544,RET,CUBE_R
233899,20233,FUN_3,FUN_2
233900,22915,FUN_1,FUN_2
233918,16298,CUBE_R,FUN_6
233922,24933,FUN_2,FUN_1
233926,4164,FUN_2,FUN_1
233939,7556,FUN_4,FUN_5
233949,11426,CUBE_R,FUN_6
233961,2042,FUN_3,FUN_4
233972,24770,FUN_3,FUN_2
233975,24352,FUN_4,FUN_3
233978,24268,FUN_5,FUN_4
233990,17703,CUBE_R,FUN_6
234001,2209,CUBE_R,FUN_6
234014,2211,FUN_2,FUN_1
234014,12700,FUN_2,FUN_1
234021,24241,FUN_5,FUN_4
234034,2392,CUBE_L,RET
234042,5075,FUN_6,CUBE_R
234042,19430,CUBE_R,FUN_6
234045,6560,FUN_6,FUN_5
234059,16804,FUN_4,FUN_3
234059,23382,FUN_5,FUN_6
234062,17227,FUN_4,FUN_5
234066,10573,RET,CUBE_L
234067,3913,FUN_2,FUN_3
234068,1441,FUN_2,FUN_3
234070,11347,FUN_6,CUBE_R
234074,8558,FUN_3,FUN_2
234075,27952,FUN_1,FUN_2
234101,8969,FUN_4,FUN_3
234110,12860,FUN_2,FUN_1
234117,15091,FUN_2,FUN_3
234118,5076,RET,CUBE_L
234127,14906,FUN_2,FUN_3
234136,13841,FUN_1,FUN_2
234146,16007,FUN_4,FUN_3
234150,26330,FUN_3,FUN_4
234161,6185,RET,CUBE_L
234161,23457,FUN_5,FUN_4
234161,25851,CUBE_R,FUN_6
234168,27231,FUN_2,FUN_1
234186,7995,FUN_2,FUN_1
234187,6903,FUN_2,FUN_3
234199,1845,FUN_2,FUN_1
234200,9762,RET,CUBE_L
234201,17227,FUN_5,FUN_4
234208,12168,FUN_1,FUN_2
234210,27557,FUN_2,FUN_1
234216,905,FUN_1,FUN_2
234223,10135,RET,CUBE_L
234245,29470,CUBE_R,RET
234247,8775,FUN_2,FUN_3
234248,28650,FUN_5,FUN_6
234256,20899,CUBE_R,RET
234272,15395,FUN_3,FUN_2
234284,15176,CUBE_R,FUN_6
234286,16804,FUN_3,FUN_4
234289,14283,FUN_6,FUN_5
234294,11930,FUN_5,FUN_4
234315,13508,FUN_4,FUN_5
234326,4163,FUN_6,CUBE_R
234327,7508,FUN_6,FUN_5
234351,4386,FUN_1,FUN_2
234364,17703,FUN_6,CUBE_R
234377,23452,FUN_4,FUN_3
234381,8749,FUN_5,FUN_4
234383,6208,CUBE_R,FUN_6
234388,8693,FUN_2,FUN_1
234395,24564,FUN_4,FUN_5
234398,1981,CUBE_L,FUN_1
234423,18990,FUN_4,FUN_5
234435,18930,FUN_4,FUN_3
234444,11662,FUN_1,FUN_2
234450,19191,FUN_6,CUBE_R
234452,1026,FUN_3,FUN_4
234457,11056,FUN_3,FUN_4
234483,4376,CUBE_L,FUN_1
234498,29154,FUN_4,FUN_5
234520,1860,CUBE_L,FUN_1
234528,7760,FUN_4,FUN_5
234531,14812,FUN_3,FUN_4
234558,773,FUN_4,FUN_5
234558,11657,FUN_1,FUN_2
234562,10996,FUN_6,CUBE_R
234575,661,RET,CUBE_L
234577,9541,FUN_3,FUN_2
234577,17530,FUN_2,FUN_3
234588,19769,FUN_6,CUBE_R
234591,10749,FUN_4,FUN_5
234626,7505,FUN_3,FUN_2
234634,2978,FUN_2,FUN_1
234636,15992,FUN_3,FUN_2
234647,20262,FUN_4,FUN_5
234669,7395,FUN_4,FUN_5
234682,7474,FUN_2,FUN_3
234682,12424,RET,CUBE_L
234683,8350,FUN_2,FUN_3
234687,16034,FUN_3,FUN_2
234689,25675,RET,CUBE_R
234705,23633,FUN_1,FUN_2
234707,14906,FUN_3,FUN_2
234725,6040,FUN_3,FUN_2
234727,9089,FUN_1,FUN_2
234736,16621,FUN_5,FUN_4
234746,1725,FUN_2,FUN_3
234755,29345,FUN_3,FUN_2
234780,23914,RET,CUBE_L
234787,24441,FUN_1,FUN_2
234839,5619,FUN_4,FUN_5
234846,8363,FUN_2,FUN_1
234850,23338,FUN_5,FUN_4
234865,24933,FUN_1,FUN_2
234885,4394,FUN_3,FUN_2
234898,25293,FUN_5,FUN_6
234909,15050,FUN_3,FUN_4
234919,5607,RET,CUBE_R
234922,5296,CUBE_L,FUN_1
234942,24352,FUN_3,FUN_4
234945,27482,RET,CUBE_L
234948,6630,FUN_4,FUN_5
234955,4394,FUN_2,FUN_3
234959,29640,CUBE_R,RET
234990,7705,FUN_6,FUN_5
235030,319,FUN_1,FUN_2
235040,12512,FUN_3,FUN_4
235055,21662,FUN_4,FUN_3
235059,18928,FUN_1,FUN_2
235064,19383,FUN_1,FUN_2
235070,2099,CUBE_L,RET
235078,20660,FUN_2,FUN_1
235085,7556,FUN_5,FUN_4
235085,8444,FUN_1,FUN_2
235096,21871,FUN_1,FUN_2
235101,29190,FUN_6,CUBE_R
235110,20459,RET,CUBE_R
235123,15032,FUN_1,FUN_2
235125,23208,FUN_3,FUN_4
235126,18537,FUN_1,CUBE_L
235143,905,FUN_2,FUN_1
235170,28174,FUN_2,FUN_1
235178,17608,CUBE_R,RET
235181,18317,RET,CUBE_L
235187,28511,CUBE_R,RET
235207,22174,FUN_4,FUN_3
235208,8597,FUN_6,CUBE_R
235210,5537,FUN_4,FUN_5
235211,752,FUN_5,FUN_4
235241,7912,FUN_2,FUN_3
235248,22040,FUN_1,FUN_2
235253,1699,FUN_1,FUN_2
235269,19911,CUBE_R,RET
235270,17500,FUN_2,FUN_3
235276,754,FUN_3,FUN_2
235314,1453,FUN_4,FUN_3
235328,15954,CUBE_R,RET
235343,19886,FUN_1,FUN_2
235354,10409,CUBE_R,FUN_6
235358,10486,FUN_5,FUN_4
235359,11737,FUN_4,FUN_3
235364,14743,FUN_2,FUN_3
235365,24858,RET,CUBE_L
235373,28386,FUN_5,FUN_4
235378,16932,FUN_4,FUN_5
235381,16161,FUN_5,FUN_6
235385,23123,FUN_1,FUN_2
235414,2742,FUN_3,FUN_4
235418,27751,FUN_4,FUN_5
235421,6208,FUN_6,CUBE_R
235424,26083,FUN_6,CUBE_R
235428,8699,FUN_2,FUN_1
235435,29191,FUN_2,FUN_1
235452,16888,FUN_2,FUN_3
235460,19264,RET,CUBE_R
235461,9159,FUN_5,FUN_4
235473,1125,FUN_3,FUN_4
235485,8775,FUN_3,FUN_2
235495,17529,FUN_3,FUN_2
235512,11164,FUN_1,FUN_2
235514,16648,FUN_6,FUN_5
235515,7057,FUN_2,FUN_3
235524,26258,FUN_4,FUN_5
235532,709,FUN_3,FUN_4
235532,7505,FUN_2,FUN_3
235545,18903,FUN_3,FUN_4
235552,6208,CUBE_R,FUN_6
235552,12215,RET,CUBE_L
235589,6208,FUN_6,CUBE_R
235594,24061,CUBE_L,RET
235605,27105,FUN_2,FUN_1
235636,18317,CUBE_L,RET
235668,26022,FUN_1,FUN_2
235682,15954,RET,CUBE_R
235691,18220,CUBE_R,RET
235719,21363,RET,CUBE_L
235727,17608,RET,CUBE_R
235741,26354,FUN_1,FUN_2
235743,28244,RET,CUBE_R
235746,22143,FUN_5,FUN_6
235759,29491,FUN_5,FUN_4
235768,5293,FUN_5,FUN_6
235769,10208,RET,CUBE_R
235771,11056,FUN_4,FUN_3
235772,10931,FUN_2,FUN_1
235773,15290,CUBE_R,RET
235775,9265,FUN_2,FUN_3
235778,17153,FUN_3,FUN_2
235785,425,FUN_5,FUN_4
235815,14124,CUBE_R,FUN_6
235820,1125,FUN_4,FUN_3
235830,16804,FUN_4,FUN_3
235840,319,FUN_2,FUN_1
235845,28684,FUN_5,FUN_4
235855,29487,FUN_2,FUN_3
235858,22938,FUN_1,FUN_2
235877,319,FUN_1,FUN_2
235883,19383,FUN_2,FUN_1
235891,11347,CUBE_R,FUN_6
235897,7017,FUN_1,FUN_2
235915,27755,FUN_2,FUN_1
235924,293,FUN_1,CUBE_L
235924,1898,FUN_3,FUN_2
235928,10582,FUN_3,FUN_2
235931,16815,FUN_5,FUN_4
235936,21266,CUBE_R,FUN_6
235957,2433,FUN_2,FUN_1
235961,6040,FUN_2,FUN_3
235970,10895,FUN_2,FUN_1
235977,25797,FUN_2,FUN_1
235986,23609,FUN_4,FUN_5
235995,25292,FUN_2,FUN_3
236015,16721,FUN_3,FUN_4
236016,6040,FUN_3,FUN_2
236024,7525,FUN_2,FUN_3
236031,12386,FUN_2,FUN_3
236047,19580,FUN_3,FUN_2
236054,24988,FUN_3,FUN_4
236056,16526,FUN_3,FUN_4
236058,21662,FUN_3,FUN_4
236060,9265,FUN_3,FUN_2
236071,19984,FUN_3,FUN_4
236074,12917,FUN_5,FUN_6
236076,10282,FUN_3,FUN_2
236090,7697,CUBE_R,FUN_6
236095,20459,CUBE_R,RET
236107,6208,CUBE_R,FUN_6
236109,17261,FUN_3,FUN_2
236133,23945,FUN_4,FUN_5
236174,10428,CUBE_R,FUN_6
236180,18167,FUN_3,FUN_2
236197,19191,CUBE_R,FUN_6
236197,21276,FUN_2,FUN_1
236200,12919,FUN_5,FUN_6
236209,13530,FUN_4,FUN_3
236215,20415,FUN_1,FUN_2
236220,19383,FUN_1,FUN_2
236225,15212,FUN_3,FUN_2
236227,5293,FUN_6,FUN_5
236229,754,FUN_2,FUN_3
236230,13911,CUBE_L,RET
236231,21871,FUN_2,FUN_1
236236,17552,FUN_5,FUN_6
236241,18203,CUBE_R,FUN_6
236249,9430,FUN_1,FUN_2
236278,19383,FUN_2,FUN_1
236293,19696,FUN_2,FUN_3
236300,6690,FUN_2,FUN_1
236308,2406,FUN_2,FUN_3
236313,19558,FUN_2,FUN_1
236335,22143,FUN_6,FUN_5
236345,16888,FUN_3,FUN_2
236350,21457,CUBE_R,FUN_6
236355,12505,FUN_2,FUN_3
236379,28476,FUN_5,FUN_4
236381,10530,FUN_2,FUN_1
236401,1590,FUN_2,FUN_1
236411,13911,RET,CUBE_L
236435,41,FUN_3,FUN_2
236440,2518,FUN_1,FUN_2
236450,5942,FUN_3,FUN_4
236466,28650,FUN_6,FUN_5
236491,28684,FUN_4,FUN_5
236500,22508,FUN_2,FUN_3
236505,9761,FUN_1,FUN_2
236506,7760,FUN_5,FUN_4
236518,25021,FUN_1,FUN_2
236551,15954,CUBE_R,RET
236557,18903,FUN_4,FUN_3
236557,22174,FUN_3,FUN_4
236558,10323,FUN_3,FUN_2
236568,26766,FUN_1,CUBE_L
236576,26178,FUN_1,FUN_2
236594,22404,FUN_4,FUN_3
236616,19666,FUN_3,FUN_2
236619,1321,FUN_5,FUN_4
236628,17153,FUN_2,FUN_3
236631,2406,FUN_3,FUN_2
236637,1194,FUN_4,FUN_3
236643,20284,FUN_2,FUN_1
236644,13797,FUN_3,FUN_2
236647,1125,FUN_3,FUN_4
236654,15814,FUN_2,FUN_1
236671,7057,FUN_3,FUN_2
236675,8350,FUN_3,FUN_2
236682,28680,FUN_1,CUBE_L
236690,1590,FUN_1,FUN_2
236698,20119,FUN_3,FUN_2
236700,7474,FUN_3,FUN_2
236700,8350,FUN_2,FUN_3
236704,21776,FUN_3,FUN_2
236714,21363,CUBE_L,RET
236716,28386,FUN_4,FUN_5
236717,23054,FUN_3,FUN_4
236720,8417,FUN_4,FUN_3
236724,13305,FUN_2,FUN_1
236725,6040,FUN_2,FUN_3
236736,8350,FUN_3,FUN_2
236738,14508,FUN_1,FUN_2
236739,10673,FUN_1,FUN_2
236753,19403,FUN_3,FUN_4
236767,19383,FUN_1,FUN_2
236772,23457,FUN_4,FUN_5
236773,6713,FUN_4,FUN_5
236780,23076,FUN_3,FUN_2
236782,1965,FUN_3,FUN_4
236784,26730,FUN_6,FUN_5
236790,12315,FUN_2,FUN_1
236800,13097,CUBE_R,RET
236803,19312,FUN_4,FUN_5
236808,2324,FUN_4,FUN_5
236808,25754,FUN_3,FUN_2
236812,1981,FUN_1,CUBE_L
236814,27619,FUN_5,FUN_4
236829,18816,FUN_2,FUN_3
236832,2978,FUN_1,FUN_2
236838,8693,FUN_1,FUN_2
236844,1637,FUN_2,FUN_3
236853,28707,FUN_5,FUN_4
236859,6040,FUN_3,FUN_2
236881,22438,FUN_4,FUN_5
236886,9337,FUN_2,FUN_1
236888,29102,FUN_2,FUN_3
236892,28707,FUN_4,FUN_5
236897,28707,FUN_5,FUN_4
236900,14102,FUN_2,FUN_1
236900,29912,FUN_4,FUN_3
236902,13253,FUN_2,FUN_1
236910,3863,FUN_1,FUN_2
236911,1860,FUN_1,CUBE_L
236915,5810,CUBE_L,RET
236922,9089,FUN_2,FUN_1
236926,19558,FUN_1,FUN_2
236927,21136,CUBE_L,RET
236929,24988,FUN_4,FUN_3
236955,28015,FUN_2,FUN_3
236956,10740,FUN_2,FUN_1
236958,8156,FUN_4,FUN_3
236962,319,FUN_2,FUN_1
236965,16160,RET,CUBE_R
236969,29928,FUN_3,FUN_2
236976,15294,FUN_3,FUN_4
236983,28660,FUN_1,FUN_2
236984,12860,FUN_1,FUN_2
236989,25754,FUN_2,FUN_3
236997,12315,FUN_1,FUN_2
236999,20372,CUBE_L,FUN_1
237017,20415,FUN_2,FUN_1
237020,390,FUN_2,FUN_1
237029,28707,FUN_4,FUN_5
237034,24564,FUN_5,FUN_4
237041,27493,FUN_1,FUN_2
237045,29509,FUN_6,FUN_5
237050,28695,FUN_3,FUN_2
237052,742,CUBE_L,FUN_1
237053,18322,FUN_5,FUN_6
237067,10530,FUN_1,FUN_2
237068,7057,FUN_2,FUN_3
237077,7525,FUN_3,FUN_2
237119,14635,FUN_3,FUN_4
237144,29740,RET,CUBE_L
237179,4376,FUN_1,CUBE_L
237180,16488,RET,CUBE_R
237184,15795,CUBE_L,FUN_1
237191,13865,FUN_3,FUN_2
237206,10899,FUN_3,FUN_2
237229,11024,FUN_1,CUBE_L
237233,18969,FUN_3,FUN_4
237251,3412,FUN_6,CUBE_R
237261,15237,CUBE_R,RET
237266,1321,FUN_4,FUN_5
237267,27610,FUN_5,FUN_4
237295,1821,FUN_4,FUN_3
237305,2730,FUN_5,FUN_4
237306,29928,FUN_2,FUN_3
237309,10486,FUN_4,FUN_5
237326,15500,FUN_2,FUN_3
237334,26111,FUN_2,FUN_1
237335,19191,FUN_6,CUBE_R
237341,4528,FUN_2,FUN_1
237356,10486,FUN_5,FUN_4
237373,28707,FUN_5,FUN_4
237384,1196,FUN_2,FUN_3
237401,15989,FUN_1,FUN_2
237410,23457,FUN_5,FUN_4
237416,20308,FUN_1,FUN_2
237420,21457,FUN_6,CUBE_R
237424,14056,FUN_5,FUN_4
237425,16888,FUN_2,FUN_3
237428,29546,FUN_5,FUN_6
237434,25338,FUN_3,FUN_2
237434,29274,CUBE_R,FUN_6
237441,9513,FUN_4,FUN_3
237460,29432,FUN_3,FUN_4
237492,12860,FUN_2,FUN_1
237493,6040,FUN_2,FUN_3
237514,1637,FUN_3,FUN_2
237523,12860,FUN_1,FUN_2
237532,25134,FUN_2,FUN_1
237543,13559,CUBE_L,RET
237543,19580,FUN_2,FUN_3
237544,3983,FUN_3,FUN_2
237577,25200,FUN_2,FUN_3
237582,28684,FUN_5,FUN_4
237594,24054,FUN_5,FUN_4
237612,10486,FUN_4,FUN_5
237623,24224,FUN_5,FUN_4
237625,15795,FUN_1,CUBE_L
237627,9302,CUBE_R,RET
237637,16932,FUN_5,FUN_4
237639,19984,FUN_4,FUN_3
237649,27813,FUN_3,FUN_4
237652,20337,CUBE_R,RET
237654,21136,RET,CUBE_L
237680,15938,FUN_1,FUN_2
237703,20841,CUBE_L,FUN_1
237717,2406,FUN_2,FUN_3
237720,742,FUN_1,CUBE_L
237720,12570,CUBE_L,RET
237760,19212,RET,CUBE_L
237765,16389,CUBE_L,RET
237766,28359,FUN_2,FUN_3
237779,13478,CUBE_L,RET
237781,9526,FUN_1,FUN_2
237790,27557,FUN_1,FUN_2
237796,13116,FUN_6,CUBE_R
237797,21752,FUN_5,FUN_6
237807,16062,FUN_2,FUN_1
237811,4700,FUN_2,FUN_3
237831,23342,RET,CUBE_R
237858,11958,FUN_4,FUN_5
237875,13097,RET,CUBE_R
237875,26297,FUN_2,FUN_1
237879,16405,CUBE_R,RET
237888,7074,FUN_2,FUN_1
237889,8389,RET,CUBE_R
237911,23491,FUN_2,FUN_3
237915,17533,FUN_3,FUN_2
237918,18851,FUN_2,FUN_3
237920,11926,RET,CUBE_L
237932,9548,FUN_2,FUN_1
237940,25564,FUN_2,FUN_1
237944,10740,FUN_1,FUN_2
237948,22444,CUBE_R,FUN_6
237959,3276,FUN_1,CUBE_L
237988,18537,CUBE_L,FUN_1
237989,4485,FUN_2,FUN_1
238009,21136,CUBE_L,RET
238011,25292,FUN_3,FUN_2
238013,14857,FUN_3,FUN_4
238015,17027,FUN_6,CUBE_R
238029,20649,FUN_2,FUN_1
238042,18322,FUN_6,FUN_5
238049,7074,FUN_1,FUN_2
238060,6040,FUN_3,FUN_2
238066,2099,RET,CUBE_L
238075,29491,FUN_4,FUN_5
238079,3225,FUN_2,FUN_3
238080,9761,FUN_2,FUN_1
238081,19191,CUBE_R,FUN_6
238083,27610,FUN_4,FUN_5
238086,27105,FUN_1,FUN_2
238089,21420,FUN_2,FUN_1
238092,29408,FUN_5,FUN_6
238110,709,FUN_4,FUN_3
238113,7525,FUN_2,FUN_3
238118,21776,FUN_2,FUN_3
238130,7619,FUN_2,FUN_1
238134,15400,RET,CUBE_R
238140,14124,FUN_6,CUBE_R
238142,2647,FUN_2,FUN_1
238160,14750,FUN_1,FUN_2
238164,3331,FUN_3,FUN_2
238164,13591,FUN_1,FUN_2
238173,18328,CUBE_L,FUN_1
238204,25008,FUN_3,FUN_4
238215,354,FUN_4,FUN_5
238217,19629,FUN_2,FUN_3
238226,28660,FUN_2,FUN_1
238230,7387,FUN_4,FUN_3
238252,8775,FUN_2,FUN_3
238283,390,FUN_1,FUN_2
238299,21243,RET,CUBE_R
238301,23338,FUN_4,FUN_5
238302,10530,FUN_2,FUN_1
238309,21136,RET,CUBE_L
238326,14161,FUN_6,CUBE_R
238328,18853,FUN_2,FUN_3
238329,24418,FUN_2,FUN_3
238344,20075,FUN_2,FUN_1
238349,20592,FUN_4,FUN_3
238365,6429,FUN_2,FUN_3
238394,4689,FUN_3,FUN_2
238417,1860,CUBE_L,FUN_1
238427,22673,CUBE_R,RET
238431,21457,CUBE_R,FUN_6
238431,24899,RET,CUBE_L
238435,17975,FUN_5,FUN_6
238437,15672,FUN_4,FUN_3
238466,12168,FUN_2,FUN_1
238498,7474,FUN_2,FUN_3
238506,10391,FUN_4,FUN_5
238524,18928,FUN_2,FUN_1
238526,1441,FUN_3,FUN_2
238531,15989,FUN_2,FUN_1
238553,24988,FUN_3,FUN_4
238557,8363,FUN_1,FUN_2
238563,15050,FUN_4,FUN_3
238563,19810,FUN_4,FUN_3
238566,18092,FUN_2,FUN_1
238574,29928,FUN_3,FUN_2
238582,8478,FUN_1,FUN_2
238593,4260,CUBE_R,RET
238596,13865,FUN_2,FUN_3
238602,6045,CUBE_L,RET
238606,10486,FUN_5,FUN_4
238606,20039,FUN_2,FUN_1
238614,15814,FUN_1,FUN_2
238622,23457,FUN_4,FUN_5
238631,19473,FUN_5,FUN_4
238635,20598,FUN_2,FUN_3
238641,3983,FUN_2,FUN_3
238659,13455,FUN_2,FUN_3
238667,21126,CUBE_R,RET
238671,21266,FUN_6,CUBE_R
238683,13841,FUN_2,FUN_1
238684,20321,FUN_4,FUN_3
238710,27651,FUN_3,FUN_2
238711,26354,FUN_2,FUN_1
238719,23491,FUN_3,FUN_2
238736,26766,CUBE_L,FUN_1
238750,22444,FUN_6,CUBE_R
238764,1491,FUN_4,FUN_3
238765,17500,FUN_3,FUN_2
238771,23745,CUBE_L,RET
238789,10561,FUN_2,FUN_3
238792,15122,FUN_3,FUN_4
238799,28636,FUN_1,FUN_2
238800,16745,FUN_3,FUN_2
238800,24676,FUN_4,FUN_5
238802,12312,FUN_5,FUN_4
238803,12559,FUN_2,FUN_1
238828,12312,FUN_4,FUN_5
238838,19212,CUBE_L,RET
238842,20649,FUN_1,FUN_2
238854,10510,FUN_4,FUN_3
238857,21893,FUN_3,FUN_4
238888,10849,FUN_5,FUN_6
238892,16089,FUN_1,FUN_2
238923,13143,FUN_5,FUN_4
238942,21266,CUBE_R,FUN_6
238951,22880,FUN_5,FUN_4
238962,21266,FUN_6,CUBE_R
238963,15662,FUN_3,FUN_4
238966,18098,CUBE_R,FUN_6
238969,22986,CUBE_R,FUN_6
238976,27919,FUN_3,FUN_4
238984,27651,FUN_2,FUN_3
239006,7642,FUN_4,FUN_5
239014,12868,FUN_4,FUN_3
239020,9513,FUN_3,FUN_4
239021,12312,FUN_5,FUN_4
239038,15536,FUN_3,FUN_2
239064,17663,CUBE_L,FUN_1
239090,739,RET,CUBE_R
239098,20842,CUBE_R,RET
239107,21130,FUN_2,FUN_3
239113,18990,FUN_5,FUN_4
239129,10077,FUN_5,FUN_6
239132,22464,FUN_5,FUN_4
239144,17413,FUN_2,FUN_3
239156,6040,FUN_2,FUN_3
239156,6690,FUN_1,FUN_2
239186,20842,RET,CUBE_R
239186,26090,FUN_2,FUN_1
239192,9761,FUN_1,FUN_2
239213,3583,FUN_2,FUN_1
239227,28726,FUN_3,FUN_4
239230,7826,FUN_2,FUN_1
239234,22912,FUN_2,FUN_1
239259,16888,FUN_3,FUN_2
239267,905,FUN_1,FUN_2
239277,18990,FUN_4,FUN_5
239289,10895,FUN_1,FUN_2
239296,18990,FUN_5,FUN_4
239299,5619,FUN_5,FUN_4
239309,29552,CUBE_R,FUN_6
239310,29001,RET,CUBE_R
239315,1590,FUN_2,FUN_1
239319,29102,FUN_3,FUN_2
239353,13244,FUN_6,FUN_5
239356,8958,FUN_5,FUN_4
239361,20055,FUN_2,FUN_3
239365,29182,FUN_2,FUN_1
239385,21011,FUN_5,FUN_4
239390,17091,CUBE_L,RET
239403,18866,CUBE_L,FUN_1
239407,19911,RET,CUBE_R
239409,1590,FUN_1,FUN_2
239410,4206,RET,CUBE_R
239417,18990,FUN_4,FUN_5
239417,20075,FUN_1,FUN_2
239418,15795,CUBE_L,FUN_1
239432,18098,FUN_6,CUBE_R
239436,14989,RET,CUBE_R
239440,20280,FUN_5,FUN_6
239444,16062,FUN_1,FUN_2
239454,13455,FUN_3,FUN_2
239476,14990,FUN_3,FUN_2
239492,1026,FUN_4,FUN_3
239493,5471,RET,CUBE_R
239510,25271,FUN_5,FUN_6
239514,20842,CUBE_R,RET
239521,13097,CUBE_R,RET
239523,18167,FUN_2,FUN_3
239531,13196,FUN_3,FUN_4
239547,21504,FUN_3,FUN_2
239550,27557,FUN_2,FUN_1
239554,19670,FUN_2,FUN_1
239569,20660,FUN_1,FUN_2
239580,22673,RET,CUBE_R
239582,20842,RET,CUBE_R
239594,6871,FUN_3,FUN_2
239601,5537,FUN_5,FUN_4
239605,12424,CUBE_L,RET
239620,19383,FUN_2,FUN_1
239621,1845,FUN_1,FUN_2
239631,4164,FUN_1,FUN_2
239635,6040,FUN_3,FUN_2
239647,7387,FUN_3,FUN_4
239677,898,FUN_3,FUN_4
239685,9216,FUN_2,FUN_3
239691,6805,FUN_6,CUBE_R
239693,8444,FUN_2,FUN_1
239721,12636,FUN_5,FUN_6
239726,21266,CUBE_R,FUN_6
239731,24988,FUN_4,FUN_3
239737,15220,CUBE_L,RET
239756,2283,FUN_4,FUN_3
239763,25271,FUN_6,FUN_5
239778,7642,FUN_5,FUN_4
239780,10409,FUN_6,CUBE_R
239785,10573,CUBE_L,RET
239823,25754,FUN_3,FUN_2
239843,27610,FUN_5,FUN_4
239851,10953,CUBE_R,RET
239854,18149,FUN_2,FUN_1
239895,21243,CUBE_R,RET
239919,25271,FUN_5,FUN_6
239933,17975,FUN_6,FUN_5
239944,20841,FUN_1,CUBE_L
239949,6786,FUN_2,FUN_1
239951,21126,RET,CUBE_R
239952,2518,FUN_2,FUN_1
239973,28032,FUN_2,FUN_1
239983,5319,RET,CUBE_R
239984,18928,FUN_1,FUN_2
239988,3861,FUN_3,FUN_4
240003,25134,FUN_1,FUN_2
240006,21871,FUN_1,FUN_2
240014,13906,FUN_3,FUN_2
240030,24770,FUN_2,FUN_3
240042,12315,FUN_2,FUN_1
240050,17111,FUN_2,FUN_3
240064,10085,FUN_4,FUN_3
240076,752,FUN_4,FUN_5
240087,15091,FUN_3,FUN_2
240091,14124,CUBE_R,FUN_6
240106,13478,RET,CUBE_L
240113,11185,CUBE_L,RET
240121,18851,FUN_3,FUN_2
240135,17663,FUN_1,CUBE_L
240144,6550,FUN_3,FUN_4
240158,18098,CUBE_R,FUN_6
240175,29430,FUN_3,FUN_2
240215,22621,FUN_6,CUBE_R
240220,12505,FUN_3,FUN_2
240222,8251,CUBE_R,FUN_6
240223,21130,FUN_3,FUN_2
240230,18990,FUN_5,FUN_4
240248,21450,FUN_4,FUN_3
240249,12168,FUN_1,FUN_2
240259,1912,RET,CUBE_R
240263,1821,FUN_3,FUN_4
240265,27779,FUN_3,FUN_2
240273,11465,FUN_3,FUN_2
240280,19810,FUN_3,FUN_4
240284,4897,FUN_2,FUN_1
240293,1580,FUN_1,FUN_2
240301,9430,FUN_2,FUN_1
240303,29928,FUN_2,FUN_3
240304,5619,FUN_4,FUN_5
240305,26354,FUN_1,FUN_2
240329,18866,FUN_1,CUBE_L
240329,20321,FUN_3,FUN_4
240340,18801,FUN_4,FUN_5
240369,18220,RET,CUBE_R
240381,4933,FUN_5,FUN_6
240395,12700,FUN_1,FUN_2
240402,6091,FUN_6,FUN_5
240411,8290,CUBE_R,RET
240414,13023,FUN_2,FUN_1
240422,19831,FUN_1,FUN_2
240435,15176,FUN_6,CUBE_R
240438,16007,FUN_3,FUN_4
240493,19864,FUN_4,FUN_5
240510,19924,FUN_1,CUBE_L
240510,24054,FUN_4,FUN_5
240511,8444,FUN_1,FUN_2
240520,8434,FUN_3,FUN_2
240522,16195,CUBE_R,FUN_6
240523,3583,FUN_1,FUN_2
240525,18853,FUN_3,FUN_2
240527,41,FUN_2,FUN_3
240530,5619,FUN_5,FUN_4
240531,10223,FUN_4,FUN_3
240539,10428,FUN_6,CUBE_R
240539,25872,FUN_5,FUN_4
240544,15746,FUN_3,FUN_2
240545,10573,RET,CUBE_L
240559,5619,FUN_4,FUN_5
240574,16208,FUN_4,FUN_5
240583,15517,RET,CUBE_L
240584,15901,FUN_3,FUN_4
240598,5619,FUN_5,FUN_4
240606,24988,FUN_3,FUN_4
240626,20432,FUN_3,FUN_2
240627,19220,FUN_2,FUN_3
240628,26308,FUN_6,FUN_5
240633,16549,FUN_5,FUN_4
240638,15032,FUN_2,FUN_1
240656,24988,FUN_4,FUN_3
240668,14750,FUN_2,FUN_1
240668,24269,FUN_1,FUN_2
240677,8478,FUN_2,FUN_1
240691,5619,FUN_4,FUN_5
240696,21123,FUN_2,FUN_1
240702,13146,FUN_2,FUN_3
240708,27083,FUN_1,FUN_2
240732,15536,FUN_2,FUN_3
240743,8853,FUN_1,FUN_2
240744,7357,FUN_5,FUN_6
240754,12964,FUN_2,FUN_3
240754,21504,FUN_2,FUN_3
240757,2518,FUN_1,FUN_2
240758,1637,FUN_2,FUN_3
240780,20579,CUBE_R,FUN_6
240786,28660,FUN_1,FUN_2
240803,13508,FUN_5,FUN_4
240838,6786,FUN_1,FUN_2
240841,14857,FUN_4,FUN_3
240842,22789,FUN_2,FUN_1
240845,6045,RET,CUBE_L
240846,25471,FUN_2,FUN_3
240847,15421,FUN_2,FUN_1
240849,4485,FUN_1,FUN_2
240861,10510,FUN_3,FUN_4
240865,20055,FUN_3,FUN_2
240874,10423,FUN_1,CUBE_L
240875,8675,FUN_2,FUN_1
240896,12168,FUN_2,FUN_1
240941,25243,RET,CUBE_L
240970,5819,FUN_1,FUN_2
240973,19002,FUN_4,FUN_5
240973,22464,FUN_4,FUN_5
240979,13244,FUN_5,FUN_6
240986,12004,CUBE_L,RET
240996,898,FUN_4,FUN_3
241006,18296,FUN_2,FUN_3
241009,8784,CUBE_R,FUN_6
241011,15421,FUN_1,FUN_2
241013,29154,FUN_5,FUN_4
241027,4776,FUN_3,FUN_2
241038,2,FUN_5,FUN_4
241040,15421,FUN_2,FUN_1
241057,12168,FUN_1,FUN_2
241061,25797,FUN_1,FUN_2
241064,2518,FUN_2,FUN_1
241064,7061,FUN_3,FUN_2
241081,4896,FUN_2,FUN_1
241096,20660,FUN_2,FUN_1
241099,18928,FUN_2,FUN_1
241104,10875,FUN_1,FUN_2
241104,12004,RET,CUBE_L
241109,1196,FUN_3,FUN_2
241125,15400,CUBE_R,RET
241131,2647,FUN_1,FUN_2
241134,3476,FUN_3,FUN_2
241139,12168,FUN_2,FUN_1
241150,3913,FUN_3,FUN_2
241156,4896,FUN_1,FUN_2
241161,28349,FUN_5,FUN_4
241181,5619,FUN_5,FUN_4
241181,25250,FUN_2,FUN_1
241186,12168,FUN_1,FUN_2
241193,754,FUN_3,FUN_2
241209,8567,FUN_6,CUBE_R
241212,26718,FUN_4,FUN_5
241213,14880,RET,CUBE_R
241213,16205,FUN_2,FUN_3
241219,25471,FUN_3,FUN_2
241234,20552,FUN_4,FUN_3
241234,26718,FUN_5,FUN_4
241253,5565,FUN_2,FUN_3
241254,13911,CUBE_L,RET
241265,10423,CUBE_L,FUN_1
241269,15421,FUN_1,FUN_2
241276,14329,FUN_1,FUN_2
241277,11662,FUN_2,FUN_3
241298,1360,FUN_3,FUN_2
241304,3412,CUBE_R,FUN_6
241306,13865,FUN_3,FUN_2
241327,19831,FUN_2,FUN_1
241344,2518,FUN_1,FUN_2
241348,21130,FUN_2,FUN_3
241360,1912,CUBE_R,RET
241361,7390,FUN_2,FUN_3
241370,4896,FUN_2,FUN_1
241384,6045,CUBE_L,RET
241384,10375,FUN_3,FUN_4
241386,18411,FUN_3,FUN_2
241416,23835,FUN_2,FUN_3
241417,29154,FUN_4,FUN_5
241434,7619,FUN_1,FUN_2
241441,4776,FUN_2,FUN_3
241442,15395,FUN_2,FUN_3
241457,27215,FUN_3,FUN_2
241459,23777,FUN_3,FUN_2
241468,25754,FUN_2,FUN_3
241477,21705,FUN_3,FUN_2
241503,4129,FUN_3,FUN_4
241511,638,FUN_1,CUBE_L
241517,10718,FUN_2,FUN_3
241526,26718,FUN_4,FUN_5
241535,28695,FUN_2,FUN_3
241566,8290,RET,CUBE_R
241573,1491,FUN_3,FUN_4
241591,20333,FUN_2,FUN_1
241596,23914,CUBE_L,RET
241604,11185,RET,CUBE_L
241608,9526,FUN_2,FUN_1
241613,13196,FUN_4,FUN_3
241622,19579,CUBE_L,RET
241642,24600,RET,CUBE_L
241643,27231,FUN_1,FUN_2
241672,9962,FUN_4,FUN_3
241683,6040,FUN_2,FUN_3
241689,16621,FUN_4,FUN_5
241690,27105,FUN_2,FUN_1
241691,19220,FUN_3,FUN_2
241696,13797,FUN_2,FUN_3
241701,12926,FUN_3,FUN_2
241715,12168,FUN_2,FUN_1
241720,19558,FUN_2,FUN_1
241722,9962,FUN_3,FUN_4
241749,2393,FUN_1,CUBE_L
241765,11269,FUN_2,FUN_3
241772,14683,FUN_2,FUN_3
241773,390,FUN_2,FUN_1
241773,5565,FUN_3,FUN_2
241776,20415,FUN_1,FUN_2
241780,10033,CUBE_R,FUN_6
241781,18801,FUN_5,FUN_4
241792,5619,FUN_4,FUN_5
241798,1580,FUN_2,FUN_1
241800,10077,FUN_6,FUN_5
241806,20355,RET,CUBE_R
241844,742,CUBE_L,FUN_1
241853,9284,FUN_2,FUN_1
241855,16801,FUN_2,FUN_3
241881,20755,FUN_5,FUN_6
241888,29947,FUN_3,FUN_4
241904,3904,CUBE_R,RET
241910,24418,FUN_3,FUN_2
241912,20534,CUBE_L,RET
241919,13023,FUN_1,FUN_2
241921,9830,FUN_4,FUN_5
241927,24212,FUN_5,FUN_4
241931,24988,FUN_3,FUN_4
241944,10597,FUN_6,FUN_5
241948,27368,FUN_6,CUBE_R
241956,20284,FUN_1,FUN_2
241960,5319,CUBE_R,RET
241963,20649,FUN_2,FUN_1
241967,21753,FUN_1,FUN_2
241980,28650,FUN_5,FUN_6
241983,28707,FUN_4,FUN_5
241989,17241,FUN_2,FUN_3
241993,27240,CUBE_L,FUN_1
241996,7357,FUN_6,FUN_5
241999,2324,FUN_5,FUN_4
242012,19579,RET,CUBE_L
242016,25338,FUN_2,FUN_3
242019,21420,FUN_1,FUN_2
242020,22464,FUN_5,FUN_4
242023,5337,CUBE_L,RET
242029,19670,FUN_1,FUN_2
242030,22404,FUN_3,FUN_4
242039,24770,FUN_3,FUN_2
242062,24054,FUN_5,FUN_4
242070,25293,FUN_6,FUN_5
242071,28341,CUBE_R,RET
242075,10573,CUBE_L,RET
242080,11426,FUN_6,CUBE_R
242082,20579,FUN_6,CUBE_R
242091,11662,FUN_3,FUN_2
242098,18801,FUN_4,FUN_5
242110,1845,FUN_2,FUN_1
242123,15815,FUN_1,FUN_2
242146,26499,FUN_3,FUN_2
242156,24418,FUN_2,FUN_3
242157,10851,FUN_3,FUN_4
242183,1912,RET,CUBE_R
242188,13244,FUN_6,FUN_5
242189,21276,FUN_1,FUN_2
242189,21406,FUN_1,FUN_2
242195,9284,FUN_1,FUN_2
242212,342,FUN_3,FUN_2
242213,7826,FUN_1,FUN_2
242228,15161,RET,CUBE_L
242235,17722,FUN_3,FUN_4
242240,12766,CUBE_R,FUN_6
242249,19984,FUN_3,FUN_4
242261,26297,FUN_1,FUN_2
242263,1098,FUN_2,FUN_3
242263,4896,FUN_1,FUN_2
242264,18406,FUN_3,FUN_2
242277,5602,FUN_2,FUN_1
242279,9105,CUBE_R,RET
242286,1026,FUN_3,FUN_4
242308,6630,FUN_5,FUN_4
242312,8434,FUN_2,FUN_3
242312,10066,FUN_2,FUN_3
242314,319,FUN_1,FUN_2
242321,22464,FUN_4,FUN_5
242337,7357,FUN_5,FUN_6
242365,14046,FUN_4,FUN_5
242366,5565,FUN_2,FUN_3
242367,7619,FUN_2,FUN_1
242378,23836,FUN_3,FUN_2
242407,22990,FUN_2,FUN_1
242412,5005,RET,CUBE_L
242415,28634,FUN_6,CUBE_R
242417,13515,FUN_2,FUN_3
242417,23197,FUN_3,FUN_4
242421,29117,FUN_2,FUN_3
242426,11662,FUN_2,FUN_3
242426,15400,RET,CUBE_R
242431,11291,CUBE_R,FUN_6
242435,13906,FUN_2,FUN_3
242438,3686,FUN_3,FUN_4
242447,25471,FUN_2,FUN_3
242454,5683,FUN_3,FUN_2
242480,3686,FUN_4,FUN_3
242501,18990,FUN_4,FUN_5
242514,7390,FUN_3,FUN_2
242515,26585,FUN_6,CUBE_R
242518,21662,FUN_4,FUN_3
242531,29740,CUBE_L,RET
242554,4095,RET,CUBE_L
242554,27651,FUN_3,FUN_2
242562,25271,FUN_6,FUN_5
242571,26730,FUN_5,FUN_6
242573,10749,FUN_5,FUN_4
242579,21705,FUN_2,FUN_3
242590,27779,FUN_2,FUN_3
242595,19220,FUN_2,FUN_3
242598,3569,CUBE_R,RET
242603,24909,FUN_3,FUN_2
242612,15176,CUBE_R,FUN_6
242613,23430,FUN_3,FUN_4
242616,18533,CUBE_R,RET
242622,21276,FUN_2,FUN_1
242623,19629,FUN_3,FUN_2
242641,27105,FUN_1,FUN_2
242656,10953,RET,CUBE_R
242658,26260,FUN_3,FUN_2
242660,20337,RET,CUBE_R
242666,24982,CUBE_L,RET
242672,10875,FUN_2,FUN_1
242689,16195,FUN_6,CUBE_R
242690,14857,FUN_3,FUN_4
242696,20682,FUN_6,FUN_5
242701,13196,FUN_3,FUN_4
242706,8471,FUN_5,FUN_4
242707,18031,FUN_3,FUN_2
242713,10208,CUBE_R,RET
242721,4129,FUN_4,FUN_3
242727,20415,FUN_2,FUN_1
242728,19864,FUN_5,FUN_4
242741,13782,FUN_2,FUN_1
242753,12168,FUN_1,FUN_2
242766,16161,FUN_6,FUN_5
242784,11242,FUN_3,FUN_2
242785,2585,RET,CUBE_R
242796,8118,RET,CUBE_L
242813,8567,CUBE_R,FUN_6
242819,21243,RET,CUBE_R
242828,13351,FUN_3,FUN_2
242837,23116,CUBE_R,FUN_6
242883,7357,FUN_6,FUN_5
242894,13062,FUN_3,FUN_4
242921,26297,FUN_2,FUN_1
242922,28586,FUN_4,FUN_5
242943,5810,RET,CUBE_L
242947,29301,CUBE_L,FUN_1
242969,27105,FUN_2,FUN_1
242978,8594,FUN_2,FUN_1
242996,19792,FUN_3,FUN_2
243000,14990,FUN_2,FUN_3
243018,7387,FUN_4,FUN_3
243022,8675,FUN_1,FUN_2
243027,22621,CUBE_R,FUN_6
243037,10718,FUN_3,FUN_2
243059,5683,FUN_2,FUN_3
243101,25564,FUN_1,FUN_2
243108,16589,FUN_5,FUN_4
243122,8471,FUN_4,FUN_5
243122,25198,CUBE_L,RET
243129,27415,FUN_2,FUN_3
243138,21893,FUN_4,FUN_3
243149,19911,CUBE_R,RET
243164,20311,CUBE_L,RET
243192,23836,FUN_2,FUN_3
243200,20284,FUN_2,FUN_1
243203,9146,FUN_3,FUN_2
243232,12408,FUN_1,FUN_2
243246,16957,FUN_6,FUN_5
243256,10614,FUN_1,FUN_2
243264,6085,FUN_2,FUN_1
243287,17091,RET,CUBE_L
243340,12112,FUN_3,FUN_4
243343,775,FUN_2,FUN_1
243345,11768,FUN_2,FUN_3
243348,29718,FUN_3,FUN_2
243368,13559,RET,CUBE_L
243377,11242,FUN_2,FUN_3
243391,3177,FUN_2,FUN_1
243391,14283,FUN_5,FUN_6
243392,10419,FUN_2,FUN_1
243394,11444,FUN_2,FUN_1
243395,29904,FUN_2,FUN_3
243401,16208,FUN_5,FUN_4
243418,2695,FUN_3,FUN_4
243453,25471,FUN_3,FUN_2
243477,23777,FUN_2,FUN_3
243484,27105,FUN_1,FUN_2
243486,9672,CUBE_L,RET
243507,20415,FUN_1,FUN_2
243517,18853,FUN_2,FUN_3
243526,388,FUN_1,FUN_2
243541,20159,FUN_6,CUBE_R
243552,27779,FUN_3,FUN_2
243552,29190,CUBE_R,FUN_6
243556,19579,CUBE_L,RET
243559,15091,FUN_2,FUN_3
243568,24695,FUN_3,FUN_2
243572,10391,FUN_5,FUN_4
243574,24158,RET,CUBE_L
243579,5140,FUN_2,FUN_1
243583,13154,FUN_6,CUBE_R
243593,27105,FUN_2,FUN_1
243598,1768,CUBE_R,RET
243604,11063,CUBE_R,RET
243640,8784,FUN_6,CUBE_R
243649,2467,FUN_3,FUN_4
243649,12215,CUBE_L,RET
243686,24313,FUN_4,FUN_3
243698,10597,FUN_5,FUN_6
243731,28751,FUN_6,CUBE_R
243738,19911,RET,CUBE_R
243752,12211,FUN_6,CUBE_R
243757,24352,FUN_4,FUN_3
243758,1580,FUN_1,FUN_2
243787,28675,FUN_4,FUN_5
243793,9830,FUN_5,FUN_4
243798,19220,FUN_3,FUN_2
243800,18220,CUBE_R,RET
243802,12474,FUN_6,CUBE_R
243806,1196,FUN_2,FUN_3
243808,19911,CUBE_R,RET
243820,11444,FUN_1,FUN_2
243839,1125,FUN_4,FUN_3
243841,13605,FUN_5,FUN_6
243842,14750,FUN_1,FUN_2
243846,11489,FUN_3,FUN_2
243847,24600,CUBE_L,RET
243848,29132,FUN_3,FUN_2
243852,5142,FUN_6,FUN_5
243860,15220,RET,CUBE_L
243883,4379,FUN_2,FUN_1
243883,27779,FUN_2,FUN_3
243886,12474,CUBE_R,FUN_6
243888,18851,FUN_2,FUN_3
243888,18928,FUN_1,FUN_2
243893,7547,FUN_6,FUN_5
243894,8812,FUN_4,FUN_3
243915,6630,FUN_4,FUN_5
243923,21753,FUN_2,FUN_1
243928,15099,CUBE_R,FUN_6
243960,898,FUN_3,FUN_4
243994,16666,CUBE_L,RET
244001,19579,RET,CUBE_L
244006,18203,FUN_6,CUBE_R
244006,18296,FUN_3,FUN_2
244033,12312,FUN_4,FUN_5
244040,23219,FUN_5,FUN_6
244045,24352,FUN_3,FUN_4
244052,3937,FUN_1,FUN_2
244054,17091,CUBE_L,RET
244056,17722,FUN_4,FUN_3
244060,27779,FUN_3,FUN_2
244085,1125,FUN_3,FUN_4
244088,1052,FUN_6,FUN_5
244095,7525,FUN_3,FUN_2
244107,16197,FUN_4,FUN_3
244127,22425,CUBE_L,RET
244137,26498,FUN_3,FUN_2
244141,28586,FUN_5,FUN_4
244155,2160,FUN_3,FUN_2
244155,11958,FUN_5,FUN_4
244160,20895,FUN_3,FUN_2
244161,11464,CUBE_R,FUN_6
244177,1507,FUN_3,FUN_2
244198,390,FUN_1,FUN_2
244199,18317,RET,CUBE_L
244206,21776,FUN_3,FUN_2
244207,14751,CUBE_L,RET
244209,14046,FUN_5,FUN_4
244212,1965,FUN_4,FUN_3
244223,20284,FUN_1,FUN_2
244226,15795,FUN_1,CUBE_L
244227,19579,CUBE_L,RET
244233,8699,FUN_1,FUN_2
244265,6721,FUN_2,FUN_1
244279,1860,FUN_1,CUBE_L
244287,20504,FUN_2,FUN_1
244288,2160,FUN_2,FUN_3
244292,2160,FUN_3,FUN_2
244296,17722,FUN_3,FUN_4
244297,1360,FUN_2,FUN_3
244302,2160,FUN_2,FUN_3
244315,19579,RET,CUBE_L
244318,384,FUN_3,FUN_2
244320,19558,FUN_1,FUN_2
244328,21341,CUBE_R,RET
244351,16549,FUN_4,FUN_5
244362,18406,FUN_2,FUN_3
244380,8350,FUN_2,FUN_3
244398,8940,FUN_6,CUBE_R
244403,16160,CUBE_R,RET
244404,24405,FUN_3,FUN_4
244416,773,FUN_5,FUN_4
244437,20284,FUN_2,FUN_1
244443,8675,FUN_2,FUN_1
244450,3983,FUN_3,FUN_2
244467,2160,FUN_3,FUN_2
244487,26928,CUBE_L,RET
244489,14893,FUN_4,FUN_5
244499,26970,FUN_2,FUN_1
244520,26365,CUBE_R,RET
244542,11489,FUN_2,FUN_3
244549,29958,RET,CUBE_L
244565,9830,FUN_4,FUN_5
244566,20544,CUBE_R,RET
244574,1912,CUBE_R,RET
244579,23197,FUN_4,FUN_3
244584,28680,CUBE_L,FUN_1
244593,13305,FUN_1,FUN_2
244595,4111,FUN_6,CUBE_R
244602,2160,FUN_2,FUN_3
244620,15161,CUBE_L,RET
244629,28489,RET,CUBE_R
244644,22816,FUN_2,FUN_3
244647,22464,FUN_5,FUN_4
244658,7705,FUN_5,FUN_6
244660,2160,FUN_3,FUN_2
244672,27088,FUN_2,FUN_3
244678,20592,FUN_3,FUN_4
244691,9056,FUN_3,FUN_2
244701,20660,FUN_1,FUN_2
244712,7390,FUN_2,FUN_3
244723,2160,FUN_2,FUN_3
244723,4156,FUN_3,FUN_2
244752,16579,FUN_1,FUN_2
244768,29190,FUN_6,CUBE_R
244779,10077,FUN_5,FUN_6
244786,24564,FUN_4,FUN_5
244793,12215,RET,CUBE_L
244832,9631,FUN_6,FUN_5
244837,2659,FUN_3,FUN_2
244845,14893,FUN_5,FUN_4
244855,2160,FUN_3,FUN_2
244865,23868,FUN_2,FUN_1
244875,26766,FUN_1,CUBE_L
244886,3904,RET,CUBE_R
244906,20284,FUN_1,FUN_2
244921,4709,RET,CUBE_L
244926,238,FUN_1,FUN_2
244944,20592,FUN_4,FUN_3
244946,21042,FUN_2,FUN_3
244951,5810,CUBE_L,RET
244985,27952,FUN_2,FUN_1
244994,26111,FUN_1,FUN_2
244995,20755,FUN_6,FUN_5
245003,29591,FUN_4,FUN_5
245029,8471,FUN_5,FUN_4
245030,9672,RET,CUBE_L
245034,22826,FUN_2,FUN_3
245044,14678,FUN_4,FUN_3
245048,19403,FUN_4,FUN_3
245052,10444,CUBE_L,RET
245058,311,FUN_3,FUN_2
245089,14893,FUN_4,FUN_5
245095,29758,CUBE_L,RET
245108,24333,CUBE_R,RET
245120,13244,FUN_5,FUN_6
245126,20592,FUN_3,FUN_4
245128,10077,FUN_6,FUN_5
245129,17486,FUN_2,FUN_1
245142,10486,FUN_4,FUN_5
245155,13097,RET,CUBE_R
245157,13455,FUN_2,FUN_3
245166,19423,FUN_3,FUN_2
245184,5456,FUN_3,FUN_2
245214,1580,FUN_2,FUN_1
245216,7317,CUBE_L,RET
245216,19469,FUN_5,FUN_6
245221,14893,FUN_5,FUN_4
245222,15099,FUN_6,CUBE_R
245231,6416,FUN_4,FUN_5
245234,5619,FUN_5,FUN_4
245238,14751,RET,CUBE_L
245257,4379,FUN_1,FUN_2
245265,13679,FUN_2,FUN_1
245270,7547,FUN_5,FUN_6
245274,8363,FUN_2,FUN_1
245275,25560,CUBE_L,FUN_1
245298,12636,FUN_6,FUN_5
245308,27610,FUN_4,FUN_5
245318,24054,FUN_4,FUN_5
245322,19792,FUN_2,FUN_3
245353,12568,CUBE_R,RET
245353,21889,FUN_3,FUN_2
245354,3410,RET,CUBE_R
245364,8471,FUN_4,FUN_5
245387,20504,FUN_1,FUN_2
245400,23256,FUN_2,FUN_3
245415,16957,FUN_5,FUN_6
245432,9969,CUBE_R,RET
245443,26498,FUN_2,FUN_3
245454,10409,CUBE_R,FUN_6
245455,10208,RET,CUBE_R
245456,24311,FUN_5,FUN_4
245458,10000,CUBE_L,FUN_1
245461,25557,FUN_3,FUN_2
245469,6429,FUN_3,FUN_2
245491,23054,FUN_4,FUN_3
245495,11444,FUN_2,FUN_1
245514,19924,CUBE_L,FUN_1
245529,384,FUN_2,FUN_3
245530,6429,FUN_2,FUN_3
245530,22826,FUN_3,FUN_2
245531,23430,FUN_4,FUN_3
245541,20415,FUN_2,FUN_1
245546,6429,FUN_3,FUN_2
245551,28349,FUN_4,FUN_5
245567,8496,RET,CUBE_R
245568,4260,RET,CUBE_R
245578,7705,FUN_6,FUN_5
245588,5602,FUN_1,FUN_2
245606,14110,CUBE_L,RET
245626,1278,FUN_6,CUBE_R
245636,6416,FUN_5,FUN_4
245642,16549,FUN_5,FUN_4
245642,23099,FUN_5,FUN_6
245651,661,CUBE_L,RET
245653,7068,FUN_3,FUN_2
245658,26133,FUN_4,FUN_5
245676,15027,FUN_2,FUN_3
245691,1898,FUN_2,FUN_3
245701,17954,FUN_2,FUN_1
245702,23195,CUBE_R,RET
245706,10718,FUN_2,FUN_3
245709,16666,RET,CUBE_L
245725,18718,FUN_1,FUN_2
245729,1360,FUN_3,FUN_2
245731,13244,FUN_6,FUN_5
245743,19423,FUN_2,FUN_3
245744,27651,FUN_2,FUN_3
245746,3937,FUN_2,FUN_1
245760,17500,FUN_2,FUN_3
245767,19552,FUN_5,FUN_6
245784,15117,CUBE_L,RET
245786,19579,CUBE_L,RET
245789,17174,CUBE_L,RET
245790,14771,FUN_5,FUN_4
245798,1580,FUN_1,FUN_2
245808,21130,FUN_3,FUN_2
245823,24695,FUN_2,FUN_3
245824,17627,CUBE_L,FUN_1
245841,7525,FUN_2,FUN_3
245841,13241,CUBE_R,RET
245841,27799,FUN_6,FUN_5
245855,3797,FUN_2,FUN_1
245859,19696,FUN_3,FUN_2
245861,17529,FUN_2,FUN_3
245865,15400,CUBE_R,RET
245870,15321,CUBE_R,FUN_6
245888,11456,FUN_1,FUN_2
245894,1366,FUN_4,FUN_3
245919,16721,FUN_4,FUN_3
245942,8496,CUBE_R,RET
245943,12259,FUN_1,FUN_2
245954,29455,FUN_1,CUBE_L
245959,18406,FUN_3,FUN_2
245960,12259,FUN_2,FUN_1
245961,754,FUN_2,FUN_3
245973,7267,FUN_2,FUN_1
245980,17722,FUN_4,FUN_3
245985,41,FUN_3,FUN_2
246003,5690,FUN_3,FUN_2
246010,23272,RET,CUBE_R
246037,16208,FUN_4,FUN_5
246061,19794,FUN_3,FUN_2
246062,3177,FUN_1,FUN_2
246070,13605,FUN_6,FUN_5
246075,18098,FUN_6,CUBE_R
246083,14429,CUBE_L,FUN_1
246091,14811,FUN_2,FUN_1
246118,6721,FUN_1,FUN_2
246140,10532,FUN_3,FUN_4
246159,18620,FUN_4,FUN_5
246165,23516,CUBE_R,RET
246169,27404,FUN_4,FUN_3
246173,3904,CUBE_R,RET
246175,29758,RET,CUBE_L
246176,12505,FUN_2,FUN_3
246179,19236,RET,CUBE_L
246184,23116,FUN_6,CUBE_R
246188,9541,FUN_2,FUN_3
246190,26499,FUN_2,FUN_3
246200,18433,FUN_3,FUN_2
246210,16721,FUN_3,FUN_4
246216,3904,RET,CUBE_R
246221,17208,FUN_2,FUN_3
246230,12259,FUN_1,FUN_2
246250,6048,FUN_4,FUN_5
246269,18298,FUN_2,FUN_3
246281,16089,FUN_2,FUN_1
246322,9809,FUN_6,FUN_5
246329,4897,FUN_1,FUN_2
246332,16587,FUN_2,FUN_1
246336,6429,FUN_2,FUN_3
246342,14259,FUN_2,FUN_1
246355,3627,FUN_4,FUN_5
246355,14893,FUN_4,FUN_5
246367,19212,RET,CUBE_L
246381,22583,FUN_5,FUN_4
246382,23667,FUN_2,FUN_1
246417,6045,RET,CUBE_L
246436,5074,FUN_5,FUN_4
246451,7371,FUN_3,FUN_2
246454,1507,FUN_2,FUN_3
246463,22789,FUN_1,FUN_2
246516,21913,FUN_3,FUN_2
246520,21705,FUN_3,FUN_2
246526,17533,FUN_2,FUN_3
246533,12919,FUN_6,FUN_5
246541,22425,RET,CUBE_L
246546,27610,FUN_5,FUN_4
246553,24505,FUN_3,FUN_2
246559,23704,FUN_6,FUN_5
246566,27799,FUN_5,FUN_6
246604,29509,FUN_5,FUN_6
246608,5005,CUBE_L,RET
246612,26499,FUN_3,FUN_2
246633,18324,FUN_3,FUN_4
246633,19161,CUBE_L,RET
246636,27580,RET,CUBE_R
246641,25496,RET,CUBE_L
246644,22826,FUN_2,FUN_3
246644,29102,FUN_2,FUN_3
246666,27952,FUN_1,FUN_2
246670,3331,FUN_2,FUN_3
246670,13906,FUN_3,FUN_2
246671,21039,CUBE_R,RET
246698,19670,FUN_2,FUN_1
246712,17241,FUN_3,FUN_2
246715,16579,FUN_2,FUN_1
246719,23705,FUN_4,FUN_3
246737,15161,RET,CUBE_L
246743,29491,FUN_5,FUN_4
246752,23868,FUN_1,FUN_2
246759,18054,FUN_3,FUN_2
246772,17113,FUN_6,FUN_5
246794,8350,FUN_3,FUN_2
246796,22205,FUN_3,FUN_2
246804,12259,FUN_2,FUN_1
246811,10282,FUN_2,FUN_3
246838,5456,FUN_2,FUN_3
246850,13244,FUN_5,FUN_6
246871,11489,FUN_3,FUN_2
246875,27088,FUN_3,FUN_2
246883,19515,FUN_4,FUN_3
246888,27493,FUN_2,FUN_1
246914,22583,FUN_4,FUN_5
246921,23219,FUN_6,FUN_5
246936,10444,RET,CUBE_L
246940,15500,FUN_3,FUN_2
246953,28909,CUBE_R,RET
246967,24676,FUN_5,FUN_4
246970,16925,FUN_3,FUN_2
246983,9596,CUBE_L,RET
246988,19552,FUN_6,FUN_5
247002,1462,CUBE_L,FUN_1
247002,12570,RET,CUBE_L
247023,25126,FUN_2,FUN_1
247024,8055,FUN_4,FUN_5
247027,28909,RET,CUBE_R
247030,20041,FUN_2,FUN_1
247030,29079,FUN_2,FUN_3
247031,21705,FUN_2,FUN_3
247066,20682,FUN_5,FUN_6
247080,20284,FUN_2,FUN_1
247082,25126,FUN_1,FUN_2
247086,5810,RET,CUBE_L
247090,6761,FUN_6,FUN_5
247093,23516,RET,CUBE_R
247098,27240,FUN_1,CUBE_L
247118,22976,FUN_3,FUN_4
247122,18092,FUN_1,FUN_2
247124,18433,FUN_2,FUN_3
247143,7604,FUN_3,FUN_2
247148,11657,FUN_2,FUN_1
247154,24158,CUBE_L,RET
247178,4260,CUBE_R,RET
247183,3331,FUN_3,FUN_2
247194,12919,FUN_5,FUN_6
247207,26365,RET,CUBE_R
247222,8746,CUBE_R,FUN_6
247227,8419,FUN_2,FUN_1
247229,1438,CUBE_R,RET
247234,18203,CUBE_R,FUN_6
247244,18098,CUBE_R,FUN_6
247253,1366,FUN_3,FUN_4
247256,9969,RET,CUBE_R
247257,27780,FUN_6,CUBE_R
247278,22583,FUN_5,FUN_4
247292,25337,RET,CUBE_L
247296,10811,FUN_1,FUN_2
247316,22205,FUN_2,FUN_3
247321,19911,RET,CUBE_R
247321,29509,FUN_6,FUN_5
247330,10282,FUN_3,FUN_2
247333,2695,FUN_4,FUN_3
247358,773,FUN_4,FUN_5
247358,28778,CUBE_L,RET
247363,20355,CUBE_R,RET
247372,8496,RET,CUBE_R
247383,22787,FUN_3,FUN_2
247395,22322,CUBE_R,FUN_6
247396,11657,FUN_1,FUN_2
247399,28695,FUN_3,FUN_2
247405,16161,FUN_5,FUN_6
247414,17954,FUN_1,FUN_2
247421,28909,CUBE_R,RET
247441,3177,FUN_2,FUN_1
247445,11235,FUN_2,FUN_3
247454,11657,FUN_2,FUN_1
247455,21888,CUBE_L,RET
247464,7627,FUN_2,FUN_3
247473,11657,FUN_1,FUN_2
247478,2160,FUN_2,FUN_3
247483,12408,FUN_2,FUN_1
247502,4234,FUN_4,FUN_3
247513,11657,FUN_2,FUN_1
247534,4036,FUN_2,FUN_3
247549,9840,FUN_3,FUN_4
247552,9259,CUBE_L,FUN_1
247555,6703,CUBE_L,FUN_1
247590,3861,FUN_4,FUN_3
247625,19911,CUBE_R,RET
247627,5881,FUN_3,FUN_4
247634,22425,CUBE_L,RET
247659,15117,RET,CUBE_L
247660,13679,FUN_1,FUN_2
247670,4379,FUN_2,FUN_1
247724,12700,FUN_2,FUN_1
247729,5602,FUN_2,FUN_1
247738,11958,FUN_4,FUN_5
247739,7267,FUN_1,FUN_2
247741,6786,FUN_2,FUN_1
247745,22912,FUN_1,FUN_2
247765,24564,FUN_5,FUN_4
247767,7247,FUN_2,FUN_3
247787,25037,FUN_3,FUN_2
247791,21705,FUN_3,FUN_2
247811,23745,RET,CUBE_L
247812,786,FUN_3,FUN_2
247818,29884,FUN_3,FUN_4
247824,12218,CUBE_R,FUN_6
247839,16925,FUN_2,FUN_3
247863,15285,FUN_2,FUN_3
247880,10989,FUN_2,FUN_3
247884,6786,FUN_1,FUN_2
247890,6786,FUN_2,FUN_1
247891,26412,CUBE_L,FUN_1
247904,2518,FUN_2,FUN_1
247905,4260,RET,CUBE_R
247906,19383,FUN_1,FUN_2
247918,18310,FUN_1,FUN_2
247925,28778,RET,CUBE_L
247929,11657,FUN_1,FUN_2
247933,22324,FUN_2,FUN_1
247955,8853,FUN_2,FUN_1
247962,193,FUN_4,FUN_3
247971,29627,FUN_3,FUN_2
247979,8558,FUN_2,FUN_3
248007,3904,CUBE_R,RET
248010,21753,FUN_1,FUN_2
248011,19497,CUBE_R,RET
248014,9265,FUN_2,FUN_3
248044,16119,FUN_3,FUN_2
248063,193,FUN_3,FUN_4
248069,540,CUBE_L,RET
248086,17320,FUN_3,FUN_2
248091,16197,FUN_3,FUN_4
248091,24158,RET,CUBE_L
248091,29443,FUN_1,FUN_2
248094,9056,FUN_2,FUN_3
248097,28349,FUN_5,FUN_4
248102,3937,FUN_1,FUN_2
248104,1360,FUN_2,FUN_3
248106,24686,CUBE_L,FUN_1
248106,28634,CUBE_R,FUN_6
248120,14429,FUN_1,CUBE_L
248125,28726,FUN_4,FUN_3
248134,6048,FUN_5,FUN_4
248137,20158,RET,CUBE_R
248145,25198,RET,CUBE_L
248147,26914,FUN_5,FUN_4
248150,7462,FUN_3,FUN_4
248163,24256,FUN_2,FUN_3
248171,8594,FUN_1,FUN_2
248185,20592,FUN_4,FUN_3
248220,15670,FUN_4,FUN_5
248221,18325,CUBE_R,RET
248247,21039,RET,CUBE_R
248249,12868,FUN_3,FUN_4
248251,24982,RET,CUBE_L
248253,26330,FUN_4,FUN_3
248275,22186,FUN_3,FUN_2
248287,16723,FUN_3,FUN_2
248290,16621,FUN_5,FUN_4
248333,13559,CUBE_L,RET
248336,9830,FUN_5,FUN_4
248339,27610,FUN_4,FUN_5
248343,13679,FUN_2,FUN_1
248351,27524,FUN_5,FUN_4
248355,12112,FUN_4,FUN_3
248356,10428,CUBE_R,FUN_6
248356,23694,FUN_1,FUN_2
248374,28174,FUN_1,FUN_2
248377,25134,FUN_2,FUN_1
248393,17413,FUN_3,FUN_2
248398,29117,FUN_3,FUN_2
248410,2751,FUN_1,CUBE_L
248418,4700,FUN_3,FUN_2
248418,26738,CUBE_L,RET
248422,13154,CUBE_R,FUN_6
248438,18324,FUN_4,FUN_3
248444,4379,FUN_1,FUN_2
248445,23436,FUN_2,FUN_3
248446,25557,FUN_2,FUN_3
248453,5456,FUN_3,FUN_2
248459,4583,FUN_3,FUN_2
248460,2433,FUN_1,FUN_2
248462,11489,FUN_2,FUN_3
248463,9686,FUN_4,FUN_5
248477,5683,FUN_3,FUN_2
248477,11235,FUN_3,FUN_2
248481,27779,FUN_2,FUN_3
248491,27089,FUN_2,FUN_1
248492,1373,FUN_3,FUN_2
248504,18801,FUN_5,FUN_4
248511,16579,FUN_1,FUN_2
248512,3921,FUN_4,FUN_5
248538,8746,FUN_6,CUBE_R
248543,10532,FUN_4,FUN_3
248553,29301,FUN_1,CUBE_L
248563,661,RET,CUBE_L
248563,25037,FUN_2,FUN_3
248568,9056,FUN_3,FUN_2
248572,10811,FUN_2,FUN_1
248585,7838,RET,CUBE_L
248610,19579,RET,CUBE_L
248615,28695,FUN_2,FUN_3
248624,23516,CUBE_R,RET
248632,16925,FUN_3,FUN_2
248634,13150,FUN_4,FUN_5
248644,18406,FUN_2,FUN_3
248659,28675,FUN_5,FUN_4
248693,27580,CUBE_R,RET
248695,24799,FUN_5,FUN_4
248714,22143,FUN_5,FUN_6
248716,283,CUBE_R,RET
248736,5142,FUN_5,FUN_6
248740,20538,RET,CUBE_L
248740,22600,FUN_3,FUN_2
248744,1845,FUN_1,FUN_2
248748,388,FUN_2,FUN_1
248765,28341,RET,CUBE_R
248768,2324,FUN_4,FUN_5
248769,16161,FUN_6,FUN_5
248778,11235,FUN_2,FUN_3
248778,16666,CUBE_L,RET
248793,22712,FUN_2,FUN_1
248795,26499,FUN_2,FUN_3
248812,786,FUN_2,FUN_3
248814,6690,FUN_2,FUN_1
248814,22203,FUN_2,FUN_1
248819,7247,FUN_3,FUN_2
248829,10146,FUN_5,FUN_4
248830,21482,FUN_2,FUN_3
248831,17320,FUN_2,FUN_3
248847,6748,FUN_3,FUN_2
248847,12252,FUN_4,FUN_3
248851,10811,FUN_1,FUN_2
248858,8419,FUN_1,FUN_2
248866,2518,FUN_1,FUN_2
248880,14743,FUN_3,FUN_2
248894,786,FUN_3,FUN_2
248897,9390,FUN_2,FUN_1
248899,9284,FUN_2,FUN_1
248926,311,FUN_2,FUN_3
248935,15095,FUN_3,FUN_4
248947,18296,FUN_2,FUN_3
248955,19984,FUN_4,FUN_3
248956,29487,FUN_3,FUN_2
248964,10066,FUN_3,FUN_2
248964,14259,FUN_1,FUN_2
248986,16925,FUN_2,FUN_3
248994,29408,FUN_6,FUN_5
249010,5810,CUBE_L,RET
249017,23868,FUN_2,FUN_1
249036,28778,CUBE_L,RET
249040,26499,FUN_3,FUN_2
249052,12868,FUN_4,FUN_3
249069,5108,FUN_2,FUN_1
249075,15795,CUBE_L,FUN_1
249085,22976,FUN_4,FUN_3
249096,9873,RET,CUBE_L
249113,7619,FUN_1,FUN_2
249113,23094,FUN_1,FUN_2
249116,12194,CUBE_L,RET
249117,27392,FUN_3,FUN_4
249119,2396,FUN_4,FUN_3
249126,8156,FUN_3,FUN_4
249129,635,FUN_3,FUN_4
249131,22464,FUN_4,FUN_5
249136,26180,FUN_2,FUN_1
249138,1026,FUN_4,FUN_3
249162,10282,FUN_2,FUN_3
249181,27083,FUN_2,FUN_1
249192,7619,FUN_2,FUN_1
249195,26365,CUBE_R,RET
249210,12218,FUN_6,CUBE_R
249215,8156,FUN_4,FUN_3
249222,25134,FUN_1,FUN_2
249271,14955,FUN_4,FUN_3
249278,11373,FUN_4,FUN_5
249284,19810,FUN_4,FUN_3
249287,19696,FUN_2,FUN_3
249291,4260,CUBE_R,RET
249291,10510,FUN_4,FUN_3
249299,19670,FUN_1,FUN_2
249303,26260,FUN_2,FUN_3
249320,10461,FUN_1,CUBE_L
249327,5694,FUN_4,FUN_3
249330,14056,FUN_4,FUN_5
249340,29560,FUN_3,FUN_4
249345,18518,FUN_3,FUN_4
249349,3797,FUN_1,FUN_2
249353,22976,FUN_3,FUN_4
249370,21802,FUN_3,FUN_2
249372,11965,FUN_4,FUN_5
249377,22425,RET,CUBE_L
249378,20525,FUN_3,FUN_4
249382,4111,CUBE_R,FUN_6
249401,27089,FUN_1,FUN_2
249416,918,FUN_3,FUN_4
249419,952,RET,CUBE_L
249424,24505,FUN_2,FUN_3
249430,16957,FUN_6,FUN_5
249435,7267,FUN_2,FUN_1
249435,20284,FUN_1,FUN_2
249438,24564,FUN_4,FUN_5
249449,1462,FUN_1,CUBE_L
249462,23491,FUN_2,FUN_3
249463,8678,RET,CUBE_L
249465,16039,FUN_1,FUN_2
249473,23516,RET,CUBE_R
249476,10428,FUN_6,CUBE_R
249478,4260,RET,CUBE_R
249481,28680,FUN_1,CUBE_L
249510,10582,FUN_2,FUN_3
249527,390,FUN_2,FUN_1
249536,7247,FUN_2,FUN_3
249564,13865,FUN_2,FUN_3
249578,3797,FUN_2,FUN_1
249581,23197,FUN_3,FUN_4
249612,27088,FUN_2,FUN_3
249618,12895,FUN_1,FUN_2
249633,26083,CUBE_R,FUN_6
249649,4220,FUN_4,FUN_3
249654,5108,FUN_1,FUN_2
249654,20682,FUN_6,FUN_5
249668,3583,FUN_2,FUN_1
249669,25134,FUN_2,FUN_1
249689,22515,FUN_3,FUN_4
249696,11370,FUN_1,FUN_2
249703,24256,FUN_3,FUN_2
249716,29627,FUN_2,FUN_3
249721,14429,CUBE_L,FUN_1
249725,20504,FUN_2,FUN_1
249729,2623,FUN_4,FUN_3
249743,13841,FUN_1,FUN_2
249747,24686,FUN_1,CUBE_L
249764,22628,FUN_5,FUN_4
249768,28495,RET,CUBE_L
249780,26970,FUN_1,FUN_2
249800,21913,FUN_2,FUN_3
249827,10510,FUN_3,FUN_4
249864,21420,FUN_2,FUN_1
249881,5065,FUN_2,FUN_1
249883,23704,FUN_5,FUN_6
249890,3556,FUN_3,FUN_2
249919,15500,FUN_2,FUN_3
249963,27580,RET,CUBE_R
249964,25134,FUN_1,FUN_2
249965,4577,FUN_2,FUN_3
249965,12604,CUBE_R,RET
249994,28778,RET,CUBE_L
249997,4111,FUN_6,CUBE_R
250007,29512,FUN_6,CUBE_R
250019,23516,CUBE_R,RET
250026,28707,FUN_5,FUN_4
250049,9390,FUN_1,FUN_2
250050,5694,FUN_3,FUN_4
250052,23914,RET,CUBE_L
250055,11894,FUN_1,FUN_2
250080,27557,FUN_1,FUN_2
250080,27923,FUN_4,FUN_3
250089,13290,CUBE_R,RET
250106,10150,FUN_6,CUBE_R
250117,15333,FUN_4,FUN_5
250117,28341,CUBE_R,RET
250127,14906,FUN_2,FUN_3
250129,5065,FUN_1,FUN_2
250129,17803,FUN_3,FUN_4
250147,5861,FUN_2,FUN_1
250156,22964,CUBE_R,RET
250182,20649,FUN_1,FUN_2
250191,1845,FUN_2,FUN_1
250219,14683,FUN_3,FUN_2
250222,27651,FUN_3,FUN_2
250225,20308,FUN_2,FUN_1
250231,5065,FUN_2,FUN_1
250238,13290,RET,CUBE_R
250247,7445,CUBE_R,RET
250266,4700,FUN_2,FUN_3
250267,22712,FUN_1,FUN_2
250269,26260,FUN_3,FUN_2
250270,18414,FUN_4,FUN_3
250301,739,CUBE_R,RET
250308,27852,FUN_3,FUN_2
250333,4933,FUN_6,FUN_5
250351,27679,FUN_3,FUN_2
250352,29037,FUN_5,FUN_4
250354,22186,FUN_2,FUN_3
250364,3839,RET,CUBE_R
250370,12868,FUN_3,FUN_4
250371,18031,FUN_2,FUN_3
250373,24051,FUN_2,FUN_3
250394,24352,FUN_4,FUN_3
250403,15993,FUN_3,FUN_2
250412,390,FUN_1,FUN_2
250416,21039,CUBE_R,RET
250418,25134,FUN_2,FUN_1
250431,10146,FUN_4,FUN_5
250439,21878,CUBE_R,RET
250439,22324,FUN_1,FUN_2
250484,27913,FUN_2,FUN_3
250486,2398,FUN_2,FUN_1
250488,26914,FUN_4,FUN_5
250502,8496,CUBE_R,RET
250508,15815,FUN_2,FUN_1
250533,5604,FUN_3,FUN_2
250546,22744,FUN_2,FUN_3
250548,13244,FUN_6,FUN_5
250548,25745,FUN_5,FUN_4
250578,15421,FUN_2,FUN_1
250620,11373,FUN_5,FUN_4
250641,6429,FUN_3,FUN_2
250648,15321,FUN_6,CUBE_R
250656,7713,CUBE_R,FUN_6
250660,17465,FUN_2,FUN_1
250671,27913,FUN_3,FUN_2
250674,5602,FUN_1,FUN_2
250682,95,FUN_4,FUN_3
250691,21285,FUN_1,CUBE_L
250693,27215,FUN_2,FUN_3
250695,4485,FUN_2,FUN_1
250717,20682,FUN_5,FUN_6
250720,3907,FUN_4,FUN_5
250721,17241,FUN_2,FUN_3
250741,9541,FUN_3,FUN_2
250749,22224,FUN_3,FUN_4
250774,27651,FUN_2,FUN_3
250776,11551,FUN_2,FUN_1
250786,10989,FUN_3,FUN_2
250802,10428,CUBE_R,FUN_6
250807,18990,FUN_5,FUN_4
250818,20504,FUN_1,FUN_2
250831,8417,FUN_3,FUN_4
250839,3177,FUN_1,FUN_2
250845,2496,FUN_3,FUN_4
250846,22628,FUN_4,FUN_5
250855,1180,RET,CUBE_L
250866,9216,FUN_3,FUN_2
250904,15916,FUN_3,FUN_2
250908,4234,FUN_3,FUN_4
250908,20308,FUN_1,FUN_2
250921,1238,CUBE_R,RET
250933,26211,FUN_3,FUN_2
250976,57,FUN_3,FUN_2
250981,29274,FUN_6,CUBE_R
251000,16119,FUN_2,FUN_3
251004,13816,FUN_3,FUN_4
251010,27580,CUBE_R,RET
251019,7074,FUN_2,FUN_3
251033,15795,FUN_1,CUBE_L
251044,24770,FUN_2,FUN_1
251049,16925,FUN_3,FUN_2
251071,12218,CUBE_R,FUN_6
251073,6373,FUN_4,FUN_5
251085,11551,FUN_1,FUN_2
251087,27231,FUN_2,FUN_1
251089,17508,FUN_1,FUN_2
251089,25293,FUN_5,FUN_6
251119,29191,FUN_1,FUN_2
251128,28790,CUBE_R,RET
251130,4234,FUN_4,FUN_3
251157,8775,FUN_3,FUN_2
251161,28586,FUN_4,FUN_5
251162,9922,FUN_6,CUBE_R
251170,22600,FUN_2,FUN_3
251174,22789,FUN_2,FUN_1
251180,2396,FUN_3,FUN_4
251183,27212,CUBE_L,FUN_1
251185,17589,RET,CUBE_L
251188,17113,FUN_5,FUN_6
251192,2398,FUN_1,FUN_2
251195,24564,FUN_5,FUN_4
251212,29718,FUN_2,FUN_3
251228,28015,FUN_3,FUN_2
251233,24032,CUBE_L,RET
251234,27952,FUN_2,FUN_1
251237,320,CUBE_R,RET
251243,13450,FUN_2,FUN_1
251255,14683,FUN_2,FUN_3
251256,12112,FUN_3,FUN_4
251261,5337,RET,CUBE_L
251264,13679,FUN_1,FUN_2
251275,12868,FUN_4,FUN_3
251284,29509,FUN_5,FUN_6
251287,2247,FUN_5,FUN_6
251301,12908,FUN_1,FUN_2
251325,12868,FUN_3,FUN_4
251335,160,FUN_6,FUN_5
251339,29190,CUBE_R,FUN_6
251345,25134,FUN_1,FUN_2
251350,9399,FUN_2,FUN_3
251354,29845,FUN_6,CUBE_R
251355,15451,FUN_3,FUN_2
251373,13290,CUBE_R,RET
251374,384,FUN_3,FUN_2
251403,1360,FUN_3,FUN_2
251416,10532,FUN_3,FUN_4
251439,1195,FUN_2,FUN_3
251472,20682,FUN_6,FUN_5
251483,18052,CUBE_L,RET
251502,14110,RET,CUBE_L
251513,4577,FUN_3,FUN_2
251513,17508,FUN_2,FUN_1
251551,13816,FUN_4,FUN_3
251553,15122,FUN_4,FUN_3
251575,16579,FUN_2,FUN_1
251579,388,FUN_1,FUN_2
251582,473,CUBE_L,RET
251596,21662,FUN_3,FUN_4
251597,13245,FUN_3,FUN_4
251600,1180,CUBE_L,RET
251626,27088,FUN_3,FUN_2
251632,28586,FUN_5,FUN_4
251634,20682,FUN_5,FUN_6
251658,709,FUN_3,FUN_4
251683,21285,CUBE_L,FUN_1
251730,19212,CUBE_L,RET
251777,16191,FUN_3,FUN_4
251797,5861,FUN_1,FUN_2
251847,25271,FUN_5,FUN_6
251849,9761,FUN_2,FUN_1
251854,23123,FUN_2,FUN_3
251858,29760,FUN_1,CUBE_L
251890,12194,RET,CUBE_L
251900,8496,RET,CUBE_R
251902,3569,RET,CUBE_R
251934,5333,FUN_2,FUN_3
251954,12868,FUN_4,FUN_3
251966,4563,FUN_3,FUN_2
251980,8055,FUN_5,FUN_4
251988,19440,FUN_2,FUN_1
251991,25037,FUN_3,FUN_2
251993,26941,FUN_3,FUN_2
251994,4970,FUN_2,FUN_1
251996,14771,FUN_4,FUN_5
252022,1360,FUN_2,FUN_3
252029,15099,CUBE_R,FUN_6
252031,21781,FUN_3,FUN_2
252040,16549,FUN_4,FUN_5
252042,29760,CUBE_L,FUN_1
252060,10895,FUN_2,FUN_1
252064,20140,FUN_2,FUN_1
252075,9922,CUBE_R,FUN_6
252075,21406,FUN_2,FUN_1
252080,26914,FUN_5,FUN_4
252084,5615,RET,CUBE_L
252094,10597,FUN_6,FUN_5
252098,4260,CUBE_R,RET
252121,1278,CUBE_R,FUN_6
252136,2324,FUN_5,FUN_4
252153,5482,RET,CUBE_L
252158,19911,RET,CUBE_R
252165,7445,RET,CUBE_R
252170,17500,FUN_3,FUN_2
252185,635,FUN_4,FUN_3
252192,9390,FUN_2,FUN_1
252217,5604,FUN_2,FUN_3
252222,9922,FUN_6,CUBE_R
252222,22583,FUN_4,FUN_5
252235,17704,FUN_4,FUN_5
252238,9122,FUN_3,FUN_2
252242,27567,CUBE_L,RET
252245,354,FUN_5,FUN_4
252247,23974,FUN_4,FUN_3
252263,2495,CUBE_R,RET
252263,23491,FUN_3,FUN_2
252264,13290,RET,CUBE_R
252268,13154,FUN_6,CUBE_R
252281,9430,FUN_1,FUN_2
252289,18063,FUN_2,FUN_1
252297,22143,FUN_6,FUN_5
252299,9672,CUBE_L,RET
252303,12619,CUBE_R,FUN_6
252313,17091,RET,CUBE_L
252321,14329,FUN_2,FUN_1
252325,12619,FUN_6,CUBE_R
252325,25271,FUN_6,FUN_5
252336,21776,FUN_2,FUN_3
252338,8471,FUN_5,FUN_4
252338,17413,FUN_2,FUN_3
252351,28779,FUN_1,FUN_2
252355,20415,FUN_1,FUN_2
252356,561,FUN_2,FUN_1
252379,8305,FUN_4,FUN_5
252407,3556,FUN_2,FUN_3
252410,11503,FUN_1,FUN_2
252414,17113,FUN_6,FUN_5
252417,24704,RET,CUBE_R
252422,28349,FUN_4,FUN_5
252440,3578,FUN_1,CUBE_L
252440,3797,FUN_1,FUN_2
252453,28174,FUN_2,FUN_1
252473,21285,FUN_1,CUBE_L
252475,29187,FUN_3,FUN_2
252482,1438,RET,CUBE_R
252484,9056,FUN_2,FUN_3
252499,26498,FUN_3,FUN_2
252513,13819,FUN_2,FUN_1
252516,29443,FUN_2,FUN_1
252519,9430,FUN_2,FUN_1
252519,11894,FUN_2,FUN_1
252535,3400,FUN_2,FUN_3
252557,27322,FUN_3,FUN_2
252567,15321,CUBE_R,FUN_6
252586,7057,FUN_3,FUN_2
252604,18620,FUN_5,FUN_4
252618,2324,FUN_4,FUN_5
252628,17413,FUN_3,FUN_2
252632,2382,FUN_3,FUN_2
252639,22316,FUN_3,FUN_2
252642,17482,FUN_5,FUN_6
252648,17347,FUN_4,FUN_3
252649,20838,FUN_1,FUN_2
252650,2382,FUN_2,FUN_3
252651,2382,FUN_3,FUN_2
252653,9282,FUN_6,CUBE_R
252660,28694,FUN_2,FUN_1
252662,18406,FUN_3,FUN_2
252670,14200,FUN_2,FUN_1
252674,14751,CUBE_L,RET
252677,9541,FUN_2,FUN_3
252679,21021,RET,CUBE_L
252686,13819,FUN_1,FUN_2
252686,17465,FUN_1,FUN_2
252689,5333,FUN_3,FUN_2
252695,28951,FUN_6,CUBE_R
252723,27496,FUN_2,FUN_3
252724,9146,FUN_2,FUN_3
252726,23123,FUN_3,FUN_2
252734,23123,FUN_2,FUN_3
252740,473,RET,CUBE_L
252756,22324,FUN_2,FUN_1
252759,8222,FUN_2,FUN_1
252772,10989,FUN_2,FUN_3
252775,16161,FUN_5,FUN_6
252803,7965,FUN_5,FUN_4
252813,22332,CUBE_R,RET
252818,23123,FUN_3,FUN_2
252821,4933,FUN_5,FUN_6
252834,23123,FUN_2,FUN_3
252839,2372,CUBE_L,RET
252841,14613,FUN_6,CUBE_R
252842,2099,CUBE_L,RET
252853,10573,RET,CUBE_L
252870,12455,FUN_6,FUN_5
252878,18414,FUN_3,FUN_4
252882,26914,FUN_4,FUN_5
252887,27640,FUN_5,FUN_6
252911,9430,FUN_1,FUN_2
252911,23116,CUBE_R,FUN_6
252913,773,FUN_5,FUN_4
252916,7387,FUN_3,FUN_4
252921,17722,FUN_3,FUN_4
252922,19497,RET,CUBE_R
252929,20534,RET,CUBE_L
252930,15954,RET,CUBE_R
252945,15032,FUN_1,FUN_2
252945,19312,FUN_5,FUN_4
252950,12359,FUN_5,FUN_6
252953,20649,FUN_2,FUN_1
252998,8471,FUN_4,FUN_5
253001,17320,FUN_3,FUN_2
253023,6690,FUN_1,FUN_2
253033,28075,FUN_5,FUN_6
253036,15989,FUN_1,FUN_2
253039,21419,FUN_3,FUN_2
253050,19973,FUN_4,FUN_5
253062,5434,FUN_2,FUN_3
253068,21781,FUN_2,FUN_3
253070,17500,FUN_2,FUN_3
253113,18054,FUN_2,FUN_3
253117,3583,FUN_1,FUN_2
253122,1180,RET,CUBE_L
253130,13866,FUN_2,FUN_1
253144,7371,FUN_2,FUN_3
253152,3913,FUN_2,FUN_3
253155,17901,CUBE_L,RET
253161,11894,FUN_1,FUN_2
253176,26585,CUBE_R,FUN_6
253201,4156,FUN_2,FUN_3
253205,21662,FUN_4,FUN_3
253211,4644,FUN_4,FUN_3
253218,9969,CUBE_R,RET
253228,10597,FUN_5,FUN_6
253237,2197,FUN_6,CUBE_R
253243,287,FUN_2,FUN_1
253250,14635,FUN_4,FUN_3
253271,21802,FUN_2,FUN_3
253277,5065,FUN_1,FUN_2
253282,14702,CUBE_R,RET
253290,7760,FUN_4,FUN_5
253328,4234,FUN_3,FUN_4
253340,1202,FUN_2,FUN_1
253343,17866,RET,CUBE_L
253355,11370,FUN_2,FUN_1
253356,19831,FUN_1,FUN_2
253358,22285,FUN_5,FUN_4
253358,27759,FUN_3,FUN_2
253363,6429,FUN_2,FUN_3
253368,21276,FUN_1,FUN_2
253369,22236,FUN_6,FUN_5
253373,29432,FUN_4,FUN_3
253374,25745,FUN_4,FUN_5
253377,19973,FUN_5,FUN_4
253382,21420,FUN_1,FUN_2
253393,9762,CUBE_L,RET
253399,6980,RET,CUBE_R
253404,16587,FUN_1,FUN_2
253406,1195,FUN_3,FUN_2
253406,26365,RET,CUBE_R
253433,4557,FUN_3,FUN_2
253473,3913,FUN_3,FUN_2
253476,817,CUBE_R,RET
253499,8471,FUN_5,FUN_4
253513,27089,FUN_2,FUN_1
253514,22143,FUN_5,FUN_6
253527,1768,RET,CUBE_R
253527,14469,FUN_2,FUN_1
253543,7068,FUN_2,FUN_3
253544,18324,FUN_3,FUN_4
253564,20682,FUN_6,FUN_5
253586,23199,FUN_6,FUN_5
253587,23382,FUN_6,FUN_5
253589,17722,FUN_4,FUN_3
253590,10704,FUN_4,FUN_5
253591,11503,FUN_2,FUN_1
253597,26320,FUN_2,FUN_1
253610,4129,FUN_3,FUN_4
253611,15954,CUBE_R,RET
253629,5690,FUN_2,FUN_3
253632,21420,FUN_2,FUN_1
253643,22712,FUN_2,FUN_1
253659,15989,FUN_2,FUN_1
253679,18990,FUN_4,FUN_5
253682,5565,FUN_3,FUN_2
253684,23076,FUN_2,FUN_3
253688,4059,FUN_5,FUN_6
253690,18317,CUBE_L,RET
253692,28790,RET,CUBE_R
253700,21406,FUN_1,FUN_2
253720,15954,RET,CUBE_R
253725,57,FUN_2,FUN_3
253726,561,FUN_1,FUN_2
253727,15954,CUBE_R,RET
253728,5434,FUN_3,FUN_2
253732,24945,FUN_2,FUN_3
253735,20534,CUBE_L,RET
253781,20770,CUBE_R,RET
253793,25666,FUN_2,FUN_1
253795,24061,RET,CUBE_L
253801,10895,FUN_1,FUN_2
253804,14635,FUN_3,FUN_4
253807,193,FUN_4,FUN_3
253807,22976,FUN_4,FUN_3
253830,18620,FUN_4,FUN_5
253865,9390,FUN_1,FUN_2
253885,15298,FUN_2,FUN_3
253909,24256,FUN_2,FUN_3
253913,1238,RET,CUBE_R
253915,12134,FUN_2,FUN_1
253944,27567,RET,CUBE_L
253962,6930,CUBE_R,FUN_6
253974,5065,FUN_2,FUN_1
254000,15815,FUN_1,FUN_2
254008,9596,RET,CUBE_L
254011,561,FUN_2,FUN_1
254031,2008,FUN_3,FUN_4
254041,5690,FUN_3,FUN_2
254057,14857,FUN_4,FUN_3
254058,14200,FUN_1,FUN_2
254069,23838,FUN_2,FUN_1
254072,1898,FUN_3,FUN_2
254080,2751,CUBE_L,FUN_1
254082,20504,FUN_2,FUN_1
254083,14508,FUN_2,FUN_1
254086,28460,CUBE_R,FUN_6
254088,7371,FUN_3,FUN_2
254093,9673,RET,CUBE_R
254093,15989,FUN_1,FUN_2
254102,14857,FUN_3,FUN_4
254105,17911,FUN_1,CUBE_L
254105,21781,FUN_3,FUN_2
254112,28778,CUBE_L,RET
254120,26979,RET,CUBE_L
254121,12071,FUN_2,FUN_3
254135,26905,FUN_2,FUN_1
254141,1507,FUN_3,FUN_2
254152,27739,FUN_3,FUN_2
254193,3665,FUN_4,FUN_5
254208,8594,FUN_2,FUN_1
254217,27913,FUN_2,FUN_3
254233,21817,FUN_2,FUN_1
254234,2261,FUN_4,FUN_5
254254,9762,RET,CUBE_L
254256,1898,FUN_2,FUN_3
254259,27893,CUBE_L,FUN_1
254259,28496,FUN_2,FUN_1
254261,24333,RET,CUBE_R
254280,13605,FUN_5,FUN_6
254305,24988,FUN_4,FUN_3
254308,19133,FUN_4,FUN_5
254310,12700,FUN_1,FUN_2
254316,17482,FUN_6,FUN_5
254342,7617,FUN_3,FUN_4
254343,25134,FUN_2,FUN_1
254345,28496,FUN_1,FUN_2
254359,14658,FUN_2,FUN_1
254363,23123,FUN_3,FUN_2
254383,23116,FUN_6,CUBE_R
254411,25084,FUN_1,CUBE_L
254413,28636,FUN_2,FUN_1
254416,10461,CUBE_L,FUN_1
254434,19495,CUBE_L,RET
254459,18620,FUN_5,FUN_4
254461,27580,RET,CUBE_R
254462,22316,FUN_2,FUN_3
254467,8992,FUN_4,FUN_5
254469,20308,FUN_2,FUN_1
254471,3331,FUN_2,FUN_3
254476,287,FUN_1,FUN_2
254490,13944,FUN_6,CUBE_R
254499,7462,FUN_4,FUN_3
254499,9840,FUN_4,FUN_3
254500,27089,FUN_1,FUN_2
254501,2004,FUN_2,FUN_1
254514,19495,RET,CUBE_L
254520,686,FUN_2,FUN_3
254532,4485,FUN_1,FUN_2
254537,15916,FUN_2,FUN_3
254544,9748,FUN_2,FUN_3
254550,14857,FUN_4,FUN_3
254569,18063,FUN_1,FUN_2
254577,3839,CUBE_R,RET
254577,14490,CUBE_R,FUN_6
254583,22217,FUN_2,FUN_1
254585,5210,FUN_1,FUN_2
254597,14702,RET,CUBE_R
254605,9746,FUN_4,FUN_3
254618,19469,FUN_6,FUN_5
254619,10063,FUN_6,FUN_5
254646,9541,FUN_3,FUN_2
254654,7024,CUBE_R,FUN_6
254655,5683,FUN_2,FUN_3
254660,3686,FUN_3,FUN_4
254703,1171,FUN_5,FUN_6
254704,3681,CUBE_L,RET
254711,3921,FUN_5,FUN_4
254721,14026,FUN_2,FUN_1
254732,3681,RET,CUBE_L
254734,15099,FUN_6,CUBE_R
254739,7779,FUN_4,FUN_3
254744,25650,FUN_2,FUN_3
254754,14490,FUN_6,CUBE_R
254767,57,FUN_3,FUN_2
254768,316,FUN_4,FUN_5
254771,3907,FUN_5,FUN_4
254771,13807,FUN_4,FUN_5
254786,17483,FUN_6,FUN_5
254794,6690,FUN_2,FUN_1
254802,11456,FUN_2,FUN_1
254808,14490,CUBE_R,FUN_6
254844,27640,FUN_6,FUN_5
254846,2261,FUN_5,FUN_4
254851,2197,CUBE_R,FUN_6
254857,2261,FUN_4,FUN_5
254882,12559,FUN_1,FUN_2
254889,14490,FUN_6,CUBE_R
254894,6000,FUN_3,FUN_2
254907,21449,FUN_3,FUN_4
254914,20838,FUN_2,FUN_1
254915,29904,FUN_3,FUN_2
254932,9174,FUN_3,FUN_2
254946,1438,CUBE_R,RET
254969,17751,RET,CUBE_R
254971,21817,FUN_1,FUN_2
254972,4129,FUN_4,FUN_3
254976,15631,FUN_3,FUN_2
254978,20770,RET,CUBE_R
254989,18054,FUN_3,FUN_2
254990,20649,FUN_1,FUN_2
254991,24553,CUBE_L,RET
254992,13774,CUBE_L,RET
255008,16579,FUN_1,FUN_2
255026,26543,CUBE_L,FUN_1
255033,27852,FUN_2,FUN_3
255043,18231,RET,CUBE_L
255046,26090,FUN_1,FUN_2
255049,9923,FUN_5,FUN_6
255055,21341,RET,CUBE_R
255065,16023,CUBE_L,RET
255072,25666,FUN_1,FUN_2
255073,4485,FUN_2,FUN_1
255083,9174,FUN_2,FUN_3
255086,7068,FUN_3,FUN_2
255111,1541,FUN_1,FUN_2
255131,21420,FUN_1,FUN_2
255136,4036,FUN_3,FUN_2
255139,5108,FUN_2,FUN_1
255139,25293,FUN_6,FUN_5
255150,10989,FUN_3,FUN_2
255152,15570,CUBE_R,RET
255178,5434,FUN_2,FUN_3
255194,17483,FUN_5,FUN_6
255203,14102,FUN_1,FUN_2
255203,29509,FUN_6,FUN_5
255204,287,FUN_2,FUN_1
255230,8521,FUN_2,FUN_1
255242,5157,CUBE_R,RET
255242,14026,FUN_1,FUN_2
255256,7838,CUBE_L,RET
255271,384,FUN_2,FUN_3
255289,763,FUN_2,FUN_1
255292,2197,FUN_6,CUBE_R
255295,1908,FUN_3,FUN_4
255315,16160,RET,CUBE_R
255322,16205,FUN_3,FUN_2
255337,3656,FUN_5,FUN_4
255342,22217,FUN_1,FUN_2
255369,12181,RET,CUBE_L
255375,5615,CUBE_L,RET
255386,4563,FUN_2,FUN_3
255388,6091,FUN_5,FUN_6
255389,2172,FUN_6,FUN_5
255391,21409,FUN_3,FUN_2
255402,9174,FUN_3,FUN_2
255404,22316,FUN_3,FUN_2
255424,3907,FUN_4,FUN_5
255437,18054,FUN_2,FUN_3
255443,21211,FUN_3,FUN_4
255443,21766,FUN_5,FUN_4
255447,21829,FUN_2,FUN_1
255454,14571,FUN_6,FUN_5
255464,22515,FUN_4,FUN_3
255468,20311,RET,CUBE_L
255494,28075,FUN_6,FUN_5
255495,22712,FUN_1,FUN_2
255508,25248,FUN_3,FUN_2
255511,26498,FUN_2,FUN_3
255523,2261,FUN_5,FUN_4
255543,7619,FUN_1,FUN_2
255551,11503,FUN_1,FUN_2
255554,10402,CUBE_L,FUN_1
255555,16579,FUN_2,FUN_1
255556,17709,CUBE_L,FUN_1
255582,2433,FUN_2,FUN_1
255592,10477,FUN_5,FUN_6
255601,15212,FUN_2,FUN_3
255606,5565,FUN_2,FUN_3
255617,9146,FUN_3,FUN_2
255629,26180,FUN_1,FUN_2
255638,21888,RET,CUBE_L
255647,4036,FUN_2,FUN_3
255650,14054,CUBE_R,RET
255660,22377,FUN_2,FUN_1
255660,22719,RET,CUBE_R
255666,22316,FUN_2,FUN_3
255667,17347,FUN_3,FUN_4
255674,6748,FUN_2,FUN_3
255675,13613,FUN_3,FUN_4
255684,28951,CUBE_R,FUN_6
255685,29512,CUBE_R,FUN_6
255695,5139,FUN_5,FUN_6
255701,17589,CUBE_L,RET
255707,24553,RET,CUBE_L
255711,13906,FUN_2,FUN_3
255717,14812,FUN_4,FUN_3
255741,28636,FUN_1,FUN_2
255756,13944,CUBE_R,FUN_6
255767,20534,RET,CUBE_L
255768,4485,FUN_1,FUN_2
255768,22238,RET,CUBE_L
255772,817,RET,CUBE_R
255779,20549,RET,CUBE_L
255805,4019,FUN_3,FUN_2
255811,4644,FUN_3,FUN_4
255811,13591,FUN_2,FUN_1
255811,24212,FUN_4,FUN_5
255833,561,FUN_1,FUN_2
255833,21341,CUBE_R,RET
255852,1908,FUN_4,FUN_3
255857,17413,FUN_2,FUN_3
255858,28496,FUN_2,FUN_1
255859,5140,FUN_1,FUN_2
255866,19170,CUBE_R,FUN_6
255872,24803,FUN_3,FUN_2
255888,19579,CUBE_L,RET
255893,21736,FUN_2,FUN_1
255899,1116,RET,CUBE_L
255912,9840,FUN_3,FUN_4
255913,16208,FUN_5,FUN_4
255927,25037,FUN_2,FUN_3
255952,4689,FUN_2,FUN_3
255952,27496,FUN_3,FUN_2
255953,3307,CUBE_L,RET
255963,388,FUN_2,FUN_1
255991,13591,FUN_1,FUN_2
256013,29760,FUN_1,CUBE_L
256026,24057,FUN_2,FUN_1
256041,384,FUN_3,FUN_2
256045,9748,FUN_3,FUN_2
256049,28096,FUN_1,FUN_2
256056,14683,FUN_3,FUN_2
256083,19631,FUN_5,FUN_6
256085,21187,FUN_4,FUN_5
256101,3400,FUN_3,FUN_2
256108,10989,FUN_2,FUN_3
256108,13062,FUN_4,FUN_3
256108,17486,FUN_1,FUN_2
256114,21888,CUBE_L,RET
256114,25134,FUN_1,FUN_2
256137,3331,FUN_3,FUN_2
256137,15451,FUN_2,FUN_3
256138,5157,RET,CUBE_R
256139,20144,FUN_2,FUN_1
256149,17751,CUBE_R,RET
256156,29150,FUN_4,FUN_3
256162,15032,FUN_2,FUN_1
256168,2197,CUBE_R,FUN_6
256174,7267,FUN_1,FUN_2
256184,13591,FUN_2,FUN_1
256186,27083,FUN_1,FUN_2
256193,24142,FUN_6,FUN_5
256202,20372,FUN_1,CUBE_L
256248,6000,FUN_2,FUN_3
256248,10350,FUN_3,FUN_4
256249,16160,CUBE_R,RET
256257,24988,FUN_3,FUN_4
256266,8037,FUN_3,FUN_2
256268,15298,FUN_3,FUN_2
256277,26730,FUN_6,FUN_5
256280,20432,FUN_2,FUN_3
256289,5075,CUBE_R,FUN_6
256289,25666,FUN_2,FUN_1
256293,11373,FUN_4,FUN_5
256362,14857,FUN_3,FUN_4
256389,16301,FUN_3,FUN_2
256425,17807,FUN_4,FUN_3
256431,2004,FUN_1,FUN_2
256433,21878,RET,CUBE_R
256437,14046,FUN_4,FUN_5
256447,6980,CUBE_R,RET
256460,8264,FUN_3,FUN_2
256467,18508,FUN_4,FUN_3
256471,22316,FUN_3,FUN_2
256484,21879,FUN_4,FUN_3
256487,26941,FUN_2,FUN_3
256490,9105,RET,CUBE_R
256512,5293,FUN_5,FUN_6
256517,11856,FUN_1,FUN_2
256519,20776,FUN_2,FUN_3
256524,10472,CUBE_R,FUN_6
256525,18406,FUN_2,FUN_3
256527,18433,FUN_3,FUN_2
256530,4129,FUN_3,FUN_4
256535,13822,FUN_2,FUN_1
256537,22600,FUN_3,FUN_2
256542,28249,CUBE_R,RET
256543,21766,FUN_4,FUN_5
256564,14658,FUN_1,FUN_2
256565,4019,FUN_2,FUN_3
256582,14102,FUN_2,FUN_1
256606,22462,FUN_3,FUN_2
256609,14812,FUN_3,FUN_4
256615,3400,FUN_2,FUN_3
256622,11926,CUBE_L,RET
256622,22464,FUN_5,FUN_4
256636,29512,FUN_6,CUBE_R
256649,29943,FUN_1,CUBE_L
256650,23704,FUN_6,FUN_5
256669,28778,RET,CUBE_L
256674,3307,RET,CUBE_L
256676,1507,FUN_2,FUN_3
256682,1171,FUN_6,FUN_5
256693,21926,FUN_2,FUN_1
256699,27212,FUN_1,CUBE_L
256706,17320,FUN_2,FUN_3
256729,6944,FUN_1,FUN_2
256733,5075,FUN_6,CUBE_R
256735,29408,FUN_5,FUN_6
256736,18054,FUN_3,FUN_2
256743,21005,FUN_3,FUN_2
256749,19649,FUN_1,CUBE_L
256762,14812,FUN_4,FUN_3
256764,7057,FUN_2,FUN_3
256769,4129,FUN_4,FUN_3
256774,26914,FUN_5,FUN_4
256777,23076,FUN_3,FUN_2
256786,7255,CUBE_R,RET
256801,28779,FUN_2,FUN_1
256804,29187,FUN_2,FUN_3
256812,11657,FUN_2,FUN_1
256818,21829,FUN_1,FUN_2
256840,20755,FUN_5,FUN_6
256844,13515,FUN_3,FUN_2
256845,1423,FUN_2,FUN_3
256853,27415,FUN_3,FUN_2
256863,29718,FUN_3,FUN_2
256869,8055,FUN_4,FUN_5
256873,2348,FUN_3,FUN_4
256873,28174,FUN_1,FUN_2
256874,8264,FUN_2,FUN_3
256874,28249,RET,CUBE_R
256875,17347,FUN_4,FUN_3
256886,19868,RET,CUBE_L
256914,7311,CUBE_R,RET
256917,21449,FUN_4,FUN_3
256924,9174,FUN_2,FUN_3
256949,16039,FUN_2,FUN_1
256958,11281,FUN_3,FUN_2
256959,20333,FUN_1,FUN_2
256966,9399,FUN_3,FUN_2
256967,19170,FUN_6,CUBE_R
256968,26320,FUN_1,FUN_2
257002,8315,FUN_3,FUN_2
257009,967,FUN_2,FUN_1
257014,18878,FUN_4,FUN_3
257022,26327,FUN_1,FUN_2
257031,26914,FUN_4,FUN_5
257058,16236,FUN_2,FUN_3
257060,26862,FUN_2,FUN_3
257062,4732,FUN_2,FUN_1
257087,27759,FUN_2,FUN_3
257095,57,FUN_2,FUN_3
257111,3913,FUN_2,FUN_3
257114,10573,CUBE_L,RET
257118,20556,FUN_3,FUN_2
257135,21781,FUN_2,FUN_3
257147,24770,FUN_1,FUN_2
257151,15662,FUN_4,FUN_3
257159,26914,FUN_5,FUN_4
257169,23514,FUN_6,CUBE_R
257173,11164,FUN_2,FUN_3
257176,25250,FUN_1,FUN_2
257192,18310,FUN_2,FUN_1
257192,28496,FUN_1,FUN_2
257204,10472,FUN_6,CUBE_R
257206,18130,FUN_6,CUBE_R
257206,26914,FUN_4,FUN_5
257213,10357,FUN_3,FUN_4
257231,11812,FUN_3,FUN_4
257236,15321,FUN_6,CUBE_R
257238,25935,FUN_3,FUN_2
257241,15670,FUN_5,FUN_4
257268,26970,FUN_2,FUN_1
257287,10424,FUN_3,FUN_2
257290,9748,FUN_2,FUN_3
257294,18433,FUN_2,FUN_3
257296,9174,FUN_3,FUN_2
257300,9120,FUN_5,FUN_6
257304,26914,FUN_5,FUN_4
257318,2700,FUN_3,FUN_2
257318,16582,FUN_2,FUN_3
257328,24676,FUN_4,FUN_5
257342,26914,FUN_4,FUN_5
257353,18406,FUN_3,FUN_2
257361,2434,FUN_2,FUN_1
257368,14102,FUN_1,FUN_2
257368,18756,CUBE_R,RET
257370,20197,FUN_2,FUN_3
257386,17486,FUN_2,FUN_1
257387,8222,FUN_1,FUN_2
257389,3331,FUN_2,FUN_3
257400,20144,FUN_1,FUN_2
257402,23382,FUN_5,FUN_6
257404,1423,FUN_3,FUN_2
257413,4129,FUN_3,FUN_4
257449,12134,FUN_1,FUN_2
257457,14751,RET,CUBE_L
257469,20538,CUBE_L,RET
257496,10929,FUN_3,FUN_4
257506,8853,FUN_1,FUN_2
257528,18324,FUN_4,FUN_3
257538,7627,FUN_3,FUN_2
257538,22425,CUBE_L,RET
257540,7101,FUN_2,FUN_3
257544,15989,FUN_2,FUN_1
257567,21449,FUN_3,FUN_4
257574,21879,FUN_3,FUN_4
257577,19002,FUN_5,FUN_4
257604,22143,FUN_6,FUN_5
257617,284,CUBE_L,RET
257623,5861,FUN_2,FUN_1
257623,7779,FUN_3,FUN_4
257628,4288,FUN_4,FUN_3
257629,23745,CUBE_L,RET
257653,3846,FUN_1,CUBE_L
257656,5135,FUN_2,FUN_1
257669,6755,CUBE_L,RET
257681,8594,FUN_1,FUN_2
257681,20755,FUN_6,FUN_5
257698,22719,CUBE_R,RET
257704,754,FUN_3,FUN_2
257712,7642,FUN_4,FUN_5
257721,15815,FUN_2,FUN_1
257723,10597,FUN_6,FUN_5
257732,23609,FUN_5,FUN_4
257738,18752,FUN_3,FUN_2
257744,316,FUN_5,FUN_4
257771,4485,FUN_2,FUN_1
257772,9541,FUN_2,FUN_3
257784,26417,FUN_2,FUN_3
257786,4732,FUN_1,FUN_2
257795,4019,FUN_3,FUN_2
257799,316,FUN_4,FUN_5
257804,4732,FUN_2,FUN_1
257805,27928,FUN_5,FUN_6
257808,24333,CUBE_R,RET
257814,12526,CUBE_L,RET
257819,23155,FUN_2,FUN_1
257840,17386,FUN_5,FUN_4
257848,2184,FUN_6,CUBE_R
257851,13591,FUN_1,FUN_2
257864,29627,FUN_3,FUN_2
257867,5565,FUN_3,FUN_2
257876,22905,FUN_2,FUN_1
257907,27105,FUN_1,FUN_2
257915,10150,CUBE_R,FUN_6
257933,21390,FUN_4,FUN_5
257957,22905,FUN_1,FUN_2
257964,10086,FUN_5,FUN_4
257965,22248,FUN_3,FUN_2
257986,8478,FUN_1,FUN_2
257989,5719,FUN_3,FUN_4
257990,22719,RET,CUBE_R
257999,5512,RET,CUBE_L
258027,24158,CUBE_L,RET
258027,26380,FUN_6,FUN_5
258047,19495,CUBE_L,RET
258052,18518,FUN_4,FUN_3
258073,25250,FUN_2,FUN_1
258089,6944,FUN_2,FUN_1
258092,4563,FUN_3,FUN_2
258092,29967,FUN_3,FUN_2
258120,20025,FUN_3,FUN_2
258121,8305,FUN_5,FUN_4
258131,686,FUN_3,FUN_2
258133,22869,CUBE_L,RET
258148,23430,FUN_3,FUN_4
258159,14026,FUN_2,FUN_1
258161,16160,RET,CUBE_R
258166,13205,FUN_4,FUN_5
258166,22787,FUN_2,FUN_3
258180,15212,FUN_3,FUN_2
258187,18433,FUN_3,FUN_2
258198,22205,FUN_3,FUN_2
258224,13150,FUN_5,FUN_4
258230,6478,FUN_3,FUN_4
258230,20039,FUN_1,FUN_2
258239,26862,FUN_3,FUN_2
258247,9526,FUN_1,FUN_2
258255,23974,FUN_3,FUN_4
258256,2004,FUN_2,FUN_1
258257,6690,FUN_1,FUN_2
258276,24061,CUBE_L,RET
258284,5434,FUN_3,FUN_2
258285,7462,FUN_3,FUN_4
258295,28174,FUN_2,FUN_1
258300,16586,FUN_2,FUN_1
258302,13816,FUN_3,FUN_4
258302,20776,FUN_3,FUN_2
258309,22143,FUN_5,FUN_6
258325,14508,FUN_1,FUN_2
258332,4023,FUN_6,CUBE_R
258334,9390,FUN_2,FUN_1
258343,10931,FUN_1,FUN_2
258350,4036,FUN_3,FUN_2
258350,21705,FUN_2,FUN_3
258352,4772,FUN_3,FUN_2
258354,26970,FUN_1,FUN_2
258356,25935,FUN_2,FUN_3
258357,22744,FUN_3,FUN_2
258383,2324,FUN_5,FUN_4
258391,8214,FUN_3,FUN_2
258410,21419,FUN_2,FUN_3
258416,3920,FUN_3,FUN_2
258417,16589,FUN_4,FUN_5
258427,22317,FUN_3,FUN_2
258429,9602,FUN_4,FUN_5
258437,13591,FUN_2,FUN_1
258441,14026,FUN_1,FUN_2
258444,26970,FUN_2,FUN_1
258455,7995,FUN_1,FUN_2
258471,2623,FUN_3,FUN_4
258471,5157,CUBE_R,RET
258478,28300,FUN_2,FUN_1
258488,3578,CUBE_L,FUN_1
258495,29760,CUBE_L,FUN_1
258505,17386,FUN_4,FUN_5
258537,4036,FUN_2,FUN_3
258567,17110,FUN_5,FUN_4
258569,29562,CUBE_R,FUN_6
258602,22464,FUN_4,FUN_5
258613,1373,FUN_2,FUN_3
258627,25627,FUN_2,FUN_1
258628,817,CUBE_R,RET
258632,17078,FUN_2,FUN_1
258655,6342,CUBE_R,FUN_6
258674,29562,FUN_6,CUBE_R
258684,12054,FUN_3,FUN_4
258689,27496,FUN_2,FUN_3
258694,24738,CUBE_L,FUN_1
258700,11657,FUN_1,FUN_2
258703,26211,FUN_2,FUN_3
258721,16034,FUN_2,FUN_1
258727,24021,FUN_3,FUN_4
258736,7475,FUN_5,FUN_6
258750,26260,FUN_2,FUN_3
258753,9174,FUN_2,FUN_3
258757,15122,FUN_3,FUN_4
258771,9602,FUN_5,FUN_4
258771,27928,FUN_6,FUN_5
258776,14857,FUN_4,FUN_3
258777,7311,RET,CUBE_R
258798,19133,FUN_5,FUN_4
258800,4970,FUN_1,FUN_2
258800,20197,FUN_3,FUN_2
258805,419,CUBE_R,FUN_6
258809,23914,CUBE_L,RET
258815,20611,FUN_6,FUN_5
258821,14026,FUN_2,FUN_1
258822,11281,FUN_2,FUN_3
258828,28174,FUN_1,FUN_2
258830,25471,FUN_2,FUN_3
258841,11774,FUN_4,FUN_3
258845,13865,FUN_3,FUN_2
258897,14026,FUN_1,FUN_2
258917,11463,FUN_1,FUN_2
258924,4897,FUN_2,FUN_3
258924,16119,FUN_3,FUN_2
258925,13591,FUN_1,FUN_2
258928,20534,CUBE_L,RET
258942,2197,FUN_6,CUBE_R
258951,2433,FUN_1,FUN_2
258958,15079,FUN_4,FUN_5
258979,18225,FUN_4,FUN_5
258981,6031,FUN_3,FUN_2
259011,8214,FUN_2,FUN_3
259013,5210,FUN_2,FUN_1
259022,16549,FUN_5,FUN_4
259024,10472,CUBE_R,FUN_6
259034,17483,FUN_6,FUN_5
259039,6447,FUN_3,FUN_4
259041,3318,FUN_5,FUN_4
259042,28564,FUN_2,FUN_1
259056,17482,FUN_5,FUN_6
259067,27327,FUN_3,FUN_4
259070,25142,RET,CUBE_R
259073,12595,FUN_6,FUN_5
259079,4897,FUN_3,FUN_2
259086,5434,FUN_2,FUN_3
259091,10066,FUN_2,FUN_3
259101,1941,FUN_2,FUN_3
259118,24054,FUN_5,FUN_4
259125,18231,CUBE_L,RET
259137,17802,FUN_3,FUN_4
259144,16187,FUN_3,FUN_2
259168,21316,FUN_3,FUN_4
259172,3225,FUN_3,FUN_2
259176,20770,CUBE_R,RET
259193,5333,FUN_2,FUN_3
259209,16119,FUN_2,FUN_3
259209,29562,CUBE_R,FUN_6
259212,1321,FUN_5,FUN_4
259218,956,FUN_4,FUN_5
259218,23914,RET,CUBE_L
259230,8940,CUBE_R,FUN_6
259235,3578,FUN_1,CUBE_L
259261,27088,FUN_2,FUN_3
259264,13613,FUN_4,FUN_3
259282,2838,FUN_2,FUN_3
259288,5482,CUBE_L,RET
259304,22462,FUN_2,FUN_3
259307,3627,FUN_5,FUN_4
259323,7627,FUN_2,FUN_3
259336,10535,CUBE_R,FUN_6
259340,13819,FUN_2,FUN_1
259384,25666,FUN_1,FUN_2
259390,4933,FUN_6,FUN_5
259401,24495,FUN_2,FUN_3
259424,18414,FUN_4,FUN_3
259424,29037,FUN_4,FUN_5
259429,13591,FUN_2,FUN_1
259438,14259,FUN_2,FUN_1
259441,6377,FUN_4,FUN_5
259444,27327,FUN_4,FUN_3
259445,20649,FUN_2,FUN_1
259451,5434,FUN_3,FUN_2
259456,18231,RET,CUBE_L
259462,29831,FUN_3,FUN_4
259470,23587,FUN_2,FUN_1
259473,5135,FUN_1,FUN_2
259474,10535,FUN_6,CUBE_R
259482,24142,FUN_5,FUN_6
259483,9596,CUBE_L,RET
259497,5602,FUN_2,FUN_1
259498,10428,FUN_6,CUBE_R
259502,21776,FUN_3,FUN_2
259506,23036,FUN_5,FUN_6
259516,26520,FUN_4,FUN_3
259534,1373,FUN_3,FUN_2
259535,2172,FUN_5,FUN_6
259541,10406,CUBE_R,FUN_6
259541,11812,FUN_4,FUN_3
259545,12455,FUN_5,FUN_6
259558,4220,FUN_3,FUN_4
259562,3948,FUN_6,CUBE_R
259574,7823,FUN_3,FUN_2
259578,17080,FUN_2,FUN_3
259606,4129,FUN_4,FUN_3
259606,11512,FUN_1,FUN_2
259613,12259,FUN_1,FUN_2
259617,11456,FUN_1,FUN_2
259636,22719,CUBE_R,RET
259640,29263,CUBE_L,FUN_1
259654,21776,FUN_2,FUN_3
259674,12359,FUN_6,FUN_5
259678,3913,FUN_3,FUN_2
259689,9602,FUN_4,FUN_5
259690,10704,FUN_5,FUN_4
259695,503,FUN_3,FUN_2
259717,9216,FUN_2,FUN_3
259719,8542,FUN_4,FUN_3
259735,6974,FUN_4,FUN_3
259738,17320,FUN_3,FUN_2
259754,22719,RET,CUBE_R
259760,3656,FUN_4,FUN_5
259782,28660,FUN_2,FUN_1
259786,17320,FUN_2,FUN_3
259802,4941,FUN_2,FUN_3
259819,2172,FUN_6,FUN_5
259822,16128,FUN_6,CUBE_R
259823,10678,FUN_2,FUN_3
259823,29757,CUBE_L,FUN_1
259830,7475,FUN_6,FUN_5
259834,23123,FUN_2,FUN_3
259843,12919,FUN_6,FUN_5
259854,22217,FUN_2,FUN_1
259867,14294,FUN_2,FUN_3
259889,29182,FUN_1,FUN_2
259902,28669,FUN_2,FUN_1
259909,18225,FUN_5,FUN_4
259946,4563,FUN_2,FUN_3
259947,10931,FUN_2,FUN_1
259959,6748,FUN_3,FUN_2
259970,17866,CUBE_L,RET
259980,19439,FUN_6,CUBE_R
259999,14998,FUN_6,FUN_5
260006,2321,FUN_4,FUN_3
260006,22248,FUN_2,FUN_3
260019,796,FUN_3,FUN_4
260025,503,FUN_2,FUN_3
260031,6871,FUN_2,FUN_3
260032,11456,FUN_2,FUN_1
260056,19495,RET,CUBE_L
260066,24051,FUN_3,FUN_2
260071,24054,FUN_4,FUN_5
260080,13591,FUN_1,FUN_2
260089,28217,FUN_3,FUN_4
260110,10350,FUN_4,FUN_3
260121,22143,FUN_6,FUN_5
260148,10012,FUN_3,FUN_2
260148,24945,FUN_3,FUN_2
260156,8301,CUBE_L,FUN_1
260162,22248,FUN_3,FUN_2
260170,1423,FUN_2,FUN_3
260175,29744,FUN_3,FUN_2
260186,29263,FUN_1,CUBE_L
260189,8251,FUN_6,CUBE_R
260192,14613,CUBE_R,FUN_6
260202,8301,FUN_1,CUBE_L
260208,503,FUN_3,FUN_2
260215,21766,FUN_5,FUN_4
260216,22869,RET,CUBE_L
260222,9900,FUN_1,FUN_2
260227,24142,FUN_6,FUN_5
260267,28669,FUN_1,FUN_2
260273,1423,FUN_3,FUN_2
260275,10773,FUN_5,FUN_4
260291,5210,FUN_1,FUN_2
260295,29037,FUN_5,FUN_4
260305,23491,FUN_2,FUN_3
260309,19649,CUBE_L,FUN_1
260310,20119,FUN_2,FUN_3
260312,1423,FUN_2,FUN_3
260325,22248,FUN_2,FUN_3
260328,16510,FUN_4,FUN_5
260330,5358,RET,CUBE_R
260331,9765,FUN_4,FUN_5
260342,25250,FUN_1,FUN_2
260366,23587,FUN_1,FUN_2
260367,7995,FUN_2,FUN_1
260373,23129,FUN_2,FUN_1
260413,4772,FUN_2,FUN_3
260426,20587,FUN_4,FUN_3
260428,8301,CUBE_L,FUN_1
260438,19495,CUBE_L,RET
260449,14102,FUN_2,FUN_1
260454,20525,FUN_4,FUN_3
260468,2838,FUN_3,FUN_2
260470,1699,FUN_2,FUN_1
260471,10088,FUN_2,FUN_1
260474,23129,FUN_1,FUN_2
260488,19580,FUN_3,FUN_2
260494,3457,FUN_1,FUN_2
260501,14102,FUN_1,FUN_2
260505,26970,FUN_1,FUN_2
260510,1419,CUBE_R,RET
260529,17911,CUBE_L,FUN_1
260545,24988,FUN_4,FUN_3
260548,20039,FUN_2,FUN_1
260556,1321,FUN_4,FUN_5
260561,15682,FUN_5,FUN_4
260562,1251,CUBE_L,RET
260585,19957,FUN_2,FUN_1
260585,21776,FUN_3,FUN_2
260600,13031,FUN_1,FUN_2
260618,27679,FUN_2,FUN_3
260622,18990,FUN_5,FUN_4
260636,13368,CUBE_L,FUN_1
260666,25899,FUN_1,FUN_2
260668,14294,FUN_3,FUN_2
260668,22203,FUN_1,FUN_2
260671,9545,FUN_3,FUN_2
260672,8478,FUN_2,FUN_1
260682,23568,FUN_2,FUN_3
260687,24224,FUN_4,FUN_5
260697,796,FUN_4,FUN_3
260704,1845,FUN_1,FUN_2
260708,11456,FUN_1,FUN_2
260722,21728,FUN_2,FUN_1
260727,1491,FUN_4,FUN_3
260752,4204,FUN_6,CUBE_R
260756,19194,CUBE_R,FUN_6
260757,13679,FUN_2,FUN_1
260769,21316,FUN_4,FUN_3
260773,5434,FUN_2,FUN_3
260778,27086,FUN_4,FUN_3
260791,14998,FUN_5,FUN_6
260792,2398,FUN_2,FUN_1
260803,15176,FUN_6,CUBE_R
260808,22816,FUN_3,FUN_2
260816,5157,RET,CUBE_R
260829,2433,FUN_2,FUN_1
260837,17078,FUN_1,FUN_2
260851,3913,FUN_2,FUN_3
260869,8301,FUN_1,CUBE_L
260872,6000,FUN_3,FUN_2
260872,26211,FUN_3,FUN_2
260874,26268,FUN_2,FUN_3
260899,4933,FUN_5,FUN_6
260900,18414,FUN_3,FUN_4
260910,21766,FUN_4,FUN_5
260922,22719,CUBE_R,RET
260927,17807,FUN_3,FUN_4
260945,25219,FUN_3,FUN_4
260949,8734,CUBE_L,RET
260949,20039,FUN_1,FUN_2
260950,28015,FUN_2,FUN_3
260951,10704,FUN_4,FUN_5
260961,27651,FUN_3,FUN_2
260966,5023,FUN_2,FUN_1
260971,20587,FUN_3,FUN_4
260972,22462,FUN_3,FUN_2
260974,11993,FUN_3,FUN_2
260974,12168,FUN_2,FUN_3
260987,20119,FUN_3,FUN_2
260990,4019,FUN_2,FUN_3
260995,15815,FUN_1,FUN_2
260995,26499,FUN_2,FUN_3
261007,23568,FUN_3,FUN_2
261008,29215,FUN_4,FUN_3
261019,20649,FUN_1,FUN_2
261031,22770,FUN_2,FUN_1
261047,8301,CUBE_L,FUN_1
261072,709,FUN_4,FUN_3
261087,20473,CUBE_L,RET
261091,29546,FUN_6,FUN_5
261098,19473,FUN_4,FUN_5
261100,14056,FUN_5,FUN_4
261101,9631,FUN_5,FUN_6
261103,15536,FUN_3,FUN_2
261113,4970,FUN_2,FUN_1
261122,25198,CUBE_L,RET
261141,4689,FUN_3,FUN_2
261147,22790,FUN_2,FUN_1
261154,28075,FUN_5,FUN_6
261170,21341,RET,CUBE_R
261173,28669,FUN_2,FUN_1
261174,11453,FUN_3,FUN_2
261203,503,FUN_2,FUN_3
261205,2433,FUN_1,FUN_2
261224,11662,FUN_3,FUN_2
261240,22945,CUBE_R,FUN_6
261244,3656,FUN_5,FUN_4
261245,1951,CUBE_L,RET
261260,12572,FUN_3,FUN_2
261297,22352,FUN_2,FUN_3
261299,4772,FUN_3,FUN_2
261310,12181,CUBE_L,RET
261313,12526,RET,CUBE_L
261314,10689,FUN_2,FUN_1
261319,4933,FUN_6,FUN_5
261319,16591,FUN_3,FUN_2
261339,26029,FUN_2,FUN_1
261343,22316,FUN_2,FUN_3
261392,10989,FUN_3,FUN_2
261397,16128,CUBE_R,FUN_6
261397,29512,CUBE_R,FUN_6
261398,28819,FUN_4,FUN_3
261411,9174,FUN_3,FUN_2
261420,24695,FUN_3,FUN_2
261423,11768,FUN_3,FUN_2
261430,1116,CUBE_L,RET
261442,25627,FUN_1,FUN_2
261450,22180,FUN_2,FUN_3
261460,21728,FUN_1,FUN_2
261465,16510,FUN_5,FUN_4
261475,28845,FUN_5,FUN_4
261476,14026,FUN_2,FUN_1
261479,5120,FUN_3,FUN_4
261483,10931,FUN_1,FUN_2
261489,22134,FUN_3,FUN_2
261515,15993,FUN_2,FUN_3
261519,26730,FUN_5,FUN_6
261530,20562,CUBE_R,RET
261540,14102,FUN_2,FUN_1
261556,3619,FUN_1,FUN_2
261559,12926,FUN_2,FUN_3
261570,7474,FUN_3,FUN_2
261574,15321,CUBE_R,FUN_6
261584,3457,FUN_2,FUN_1
261602,12259,FUN_2,FUN_1
261605,7371,FUN_2,FUN_3
261623,17320,FUN_3,FUN_2
261644,8605,FUN_3,FUN_2
261646,10673,FUN_2,FUN_1
261651,6944,FUN_1,FUN_2
261656,709,FUN_3,FUN_4
261656,3583,FUN_2,FUN_1
261656,5108,FUN_1,FUN_2
261683,16187,FUN_2,FUN_3
261713,11373,FUN_5,FUN_4
261714,16084,CUBE_R,FUN_6
261717,20525,FUN_3,FUN_4
261727,9089,FUN_1,FUN_2
261737,9112,FUN_5,FUN_4
261753,20197,FUN_2,FUN_3
261766,28669,FUN_1,FUN_2
261772,11657,FUN_2,FUN_1
261782,21423,CUBE_R,FUN_6
261783,6487,FUN_4,FUN_3
261783,17627,FUN_1,CUBE_L
261795,14865,FUN_2,FUN_3
261813,11662,FUN_2,FUN_3
261814,22979,CUBE_R,FUN_6
261839,15547,FUN_3,FUN_4
261844,18063,FUN_2,FUN_1
261851,23804,FUN_1,FUN_2
261868,28300,FUN_1,FUN_2
261872,18828,FUN_6,CUBE_R
261873,4933,FUN_5,FUN_6
261880,16187,FUN_3,FUN_2
261881,17911,FUN_1,CUBE_L
261891,13613,FUN_3,FUN_4
261895,24803,FUN_2,FUN_3
261917,384,FUN_2,FUN_3
261930,384,FUN_3,FUN_2
261934,11662,FUN_3,FUN_2
261936,384,FUN_2,FUN_3
261941,5120,FUN_4,FUN_3
261947,26981,CUBE_L,FUN_1
261948,1202,FUN_1,FUN_2
261954,9686,FUN_5,FUN_4
261955,25134,FUN_2,FUN_1
261956,28819,FUN_3,FUN_4
261963,4077,FUN_3,FUN_2
261971,14751,CUBE_L,RET
261972,22789,FUN_1,FUN_2
261997,27223,FUN_3,FUN_4
262001,23739,FUN_3,FUN_2
262001,23914,CUBE_L,RET
262026,14746,CUBE_R,RET
262040,8675,FUN_1,FUN_2
262044,20649,FUN_2,FUN_1
262057,6809,CUBE_L,RET
262071,24505,FUN_3,FUN_2
262081,1116,RET,CUBE_L
262089,13150,FUN_4,FUN_5
262099,11662,FUN_2,FUN_3
262123,25142,CUBE_R,RET
262127,13679,FUN_1,FUN_2
262133,25719,FUN_3,FUN_2
262138,11572,CUBE_R,RET
262153,393,FUN_2,FUN_3
262154,29409,CUBE_L,FUN_1
262165,2197,CUBE_R,FUN_6
262169,13295,FUN_4,FUN_3
262170,13560,FUN_4,FUN_3
262182,3053,FUN_5,FUN_4
262182,11463,FUN_2,FUN_1
262182,11657,FUN_1,FUN_2
262245,29432,FUN_3,FUN_4
262267,3053,FUN_4,FUN_5
262269,18990,FUN_4,FUN_5
262285,26862,FUN_2,FUN_3
262308,18414,FUN_4,FUN_3
262309,1699,FUN_1,FUN_2
262315,12572,FUN_2,FUN_3
262327,17589,RET,CUBE_L
262332,27496,FUN_3,FUN_2
262337,5065,FUN_1,FUN_2
262349,22224,FUN_4,FUN_3
262353,14381,FUN_3,FUN_4
262357,6560,FUN_5,FUN_6
262381,20895,FUN_2,FUN_3
262392,4630,FUN_6,CUBE_R
262400,23430,FUN_4,FUN_3
262414,384,FUN_3,FUN_2
262416,1026,FUN_3,FUN_4
262426,1507,FUN_3,FUN_2
262431,29718,FUN_2,FUN_3
262436,3971,FUN_2,FUN_1
262437,3053,FUN_5,FUN_4
262449,23155,FUN_1,FUN_2
262462,7823,FUN_2,FUN_3
262468,13150,FUN_5,FUN_4
262469,19133,FUN_4,FUN_5
262475,14998,FUN_6,FUN_5
262479,19784,FUN_3,FUN_2
262486,13150,FUN_4,FUN_5
262487,14283,FUN_6,FUN_5
262498,14355,FUN_1,CUBE_L
262502,13909,FUN_3,FUN_2
262505,287,FUN_1,FUN_2
262505,24418,FUN_3,FUN_2
262511,26663,FUN_2,FUN_1
262526,13305,FUN_2,FUN_1
262528,1419,RET,CUBE_R
262528,8251,CUBE_R,FUN_6
262532,11657,FUN_2,FUN_1
262533,18990,FUN_5,FUN_4
262539,26908,FUN_4,FUN_5
262544,4732,FUN_1,FUN_2
262550,710,CUBE_L,RET
262558,13450,FUN_1,FUN_2
262598,22789,FUN_2,FUN_1
262614,10573,RET,CUBE_L
262621,21728,FUN_2,FUN_1
262637,2004,FUN_1,FUN_2
262655,8594,FUN_2,FUN_1
262657,16084,FUN_6,CUBE_R
262667,7474,FUN_2,FUN_3
262681,4970,FUN_1,FUN_2
262682,21105,FUN_4,FUN_5
262695,14040,RET,CUBE_L
262698,21005,FUN_2,FUN_3
262702,26520,FUN_3,FUN_4
262711,19495,RET,CUBE_L
262718,1455,FUN_3,FUN_4
262755,18274,CUBE_L,RET
262757,25899,FUN_2,FUN_1
262766,25219,FUN_4,FUN_3
262782,19033,FUN_6,FUN_5
262801,23739,FUN_2,FUN_3
262808,17386,FUN_5,FUN_4
262810,9977,FUN_3,FUN_4
262852,16089,FUN_1,FUN_2
262853,14102,FUN_1,FUN_2
262863,4234,FUN_4,FUN_3
262896,27086,FUN_3,FUN_4
262898,28300,FUN_2,FUN_1
262908,3971,FUN_1,FUN_2
262920,23585,CUBE_L,RET
262926,27493,FUN_1,FUN_2
262940,24447,FUN_2,FUN_1
262948,10573,CUBE_L,RET
262965,3177,FUN_2,FUN_1
262973,6085,FUN_1,FUN_2
262974,24505,FUN_2,FUN_3
262976,29744,FUN_2,FUN_3
262982,24803,FUN_3,FUN_2
263029,28015,FUN_3,FUN_2
263036,17954,FUN_2,FUN_3
263053,26970,FUN_2,FUN_1
263060,3971,FUN_2,FUN_1
263086,21363,RET,CUBE_L
263087,817,RET,CUBE_R
263092,21308,CUBE_R,RET
263094,7760,FUN_5,FUN_4
263099,21341,CUBE_R,RET
263100,14613,FUN_6,CUBE_R
263110,21943,FUN_6,CUBE_R
263111,10350,FUN_3,FUN_4
263117,23430,FUN_3,FUN_4
263122,11291,FUN_6,CUBE_R
263142,5185,FUN_5,FUN_4
263150,26862,FUN_3,FUN_2
263152,25935,FUN_3,FUN_2
263170,22129,FUN_5,FUN_4
263172,22816,FUN_2,FUN_3
263178,20895,FUN_3,FUN_2
263207,15938,FUN_2,FUN_1
263209,14054,RET,CUBE_R
263212,283,RET,CUBE_R
263222,1419,CUBE_R,RET
263238,3971,FUN_1,FUN_2
263247,24505,FUN_3,FUN_2
263267,19600,FUN_6,FUN_5
263281,28460,FUN_6,CUBE_R
263285,14110,CUBE_L,RET
263289,5185,FUN_4,FUN_5
263291,16301,FUN_2,FUN_3
263317,3797,FUN_2,FUN_3
263319,9686,FUN_4,FUN_5
263338,6903,FUN_3,FUN_2
263338,10989,FUN_2,FUN_3
263345,921,FUN_4,FUN_5
263350,7565,FUN_3,FUN_4
263357,25745,FUN_5,FUN_4
263365,384,FUN_2,FUN_3
263369,5434,FUN_3,FUN_2
263377,4030,FUN_5,FUN_4
263377,22438,FUN_5,FUN_4
263382,9780,CUBE_R,FUN_6
263388,11993,FUN_2,FUN_3
263395,11453,FUN_2,FUN_3
263403,7475,FUN_5,FUN_6
263404,20340,FUN_2,FUN_1
263409,1423,FUN_3,FUN_2
263412,14658,FUN_2,FUN_1
263420,19835,RET,CUBE_L
263459,858,FUN_5,FUN_6
263467,3907,FUN_5,FUN_4
263467,24134,CUBE_R,RET
263468,18508,FUN_3,FUN_4
263487,7235,FUN_3,FUN_4
263503,29562,FUN_6,CUBE_R
263507,9977,FUN_4,FUN_3
263514,5434,FUN_2,FUN_3
263520,19194,FUN_6,CUBE_R
263533,1986,FUN_4,FUN_3
263540,5434,FUN_3,FUN_2
263558,13906,FUN_3,FUN_2
263567,8301,FUN_1,CUBE_L
263569,19886,FUN_2,FUN_1
263573,4077,FUN_2,FUN_3
263575,24351,FUN_2,FUN_1
263581,6478,FUN_4,FUN_3
263583,1455,FUN_4,FUN_3
263585,17483,FUN_5,FUN_6
263585,24676,FUN_5,FUN_4
263597,24738,FUN_1,CUBE_L
263610,28669,FUN_2,FUN_1
263662,13613,FUN_4,FUN_3
263672,29466,FUN_2,FUN_1
263675,8521,FUN_1,FUN_2
263688,12572,FUN_3,FUN_2
263694,26412,FUN_1,CUBE_L
263700,25034,FUN_3,FUN_2
263710,796,FUN_3,FUN_4
263746,23463,CUBE_L,RET
263761,29150,FUN_3,FUN_4
263771,26047,CUBE_R,RET
263779,24158,RET,CUBE_L
263810,13305,FUN_1,FUN_2
263812,12045,FUN_2,FUN_3
263814,5604,FUN_3,FUN_2
263814,28096,FUN_2,FUN_1
263823,23528,CUBE_L,FUN_1
263827,1455,FUN_3,FUN_4
263828,3050,FUN_3,FUN_4
263831,13591,FUN_2,FUN_1
263831,15040,FUN_3,FUN_2
263858,20197,FUN_3,FUN_2
263862,1195,FUN_2,FUN_3
263880,10962,FUN_2,FUN_3
263880,14746,RET,CUBE_R
263887,24158,CUBE_L,RET
263894,27493,FUN_2,FUN_1
263894,28564,FUN_1,FUN_2
263920,9120,FUN_6,FUN_5
263930,25471,FUN_3,FUN_2
263943,796,FUN_4,FUN_3
263948,1202,FUN_2,FUN_1
263949,24066,FUN_3,FUN_2
263961,709,FUN_4,FUN_3
263962,13560,FUN_3,FUN_4
263978,2978,FUN_2,FUN_1
263982,9146,FUN_2,FUN_3
263987,7823,FUN_3,FUN_2
263996,4962,CUBE_R,RET
263997,29432,FUN_4,FUN_3
263998,13450,FUN_2,FUN_1
264003,11993,FUN_3,FUN_2
264004,28549,CUBE_L,RET
264044,22990,FUN_1,FUN_2
264045,9282,CUBE_R,FUN_6
264047,24418,FUN_2,FUN_3
264062,9754,FUN_5,FUN_6
264071,26595,FUN_2,FUN_3
264090,27661,FUN_2,FUN_3
264094,19033,FUN_5,FUN_6
264098,29528,RET,CUBE_L
264120,15793,FUN_3,FUN_2
264124,16888,FUN_2,FUN_3
264134,13613,FUN_3,FUN_4
264144,18054,FUN_2,FUN_3
264159,26730,FUN_6,FUN_5
264160,10063,FUN_5,FUN_6
264161,18231,CUBE_L,RET
264161,21266,FUN_6,CUBE_R
264185,18317,RET,CUBE_L
264187,16084,CUBE_R,FUN_6
264190,26365,CUBE_R,RET
264231,3681,CUBE_L,RET
264244,3177,FUN_1,FUN_2
264251,18063,FUN_1,FUN_2
264255,27955,CUBE_R,FUN_6
264261,3681,RET,CUBE_L
264268,16084,FUN_6,CUBE_R
264278,14102,FUN_2,FUN_1
264299,20197,FUN_2,FUN_3
264362,25200,FUN_3,FUN_2
264364,23614,CUBE_R,RET
264365,12926,FUN_3,FUN_2
264375,16084,CUBE_R,FUN_6
264379,26376,CUBE_L,RET
264380,13450,FUN_1,FUN_2
264384,22790,FUN_1,FUN_2
264413,8594,FUN_1,FUN_2
264416,686,FUN_2,FUN_3
264425,29546,FUN_5,FUN_6
264436,13822,FUN_1,FUN_2
264439,5659,FUN_2,FUN_3
264448,27912,FUN_4,FUN_3
264452,11453,FUN_3,FUN_2
264480,9146,FUN_3,FUN_2
264481,26029,FUN_1,FUN_2
264485,384,FUN_3,FUN_2
264499,19245,FUN_2,FUN_3
264508,17078,FUN_2,FUN_1
264519,27240,CUBE_L,FUN_1
264527,18508,FUN_4,FUN_3
264530,13560,FUN_4,FUN_3
264542,20415,FUN_2,FUN_1
264559,24695,FUN_2,FUN_3
264576,27955,FUN_6,CUBE_R
264577,17465,FUN_2,FUN_1
264579,5831,RET,CUBE_L
264579,27240,FUN_1,CUBE_L
264580,29215,FUN_3,FUN_4
264596,15993,FUN_3,FUN_2
264603,3681,CUBE_L,RET
264614,22316,FUN_3,FUN_2
264617,10350,FUN_4,FUN_3
264641,16187,FUN_2,FUN_3
264646,22621,FUN_6,CUBE_R
264651,26970,FUN_1,FUN_2
264659,10460,FUN_3,FUN_2
264661,7024,FUN_6,CUBE_R
264680,26970,FUN_2,FUN_1
264687,9122,FUN_2,FUN_3
264703,16888,FUN_3,FUN_2
264705,25219,FUN_3,FUN_4
264714,10875,FUN_1,FUN_2
264718,9399,FUN_2,FUN_3
264738,10704,FUN_5,FUN_4
264740,19278,FUN_4,FUN_5
264740,20587,FUN_4,FUN_3
264744,6903,FUN_2,FUN_3
264745,21276,FUN_2,FUN_1
264758,25471,FUN_2,FUN_3
264759,1845,FUN_2,FUN_1
264761,23430,FUN_4,FUN_3
264772,23963,FUN_3,FUN_2
264778,8115,FUN_3,FUN_4
264789,5023,FUN_1,FUN_2
264804,29102,FUN_3,FUN_2
264828,21889,FUN_2,FUN_3
264844,6903,FUN_3,FUN_2
264872,10063,FUN_6,FUN_5
264878,20592,FUN_3,FUN_4
264892,21187,FUN_5,FUN_4
264907,9178,FUN_3,FUN_2
264910,4774,FUN_4,FUN_5
264917,23076,FUN_2,FUN_3
264938,11384,FUN_2,FUN_3
264948,13241,RET,CUBE_R
264967,16084,FUN_6,CUBE_R
264971,12926,FUN_2,FUN_3
264972,29757,FUN_1,CUBE_L
264976,24505,FUN_2,FUN_3
264991,25152,FUN_3,FUN_2
264994,20333,FUN_2,FUN_1
265017,9909,FUN_2,FUN_1
265034,20755,FUN_5,FUN_6
265038,6000,FUN_2,FUN_3
265044,16549,FUN_4,FUN_5
265045,28075,FUN_6,FUN_5
265047,22990,FUN_2,FUN_1
265048,5363,CUBE_R,FUN_6
265048,5619,FUN_4,FUN_5
265066,18828,CUBE_R,FUN_6
265073,8693,FUN_2,FUN_1
265086,10918,RET,CUBE_L
265090,29528,CUBE_L,RET
265096,17627,CUBE_L,FUN_1
265100,23457,FUN_5,FUN_4
265113,16011,CUBE_R,RET
265123,12917,FUN_6,FUN_5
265133,14102,FUN_1,FUN_2
265136,10460,FUN_2,FUN_3
265142,23974,FUN_4,FUN_3
265144,21266,CUBE_R,FUN_6
265176,25475,FUN_1,FUN_2
265185,13560,FUN_3,FUN_4
265218,11269,FUN_3,FUN_2
265227,24695,FUN_3,FUN_2
265235,10240,CUBE_L,RET
265235,15040,FUN_2,FUN_3
265241,22797,FUN_2,FUN_3
265243,27496,FUN_2,FUN_3
265285,3665,FUN_5,FUN_4
265289,9834,FUN_3,FUN_2
265293,26247,FUN_3,FUN_4
265309,19191,FUN_6,CUBE_R
265317,11551,FUN_2,FUN_3
265330,17080,FUN_3,FUN_2
265331,283,CUBE_R,RET
265335,7823,FUN_2,FUN_3
265336,19423,FUN_3,FUN_2
265338,26365,RET,CUBE_R
265343,2382,FUN_2,FUN_3
265356,9596,RET,CUBE_L
265363,23266,FUN_3,FUN_4
265369,1455,FUN_4,FUN_3
265382,16934,CUBE_R,FUN_6
265403,21276,FUN_1,FUN_2
265405,987,FUN_2,FUN_1
265411,1419,RET,CUBE_R
265415,18063,FUN_2,FUN_1
265417,24495,FUN_3,FUN_2
265422,342,FUN_2,FUN_3
265426,7445,CUBE_R,RET
265430,15117,CUBE_L,RET
265430,21926,FUN_1,FUN_2
265431,3519,FUN_6,CUBE_R
265433,22137,FUN_3,FUN_2
265436,23024,FUN_4,FUN_3
265441,12926,FUN_3,FUN_2
265462,17671,FUN_1,CUBE_L
265477,1238,CUBE_R,RET
265479,27813,FUN_4,FUN_3
265488,4927,FUN_3,FUN_2
265491,898,FUN_4,FUN_3
265492,23614,RET,CUBE_R
265493,24564,FUN_4,FUN_5
265494,22869,CUBE_L,RET
265505,14294,FUN_2,FUN_3
265541,17486,FUN_1,FUN_2
265552,8037,FUN_2,FUN_3
265554,26090,FUN_2,FUN_1
265570,3913,FUN_3,FUN_2
265588,26257,CUBE_L,FUN_1
265590,4896,FUN_2,FUN_1
265599,11926,RET,CUBE_L
265599,22789,FUN_1,FUN_2
265612,384,FUN_2,FUN_3
265615,19423,FUN_2,FUN_3
265627,15773,FUN_2,FUN_3
265634,2067,FUN_4,FUN_3
265635,12252,FUN_3,FUN_4
265638,29503,RET,CUBE_R
265645,22438,FUN_4,FUN_5
265689,9174,FUN_2,FUN_3
265730,22130,RET,CUBE_L
265748,9919,FUN_2,FUN_1
265757,18508,FUN_3,FUN_4
265770,4737,CUBE_R,FUN_6
265786,20230,FUN_3,FUN_4
265803,18383,FUN_2,FUN_1
265815,16034,FUN_1,FUN_2
265817,19196,CUBE_R,RET
265826,23914,RET,CUBE_L
265834,3553,CUBE_R,FUN_6
265840,1020,FUN_1,FUN_2
265842,26908,FUN_5,FUN_4
265850,16405,RET,CUBE_R
265854,23914,CUBE_L,RET
265856,12908,FUN_2,FUN_1
265860,22990,FUN_1,FUN_2
265867,26988,FUN_3,FUN_2
265882,23632,FUN_3,FUN_2
265898,3158,FUN_2,FUN_1
265907,26970,FUN_1,FUN_2
265907,29345,FUN_2,FUN_3
265920,24256,FUN_3,FUN_2
265941,22990,FUN_2,FUN_1
265947,20473,RET,CUBE_L
265948,18752,FUN_2,FUN_3
265961,8222,FUN_2,FUN_1
265967,21926,FUN_2,FUN_1
265978,23614,CUBE_R,RET
265988,14998,FUN_5,FUN_6
265989,5619,FUN_5,FUN_4
266022,20592,FUN_4,FUN_3
266028,17627,FUN_1,CUBE_L
266030,1314,FUN_4,FUN_3
266043,23266,FUN_4,FUN_3
266046,19794,FUN_2,FUN_3
266058,1455,FUN_3,FUN_4
266061,4927,FUN_2,FUN_3
266065,29305,FUN_2,FUN_1
266075,7604,FUN_2,FUN_3
266084,16510,FUN_4,FUN_5
266097,15254,FUN_2,FUN_3
266115,16023,RET,CUBE_L
266121,22990,FUN_1,FUN_2
266126,22990,FUN_2,FUN_1
266131,9780,FUN_6,CUBE_R
266140,11662,FUN_3,FUN_2
266146,29757,CUBE_L,FUN_1
266163,27020,FUN_1,FUN_2
266165,8290,CUBE_R,RET
266179,26247,FUN_4,FUN_3
266180,17173,FUN_4,FUN_3
266187,22425,RET,CUBE_L
266192,17347,FUN_3,FUN_4
266209,6696,FUN_3,FUN_2
266213,6131,FUN_1,FUN_2
266217,503,FUN_3,FUN_2
266218,9686,FUN_5,FUN_4
266219,3457,FUN_1,FUN_2
266228,5457,FUN_2,FUN_1
266230,17465,FUN_1,FUN_2
266238,1106,RET,CUBE_R
266249,18894,FUN_2,FUN_1
266250,8823,FUN_1,FUN_2
266255,11662,FUN_2,FUN_3
266256,20030,FUN_4,FUN_5
266262,26376,RET,CUBE_L
266300,18894,FUN_1,FUN_2
266305,14893,FUN_5,FUN_4
266310,742,FUN_1,CUBE_L
266313,18225,FUN_4,FUN_5
266315,18317,CUBE_L,RET
266317,10086,FUN_4,FUN_5
266334,24016,CUBE_R,RET
266343,6903,FUN_2,FUN_3
266355,28015,FUN_2,FUN_3
266364,9146,FUN_2,FUN_3
266372,17369,FUN_4,FUN_3
266374,21926,FUN_1,FUN_2
266395,24858,CUBE_L,RET
266426,14102,FUN_2,FUN_1
266433,5333,FUN_3,FUN_2
266436,1321,FUN_5,FUN_4
266440,4737,FUN_6,CUBE_R
266441,1845,FUN_1,FUN_2
266453,16856,FUN_5,FUN_4
266456,4732,FUN_2,FUN_1
266457,19439,CUBE_R,FUN_6
266460,1238,RET,CUBE_R
266462,14341,CUBE_L,FUN_1
266464,7371,FUN_3,FUN_2
266522,22600,FUN_2,FUN_3
266526,11812,FUN_3,FUN_4
266571,17627,CUBE_L,FUN_1
266585,3307,CUBE_L,RET
266588,742,CUBE_L,FUN_1
266591,22928,FUN_4,FUN_5
266603,7474,FUN_3,FUN_2
266609,14381,FUN_4,FUN_3
266613,20030,FUN_5,FUN_4
266617,19886,FUN_1,FUN_2
266647,468,CUBE_L,FUN_1
266657,11774,FUN_3,FUN_4
266659,19629,FUN_2,FUN_3
266665,14893,FUN_4,FUN_5
266672,430,CUBE_R,RET
266673,20419,FUN_1,CUBE_L
266675,29443,FUN_1,FUN_2
266684,10530,FUN_1,FUN_2
266686,29102,FUN_2,FUN_3
266695,311,FUN_3,FUN_2
266706,25666,FUN_2,FUN_1
266717,11812,FUN_4,FUN_3
266717,29503,CUBE_R,RET
266725,9869,FUN_2,FUN_1
266733,8118,CUBE_L,RET
266734,15682,FUN_4,FUN_5
266734,16128,FUN_6,CUBE_R
266739,8301,CUBE_L,FUN_1
266748,29305,FUN_1,FUN_2
266752,26085,FUN_3,FUN_4
266758,4563,FUN_3,FUN_2
266759,4219,FUN_3,FUN_2
266764,29408,FUN_6,FUN_5
266769,710,RET,CUBE_L
266782,11812,FUN_3,FUN_4
266791,25899,FUN_1,FUN_2
266792,15936,CUBE_R,FUN_6
266803,430,RET,CUBE_R
266819,21419,FUN_3,FUN_2
266839,9399,FUN_3,FUN_2
266839,22600,FUN_3,FUN_2
266863,4813,FUN_3,FUN_2
266893,9765,FUN_5,FUN_4
266934,6164,FUN_1,FUN_2
266934,18894,FUN_2,FUN_1
266937,4927,FUN_3,FUN_2
266987,29831,FUN_4,FUN_3
266996,14048,CUBE_L,RET
266997,3083,FUN_3,FUN_2
267002,10444,CUBE_L,RET
267010,11662,FUN_3,FUN_2
267013,29150,FUN_4,FUN_3
267015,11812,FUN_4,FUN_3
267024,29408,FUN_5,FUN_6
267025,12526,CUBE_L,RET
267046,1423,FUN_2,FUN_3
267047,9977,FUN_3,FUN_4
267052,11812,FUN_3,FUN_4
267063,10357,FUN_4,FUN_3
267065,11291,CUBE_R,FUN_6
267066,21705,FUN_3,FUN_2
267074,13351,FUN_2,FUN_3
267079,11283,FUN_4,FUN_3
267080,1017,FUN_3,FUN_2
267080,26047,RET,CUBE_R
267087,1455,FUN_4,FUN_3
267094,25691,FUN_2,FUN_1
267106,4287,FUN_2,FUN_1
267116,16286,FUN_1,FUN_2
267135,1373,FUN_2,FUN_3
267138,10088,FUN_1,FUN_2
267145,14355,CUBE_L,FUN_1
267150,25248,FUN_2,FUN_3
267155,16084,CUBE_R,FUN_6
267157,8521,FUN_2,FUN_1
267161,26090,FUN_1,FUN_2
267175,7463,FUN_4,FUN_3
267185,18894,FUN_1,FUN_2
267193,4219,FUN_2,FUN_3
267204,19041,FUN_2,FUN_3
267204,28660,FUN_1,FUN_2
267210,21926,FUN_2,FUN_1
267219,29757,FUN_1,CUBE_L
267230,9596,CUBE_L,RET
267230,24224,FUN_5,FUN_4
267234,26520,FUN_4,FUN_3
267236,17627,FUN_1,CUBE_L
267243,15814,FUN_2,FUN_1
267247,8381,FUN_3,FUN_2
267249,2700,FUN_2,FUN_3
267250,20415,FUN_1,FUN_2
267254,13033,CUBE_L,RET
267263,3083,FUN_2,FUN_3
267267,5491,RET,CUBE_L
267268,12010,FUN_3,FUN_4
267270,23683,FUN_3,FUN_2
267271,9216,FUN_3,FUN_2
267277,20144,FUN_2,FUN_1
267287,285,RET,CUBE_R
267292,18433,FUN_2,FUN_3
267314,13679,FUN_2,FUN_1
267323,18894,FUN_2,FUN_1
267338,23491,FUN_3,FUN_2
267350,17055,RET,CUBE_L
267363,987,FUN_1,FUN_2
267368,468,FUN_1,CUBE_L
267378,28015,FUN_3,FUN_2
267384,12252,FUN_4,FUN_3
267391,316,FUN_5,FUN_4
267398,27415,FUN_2,FUN_1
267403,28564,FUN_2,FUN_1
267406,29432,FUN_3,FUN_4
267408,16023,CUBE_L,RET
267410,16286,FUN_2,FUN_1
267415,430,CUBE_R,RET
267421,9541,FUN_3,FUN_2
267434,26376,CUBE_L,RET
267452,19035,FUN_3,FUN_4
267454,9548,FUN_1,FUN_2
267473,4774,FUN_5,FUN_4
267478,1845,FUN_2,FUN_1
267489,20030,FUN_4,FUN_5
267492,12908,FUN_1,FUN_2
267497,8419,FUN_2,FUN_1
267503,4583,FUN_2,FUN_3
267506,22990,FUN_1,FUN_2
267516,19984,FUN_3,FUN_4
267520,22462,FUN_2,FUN_3
267523,21705,FUN_2,FUN_3
267534,12526,RET,CUBE_L
267545,22464,FUN_5,FUN_4
267546,23914,RET,CUBE_L
267571,29757,CUBE_L,FUN_1
267574,4927,FUN_2,FUN_3
267579,2788,FUN_5,FUN_6
267588,10748,FUN_3,FUN_2
267599,17386,FUN_4,FUN_5
267615,468,CUBE_L,FUN_1
267622,17347,FUN_4,FUN_3
267625,15161,CUBE_L,RET
267637,27952,FUN_1,FUN_2
267668,468,FUN_1,CUBE_L
267674,18756,RET,CUBE_R
267680,24955,FUN_2,FUN_3
267682,11662,FUN_2,FUN_3
267684,23667,FUN_1,FUN_2
267685,20119,FUN_2,FUN_3
267690,364,FUN_4,FUN_3
267696,7390,FUN_3,FUN_2
267699,6180,FUN_2,FUN_1
267705,1427,RET,CUBE_L
267719,24044,FUN_2,FUN_1
267719,27912,FUN_3,FUN_4
267724,21705,FUN_3,FUN_2
267725,1106,CUBE_R,RET
267725,18894,FUN_1,FUN_2
267747,24858,RET,CUBE_L
267749,13819,FUN_1,FUN_2
267755,22928,FUN_5,FUN_4
267761,22970,FUN_6,CUBE_R
267766,8693,FUN_1,FUN_2
267771,17807,FUN_4,FUN_3
267782,5491,CUBE_L,RET
267796,4896,FUN_1,FUN_2
267806,12895,FUN_2,FUN_1
267808,23963,FUN_2,FUN_3
267815,18220,RET,CUBE_R
267819,15161,RET,CUBE_L
267822,10532,FUN_4,FUN_3
267827,28341,RET,CUBE_R
267835,26268,FUN_3,FUN_2
267838,20806,CUBE_L,FUN_1
267840,2758,CUBE_R,RET
267856,21896,FUN_2,FUN_3
267857,8746,CUBE_R,FUN_6
267858,23137,FUN_2,FUN_1
267859,5491,RET,CUBE_L
267882,15285,FUN_3,FUN_2
267887,4774,FUN_4,FUN_5
267912,20776,FUN_2,FUN_3
267913,15836,FUN_6,CUBE_R
267914,16946,FUN_1,FUN_2
267917,21419,FUN_2,FUN_3
267922,27661,FUN_3,FUN_2
267927,15040,FUN_3,FUN_2
267937,17862,FUN_2,FUN_3
267939,22583,FUN_5,FUN_4
267945,9834,FUN_2,FUN_3
267950,22990,FUN_2,FUN_1
267952,29301,CUBE_L,FUN_1
267958,18851,FUN_3,FUN_2
267981,4583,FUN_3,FUN_2
267987,18686,FUN_2,FUN_1
267989,11283,FUN_3,FUN_4
268001,9216,FUN_2,FUN_3
268012,7513,FUN_2,FUN_3
268037,17347,FUN_3,FUN_4
268037,26376,RET,CUBE_L
268040,17807,FUN_3,FUN_4
268045,5491,CUBE_L,RET
268067,24044,FUN_1,FUN_2
268070,10740,FUN_2,FUN_1
268074,11774,FUN_4,FUN_3
268077,21363,CUBE_L,RET
268082,16286,FUN_1,FUN_2
268091,26585,FUN_6,CUBE_R
268092,926,FUN_3,FUN_4
268093,5242,FUN_3,FUN_2
268118,26905,FUN_1,FUN_2
268131,24032,RET,CUBE_L
268131,25014,CUBE_R,FUN_6
268136,2398,FUN_1,FUN_2
268158,17862,FUN_3,FUN_2
268162,8264,FUN_3,FUN_2
268173,1427,CUBE_L,RET
268175,7357,FUN_5,FUN_6
268179,6696,FUN_2,FUN_3
268195,26730,FUN_5,FUN_6
268200,29530,FUN_3,FUN_4
268204,27661,FUN_2,FUN_3
268207,4129,FUN_3,FUN_4
268211,21363,RET,CUBE_L
268214,817,CUBE_R,RET
268217,1637,FUN_3,FUN_2
268218,28034,CUBE_L,FUN_1
268226,15536,FUN_2,FUN_3
268240,9878,CUBE_L,RET
268240,18266,FUN_1,CUBE_L
268260,10323,FUN_2,FUN_1
268262,2347,FUN_2,FUN_1
268279,1026,FUN_4,FUN_3
268287,18220,CUBE_R,RET
268289,25557,FUN_3,FUN_2
268292,5140,FUN_2,FUN_1
268296,12424,RET,CUBE_L
268296,19196,RET,CUBE_R
268318,311,FUN_2,FUN_3
268334,29144,FUN_2,FUN_1
268337,24695,FUN_2,FUN_3
268341,7995,FUN_1,FUN_2
268357,7955,FUN_3,FUN_2
268358,1321,FUN_4,FUN_5
268365,17347,FUN_4,FUN_3
268367,12010,FUN_4,FUN_3
268369,3480,FUN_1,FUN_2
268378,17901,RET,CUBE_L
268383,17386,FUN_5,FUN_4
268388,5319,RET,CUBE_R
268393,22600,FUN_2,FUN_3
268428,27020,FUN_2,FUN_1
268432,2211,FUN_1,FUN_2
268446,16286,FUN_2,FUN_1
268454,6889,FUN_3,FUN_4
268454,29182,FUN_2,FUN_1
268457,8301,FUN_1,CUBE_L
268471,18063,FUN_1,FUN_2
268473,25248,FUN_3,FUN_2
268475,16184,FUN_4,FUN_5
268502,16644,FUN_5,FUN_4
268505,25907,FUN_2,FUN_3
268510,17862,FUN_2,FUN_3
268521,21390,FUN_5,FUN_4
268539,10704,FUN_4,FUN_5
268541,8251,FUN_6,CUBE_R
268546,27952,FUN_2,FUN_1
268552,7760,FUN_4,FUN_5
268552,16161,FUN_6,FUN_5
268560,10735,FUN_3,FUN_4
268572,848,FUN_4,FUN_5
268588,9548,FUN_2,FUN_1
268595,430,RET,CUBE_R
268605,23137,FUN_1,FUN_2
268620,8749,FUN_4,FUN_5
268623,663,CUBE_R,RET
268627,15570,RET,CUBE_R
268639,23858,FUN_3,FUN_4
268641,14471,FUN_5,FUN_6
268651,26376,CUBE_L,RET
268665,3476,FUN_2,FUN_1
268672,5619,FUN_4,FUN_5
268672,21341,RET,CUBE_R
268674,13906,FUN_2,FUN_3
268678,7547,FUN_6,FUN_5
268679,22238,CUBE_L,RET
268683,7024,CUBE_R,FUN_6
268684,21766,FUN_5,FUN_4
268685,26376,RET,CUBE_L
268690,23036,FUN_6,FUN_5
268701,27537,FUN_3,FUN_2
268707,7445,RET,CUBE_R
268708,926,FUN_4,FUN_3
268712,18998,CUBE_R,FUN_6
268721,9399,FUN_2,FUN_3
268726,16058,CUBE_L,FUN_1
268744,20556,FUN_2,FUN_3
268746,19868,CUBE_L,RET
268753,23457,FUN_4,FUN_5
268759,8115,FUN_4,FUN_3
268780,19196,CUBE_R,RET
268782,16205,FUN_2,FUN_3
268813,21187,FUN_4,FUN_5
268836,316,FUN_4,FUN_5
268837,14266,FUN_5,FUN_4
268864,6147,CUBE_R,FUN_6
268870,10517,CUBE_R,RET
268876,20280,FUN_6,FUN_5
268896,20552,FUN_3,FUN_4
268900,9174,FUN_3,FUN_2
268904,26354,FUN_2,FUN_1
268911,17508,FUN_1,FUN_2
268919,21341,CUBE_R,RET
268928,29827,FUN_4,FUN_5
268934,21341,RET,CUBE_R
268940,27661,FUN_3,FUN_2
268959,26354,FUN_1,FUN_2
268966,7024,FUN_6,CUBE_R
268966,14613,CUBE_R,FUN_6
268969,13033,RET,CUBE_L
268969,20770,RET,CUBE_R
268972,1106,RET,CUBE_R
268980,22180,FUN_3,FUN_2
268983,21243,CUBE_R,RET
268989,19689,FUN_3,FUN_2
268992,27157,CUBE_R,FUN_6
269021,25152,FUN_2,FUN_3
269031,8693,FUN_2,FUN_1
269035,19984,FUN_4,FUN_3
269048,20013,CUBE_R,FUN_6
269073,29305,FUN_2,FUN_1
269079,20144,FUN_1,FUN_2
269080,29430,FUN_2,FUN_3
269121,16856,FUN_4,FUN_5
269129,283,RET,CUBE_R
269138,13807,FUN_5,FUN_4
269145,10063,FUN_5,FUN_6
269152,285,CUBE_R,RET
269155,21749,FUN_3,FUN_4
269158,13819,FUN_2,FUN_1
269159,5333,FUN_2,FUN_3
269162,13154,CUBE_R,FUN_6
269169,26090,FUN_2,FUN_1
269170,384,FUN_3,FUN_2
269174,9548,FUN_1,FUN_2
269182,5333,FUN_3,FUN_2
269187,25134,FUN_1,FUN_2
269193,10849,FUN_6,FUN_5
269195,10875,FUN_2,FUN_1
269204,12259,FUN_1,FUN_2
269217,10704,FUN_5,FUN_4
269219,14040,CUBE_L,RET
269230,29430,FUN_3,FUN_2
269252,26268,FUN_2,FUN_3
269268,6726,FUN_6,CUBE_R
269268,16089,FUN_2,FUN_1
269275,20197,FUN_3,FUN_2
269287,14469,FUN_1,FUN_2
269290,1845,FUN_1,FUN_2
269293,50,FUN_4,FUN_5
269294,27912,FUN_4,FUN_3
269299,13917,RET,CUBE_R
269301,5615,RET,CUBE_L
269303,13906,FUN_3,FUN_2
269316,3050,FUN_4,FUN_3
269319,1427,RET,CUBE_L
269321,21390,FUN_4,FUN_5
269322,11993,FUN_2,FUN_3
269334,1455,FUN_3,FUN_4
269361,7157,FUN_3,FUN_2
269371,10357,FUN_3,FUN_4
269372,17589,CUBE_L,RET
269375,27496,FUN_3,FUN_2
269383,11657,FUN_1,FUN_2
269393,6557,FUN_5,FUN_4
269398,2004,FUN_2,FUN_1
269401,11821,FUN_4,FUN_5
269404,468,CUBE_L,FUN_1
269413,926,FUN_3,FUN_4
269421,12753,CUBE_L,FUN_1
269424,14056,FUN_4,FUN_5
269424,26354,FUN_2,FUN_1
269427,29967,FUN_2,FUN_3
269444,12926,FUN_2,FUN_3
269453,20333,FUN_1,FUN_2
269473,9878,RET,CUBE_L
269475,23631,FUN_2,FUN_1
269478,26083,FUN_6,CUBE_R
269480,24212,FUN_5,FUN_4
269482,6435,CUBE_R,RET
269482,20575,FUN_2,FUN_3
269492,22600,FUN_3,FUN_2
269506,6691,FUN_3,FUN_2
269518,13560,FUN_4,FUN_3
269522,22205,FUN_2,FUN_3
269541,5210,FUN_2,FUN_1
269560,15192,FUN_4,FUN_3
269562,8419,FUN_1,FUN_2
269563,5333,FUN_2,FUN_3
269573,27237,FUN_3,FUN_2
269574,15771,FUN_2,FUN_3
269576,29487,FUN_2,FUN_3
269586,4563,FUN_2,FUN_3
269588,2565,FUN_2,FUN_3
269597,27661,FUN_2,FUN_3
269612,519,CUBE_L,RET
269617,14893,FUN_5,FUN_4
269620,22628,FUN_5,FUN_4
269621,12252,FUN_3,FUN_4
269621,24212,FUN_4,FUN_5
269627,9046,CUBE_R,FUN_6
269634,8593,RET,CUBE_R
269659,11461,CUBE_L,RET
269675,26376,CUBE_L,RET
269682,17055,CUBE_L,RET
269687,8605,FUN_2,FUN_3
269698,7787,FUN_2,FUN_3
269702,11453,FUN_2,FUN_3
269703,15536,FUN_3,FUN_2
269726,10748,FUN_2,FUN_3
269726,12430,FUN_1,CUBE_L
269727,3457,FUN_2,FUN_1
269737,12783,CUBE_R,FUN_6
269741,20308,FUN_1,FUN_2
269749,19589,CUBE_R,RET
269757,29297,RET,CUBE_R
269764,27923,FUN_3,FUN_4
269766,9284,FUN_1,FUN_2
269793,926,FUN_4,FUN_3
269793,13807,FUN_4,FUN_5
269802,15570,CUBE_R,RET
269814,95,FUN_3,FUN_4
269828,14566,FUN_5,FUN_6
269835,9120,FUN_5,FUN_6
269848,28247,FUN_3,FUN_2
269854,3364,FUN_2,FUN_1
269878,29263,CUBE_L,FUN_1
269880,17435,FUN_5,FUN_6
269897,24158,RET,CUBE_L
269909,430,CUBE_R,RET
269909,15570,RET,CUBE_R
269910,1427,CUBE_L,RET
269910,2331,FUN_4,FUN_3
269911,12572,FUN_2,FUN_3
269920,7149,FUN_2,FUN_3
269923,24066,FUN_2,FUN_3
269924,13807,FUN_5,FUN_4
269928,27952,FUN_1,FUN_2
269929,15936,FUN_6,CUBE_R
269935,4065,CUBE_R,FUN_6
269938,17078,FUN_1,FUN_2
269977,12386,FUN_3,FUN_2
269980,20838,FUN_1,FUN_2
270000,19473,FUN_5,FUN_4
270009,9972,FUN_3,FUN_2
270009,22238,RET,CUBE_L
270014,24803,FUN_2,FUN_3
270029,22787,FUN_3,FUN_2
270037,12926,FUN_3,FUN_2
270052,709,FUN_3,FUN_4
270062,19973,FUN_4,FUN_5
270070,18752,FUN_3,FUN_2
270076,17671,CUBE_L,FUN_1
270076,21450,FUN_3,FUN_4
270078,8444,FUN_2,FUN_3
270080,23632,FUN_2,FUN_3
270090,817,RET,CUBE_R
270099,8419,FUN_2,FUN_1
270118,23590,CUBE_L,FUN_1
270136,16644,FUN_4,FUN_5
270158,396,FUN_4,FUN_3
270171,5120,FUN_3,FUN_4
270183,24044,FUN_2,FUN_1
270202,6071,FUN_2,FUN_3
270203,15292,FUN_2,FUN_1
270208,12371,CUBE_L,FUN_1
270213,15040,FUN_2,FUN_3
270218,19857,FUN_4,FUN_3
270235,18718,FUN_2,FUN_1
270239,2042,FUN_4,FUN_3
270246,9548,FUN_2,FUN_1
270259,8681,FUN_4,FUN_3
270265,12926,FUN_2,FUN_3
270271,2398,FUN_2,FUN_1
270271,27816,CUBE_L,RET
270275,3476,FUN_1,FUN_2
270294,29430,FUN_2,FUN_3
270297,6435,RET,CUBE_R
270333,24955,FUN_3,FUN_2
270336,18266,CUBE_L,FUN_1
270355,23667,FUN_2,FUN_1
270356,24803,FUN_3,FUN_2
270375,25514,CUBE_L,RET
270381,23745,RET,CUBE_L
270384,5460,FUN_3,FUN_4
270425,29305,FUN_1,FUN_2
270426,23683,FUN_2,FUN_3
270443,13782,FUN_1,FUN_2
270460,19831,FUN_2,FUN_1
270462,12783,FUN_6,CUBE_R
270479,6131,FUN_2,FUN_1
270486,20311,CUBE_L,RET
270491,23065,CUBE_L,FUN_1
270491,27580,CUBE_R,RET
270504,10996,CUBE_R,FUN_6
270505,14893,FUN_4,FUN_5
270509,8275,FUN_3,FUN_2
270535,9661,FUN_5,FUN_6
270551,9686,FUN_4,FUN_5
270556,7717,RET,CUBE_L
270556,22462,FUN_3,FUN_2
270572,16925,FUN_2,FUN_3
270579,22600,FUN_2,FUN_3
270601,14048,RET,CUBE_L
270604,20311,RET,CUBE_L
270614,17414,FUN_4,FUN_5
270622,27661,FUN_3,FUN_2
270628,25183,FUN_2,FUN_3
270639,2763,FUN_3,FUN_2
270640,5719,FUN_4,FUN_3
270664,9282,FUN_6,CUBE_R
270673,14048,CUBE_L,RET
270692,1427,RET,CUBE_L
270692,5615,CUBE_L,RET
270693,19924,FUN_1,CUBE_L
270696,11453,FUN_3,FUN_2
270707,14329,FUN_1,FUN_2
270746,14985,FUN_5,FUN_6
270774,5129,RET,CUBE_L
270796,22990,FUN_1,FUN_2
270816,2660,FUN_3,FUN_4
270824,13782,FUN_2,FUN_1
270843,10735,FUN_4,FUN_3
270846,26297,FUN_1,FUN_2
270864,456,RET,CUBE_R
270881,19589,RET,CUBE_R
270884,12054,FUN_4,FUN_3
270900,21749,FUN_4,FUN_3
270906,24955,FUN_2,FUN_3
270911,23808,CUBE_L,RET
270914,15176,CUBE_R,FUN_6
270918,25981,FUN_2,FUN_1
270923,20473,CUBE_L,RET
270928,26585,CUBE_R,FUN_6
270930,23590,FUN_1,CUBE_L
270937,1455,FUN_4,FUN_3
270944,15570,CUBE_R,RET
270946,24803,FUN_2,FUN_3
270948,384,FUN_2,FUN_3
270971,17347,FUN_3,FUN_4
270979,14471,FUN_6,FUN_5
270996,22316,FUN_2,FUN_3
271013,25337,CUBE_L,RET
271022,10401,FUN_3,FUN_2
271027,25034,FUN_2,FUN_3
271028,14683,FUN_2,FUN_3
271034,8293,FUN_6,CUBE_R
271037,5719,FUN_3,FUN_4
271055,2102,RET,CUBE_L
271069,15192,FUN_3,FUN_4
271079,28820,FUN_6,CUBE_R
271083,9178,FUN_2,FUN_3
271089,23171,FUN_4,FUN_3
271098,5719,FUN_4,FUN_3
271123,2347,FUN_1,FUN_2
271124,5358,CUBE_R,RET
271137,813,FUN_1,FUN_2
271155,3681,RET,CUBE_L
271168,11572,RET,CUBE_R
271172,12895,FUN_1,FUN_2
271173,2004,FUN_1,FUN_2
271176,19957,FUN_1,FUN_2
271180,6599,FUN_2,FUN_1
271203,6435,CUBE_R,RET
271205,13154,FUN_6,CUBE_R
271212,20415,FUN_2,FUN_1
271213,19831,FUN_1,FUN_2
271214,24032,CUBE_L,RET
271225,1587,FUN_3,FUN_2
271240,384,FUN_3,FUN_2
271246,26376,RET,CUBE_L
271248,22679,CUBE_L,RET
271249,25810,FUN_2,FUN_1
271252,29263,FUN_1,CUBE_L
271255,14102,FUN_1,FUN_2
271262,3364,FUN_1,FUN_2
271264,10854,FUN_4,FUN_5
271267,3020,FUN_3,FUN_4
271283,10357,FUN_4,FUN_3
271290,940,FUN_4,FUN_5
271298,27580,RET,CUBE_R
271319,9146,FUN_3,FUN_2
271329,20230,FUN_4,FUN_3
271333,20660,FUN_2,FUN_1
271350,14928,RET,CUBE_R
271352,13605,FUN_6,FUN_5
271353,3457,FUN_1,FUN_2
271364,7157,FUN_2,FUN_3
271367,9686,FUN_5,FUN_4
271372,1965,FUN_3,FUN_4
271376,5319,CUBE_R,RET
271383,19666,FUN_2,FUN_3
271391,25471,FUN_3,FUN_2
271393,5619,FUN_5,FUN_4
271422,29432,FUN_4,FUN_3
271423,9146,FUN_2,FUN_3
271426,7503,FUN_3,FUN_4
271435,22816,FUN_3,FUN_2
271437,24016,RET,CUBE_R
271438,9398,RET,CUBE_R
271438,19689,FUN_2,FUN_3
271441,19084,FUN_2,FUN_1
271442,5834,FUN_3,FUN_2
271447,17709,FUN_1,CUBE_L
271452,1588,FUN_3,FUN_2
271470,16173,FUN_2,FUN_1
271476,18406,FUN_2,FUN_3
271477,18508,FUN_4,FUN_3
271490,23868,FUN_1,FUN_2
271498,8037,FUN_3,FUN_2
271504,23804,FUN_2,FUN_1
271505,18718,FUN_1,FUN_2
271514,1588,FUN_2,FUN_3
271514,11909,FUN_2,FUN_1
271525,8749,FUN_5,FUN_4
271535,20108,FUN_3,FUN_2
271543,19035,FUN_4,FUN_3
271552,18508,FUN_3,FUN_4
271557,10082,FUN_2,FUN_1
271560,6903,FUN_3,FUN_2
271566,7024,CUBE_R,FUN_6
271580,23914,CUBE_L,RET
271588,19831,FUN_2,FUN_1
271616,17055,RET,CUBE_L
271618,786,FUN_2,FUN_3
271622,9398,CUBE_R,RET
271629,21776,FUN_2,FUN_3
271636,2434,FUN_1,FUN_2
271646,14381,FUN_3,FUN_4
271665,14048,RET,CUBE_L
271681,20311,CUBE_L,RET
271685,9146,FUN_3,FUN_2
271685,10517,RET,CUBE_R
271689,28202,FUN_6,CUBE_R
271691,3797,FUN_3,FUN_2
271691,8176,CUBE_R,FUN_6
271696,8605,FUN_3,FUN_2
271728,13696,FUN_6,CUBE_R
271740,25471,FUN_2,FUN_3
271744,22077,CUBE_R,RET
271746,26179,FUN_3,FUN_2
271753,9146,FUN_2,FUN_3
271758,28266,FUN_2,FUN_1
271766,9146,FUN_3,FUN_2
271768,967,FUN_1,FUN_2
271794,3457,FUN_2,FUN_1
271795,17435,FUN_6,FUN_5
271797,9398,RET,CUBE_R
271801,25981,FUN_1,FUN_2
271818,10323,FUN_1,FUN_2
271820,12424,CUBE_L,RET
271830,13505,CUBE_L,FUN_1
271835,14040,RET,CUBE_L
271841,20415,FUN_1,FUN_2
271849,2623,FUN_4,FUN_3
271849,12424,RET,CUBE_L
271858,10063,FUN_6,FUN_5
271859,22928,FUN_4,FUN_5
271867,13917,CUBE_R,RET
271867,21005,FUN_3,FUN_2
271870,23614,RET,CUBE_R
271876,29037,FUN_4,FUN_5
271899,27661,FUN_2,FUN_3
271935,12535,RET,CUBE_L
271936,20063,FUN_2,FUN_1
271942,13560,FUN_3,FUN_4
271948,8542,FUN_3,FUN_4
271948,27593,FUN_5,FUN_4
271954,6599,FUN_1,FUN_2
271955,13527,FUN_3,FUN_2
271956,25084,CUBE_L,FUN_1
271969,10066,FUN_3,FUN_2
271977,9972,FUN_2,FUN_3
271977,29831,FUN_3,FUN_4
271994,29144,FUN_1,FUN_2
271998,5210,FUN_1,FUN_2
272005,7832,CUBE_R,RET
272005,15079,FUN_5,FUN_4
272007,14026,FUN_1,FUN_2
272011,14552,FUN_2,FUN_1
272014,24803,FUN_3,FUN_2
272021,25248,FUN_2,FUN_3
272032,29305,FUN_2,FUN_1
272047,6347,FUN_3,FUN_2
272047,7619,FUN_2,FUN_1
272055,11453,FUN_2,FUN_3
272055,15294,FUN_4,FUN_3
272055,22706,FUN_4,FUN_3
272057,19579,RET,CUBE_L
272063,27392,FUN_4,FUN_3
272067,17627,CUBE_L,FUN_1
272073,13447,FUN_2,FUN_3
272075,5120,FUN_4,FUN_3
272075,28564,FUN_1,FUN_2
272087,5491,RET,CUBE_L
272096,13865,FUN_2,FUN_3
272102,6000,FUN_3,FUN_2
272107,21419,FUN_3,FUN_2
272117,4065,FUN_6,CUBE_R
272132,14722,FUN_4,FUN_3
272133,29182,FUN_1,FUN_2
272142,7619,FUN_1,FUN_2
272157,21341,CUBE_R,RET
272160,3457,FUN_1,FUN_2
272169,13560,FUN_4,FUN_3
272172,3920,FUN_2,FUN_3
272176,22238,CUBE_L,RET
272183,10875,FUN_1,FUN_2
272183,24517,FUN_3,FUN_4
272195,13761,FUN_4,FUN_5
272200,29757,FUN_1,CUBE_L
272241,1637,FUN_2,FUN_3
272250,14771,FUN_5,FUN_4
272256,22628,FUN_4,FUN_5
272262,9174,FUN_2,FUN_3
272268,8118,RET,CUBE_L
272290,8264,FUN_2,FUN_3
272299,11461,RET,CUBE_L
272302,21083,RET,CUBE_L
272303,5834,FUN_2,FUN_3
272310,25912,FUN_6,FUN_5
272333,8594,FUN_2,FUN_1
272340,8176,FUN_6,CUBE_R
272343,11551,FUN_3,FUN_2
272344,22787,FUN_2,FUN_3
272347,28526,FUN_3,FUN_2
272376,16184,FUN_5,FUN_4
272391,9972,FUN_3,FUN_2
272392,9977,FUN_4,FUN_3
272408,20197,FUN_2,FUN_3
272414,27610,FUN_5,FUN_4
272417,11384,FUN_3,FUN_2
272423,2398,FUN_1,FUN_2
272423,20230,FUN_3,FUN_4
272431,19924,CUBE_L,FUN_1
272454,14381,FUN_4,FUN_3
272463,12281,FUN_3,FUN_2
272479,15557,FUN_3,FUN_2
272481,16644,FUN_5,FUN_4
272489,10423,FUN_1,CUBE_L
272493,20063,FUN_1,FUN_2
272497,8749,FUN_4,FUN_5
272502,7474,FUN_2,FUN_3
272511,26663,FUN_1,FUN_2
272541,26109,FUN_2,FUN_3
272556,11909,FUN_1,FUN_2
272559,27923,FUN_4,FUN_3
272564,57,FUN_3,FUN_2
272569,12371,FUN_1,CUBE_L
272571,16236,FUN_3,FUN_2
272581,20030,FUN_5,FUN_4
272582,4941,FUN_3,FUN_2
272588,17386,FUN_4,FUN_5
272588,25337,RET,CUBE_L
272595,2042,FUN_3,FUN_4
272602,15705,FUN_2,FUN_1
272605,18220,RET,CUBE_R
272618,12281,FUN_2,FUN_3
272618,29150,FUN_3,FUN_4
272619,28341,CUBE_R,RET
272621,7390,FUN_2,FUN_3
272685,10082,FUN_1,FUN_2
272688,27240,CUBE_L,FUN_1
272702,13623,FUN_4,FUN_3
272706,12045,FUN_3,FUN_2
272710,8118,CUBE_L,RET
272710,14702,CUBE_R,RET
272713,21419,FUN_2,FUN_3
272739,4030,FUN_4,FUN_5
272765,3053,FUN_4,FUN_5
272768,24057,FUN_1,FUN_2
272776,13782,FUN_1,FUN_2
272777,29226,FUN_3,FUN_4
272780,26180,FUN_2,FUN_1
272781,15570,RET,CUBE_R
272818,24955,FUN_3,FUN_2
272841,20284,FUN_2,FUN_1
272861,15989,FUN_1,FUN_2
272862,9208,FUN_3,FUN_2
272867,14381,FUN_3,FUN_4
272881,29363,FUN_1,CUBE_L
272885,14355,FUN_1,CUBE_L
272891,10357,FUN_3,FUN_4
272905,16184,FUN_4,FUN_5
272912,15161,CUBE_L,RET
272929,26179,FUN_2,FUN_3
272930,20562,RET,CUBE_R
272958,24032,RET,CUBE_L
272960,3476,FUN_2,FUN_1
272968,21776,FUN_3,FUN_2
272971,13447,FUN_3,FUN_2
273014,8675,FUN_2,FUN_1
273016,26421,CUBE_R,FUN_6
273019,28460,CUBE_R,FUN_6
273034,25557,FUN_2,FUN_3
273049,11384,FUN_2,FUN_3
273050,18438,CUBE_L,FUN_1
273063,16075,FUN_2,FUN_3
273063,26376,CUBE_L,RET
273066,3331,FUN_3,FUN_2
273086,20311,RET,CUBE_L
273093,17226,RET,CUBE_R
273106,334,FUN_4,FUN_5
273106,9620,CUBE_R,RET
273118,14955,FUN_3,FUN_4
273121,28341,RET,CUBE_R
273129,23590,CUBE_L,FUN_1
273134,3430,CUBE_R,RET
273136,23024,FUN_3,FUN_4
273140,23914,RET,CUBE_L
273151,3053,FUN_5,FUN_4
273151,14040,CUBE_L,RET
273156,8176,CUBE_R,FUN_6
273157,4030,FUN_5,FUN_4
273166,2398,FUN_2,FUN_1
273183,24256,FUN_2,FUN_3
273188,23030,FUN_3,FUN_2
273190,9112,FUN_4,FUN_5
273206,7547,FUN_5,FUN_6
273209,10899,FUN_2,FUN_1
273218,17227,FUN_4,FUN_3
273250,7074,FUN_3,FUN_2
273262,8605,FUN_2,FUN_3
273284,9909,FUN_1,FUN_2
273286,7995,FUN_2,FUN_1
273291,12895,FUN_2,FUN_1
273297,16655,FUN_5,FUN_6
273328,372,FUN_5,FUN_4
273346,27240,FUN_1,CUBE_L
273348,17671,FUN_1,CUBE_L
273348,20660,FUN_1,FUN_2
273358,26996,CUBE_L,RET
273363,15985,FUN_6,CUBE_R
273364,19580,FUN_2,FUN_3
273379,8037,FUN_2,FUN_3
273402,10535,CUBE_R,FUN_6
273420,11384,FUN_3,FUN_2
273442,10419,FUN_1,FUN_2
273442,19084,FUN_1,FUN_2
273449,372,FUN_4,FUN_5
273454,3053,FUN_4,FUN_5
273469,22205,FUN_3,FUN_2
273473,15793,FUN_2,FUN_3
273481,23129,FUN_2,FUN_1
273506,28564,FUN_2,FUN_1
273508,25810,FUN_1,FUN_2
273515,26421,FUN_6,CUBE_R
273519,8378,FUN_5,FUN_4
273520,3920,FUN_3,FUN_2
273523,16128,CUBE_R,FUN_6
273527,10457,CUBE_R,RET
273542,8419,FUN_1,FUN_2
273544,4941,FUN_2,FUN_3
273550,8363,FUN_1,FUN_2
273553,24057,FUN_2,FUN_1
273590,23030,FUN_2,FUN_3
273593,17078,FUN_2,FUN_1
273595,28819,FUN_4,FUN_3
273606,9748,FUN_3,FUN_2
273610,29301,FUN_1,CUBE_L
273614,372,FUN_5,FUN_4
273616,29102,FUN_3,FUN_2
273622,334,FUN_5,FUN_4
273630,10457,RET,CUBE_R
273632,11878,CUBE_L,RET
273640,6091,FUN_6,FUN_5
273662,13623,FUN_3,FUN_4
273672,3457,FUN_2,FUN_1
273678,27912,FUN_3,FUN_4
273682,8542,FUN_4,FUN_3
273693,26897,FUN_3,FUN_2
273696,24738,CUBE_L,FUN_1
273709,19696,FUN_3,FUN_2
273718,26185,FUN_2,FUN_1
273728,21243,RET,CUBE_R
273728,26460,FUN_1,FUN_2
273734,19579,CUBE_L,RET
273755,4287,FUN_1,FUN_2
273766,16286,FUN_1,FUN_2
273770,5861,FUN_1,FUN_2
273772,7823,FUN_3,FUN_2
273790,21893,FUN_3,FUN_4
273801,14381,FUN_4,FUN_3
273802,27919,FUN_4,FUN_3
273807,27471,FUN_3,FUN_2
273811,21802,FUN_3,FUN_2
273813,20776,FUN_3,FUN_2
273820,10457,CUBE_R,RET
273834,28341,CUBE_R,RET
273865,18411,FUN_2,FUN_1
273880,25152,FUN_3,FUN_2
273881,29414,CUBE_L,RET
273900,29430,FUN_3,FUN_2
273911,9748,FUN_2,FUN_3
273913,26268,FUN_3,FUN_2
273918,21276,FUN_2,FUN_1
273919,18298,FUN_3,FUN_2
273920,21332,RET,CUBE_R
273936,6903,FUN_2,FUN_3
273939,19784,FUN_2,FUN_3
273956,9174,FUN_3,FUN_2
273965,17078,FUN_1,FUN_2
273971,26085,FUN_4,FUN_3
273980,6726,CUBE_R,FUN_6
273985,13082,CUBE_L,FUN_1
273992,4927,FUN_3,FUN_2
274000,4962,RET,CUBE_R
274007,10899,FUN_1,FUN_2
274011,18298,FUN_2,FUN_3
274026,18324,FUN_3,FUN_4
274031,24044,FUN_1,FUN_2
274034,19035,FUN_3,FUN_4
274066,12526,CUBE_L,RET
274069,16058,FUN_1,CUBE_L
274069,29345,FUN_3,FUN_2
274076,11384,FUN_2,FUN_3
274083,5108,FUN_2,FUN_1
274087,1941,FUN_3,FUN_2
274093,28015,FUN_2,FUN_3
274096,4901,CUBE_R,RET
274103,8363,FUN_2,FUN_1
274125,13782,FUN_2,FUN_1
274134,12252,FUN_4,FUN_3
274134,18298,FUN_3,FUN_2
274138,8264,FUN_3,FUN_2
274141,16160,CUBE_R,RET
274145,22395,RET,CUBE_L
274157,11384,FUN_3,FUN_2
274157,25008,FUN_4,FUN_3
274185,9909,FUN_2,FUN_1
274200,5769,FUN_6,FUN_5
274208,28076,CUBE_R,FUN_6
274223,7832,RET,CUBE_R
274223,21728,FUN_1,FUN_2
274238,334,FUN_4,FUN_5
274244,6067,FUN_5,FUN_4
274254,20119,FUN_3,FUN_2
274255,19033,FUN_6,FUN_5
274258,5619,FUN_4,FUN_5
274277,19924,FUN_1,CUBE_L
274283,7687,CUBE_L,RET
274289,3715,FUN_2,FUN_3
274293,26185,FUN_1,FUN_2
274306,22800,FUN_2,FUN_1
274329,12045,FUN_2,FUN_3
274335,14022,FUN_2,FUN_1
274338,17627,FUN_1,CUBE_L
274342,22205,FUN_2,FUN_3
274344,13917,RET,CUBE_R
274344,25938,FUN_5,FUN_6
274349,29466,FUN_1,FUN_2
274352,3583,FUN_1,FUN_2
274389,2008,FUN_4,FUN_3
274397,29524,FUN_3,FUN_2
274399,8542,FUN_3,FUN_4
274408,15057,FUN_2,FUN_1
274421,14771,FUN_4,FUN_5
274432,50,FUN_5,FUN_4
274433,29627,FUN_2,FUN_1
274437,21450,FUN_4,FUN_3
274440,20197,FUN_3,FUN_2
274441,26996,RET,CUBE_L
274442,27493,FUN_1,FUN_2
274462,17584,FUN_2,FUN_1
274480,10899,FUN_2,FUN_1
274486,11384,FUN_2,FUN_3
274488,7547,FUN_6,FUN_5
274492,20119,FUN_2,FUN_3
274493,12252,FUN_3,FUN_4
274516,20119,FUN_3,FUN_2
274526,26908,FUN_4,FUN_5
274531,10082,FUN_2,FUN_1
274532,7619,FUN_2,FUN_1
274534,519,RET,CUBE_L
274536,20119,FUN_2,FUN_3
274538,22970,CUBE_R,FUN_6
274560,15793,FUN_3,FUN_2
274561,20013,FUN_6,CUBE_R
274565,27240,CUBE_L,FUN_1
274566,17646,FUN_2,FUN_3
274567,14022,FUN_1,FUN_2
274580,29443,FUN_2,FUN_1
274587,19973,FUN_5,FUN_4
274590,22600,FUN_3,FUN_2
274591,19924,CUBE_L,FUN_1
274599,2386,FUN_3,FUN_4
274605,15079,FUN_4,FUN_5
274613,26088,RET,CUBE_L
274619,22697,CUBE_L,RET
274621,19696,FUN_2,FUN_3
274639,21450,FUN_3,FUN_4
274640,20119,FUN_3,FUN_2
274648,9056,FUN_3,FUN_2
274665,6347,FUN_2,FUN_3
274674,18325,RET,CUBE_R
274677,18438,FUN_1,CUBE_L
274681,27952,FUN_2,FUN_1
274699,21766,FUN_4,FUN_5
274713,2197,FUN_6,CUBE_R
274733,0,CUBE_R,RET
274733,26247,FUN_3,FUN_4
274742,16128,FUN_6,CUBE_R
274744,3331,FUN_2,FUN_3
274754,16549,FUN_5,FUN_4
274755,19579,RET,CUBE_L
274763,9390,FUN_1,FUN_2
274764,18220,CUBE_R,RET
274771,20533,CUBE_R,RET
274772,26268,FUN_2,FUN_3
274776,26257,FUN_1,CUBE_L
274784,3797,FUN_2,FUN_3
274789,9909,FUN_1,FUN_2
274797,7624,FUN_6,FUN_5
274797,16058,CUBE_L,FUN_1
274802,19160,FUN_3,FUN_2
274804,10854,FUN_5,FUN_4
274804,13305,FUN_2,FUN_1
274864,5491,CUBE_L,RET
274869,24336,FUN_2,FUN_3
274873,1373,FUN_3,FUN_2
274878,8605,FUN_3,FUN_2
274891,21005,FUN_2,FUN_3
274901,3913,FUN_2,FUN_3
274909,16946,FUN_2,FUN_1
274924,16197,FUN_4,FUN_3
274934,11902,FUN_6,FUN_5
274943,27223,FUN_4,FUN_3
274951,16058,FUN_1,CUBE_L
274959,1823,FUN_3,FUN_4
274961,10854,FUN_4,FUN_5
275007,20413,FUN_2,FUN_3
275007,29552,FUN_6,CUBE_R
275038,12926,FUN_3,FUN_2
275060,25810,FUN_2,FUN_1
275069,16583,FUN_3,FUN_4
275075,18583,CUBE_R,FUN_6
275090,17080,FUN_2,FUN_3
275091,10899,FUN_1,FUN_2
275093,16058,CUBE_L,FUN_1
275105,23804,FUN_1,FUN_2
275106,19035,FUN_4,FUN_3
275111,12252,FUN_4,FUN_3
275114,19589,CUBE_R,RET
275123,24464,FUN_3,FUN_2
275130,10517,CUBE_R,RET
275148,19924,FUN_1,CUBE_L
275153,22697,RET,CUBE_L
275172,19515,FUN_3,FUN_4
275175,3050,FUN_3,FUN_4
275176,709,FUN_4,FUN_3
275179,10419,FUN_2,FUN_1
275183,813,FUN_2,FUN_1
275190,15985,CUBE_R,FUN_6
275192,29640,RET,CUBE_R
275195,7474,FUN_3,FUN_2
275205,26996,CUBE_L,RET
275208,1823,FUN_4,FUN_3
275220,8605,FUN_2,FUN_3
275222,16023,RET,CUBE_L
275224,11465,FUN_2,FUN_1
275231,3364,FUN_2,FUN_1
275231,13623,FUN_4,FUN_3
275235,17386,FUN_5,FUN_4
275236,9282,CUBE_R,FUN_6
275237,23006,FUN_5,FUN_4
275249,23683,FUN_3,FUN_2
275258,23514,CUBE_R,FUN_6
275259,19160,FUN_2,FUN_3
275260,2434,FUN_2,FUN_1
275264,15773,FUN_3,FUN_2
275295,29503,RET,CUBE_R
275307,20796,FUN_2,FUN_1
275308,10535,FUN_6,CUBE_R
275315,17080,FUN_3,FUN_2
275317,8381,FUN_2,FUN_3
275326,5129,CUBE_L,RET
275326,15815,FUN_2,FUN_1
275330,18686,FUN_1,FUN_2
275339,11461,CUBE_L,RET
275358,24447,FUN_1,FUN_2
275361,20284,FUN_1,FUN_2
275396,16058,FUN_1,CUBE_L
275397,26421,CUBE_R,FUN_6
275400,9216,FUN_3,FUN_2
275403,24134,RET,CUBE_R
275412,19264,CUBE_R,RET
275434,5139,FUN_6,FUN_5
275445,27471,FUN_2,FUN_3
275456,29168,FUN_3,FUN_2
275483,18752,FUN_2,FUN_3
275491,8419,FUN_2,FUN_1
275496,4287,FUN_2,FUN_1
275500,15536,FUN_2,FUN_3
275503,4723,FUN_2,FUN_1
275503,16903,FUN_6,CUBE_R
275526,26247,FUN_4,FUN_3
275536,12415,FUN_5,FUN_4
275557,3715,FUN_3,FUN_2
275559,20415,FUN_2,FUN_1
275566,1823,FUN_3,FUN_4
275576,20108,FUN_2,FUN_3
275596,22697,CUBE_L,RET
275609,28726,FUN_3,FUN_4
275612,334,FUN_5,FUN_4
275612,21005,FUN_3,FUN_2
275614,17080,FUN_2,FUN_3
275615,10155,CUBE_R,RET
275631,8275,FUN_2,FUN_3
275647,456,CUBE_R,RET
275647,4485,FUN_1,FUN_2
275652,25014,FUN_6,CUBE_R
275654,7157,FUN_3,FUN_2
275654,25008,FUN_3,FUN_4
275659,24051,FUN_2,FUN_3
275661,1238,CUBE_R,RET
275669,14499,CUBE_L,RET
275671,4036,FUN_3,FUN_2
275682,23806,CUBE_R,FUN_6
275708,10066,FUN_2,FUN_3
275715,5129,RET,CUBE_L
275715,23683,FUN_2,FUN_3
275718,15793,FUN_2,FUN_3
275728,3457,FUN_1,FUN_2
275750,28015,FUN_3,FUN_2
275763,5861,FUN_2,FUN_1
275763,6824,FUN_2,FUN_1
275763,9761,FUN_1,FUN_2
275786,29827,FUN_5,FUN_4
275797,22970,FUN_6,CUBE_R
275808,24051,FUN_3,FUN_2
275809,13112,FUN_2,FUN_1
275813,26247,FUN_3,FUN_4
275826,19933,FUN_3,FUN_4
275859,16007,FUN_4,FUN_3
275862,11955,RET,CUBE_L
275863,14102,FUN_2,FUN_1
275863,16023,CUBE_L,RET
275870,29804,FUN_1,FUN_2
275885,29524,FUN_2,FUN_3
275888,4843,FUN_2,FUN_3
275906,29629,FUN_3,FUN_2
275921,25938,FUN_6,FUN_5
275922,1946,RET,CUBE_R
275922,4896,FUN_2,FUN_1
275934,26085,FUN_3,FUN_4
275934,29552,CUBE_R,FUN_6
275951,10066,FUN_3,FUN_2
275967,24051,FUN_2,FUN_3
275970,8521,FUN_1,FUN_2
275974,24464,FUN_2,FUN_3
275978,21363,CUBE_L,RET
275992,1202,FUN_1,FUN_2
276004,21888,RET,CUBE_L
276008,5861,FUN_1,FUN_2
276017,17584,FUN_1,FUN_2
276026,9120,FUN_6,FUN_5
276058,29947,FUN_4,FUN_3
276066,7024,FUN_6,CUBE_R
276067,22697,RET,CUBE_L
276069,11582,FUN_2,FUN_1
276084,7157,FUN_2,FUN_3
276087,4843,FUN_3,FUN_2
276092,8558,FUN_3,FUN_2
276093,7995,FUN_1,FUN_2
276103,28281,FUN_5,FUN_4
276115,1026,FUN_3,FUN_4
276116,19784,FUN_3,FUN_2
276126,20770,CUBE_R,RET
276139,21893,FUN_4,FUN_3
276148,29232,CUBE_L,RET
276166,2172,FUN_5,FUN_6
276166,11657,FUN_2,FUN_1
276179,19084,FUN_2,FUN_1
276202,3476,FUN_1,FUN_2
276210,1196,FUN_3,FUN_2
276225,25337,CUBE_L,RET
276226,21926,FUN_1,FUN_2
276230,13447,FUN_2,FUN_3
276258,3053,FUN_5,FUN_4
276260,9312,CUBE_R,FUN_6
276281,21083,CUBE_L,RET
276292,3634,FUN_2,FUN_3
276295,11269,FUN_2,FUN_3
276300,27580,CUBE_R,RET
276317,2763,FUN_2,FUN_3
276319,18686,FUN_2,FUN_1
276321,50,FUN_4,FUN_5
276333,21110,FUN_2,FUN_1
276341,8156,FUN_3,FUN_4
276348,9312,FUN_6,CUBE_R
276353,16160,RET,CUBE_R
276355,16888,FUN_2,FUN_3
276361,9120,FUN_5,FUN_6
276376,23739,FUN_3,FUN_2
276377,26042,FUN_3,FUN_4
276388,12281,FUN_3,FUN_2
276430,28076,FUN_6,CUBE_R
276433,9282,FUN_6,CUBE_R
276437,8558,FUN_2,FUN_3
276438,23030,FUN_3,FUN_2
276440,27240,FUN_1,CUBE_L
276441,10704,FUN_4,FUN_5
276465,21422,CUBE_R,RET
276476,11657,FUN_1,FUN_2
276497,20770,RET,CUBE_R
276497,23806,FUN_6,CUBE_R
276512,4962,CUBE_R,RET
276513,4990,CUBE_L,RET
276524,2042,FUN_4,FUN_3
276537,16561,CUBE_R,RET
276541,25907,FUN_3,FUN_2
276544,3476,FUN_2,FUN_1
276553,25872,FUN_4,FUN_5
276558,2686,CUBE_R,FUN_6
276564,25014,CUBE_R,FUN_6
276588,16197,FUN_3,FUN_4
276620,3271,CUBE_R,RET
276620,17419,FUN_3,FUN_2
276624,17709,CUBE_L,FUN_1
276630,27913,FUN_3,FUN_2
276638,12895,FUN_1,FUN_2
276645,12860,FUN_2,FUN_3
276647,2625,FUN_3,FUN_4
276666,27404,FUN_3,FUN_4
276693,22238,RET,CUBE_L
276696,19744,FUN_4,FUN_5
276697,16678,FUN_6,CUBE_R
276699,22928,FUN_5,FUN_4
276706,14722,FUN_3,FUN_4
276771,27492,FUN_4,FUN_5
276771,29232,RET,CUBE_L
276773,5660,FUN_2,FUN_1
276800,20013,CUBE_R,FUN_6
276803,23590,FUN_1,CUBE_L
276806,19784,FUN_2,FUN_3
276810,17709,FUN_1,CUBE_L
276816,10704,FUN_5,FUN_4
276818,29528,RET,CUBE_L
276822,29150,FUN_4,FUN_3
276824,9548,FUN_1,FUN_2
276832,19589,RET,CUBE_R
276833,1373,FUN_2,FUN_3
276837,14454,FUN_3,FUN_2
276841,4036,FUN_2,FUN_3
276854,15057,FUN_1,FUN_2
276864,19666,FUN_3,FUN_2
276870,5482,RET,CUBE_L
276880,22462,FUN_2,FUN_3
276888,28460,FUN_6,CUBE_R
276892,21422,RET,CUBE_R
276911,22970,CUBE_R,FUN_6
276913,22697,CUBE_L,RET
276924,20192,FUN_3,FUN_2
276942,20119,FUN_2,FUN_3
276942,23199,FUN_5,FUN_6
276955,21123,FUN_1,FUN_2
276958,142,FUN_2,FUN_3
276989,9174,FUN_2,FUN_3
277001,18752,FUN_3,FUN_2
277002,17386,FUN_4,FUN_5
277015,21422,CUBE_R,RET
277016,12281,FUN_2,FUN_3
277030,21828,RET,CUBE_L
277037,26351,FUN_3,FUN_2
277041,26376,RET,CUBE_L
277043,3715,FUN_2,FUN_3
277052,24066,FUN_3,FUN_2
277062,3480,FUN_2,FUN_1
277070,21913,FUN_3,FUN_2
277104,29512,FUN_6,CUBE_R
277108,2433,FUN_2,FUN_1
277134,1385,CUBE_L,FUN_1
277170,15192,FUN_4,FUN_3
277201,6903,FUN_3,FUN_2
277207,6557,FUN_4,FUN_5
277228,27088,FUN_3,FUN_2
277234,384,FUN_2,FUN_3
277255,9282,CUBE_R,FUN_6
277256,20192,FUN_2,FUN_3
277257,28154,FUN_3,FUN_2
277269,29629,FUN_2,FUN_3
277277,15746,FUN_2,FUN_1
277280,5456,FUN_2,FUN_1
277282,17584,FUN_2,FUN_1
277298,9761,FUN_2,FUN_1
277310,3797,FUN_3,FUN_2
277313,8290,RET,CUBE_R
277314,1541,FUN_2,FUN_1
277317,22770,FUN_1,FUN_2
277321,9056,FUN_2,FUN_3
277338,28217,FUN_4,FUN_3
277343,3913,FUN_3,FUN_2
277351,23568,FUN_2,FUN_3
277353,19957,FUN_2,FUN_1
277353,22800,FUN_1,FUN_2
277377,12474,FUN_6,CUBE_R
277378,142,FUN_3,FUN_2
277378,20562,CUBE_R,RET
277387,16128,CUBE_R,FUN_6
277396,2686,FUN_6,CUBE_R
277398,7308,RET,CUBE_L
277399,21003,FUN_3,FUN_2
277419,9312,CUBE_R,FUN_6
277424,12908,FUN_2,FUN_1
277427,3476,FUN_1,FUN_2
277440,19792,FUN_3,FUN_2
277440,24061,RET,CUBE_L
277445,7311,CUBE_R,RET
277450,22598,FUN_3,FUN_2
277450,22859,CUBE_R,FUN_6
277472,8048,FUN_5,FUN_4
277477,16395,CUBE_L,RET
277481,25691,FUN_1,FUN_2
277485,29466,FUN_2,FUN_1
277489,8605,FUN_3,FUN_2
277490,19704,CUBE_R,RET
277501,14702,RET,CUBE_R
277515,27240,CUBE_L,FUN_1
277518,28728,CUBE_R,RET
277522,29168,FUN_2,FUN_3
277538,20013,FUN_6,CUBE_R
277541,7371,FUN_2,FUN_3
277542,9708,CUBE_R,RET
277557,26663,FUN_2,FUN_1
277560,19264,RET,CUBE_R
277563,13866,FUN_1,FUN_2
277566,27492,FUN_5,FUN_4
277572,18098,FUN_6,CUBE_R
277579,364,FUN_3,FUN_4
277583,2433,FUN_1,FUN_2
277595,2763,FUN_3,FUN_2
277625,10962,FUN_3,FUN_2
277634,8037,FUN_3,FUN_2
277645,25666,FUN_1,FUN_2
277651,9708,RET,CUBE_R
277680,18298,FUN_2,FUN_3
277681,29345,FUN_2,FUN_3
277683,3225,FUN_2,FUN_3
277701,10477,FUN_6,FUN_5
277706,23806,CUBE_R,FUN_6
277709,29629,FUN_3,FUN_2
277712,14985,FUN_6,FUN_5
277715,26421,FUN_6,CUBE_R
277725,25034,FUN_3,FUN_2
277731,9708,CUBE_R,RET
277732,19515,FUN_4,FUN_3
277740,2765,FUN_3,FUN_4
277747,20776,FUN_2,FUN_3
277751,21363,RET,CUBE_L
277753,3797,FUN_2,FUN_3
277758,2686,CUBE_R,FUN_6
277765,29487,FUN_3,FUN_2
277775,25014,FUN_6,CUBE_R
277782,16583,FUN_4,FUN_3
277807,2372,RET,CUBE_L
277812,8378,FUN_4,FUN_5
277817,16721,FUN_4,FUN_3
277824,5076,CUBE_L,RET
277827,19953,FUN_2,FUN_1
277851,12892,CUBE_L,RET
277855,18763,CUBE_R,RET
277860,2686,FUN_6,CUBE_R
277862,18752,FUN_2,FUN_3
277863,14702,CUBE_R,RET
277866,21802,FUN_2,FUN_3
277867,21422,RET,CUBE_R
277875,14381,FUN_3,FUN_4
277877,17055,CUBE_L,RET
277885,18149,FUN_1,FUN_2
277905,5660,FUN_1,FUN_2
277936,20770,CUBE_R,RET
277948,5108,FUN_1,FUN_2
277962,28549,RET,CUBE_L
277981,21893,FUN_3,FUN_4
277983,29102,FUN_2,FUN_3
277986,17646,FUN_3,FUN_2
277989,23806,FUN_6,CUBE_R
278010,5861,FUN_2,FUN_1
278021,11384,FUN_3,FUN_2
278048,22859,FUN_6,CUBE_R
278055,26908,FUN_5,FUN_4
278070,21083,RET,CUBE_L
278079,26042,FUN_4,FUN_3
278086,4991,FUN_4,FUN_3
278098,29552,FUN_6,CUBE_R
278114,1017,FUN_2,FUN_3
278125,15849,FUN_4,FUN_3
278126,9708,RET,CUBE_R
278147,23868,FUN_2,FUN_1
278148,25872,FUN_5,FUN_4
278149,8932,FUN_3,FUN_4
278150,7617,FUN_4,FUN_3
278154,17435,FUN_5,FUN_6
278169,10627,FUN_3,FUN_4
278189,21828,CUBE_L,RET
278208,15057,FUN_2,FUN_1
278221,9708,CUBE_R,RET
278226,4843,FUN_2,FUN_3
278226,15536,FUN_3,FUN_2
278236,10879,FUN_6,FUN_5
278238,16023,RET,CUBE_L
278262,24158,CUBE_L,RET
278272,6824,FUN_1,FUN_2
278288,22116,CUBE_R,RET
278290,8521,FUN_2,FUN_1
278292,28790,CUBE_R,RET
278314,8693,FUN_1,FUN_2
278314,29102,FUN_3,FUN_2
278318,6599,FUN_2,FUN_1
278320,2585,CUBE_R,RET
278331,2008,FUN_3,FUN_4
278339,15992,FUN_2,FUN_3
278351,22621,CUBE_R,FUN_6
278356,26543,FUN_1,CUBE_L
278373,13305,FUN_1,FUN_2
278381,10517,RET,CUBE_R
278387,6000,FUN_2,FUN_3
278389,4732,FUN_1,FUN_2
278396,9708,RET,CUBE_R
278402,25514,RET,CUBE_L
278404,27779,FUN_3,FUN_2
278408,18149,FUN_2,FUN_1
278421,18686,FUN_1,FUN_2
278426,5129,CUBE_L,RET
278439,5457,FUN_1,FUN_2
278463,7463,FUN_3,FUN_4
278469,16721,FUN_3,FUN_4
278480,14471,FUN_5,FUN_6
278503,14722,FUN_4,FUN_3
278508,967,FUN_2,FUN_1
278509,19084,FUN_1,FUN_2
278527,26180,FUN_1,FUN_2
278528,2042,FUN_3,FUN_4
278528,8658,FUN_5,FUN_6
278548,29414,RET,CUBE_L
278555,22316,FUN_3,FUN_2
278556,7024,CUBE_R,FUN_6
278559,2392,RET,CUBE_L
278559,13097,CUBE_R,RET
278568,10918,CUBE_L,RET
278573,21749,FUN_3,FUN_4
278579,18661,FUN_3,FUN_2
278581,21802,FUN_3,FUN_2
278597,4896,FUN_1,FUN_2
278605,17646,FUN_2,FUN_3
278615,20413,FUN_3,FUN_2
278634,12753,FUN_1,CUBE_L
278635,29358,FUN_2,FUN_3
278639,11384,FUN_2,FUN_3
278646,9399,FUN_3,FUN_2
278653,25666,FUN_2,FUN_1
278659,1373,FUN_3,FUN_2
278659,11905,CUBE_R,RET
278667,22928,FUN_4,FUN_5
278667,24695,FUN_3,FUN_2
278671,25183,FUN_3,FUN_2
278683,29430,FUN_2,FUN_3
278687,25196,FUN_6,CUBE_R
278695,23868,FUN_1,FUN_2
278715,29297,CUBE_R,RET
278722,22679,RET,CUBE_L
278740,12370,FUN_3,FUN_4
278746,2978,FUN_1,FUN_2
278757,9216,FUN_2,FUN_3
278782,26088,CUBE_L,RET
278792,12474,CUBE_R,FUN_6
278798,11878,RET,CUBE_L
278810,18495,FUN_2,FUN_1
278811,5293,FUN_6,FUN_5
278834,22077,RET,CUBE_R
278836,13819,FUN_1,FUN_2
278837,28218,FUN_5,FUN_4
278844,13866,FUN_2,FUN_1
278851,4772,FUN_2,FUN_3
278862,20587,FUN_3,FUN_4
278876,20192,FUN_3,FUN_2
278881,739,RET,CUBE_R
278886,16589,FUN_5,FUN_4
278893,987,FUN_2,FUN_1
278895,24955,FUN_2,FUN_3
278901,7832,CUBE_R,RET
278907,9284,FUN_2,FUN_1
278921,8675,FUN_1,FUN_2
278923,10962,FUN_2,FUN_3
278924,23099,FUN_6,FUN_5
278936,23739,FUN_2,FUN_3
278944,26118,FUN_3,FUN_2
278956,7617,FUN_3,FUN_4
278960,29414,CUBE_L,RET
278965,19264,CUBE_R,RET
278968,27913,FUN_2,FUN_3
278972,3100,FUN_5,FUN_4
278974,19933,FUN_4,FUN_3
279003,7995,FUN_2,FUN_1
279053,4820,CUBE_L,FUN_1
279055,6824,FUN_2,FUN_1
279064,17320,FUN_2,FUN_3
279070,13605,FUN_5,FUN_6
279071,19670,FUN_2,FUN_3
279084,2398,FUN_1,FUN_2
279100,3797,FUN_3,FUN_2
279102,10291,FUN_3,FUN_2
279102,18383,FUN_1,FUN_2
279112,16128,FUN_6,CUBE_R
279138,2433,FUN_2,FUN_1
279150,4485,FUN_2,FUN_1
279150,8864,FUN_3,FUN_2
279152,28266,FUN_1,FUN_2
279154,16655,FUN_6,FUN_5
279168,12474,FUN_6,CUBE_R
279180,9174,FUN_3,FUN_2
279183,10217,FUN_3,FUN_2
279194,3271,RET,CUBE_R
279201,9046,FUN_6,CUBE_R
279201,18851,FUN_2,FUN_3
279203,18014,RET,CUBE_R
279211,2049,FUN_3,FUN_2
279219,10503,FUN_2,FUN_1
279220,6440,FUN_4,FUN_5
279224,13456,CUBE_R,RET
279227,11853,FUN_3,FUN_2
279227,13613,FUN_4,FUN_3
279236,10614,FUN_2,FUN_1
279237,12895,FUN_2,FUN_1
279256,7311,RET,CUBE_R
279267,12281,FUN_3,FUN_2
279269,5860,FUN_5,FUN_6
279277,28790,RET,CUBE_R
279288,10291,FUN_2,FUN_3
279289,349,FUN_3,FUN_4
279296,9053,FUN_2,FUN_1
279296,24564,FUN_5,FUN_4
279300,12474,CUBE_R,FUN_6
279315,10689,FUN_1,FUN_2
279322,7017,FUN_2,FUN_1
279333,3100,FUN_4,FUN_5
279340,22462,FUN_3,FUN_2
279340,23514,FUN_6,CUBE_R
279356,17055,RET,CUBE_L
279358,6557,FUN_5,FUN_4
279390,3583,FUN_2,FUN_1
279393,3100,FUN_5,FUN_4
279393,7525,FUN_3,FUN_2
279398,6912,FUN_3,FUN_2
279402,16165,FUN_2,FUN_3
279408,3100,FUN_4,FUN_5
279411,25183,FUN_2,FUN_3
279420,17320,FUN_3,FUN_2
279422,287,FUN_2,FUN_3
279448,3100,FUN_5,FUN_4
279488,8593,CUBE_R,RET
279494,3100,FUN_4,FUN_5
279501,21308,RET,CUBE_R
279526,15057,FUN_1,FUN_2
279537,6000,FUN_3,FUN_2
279538,6726,FUN_6,CUBE_R
279541,18661,FUN_2,FUN_3
279546,10086,FUN_5,FUN_4
279548,22928,FUN_5,FUN_4
279556,17320,FUN_2,FUN_3
279577,1373,FUN_2,FUN_3
279584,17320,FUN_3,FUN_2
279584,21749,FUN_4,FUN_3
279587,29414,RET,CUBE_L
279603,20751,RET,CUBE_L
279607,6180,FUN_1,FUN_2
279613,2042,FUN_4,FUN_3
279614,349,FUN_4,FUN_3
279615,27086,FUN_4,FUN_3
279622,25183,FUN_3,FUN_2
279629,15057,FUN_2,FUN_1
279644,9368,CUBE_L,FUN_1
279646,7243,FUN_6,FUN_5
279655,10673,FUN_1,FUN_2
279658,5797,FUN_5,FUN_6
279668,7357,FUN_6,FUN_5
279674,17320,FUN_2,FUN_3
279693,9105,CUBE_R,RET
279702,16055,RET,CUBE_R
279706,24472,FUN_4,FUN_3
279709,29466,FUN_1,FUN_2
279727,17055,CUBE_L,RET
279729,5242,FUN_2,FUN_3
279729,27900,FUN_2,FUN_1
279753,8419,FUN_1,FUN_2
279753,15057,FUN_1,FUN_2
279756,12045,FUN_3,FUN_2
279780,20333,FUN_2,FUN_1
279792,19041,FUN_3,FUN_2
279793,22600,FUN_2,FUN_3
279806,25142,RET,CUBE_R
279820,8417,FUN_4,FUN_3
279827,20030,FUN_4,FUN_5
279834,24336,FUN_3,FUN_2
279850,10597,FUN_5,FUN_6
279855,28564,FUN_1,FUN_2
279865,22408,FUN_3,FUN_2
279876,29191,FUN_2,FUN_1
279878,8864,FUN_2,FUN_3
279878,15771,FUN_3,FUN_2
279889,4636,CUBE_L,RET
279889,20751,CUBE_L,RET
279892,8178,FUN_6,FUN_5
279899,21527,FUN_6,FUN_5
279903,25195,FUN_4,FUN_3
279911,10734,FUN_3,FUN_2
279915,21766,FUN_5,FUN_4
279953,29414,CUBE_L,RET
279957,5140,FUN_1,FUN_2
279969,26072,FUN_3,FUN_4
279985,880,CUBE_R,RET
279999,10929,FUN_4,FUN_3
280006,11955,CUBE_L,RET
280014,2758,RET,CUBE_R
280014,28845,FUN_4,FUN_5
280015,19515,FUN_3,FUN_4
280028,27751,FUN_5,FUN_4
280029,10217,FUN_2,FUN_3
280030,4820,FUN_1,CUBE_L
280036,12860,FUN_3,FUN_2
280039,8605,FUN_2,FUN_3
280044,24988,FUN_3,FUN_4
280047,24094,FUN_4,FUN_5
280053,5235,FUN_3,FUN_2
280060,14947,FUN_5,FUN_6
280064,16331,FUN_4,FUN_3
280065,20755,FUN_6,FUN_5
280066,987,FUN_1,FUN_2
280072,14259,FUN_1,FUN_2
280095,8853,FUN_2,FUN_1
280101,10319,FUN_6,FUN_5
280129,2433,FUN_1,FUN_2
280130,18149,FUN_1,FUN_2
280135,7525,FUN_2,FUN_3
280143,6630,FUN_5,FUN_4
280162,95,FUN_4,FUN_3
280165,5023,FUN_2,FUN_3
280171,29102,FUN_2,FUN_3
280172,26543,CUBE_L,FUN_1
280192,29414,RET,CUBE_L
280196,4636,RET,CUBE_L
280214,27661,FUN_3,FUN_2
280217,12110,CUBE_R,FUN_6
280231,12474,FUN_6,CUBE_R
280233,3050,FUN_4,FUN_3
280241,18325,CUBE_R,RET
280295,26858,FUN_2,FUN_3
280296,16892,FUN_3,FUN_2
280306,13033,CUBE_L,RET
280323,8558,FUN_3,FUN_2
280330,10217,FUN_3,FUN_2
280332,461,FUN_2,FUN_1
280334,11426,CUBE_R,FUN_6
280334,20333,FUN_1,FUN_2
280362,6342,FUN_6,CUBE_R
280382,12281,FUN_2,FUN_3
280383,13031,FUN_2,FUN_1
280386,22238,CUBE_L,RET
280387,17608,CUBE_R,RET
280397,24472,FUN_3,FUN_4
280406,8037,FUN_2,FUN_3
280412,18098,CUBE_R,FUN_6
280431,10962,FUN_3,FUN_2
280441,19933,FUN_3,FUN_4
280446,17320,FUN_3,FUN_2
280454,15705,FUN_1,FUN_2
280457,6180,FUN_2,FUN_1
280480,23514,CUBE_R,FUN_6
280483,26180,FUN_2,FUN_1
280486,28187,FUN_1,CUBE_L
280508,20751,RET,CUBE_L
280528,2700,FUN_3,FUN_2
280546,11853,FUN_2,FUN_3
280547,23914,CUBE_L,RET
280551,27593,FUN_4,FUN_5
280573,19160,FUN_3,FUN_2
280594,21502,FUN_2,FUN_3
280596,27887,FUN_6,FUN_5
280597,8675,FUN_2,FUN_1
280599,7357,FUN_5,FUN_6
280603,28386,FUN_5,FUN_4
280604,24044,FUN_2,FUN_1
280605,21130,FUN_2,FUN_3
280606,2303,FUN_2,FUN_1
280606,27593,FUN_5,FUN_4
280626,19549,FUN_3,FUN_4
280644,20755,FUN_5,FUN_6
280653,813,FUN_1,FUN_2
280659,27496,FUN_2,FUN_3
280670,19831,FUN_1,FUN_2
280674,26663,FUN_1,FUN_2
280676,19886,FUN_2,FUN_1
280676,21130,FUN_3,FUN_2
280687,15814,FUN_1,FUN_2
280689,3476,FUN_2,FUN_1
280699,20333,FUN_2,FUN_1
280703,10223,FUN_3,FUN_4
280705,21888,CUBE_L,RET
280707,10082,FUN_1,FUN_2
280711,3618,FUN_4,FUN_3
280715,142,FUN_2,FUN_3
280721,19704,RET,CUBE_R
280722,20280,FUN_5,FUN_6
280723,2700,FUN_2,FUN_3
280725,8605,FUN_3,FUN_2
280729,25810,FUN_1,FUN_2
280733,16946,FUN_1,FUN_2
280737,24051,FUN_3,FUN_2
280742,12860,FUN_2,FUN_3
280775,13189,FUN_3,FUN_2
280775,25183,FUN_2,FUN_3
280794,20751,CUBE_L,RET
280797,7243,FUN_5,FUN_6
280800,28640,FUN_4,FUN_3
280808,29629,FUN_2,FUN_3
280810,26663,FUN_2,FUN_1
280814,6903,FUN_2,FUN_3
280850,26327,FUN_2,FUN_1
280855,12134,FUN_2,FUN_3
280858,12161,FUN_3,FUN_2
280862,19844,CUBE_L,RET
280863,9284,FUN_1,FUN_2
280877,4772,FUN_3,FUN_2
280885,20751,RET,CUBE_L
280887,20755,FUN_6,FUN_5
280891,22816,FUN_2,FUN_1
280891,26897,FUN_2,FUN_3
280892,10082,FUN_2,FUN_1
280899,15993,FUN_2,FUN_3
280909,27415,FUN_1,FUN_2
280920,26351,FUN_2,FUN_3
280940,22137,FUN_2,FUN_3
280950,8918,FUN_1,CUBE_L
280964,23199,FUN_6,FUN_5
280966,24066,FUN_2,FUN_3
280968,11504,FUN_6,CUBE_R
280988,8987,CUBE_L,RET
281001,16721,FUN_4,FUN_3
281013,21003,FUN_2,FUN_3
281013,26663,FUN_1,FUN_2
281024,5861,FUN_1,FUN_2
281027,20355,RET,CUBE_R
281028,19831,FUN_2,FUN_1
281043,21828,RET,CUBE_L
281045,22462,FUN_2,FUN_3
281045,27593,FUN_4,FUN_5
281054,20192,FUN_2,FUN_3
281061,17386,FUN_5,FUN_4
281068,14048,CUBE_L,RET
281090,5604,FUN_2,FUN_3
281092,20755,FUN_5,FUN_6
281098,5491,RET,CUBE_L
281100,898,FUN_3,FUN_4
281105,20030,FUN_5,FUN_4
281114,5242,FUN_3,FUN_2
281117,15420,CUBE_L,RET
281118,20333,FUN_1,FUN_2
281170,22134,FUN_2,FUN_3
281171,5235,FUN_2,FUN_3
281177,3509,CUBE_R,RET
281211,3937,FUN_2,FUN_1
281226,23030,FUN_2,FUN_3
281243,12408,FUN_1,FUN_2
281249,10082,FUN_1,FUN_2
281262,10217,FUN_2,FUN_3
281277,26738,RET,CUBE_L
281278,4067,FUN_3,FUN_2
281285,24336,FUN_2,FUN_3
281289,14040,RET,CUBE_L
281290,20030,FUN_4,FUN_5
281292,14362,FUN_3,FUN_2
281297,4496,FUN_3,FUN_2
281298,28218,FUN_4,FUN_5
281309,6361,CUBE_L,RET
281345,13527,FUN_2,FUN_3
281363,2392,CUBE_L,RET
281363,26111,FUN_2,FUN_1
281367,21130,FUN_2,FUN_3
281380,6071,FUN_3,FUN_2
281399,23514,FUN_6,CUBE_R
281403,23463,RET,CUBE_L
281407,16367,FUN_3,FUN_2
281410,10323,FUN_2,FUN_1
281411,5242,FUN_2,FUN_3
281411,10918,RET,CUBE_L
281430,273,FUN_4,FUN_5
281431,10457,RET,CUBE_R
281449,9545,FUN_2,FUN_1
281449,21005,FUN_2,FUN_3
281458,8558,FUN_2,FUN_3
281482,2392,RET,CUBE_L
281484,19222,CUBE_L,RET
281506,19886,FUN_1,FUN_2
281507,26354,FUN_1,FUN_2
281528,273,FUN_5,FUN_4
281534,2320,CUBE_R,FUN_6
281536,10734,FUN_2,FUN_3
281541,23103,CUBE_L,RET
281546,12045,FUN_2,FUN_3
281548,12281,FUN_3,FUN_2
281556,26908,FUN_4,FUN_5
281567,14471,FUN_6,FUN_5
281573,29179,FUN_3,FUN_4
281587,19303,FUN_3,FUN_2
281588,5023,FUN_3,FUN_2
281613,21766,FUN_4,FUN_5
281616,28494,FUN_3,FUN_4
281616,29191,FUN_1,FUN_2
281618,19666,FUN_2,FUN_3
281644,3920,FUN_2,FUN_3
281646,12474,CUBE_R,FUN_6
281651,19439,FUN_6,CUBE_R
281661,27813,FUN_3,FUN_4
281663,7068,FUN_2,FUN_1
281669,22377,FUN_1,FUN_2
281681,15200,CUBE_L,RET
281688,26862,FUN_2,FUN_3
281700,13189,FUN_2,FUN_3
281702,273,FUN_4,FUN_5
281705,22979,FUN_6,CUBE_R
281729,22262,CUBE_R,RET
281768,3666,FUN_2,FUN_3
281780,20119,FUN_3,FUN_2
281788,5861,FUN_2,FUN_1
281796,28034,FUN_1,CUBE_L
281802,15771,FUN_2,FUN_3
281805,21130,FUN_3,FUN_2
281806,24066,FUN_3,FUN_2
281808,16039,FUN_1,FUN_2
281853,2700,FUN_3,FUN_2
281853,21276,FUN_1,FUN_2
281855,23804,FUN_2,FUN_1
281860,2758,CUBE_R,RET
281888,1588,FUN_3,FUN_2
281922,19264,RET,CUBE_R
281923,21706,FUN_3,FUN_2
281941,21308,CUBE_R,RET
281947,20284,FUN_2,FUN_1
281950,25034,FUN_2,FUN_3
281960,2700,FUN_2,FUN_3
281967,16946,FUN_2,FUN_1
281968,25195,FUN_3,FUN_4
281990,26180,FUN_1,FUN_2
282003,23202,CUBE_R,FUN_6
282010,10082,FUN_2,FUN_1
282015,20280,FUN_6,FUN_5
282029,24134,CUBE_R,RET
282040,13189,FUN_3,FUN_2
282043,22912,FUN_2,FUN_1
282045,22134,FUN_3,FUN_2
282053,16173,FUN_1,FUN_2
282061,7068,FUN_1,FUN_2
282063,8987,RET,CUBE_L
282106,26042,FUN_3,FUN_4
282107,23192,CUBE_R,RET
282108,3929,FUN_6,FUN_5
282121,22797,FUN_3,FUN_2
282122,11551,FUN_2,FUN_3
282147,5861,FUN_1,FUN_2
282149,19033,FUN_5,FUN_6
282178,15032,FUN_1,FUN_2
282194,8156,FUN_4,FUN_3
282196,15122,FUN_4,FUN_3
282221,27813,FUN_4,FUN_3
282222,15746,FUN_1,FUN_2
282223,27813,FUN_3,FUN_4
282244,12604,RET,CUBE_R
282246,21749,FUN_3,FUN_4
282251,11551,FUN_3,FUN_2
282274,8479,FUN_2,FUN_1
282284,26460,FUN_2,FUN_1
282289,11229,FUN_4,FUN_3
282295,26897,FUN_3,FUN_2
282322,8479,FUN_1,FUN_2
282329,15254,FUN_3,FUN_2
282334,23463,CUBE_L,RET
282335,13865,FUN_3,FUN_2
282348,24336,FUN_3,FUN_2
282354,11551,FUN_2,FUN_3
282367,24933,FUN_2,FUN_1
282367,29305,FUN_1,FUN_2
282372,6974,FUN_3,FUN_4
282376,26897,FUN_2,FUN_3
282387,1026,FUN_4,FUN_3
282408,10066,FUN_2,FUN_3
282408,18214,FUN_2,FUN_1
282411,11281,FUN_3,FUN_2
282433,13044,FUN_2,FUN_1
282438,13031,FUN_1,FUN_2
282461,12925,FUN_2,FUN_1
282479,6824,FUN_1,FUN_2
282492,26996,RET,CUBE_L
282496,28726,FUN_4,FUN_3
282499,19303,FUN_2,FUN_3
282514,6974,FUN_4,FUN_3
282524,6071,FUN_2,FUN_3
282528,6557,FUN_4,FUN_5
282530,1588,FUN_2,FUN_3
282531,10444,RET,CUBE_L
282535,21449,FUN_4,FUN_3
282537,9053,FUN_1,FUN_2
282542,9941,FUN_5,FUN_4
282550,9399,FUN_2,FUN_3
282553,26730,FUN_6,FUN_5
282554,11426,FUN_6,CUBE_R
282568,23804,FUN_1,FUN_2
282571,13866,FUN_1,FUN_2
282584,24472,FUN_4,FUN_3
282594,10457,CUBE_R,RET
282605,2758,RET,CUBE_R
282609,2434,FUN_1,FUN_2
282619,25411,CUBE_L,FUN_1
282620,9215,FUN_3,FUN_2
282647,6599,FUN_1,FUN_2
282647,19222,RET,CUBE_L
282662,1587,FUN_2,FUN_3
282669,17040,FUN_3,FUN_2
282672,14812,FUN_3,FUN_4
282682,8496,CUBE_R,RET
282692,26905,FUN_2,FUN_1
282713,13380,RET,CUBE_L
282718,16723,FUN_2,FUN_3
282719,25830,FUN_4,FUN_3
282724,14876,FUN_2,FUN_1
282728,12281,FUN_2,FUN_3
282757,6208,FUN_6,CUBE_R
282763,21856,FUN_1,CUBE_L
282778,14893,FUN_5,FUN_4
282782,926,FUN_3,FUN_4
282791,21003,FUN_3,FUN_2
282794,11426,CUBE_R,FUN_6
282799,18225,FUN_5,FUN_4
282816,19696,FUN_3,FUN_2
282822,3666,FUN_3,FUN_2
282838,21110,FUN_1,FUN_2
282840,24134,RET,CUBE_R
282850,9660,CUBE_L,RET
282853,24054,FUN_5,FUN_4
282858,419,FUN_6,CUBE_R
282861,342,FUN_3,FUN_2
282874,2700,FUN_3,FUN_2
282881,3331,FUN_3,FUN_2
282894,18398,FUN_3,FUN_4
282904,6535,CUBE_R,FUN_6
282907,20660,FUN_2,FUN_1
282908,21110,FUN_2,FUN_1
282914,29430,FUN_3,FUN_2
282917,1196,FUN_2,FUN_3
282945,12926,FUN_2,FUN_3
282949,3331,FUN_2,FUN_3
282956,4292,FUN_2,FUN_1
282963,14471,FUN_5,FUN_6
282977,2042,FUN_3,FUN_4
282980,5242,FUN_3,FUN_2
282981,5602,FUN_1,FUN_2
282981,9545,FUN_1,FUN_2
282982,2008,FUN_4,FUN_3
282997,2372,CUBE_L,RET
282997,19212,RET,CUBE_L
283011,22797,FUN_2,FUN_3
283017,22245,FUN_6,CUBE_R
283024,11461,RET,CUBE_L
283036,16888,FUN_3,FUN_2
283040,3158,FUN_1,FUN_2
283046,23739,FUN_3,FUN_2
283047,19844,RET,CUBE_L
283060,17080,FUN_3,FUN_2
283091,12408,FUN_2,FUN_1
283091,15254,FUN_2,FUN_3
283101,26730,FUN_5,FUN_6
283110,14454,FUN_2,FUN_3
283112,22534,FUN_5,FUN_6
283121,11465,FUN_1,FUN_2
283134,15122,FUN_3,FUN_4
283152,27829,RET,CUBE_R
283157,8222,FUN_1,FUN_2
283158,25564,FUN_2,FUN_1
283170,2660,FUN_4,FUN_3
283172,456,RET,CUBE_R
283172,9337,FUN_1,FUN_2
283179,24158,RET,CUBE_L
283183,11909,FUN_2,FUN_1
283184,11347,FUN_6,CUBE_R
283205,7311,CUBE_R,RET
283213,21828,CUBE_L,RET
283226,16723,FUN_3,FUN_2
283230,4813,FUN_2,FUN_3
283232,2008,FUN_3,FUN_4
283233,13547,FUN_3,FUN_2
283252,24061,CUBE_L,RET
283254,15989,FUN_2,FUN_1
283257,23379,FUN_4,FUN_3
283265,16763,FUN_3,FUN_2
283272,13408,CUBE_R,RET
283282,0,RET,CUBE_R
283296,24336,FUN_2,FUN_3
283314,9761,FUN_1,FUN_2
283316,11465,FUN_2,FUN_1
283318,20552,FUN_4,FUN_3
283330,12925,FUN_1,FUN_2
283334,21749,FUN_4,FUN_3
283339,1098,FUN_3,FUN_2
283345,9545,FUN_2,FUN_1
283355,12925,FUN_2,FUN_1
283370,19844,CUBE_L,RET
283388,6974,FUN_3,FUN_4
283389,28015,FUN_2,FUN_3
283393,20030,FUN_5,FUN_4
283405,22800,FUN_2,FUN_1
283418,22077,CUBE_R,RET
283427,22912,FUN_1,FUN_2
283459,4772,FUN_2,FUN_3
283460,23491,FUN_2,FUN_1
283461,10402,FUN_1,CUBE_L
283463,16888,FUN_2,FUN_3
283480,3634,FUN_3,FUN_2
283492,26858,FUN_3,FUN_2
283494,18657,FUN_4,FUN_5
283506,12569,FUN_4,FUN_5
283529,15531,RET,CUBE_L
283545,21110,FUN_1,FUN_2
283548,2303,FUN_1,FUN_2
283560,26748,FUN_2,FUN_1
283563,18583,FUN_6,CUBE_R
283566,11291,FUN_6,CUBE_R
283566,23868,FUN_2,FUN_1
283567,10878,RET,CUBE_R
283593,11465,FUN_1,FUN_2
283651,25077,FUN_1,CUBE_L
283652,7717,CUBE_L,RET
283684,4036,FUN_3,FUN_2
283686,3364,FUN_1,FUN_2
283701,19294,FUN_3,FUN_2
283726,11465,FUN_2,FUN_1
283735,15989,FUN_1,FUN_2
283735,20796,FUN_1,FUN_2
283751,16888,FUN_3,FUN_2
283753,25037,FUN_3,FUN_2
283770,21893,FUN_4,FUN_3
283777,6974,FUN_4,FUN_3
283805,11465,FUN_1,FUN_2
283813,2434,FUN_2,FUN_1
283816,467,FUN_4,FUN_3
283850,5769,FUN_5,FUN_6
283858,8156,FUN_3,FUN_4
283861,14454,FUN_3,FUN_2
283867,29499,FUN_5,FUN_6
283893,26862,FUN_3,FUN_2
283898,6599,FUN_2,FUN_1
283898,27086,FUN_3,FUN_4
283920,25084,FUN_1,CUBE_L
283926,19296,FUN_6,CUBE_R
283948,19579,CUBE_L,RET
283986,15705,FUN_2,FUN_1
283996,9834,FUN_3,FUN_2
284007,29111,FUN_3,FUN_2
284010,14048,RET,CUBE_L
284019,311,FUN_3,FUN_2
284028,28266,FUN_2,FUN_1
284029,16583,FUN_3,FUN_4
284036,5769,FUN_6,FUN_5
284036,24134,CUBE_R,RET
284038,6122,CUBE_R,RET
284043,21504,FUN_3,FUN_2
284048,23199,FUN_5,FUN_6
284053,27971,FUN_2,FUN_3
284066,8115,FUN_3,FUN_4
284085,3331,FUN_3,FUN_2
284090,4496,FUN_2,FUN_3
284100,6599,FUN_1,FUN_2
284107,18661,FUN_3,FUN_2
284118,5363,FUN_6,CUBE_R
284118,19704,CUBE_R,RET
284118,22697,RET,CUBE_L
284123,4802,CUBE_L,RET
284124,18225,FUN_4,FUN_5
284138,22515,FUN_3,FUN_4
284154,16007,FUN_3,FUN_4
284154,23804,FUN_2,FUN_1
284158,739,CUBE_R,RET
284158,4220,FUN_4,FUN_3
284165,16960,RET,CUBE_R
284166,8605,FUN_2,FUN_3
284188,10457,RET,CUBE_R
284211,23954,FUN_5,FUN_6
284224,18225,FUN_5,FUN_4
284252,27721,FUN_4,FUN_3
284255,21504,FUN_2,FUN_3
284274,15027,FUN_3,FUN_2
284278,29530,FUN_4,FUN_3
284291,15989,FUN_2,FUN_1
284294,903,CUBE_R,RET
284306,12636,FUN_5,FUN_6
284354,21130,FUN_2,FUN_3
284369,8629,CUBE_R,FUN_6
284384,8444,FUN_3,FUN_2
284388,22679,CUBE_L,RET
284392,13456,RET,CUBE_R
284407,18042,CUBE_R,FUN_6
284427,24066,FUN_2,FUN_3
284479,7178,FUN_4,FUN_3
284488,21896,FUN_3,FUN_2
284496,21308,RET,CUBE_R
284497,7445,CUBE_R,RET
284502,28660,FUN_2,FUN_1
284504,2172,FUN_6,FUN_5
284507,7357,FUN_6,FUN_5
284514,12572,FUN_3,FUN_2
284519,26748,FUN_1,FUN_2
284524,11291,CUBE_R,FUN_6
284527,20534,RET,CUBE_L
284535,9163,FUN_4,FUN_3
284551,7357,FUN_5,FUN_6
284565,21504,FUN_3,FUN_2
284569,17584,FUN_1,FUN_2
284579,29358,FUN_3,FUN_2
284597,10240,RET,CUBE_L
284618,7349,FUN_3,FUN_2
284629,6180,FUN_1,FUN_2
284629,10477,FUN_5,FUN_6
284642,13456,CUBE_R,RET
284658,29144,FUN_2,FUN_1
284672,6535,FUN_6,CUBE_R
284677,461,FUN_1,FUN_2
284689,9337,FUN_2,FUN_1
284695,12925,FUN_1,FUN_2
284697,5841,FUN_2,FUN_3
284697,7243,FUN_6,FUN_5
284698,16007,FUN_4,FUN_3
284718,21896,FUN_2,FUN_3
284730,14998,FUN_6,FUN_5
284752,9238,CUBE_R,RET
284759,2345,FUN_2,FUN_1
284777,21005,FUN_3,FUN_2
284782,16960,CUBE_R,RET
284794,25411,FUN_1,CUBE_L
284800,7357,FUN_6,FUN_5
284803,27721,FUN_3,FUN_4
284804,5619,FUN_5,FUN_4
284817,10914,FUN_3,FUN_2
284821,12925,FUN_2,FUN_1
284834,23868,FUN_1,FUN_2
284839,11768,FUN_2,FUN_3
284846,14812,FUN_4,FUN_3
284852,26862,FUN_2,FUN_3
284853,29499,FUN_6,FUN_5
284863,28341,RET,CUBE_R
284870,17320,FUN_2,FUN_3
284871,17080,FUN_2,FUN_3
284882,21426,FUN_3,FUN_2
284884,22979,CUBE_R,FUN_6
284885,13380,CUBE_L,RET
284885,13447,FUN_3,FUN_2
284919,4220,FUN_3,FUN_4
284923,25248,FUN_3,FUN_2
284931,9399,FUN_3,FUN_2
284940,3331,FUN_2,FUN_3
284957,3331,FUN_3,FUN_2
284961,24791,CUBE_L,FUN_1
284968,3331,FUN_2,FUN_3
284973,16888,FUN_2,FUN_3
284982,3331,FUN_3,FUN_2
284983,20119,FUN_2,FUN_3
284984,22816,FUN_1,FUN_2
284997,12661,FUN_2,FUN_1
285005,7354,CUBE_R,RET
285015,20140,FUN_1,FUN_2
285029,16579,FUN_1,FUN_2
285037,22912,FUN_2,FUN_1
285050,22238,RET,CUBE_L
285052,20901,FUN_3,FUN_4
285064,16723,FUN_2,FUN_3
285071,21202,FUN_4,FUN_3
285072,14048,CUBE_L,RET
285074,20140,FUN_2,FUN_1
285077,21749,FUN_3,FUN_4
285082,5482,CUBE_L,RET
285083,22679,RET,CUBE_L
285092,27739,FUN_2,FUN_1
285093,21504,FUN_2,FUN_3
285094,19666,FUN_3,FUN_2
285096,22770,FUN_2,FUN_1
285106,5135,FUN_2,FUN_1
285120,15830,FUN_5,FUN_6
285148,19886,FUN_2,FUN_1
285159,20140,FUN_1,FUN_2
285161,2184,CUBE_R,FUN_6
285168,22979,FUN_6,CUBE_R
285181,18214,FUN_1,FUN_2
285188,24044,FUN_1,FUN_2
285195,21276,FUN_2,FUN_1
285213,21600,FUN_3,FUN_2
285219,11955,RET,CUBE_L
285231,11902,FUN_5,FUN_6
285241,7799,CUBE_R,RET
285241,27592,CUBE_L,RET
285243,2144,FUN_3,FUN_2
285244,23137,FUN_2,FUN_1
285247,18457,FUN_2,FUN_3
285249,23411,CUBE_R,RET
285253,12604,CUBE_R,RET
285263,3755,FUN_3,FUN_2
285276,461,FUN_2,FUN_1
285281,23103,RET,CUBE_L
285282,739,RET,CUBE_R
285284,8932,FUN_4,FUN_3
285302,18098,FUN_6,CUBE_R
285305,2321,FUN_3,FUN_4
285312,22077,RET,CUBE_R
285329,2345,FUN_1,FUN_2
285335,14622,FUN_1,FUN_2
285340,13205,FUN_5,FUN_4
285360,786,FUN_3,FUN_2
285362,14048,RET,CUBE_L
285368,11551,FUN_3,FUN_2
285371,29602,FUN_5,FUN_4
285378,26327,FUN_1,FUN_2
285387,13679,FUN_1,FUN_2
285396,7617,FUN_4,FUN_3
285407,3225,FUN_3,FUN_2
285408,18225,FUN_4,FUN_5
285411,21504,FUN_3,FUN_2
285419,29530,FUN_3,FUN_4
285427,9438,FUN_3,FUN_2
285438,3797,FUN_2,FUN_3
285440,13865,FUN_2,FUN_3
285459,12569,FUN_5,FUN_4
285459,28650,FUN_6,FUN_5
285462,7503,FUN_4,FUN_3
285491,3985,CUBE_R,FUN_6
285494,16587,FUN_2,FUN_1
285509,10066,FUN_3,FUN_2
285510,29466,FUN_2,FUN_1
285520,12161,FUN_2,FUN_3
285520,16579,FUN_2,FUN_1
285526,28549,CUBE_L,RET
285527,16583,FUN_4,FUN_3
285542,903,RET,CUBE_R
285552,10000,FUN_1,FUN_2
285553,17040,FUN_2,FUN_3
285560,24134,RET,CUBE_R
285578,461,FUN_1,FUN_2
285578,3948,CUBE_R,FUN_6
285580,13638,RET,CUBE_R
285585,20221,FUN_3,FUN_2
285587,27923,FUN_3,FUN_4
285596,23491,FUN_1,FUN_2
285599,2392,CUBE_L,RET
285617,9238,RET,CUBE_R
285626,16007,FUN_3,FUN_4
285636,23103,CUBE_L,RET
285662,12895,FUN_1,FUN_2
285681,2899,CUBE_R,RET
285686,16761,FUN_2,FUN_1
285689,19666,FUN_2,FUN_3
285694,21893,FUN_3,FUN_4
285696,10424,FUN_2,FUN_3
285699,21276,FUN_1,FUN_2
285720,25084,CUBE_L,FUN_1
285725,15321,FUN_6,CUBE_R
285738,15057,FUN_2,FUN_1
285751,20038,FUN_3,FUN_4
285755,14613,FUN_6,CUBE_R
285762,9399,FUN_2,FUN_3
285779,29848,FUN_5,FUN_6
285798,1179,FUN_3,FUN_2
285798,21969,FUN_2,FUN_3
285805,3331,FUN_2,FUN_3
285810,13408,RET,CUBE_R
285816,2347,FUN_2,FUN_1
285828,16165,FUN_3,FUN_2
285834,15771,FUN_3,FUN_2
285838,11229,FUN_3,FUN_4
285843,27784,FUN_4,FUN_5
285869,3913,FUN_2,FUN_3
285869,13696,CUBE_R,FUN_6
285870,4036,FUN_2,FUN_3
285876,13865,FUN_3,FUN_2
285878,5142,FUN_6,FUN_5
285887,16946,FUN_1,FUN_2
285893,6435,RET,CUBE_R
285916,18130,CUBE_R,FUN_6
285922,5604,FUN_3,FUN_2
285926,15057,FUN_1,FUN_2
285937,14903,FUN_3,FUN_4
285937,19296,CUBE_R,FUN_6
285944,9368,FUN_1,CUBE_L
285966,7357,FUN_5,FUN_6
285967,15992,FUN_3,FUN_2
285977,19886,FUN_1,FUN_2
285978,4220,FUN_4,FUN_3
285985,14471,FUN_6,FUN_5
285989,142,FUN_3,FUN_2
285989,1639,RET,CUBE_R
285992,23954,FUN_6,FUN_5
286003,884,FUN_3,FUN_2
286010,10424,FUN_3,FUN_2
286021,12623,FUN_3,FUN_2
286035,15027,FUN_2,FUN_3
286035,16165,FUN_2,FUN_3
286062,9282,FUN_6,CUBE_R
286074,9756,FUN_4,FUN_3
286074,16960,RET,CUBE_R
286085,18716,FUN_3,FUN_2
286095,22912,FUN_1,FUN_2
286101,16892,FUN_2,FUN_3
286102,28187,CUBE_L,FUN_1
286114,11878,CUBE_L,RET
286115,17646,FUN_3,FUN_2
286116,16960,CUBE_R,RET
286122,18583,CUBE_R,FUN_6
286130,21449,FUN_3,FUN_4
286137,4067,FUN_2,FUN_3
286162,16804,FUN_3,FUN_4
286176,10179,FUN_3,FUN_4
286176,10419,FUN_1,FUN_2
286189,10223,FUN_4,FUN_3
286189,12791,FUN_2,FUN_1
286191,19294,FUN_2,FUN_3
286206,16236,FUN_2,FUN_3
286212,9399,FUN_3,FUN_2
286218,25691,FUN_2,FUN_3
286219,27580,RET,CUBE_R
286224,461,FUN_2,FUN_1
286226,16561,RET,CUBE_R
286227,15952,FUN_5,FUN_4
286229,8555,FUN_4,FUN_5
286237,18098,CUBE_R,FUN_6
286242,7167,FUN_4,FUN_3
286242,9174,FUN_2,FUN_3
286243,903,CUBE_R,RET
286246,26908,FUN_5,FUN_4
286258,311,FUN_2,FUN_3
286263,1017,FUN_3,FUN_2
286270,24158,CUBE_L,RET
286304,22697,CUBE_L,RET
286310,23491,FUN_2,FUN_1
286314,22408,FUN_2,FUN_3
286318,21504,FUN_2,FUN_3
286322,12572,FUN_2,FUN_3
286329,29530,FUN_4,FUN_3
286331,22377,FUN_2,FUN_1
286351,25248,FUN_2,FUN_3
286354,11384,FUN_3,FUN_2
286368,23880,CUBE_R,RET
286380,6180,FUN_2,FUN_1
286392,20355,CUBE_R,RET
286410,21502,FUN_3,FUN_2
286430,20471,RET,CUBE_L
286436,5023,FUN_2,FUN_3
286439,22912,FUN_2,FUN_1
286443,24582,CUBE_L,RET
286445,4723,FUN_1,FUN_2
286461,19957,FUN_1,FUN_2
286467,8290,CUBE_R,RET
286468,20649,FUN_1,FUN_2
286472,10401,FUN_2,FUN_1
286484,2434,FUN_1,FUN_2
286492,13456,RET,CUBE_R
286503,12791,FUN_1,FUN_2
286510,28747,CUBE_L,RET
286527,15985,FUN_6,CUBE_R
286534,9438,FUN_2,FUN_3
286535,7167,FUN_3,FUN_4
286540,18495,FUN_1,FUN_2
286546,24695,FUN_2,FUN_3
286554,13408,CUBE_R,RET
286556,19666,FUN_3,FUN_2
286558,29848,FUN_6,FUN_5
286585,7004,FUN_6,CUBE_R
286588,27459,FUN_3,FUN_2
286593,22928,FUN_4,FUN_5
286596,6867,CUBE_L,RET
286609,884,FUN_2,FUN_3
286611,14003,RET,CUBE_L
286616,16721,FUN_3,FUN_4
286621,15952,FUN_4,FUN_5
286633,884,FUN_3,FUN_2
286635,16583,FUN_3,FUN_4
286653,13044,FUN_1,FUN_2
286658,5142,FUN_5,FUN_6
286661,11500,FUN_2,FUN_1
286711,3364,FUN_2,FUN_1
286726,3088,FUN_4,FUN_3
286756,21210,FUN_3,FUN_2
286765,17226,CUBE_R,RET
286765,19549,FUN_4,FUN_3
286774,29111,FUN_2,FUN_3
286798,4843,FUN_3,FUN_2
286812,12964,FUN_3,FUN_2
286815,20538,RET,CUBE_L
286818,17320,FUN_3,FUN_2
286822,27610,FUN_4,FUN_5
286842,13782,FUN_1,FUN_2
286857,17419,FUN_2,FUN_3
286861,26858,FUN_2,FUN_3
286869,16723,FUN_3,FUN_2
286874,21449,FUN_4,FUN_3
286875,20649,FUN_2,FUN_1
286876,2898,CUBE_R,FUN_6
286894,15531,CUBE_L,RET
286902,14048,CUBE_L,RET
286917,20355,RET,CUBE_R
286927,5076,RET,CUBE_L
286932,10357,FUN_4,FUN_3
286975,29848,FUN_5,FUN_6
286997,2758,CUBE_R,RET
287002,9282,CUBE_R,FUN_6
287004,16255,CUBE_L,FUN_1
287007,14003,CUBE_L,RET
287009,6045,CUBE_L,RET
287014,15952,FUN_5,FUN_4
287018,2303,FUN_2,FUN_1
287031,6175,FUN_3,FUN_4
287053,5249,FUN_5,FUN_4
287076,10063,FUN_5,FUN_6
287085,17078,FUN_2,FUN_1
287091,1026,FUN_3,FUN_4
287094,7624,FUN_5,FUN_6
287096,19857,FUN_3,FUN_4
287123,9174,FUN_3,FUN_2
287126,9282,FUN_6,CUBE_R
287134,12526,RET,CUBE_L
287138,8932,FUN_3,FUN_4
287146,7167,FUN_4,FUN_3
287148,3307,RET,CUBE_L
287150,1541,FUN_1,FUN_2
287166,25084,FUN_1,CUBE_L
287168,28549,RET,CUBE_L
287176,1564,FUN_4,FUN_3
287194,11367,FUN_1,FUN_2
287198,25034,FUN_3,FUN_2
287204,1385,FUN_1,CUBE_L
287204,24134,CUBE_R,RET
287205,15079,FUN_5,FUN_4
287219,8675,FUN_1,FUN_2
287239,10000,FUN_2,FUN_1
287242,18321,FUN_3,FUN_2
287246,7011,CUBE_R,FUN_6
287248,22912,FUN_1,FUN_2
287269,23795,FUN_4,FUN_3
287277,29297,RET,CUBE_R
287288,22976,FUN_3,FUN_4
287293,9215,FUN_2,FUN_3
287300,16723,FUN_2,FUN_3
287307,6194,CUBE_R,RET
287313,8646,FUN_3,FUN_2
287323,25195,FUN_4,FUN_3
287325,25411,CUBE_L,FUN_1
287328,28549,CUBE_L,RET
287328,29111,FUN_3,FUN_2
287332,27086,FUN_4,FUN_3
287335,16298,FUN_6,CUBE_R
287340,22871,FUN_4,FUN_3
287351,14332,FUN_3,FUN_2
287374,884,FUN_2,FUN_3
287385,2371,FUN_6,CUBE_R
287385,13456,CUBE_R,RET
287396,15952,FUN_4,FUN_5
287399,17040,FUN_3,FUN_2
287404,29284,CUBE_R,RET
287416,27237,FUN_2,FUN_3
287422,17040,FUN_2,FUN_3
287464,19744,FUN_5,FUN_4
287471,12661,FUN_1,FUN_2
287475,19160,FUN_2,FUN_3
287508,3235,CUBE_R,RET
287514,1541,FUN_2,FUN_1
287514,18411,FUN_1,FUN_2
287515,14717,FUN_3,FUN_4
287530,5142,FUN_6,FUN_5
287553,17500,FUN_3,FUN_2
287562,10582,FUN_3,FUN_2
287572,884,FUN_3,FUN_2
287585,24134,RET,CUBE_R
287598,13097,RET,CUBE_R
287603,4201,CUBE_L,FUN_1
287615,884,FUN_2,FUN_3
287626,16685,FUN_3,FUN_4
287657,11281,FUN_2,FUN_3
287661,5294,CUBE_L,FUN_1
287661,8444,FUN_2,FUN_3
287667,19245,FUN_3,FUN_2
287673,12134,FUN_3,FUN_2
287683,14876,FUN_1,FUN_2
287704,24081,FUN_6,CUBE_R
287713,21913,FUN_2,FUN_3
287724,10419,FUN_2,FUN_1
287726,4036,FUN_3,FUN_2
287727,22867,RET,CUBE_R
287734,13253,FUN_1,FUN_2
287741,6031,FUN_2,FUN_1
287755,3767,FUN_2,FUN_1
287756,21101,FUN_3,FUN_2
287765,29297,CUBE_R,RET
287767,22515,FUN_4,FUN_3
287773,3618,FUN_3,FUN_4
287773,16318,RET,CUBE_L
287775,3666,FUN_2,FUN_3
287796,29298,FUN_3,FUN_2
287800,349,FUN_3,FUN_4
287803,27459,FUN_2,FUN_3
287803,29102,FUN_3,FUN_2
287819,29111,FUN_2,FUN_3
287825,19666,FUN_2,FUN_3
287828,15122,FUN_4,FUN_3
287835,16236,FUN_3,FUN_2
287847,5142,FUN_5,FUN_6
287851,19744,FUN_4,FUN_5
287854,18130,FUN_6,CUBE_R
287862,1098,FUN_2,FUN_3
287864,18851,FUN_3,FUN_2
287899,19744,FUN_5,FUN_4
287901,10914,FUN_2,FUN_3
287907,22077,CUBE_R,RET
287914,19973,FUN_4,FUN_5
287933,13782,FUN_2,FUN_1
287940,9892,FUN_3,FUN_2
287945,10914,FUN_3,FUN_2
287951,23463,RET,CUBE_L
287956,6429,FUN_3,FUN_2
287960,6031,FUN_1,FUN_2
287970,2321,FUN_4,FUN_3
287981,18878,FUN_3,FUN_4
287983,15420,RET,CUBE_L
287987,8315,FUN_2,FUN_1
288002,8007,FUN_5,FUN_6
288004,6557,FUN_5,FUN_4
288007,28669,FUN_1,FUN_2
288026,6557,FUN_4,FUN_5
288027,22280,FUN_2,FUN_1
288055,14805,FUN_4,FUN_5
288071,12281,FUN_3,FUN_2
288080,21101,FUN_2,FUN_3
288087,24140,FUN_2,FUN_3
288092,19666,FUN_3,FUN_2
288096,15849,FUN_3,FUN_4
288105,884,FUN_3,FUN_2
288124,14454,FUN_2,FUN_3
288134,19831,FUN_1,FUN_2
288143,14903,FUN_4,FUN_3
288151,3767,FUN_1,FUN_2
288156,22217,FUN_1,FUN_2
288156,26858,FUN_3,FUN_2
288162,5910,FUN_3,FUN_2
288163,7011,FUN_6,CUBE_R
288163,17761,RET,CUBE_R
288170,3476,FUN_1,FUN_2
288179,12044,FUN_3,FUN_2
288182,12206,CUBE_R,FUN_6
288192,15368,FUN_3,FUN_4
288221,22377,FUN_1,FUN_2
288228,19160,FUN_3,FUN_2
288235,9686,FUN_4,FUN_5
288247,16061,FUN_3,FUN_4
288258,19666,FUN_2,FUN_3
288275,7357,FUN_6,FUN_5
288284,16244,FUN_3,FUN_2
288290,2222,RET,CUBE_L
288291,903,RET,CUBE_R
288315,17080,FUN_3,FUN_2
288338,12252,FUN_3,FUN_4
288357,19973,FUN_5,FUN_4
288363,7728,RET,CUBE_R
288365,20745,FUN_4,FUN_3
288370,24054,FUN_4,FUN_5
288372,11955,CUBE_L,RET
288381,13143,FUN_4,FUN_5
288385,18508,FUN_4,FUN_3
288388,12553,FUN_2,FUN_1
288402,12526,CUBE_L,RET
288440,19666,FUN_3,FUN_2
288455,21544,FUN_4,FUN_5
288460,14717,FUN_4,FUN_3
288461,6889,FUN_4,FUN_3
288464,16667,CUBE_R,RET
288473,19810,FUN_3,FUN_4
288475,15079,FUN_4,FUN_5
288485,9748,FUN_3,FUN_2
288486,21276,FUN_2,FUN_1
288492,3929,FUN_5,FUN_6
288498,17947,CUBE_R,RET
288502,12045,FUN_3,FUN_2
288522,27569,FUN_6,FUN_5
288526,18098,FUN_6,CUBE_R
288542,21210,FUN_2,FUN_3
288549,14717,FUN_3,FUN_4
288550,18310,FUN_1,FUN_2
288555,24922,FUN_3,FUN_4
288559,21449,FUN_3,FUN_4
288561,9399,FUN_2,FUN_3
288584,3615,FUN_3,FUN_4
288598,25077,CUBE_L,FUN_1
288608,9661,FUN_6,FUN_5
288617,20645,FUN_2,FUN_1
288633,17419,FUN_3,FUN_2
288641,19160,FUN_2,FUN_3
288685,18130,CUBE_R,FUN_6
288690,4485,FUN_1,FUN_2
288700,11875,RET,CUBE_R
288705,15368,FUN_4,FUN_3
288708,19666,FUN_2,FUN_3
288721,1808,FUN_4,FUN_5
288730,16286,FUN_2,FUN_1
288734,3477,RET,CUBE_R
288734,11386,FUN_3,FUN_2
288751,21140,FUN_5,FUN_4
288752,5140,FUN_2,FUN_1
288758,10582,FUN_2,FUN_3
288762,27569,FUN_5,FUN_6
288764,10444,CUBE_L,RET
288767,29848,FUN_6,FUN_5
288776,28300,FUN_1,FUN_2
288787,21423,FUN_6,CUBE_R
288810,15856,FUN_3,FUN_4
288821,2372,RET,CUBE_L
288832,311,FUN_3,FUN_2
288833,26875,FUN_1,FUN_2
288842,29552,CUBE_R,FUN_6
288876,9335,FUN_4,FUN_5
288885,752,FUN_5,FUN_4
288888,5249,FUN_4,FUN_5
288889,3615,FUN_4,FUN_3
288896,26858,FUN_2,FUN_3
288928,12791,FUN_2,FUN_1
288937,3656,FUN_4,FUN_5
288957,682,RET,CUBE_L
288974,28980,FUN_2,FUN_1
288977,7354,RET,CUBE_R
289012,3390,CUBE_R,FUN_6
289018,898,FUN_4,FUN_3
289030,19160,FUN_3,FUN_2
289038,10319,FUN_5,FUN_6
289044,24933,FUN_1,FUN_2
289051,28281,FUN_4,FUN_5
289055,22912,FUN_2,FUN_1
289071,14914,CUBE_L,FUN_1
289117,8646,FUN_2,FUN_3
289130,2434,FUN_2,FUN_1
289136,12057,CUBE_R,RET
289146,22316,FUN_2,FUN_3
289159,5716,CUBE_L,RET
289170,8525,FUN_2,FUN_1
289173,26858,FUN_3,FUN_2
289180,3364,FUN_1,FUN_2
289180,19666,FUN_3,FUN_2
289183,27095,FUN_4,FUN_3
289192,21101,FUN_3,FUN_2
289194,26111,FUN_1,FUN_2
289198,14717,FUN_4,FUN_3
289201,9545,FUN_1,FUN_2
289208,9174,FUN_2,FUN_3
289211,7791,FUN_3,FUN_2
289224,4774,FUN_5,FUN_4
289226,5294,FUN_1,CUBE_L
289226,15285,FUN_2,FUN_1
289230,8037,FUN_3,FUN_2
289242,29144,FUN_1,FUN_2
289244,4813,FUN_3,FUN_2
289252,15954,RET,CUBE_R
289253,16579,FUN_1,FUN_2
289255,24351,FUN_1,FUN_2
289258,2099,RET,CUBE_L
289286,22770,FUN_1,FUN_2
289293,7084,FUN_2,FUN_3
289298,28541,FUN_3,FUN_4
289303,10562,FUN_3,FUN_4
289310,19303,FUN_3,FUN_2
289311,13515,FUN_2,FUN_3
289330,16721,FUN_4,FUN_3
289356,967,FUN_1,FUN_2
289359,23430,FUN_3,FUN_4
289374,9834,FUN_2,FUN_3
289377,16723,FUN_3,FUN_2
289381,7965,FUN_4,FUN_5
289402,1179,FUN_2,FUN_3
289404,4485,FUN_2,FUN_1
289404,15099,CUBE_R,FUN_6
289405,28669,FUN_2,FUN_1
289408,11685,FUN_3,FUN_2
289413,13253,FUN_2,FUN_1
289415,16331,FUN_3,FUN_4
289425,1564,FUN_3,FUN_4
289437,9892,FUN_2,FUN_3
289440,7084,FUN_3,FUN_2
289441,2042,FUN_4,FUN_3
289457,3364,FUN_2,FUN_1
289477,27176,CUBE_R,FUN_6
289488,21781,FUN_3,FUN_2
289494,23272,CUBE_R,RET
289497,14056,FUN_5,FUN_4
289508,19957,FUN_2,FUN_1
289520,10477,FUN_6,FUN_5
289529,9736,FUN_3,FUN_2
289535,9249,FUN_4,FUN_5
289540,21101,FUN_2,FUN_3
289542,13696,FUN_6,CUBE_R
289555,16667,RET,CUBE_R
289564,17226,RET,CUBE_R
289592,24738,FUN_1,CUBE_L
289600,6624,FUN_2,FUN_1
289618,12895,FUN_2,FUN_1
289621,27610,FUN_5,FUN_4
289634,3985,FUN_6,CUBE_R
289635,19810,FUN_4,FUN_3
289638,16723,FUN_2,FUN_3
289648,20311,CUBE_L,RET
289650,884,FUN_2,FUN_3
289657,25037,FUN_2,FUN_3
289669,27583,CUBE_L,RET
289671,23463,CUBE_L,RET
289677,11281,FUN_3,FUN_2
289683,27784,FUN_5,FUN_4
289687,18321,FUN_2,FUN_3
289693,5619,FUN_4,FUN_5
289728,14332,FUN_2,FUN_3
289738,6867,RET,CUBE_L
289741,23139,RET,CUBE_R
289745,15122,FUN_3,FUN_4
289747,5944,FUN_2,FUN_1
289754,6867,CUBE_L,RET
289756,25691,FUN_3,FUN_2
289759,13447,FUN_2,FUN_3
289765,25325,FUN_1,FUN_2
289805,28032,FUN_1,FUN_2
289807,6535,CUBE_R,FUN_6
289842,19515,FUN_4,FUN_3
289860,16721,FUN_3,FUN_4
289871,9398,CUBE_R,RET
289895,19160,FUN_2,FUN_3
289920,17627,CUBE_L,FUN_1
289938,14876,FUN_2,FUN_1
289940,29528,CUBE_L,RET
289942,9302,RET,CUBE_R
289943,2209,FUN_6,CUBE_R
289947,6180,FUN_1,FUN_2
289948,3767,FUN_2,FUN_1
289998,15099,FUN_6,CUBE_R
290003,11912,CUBE_L,RET
290015,6786,FUN_1,FUN_2
290017,9545,FUN_2,FUN_1
290028,15219,FUN_1,FUN_2
290036,16367,FUN_2,FUN_3
290041,4774,FUN_4,FUN_5
290044,15793,FUN_3,FUN_2
290056,2899,RET,CUBE_R
290074,27086,FUN_3,FUN_4
290076,15200,RET,CUBE_L
290107,6535,FUN_6,CUBE_R
290107,22912,FUN_1,FUN_2
290127,23197,FUN_4,FUN_3
290130,5659,FUN_3,FUN_2
290130,17078,FUN_1,FUN_2
290138,17004,FUN_6,FUN_5
290139,19580,FUN_3,FUN_2
290143,26730,FUN_6,FUN_5
290153,11005,RET,CUBE_R
290156,5135,FUN_1,FUN_2
290164,739,CUBE_R,RET
290183,1366,FUN_4,FUN_3
290183,27569,FUN_6,FUN_5
290202,12057,RET,CUBE_R
290216,10063,FUN_6,FUN_5
290219,6867,RET,CUBE_L
290228,18878,FUN_4,FUN_3
290252,8675,FUN_2,FUN_1
290254,24636,FUN_1,CUBE_L
290262,11500,FUN_1,FUN_2
290263,28154,FUN_2,FUN_3
290290,7582,CUBE_R,RET
290291,8775,FUN_2,FUN_3
290297,5333,FUN_3,FUN_2
290317,20645,FUN_1,FUN_2
290325,18878,FUN_3,FUN_4
290326,19953,FUN_1,FUN_2
290332,7235,FUN_4,FUN_3
290334,2495,RET,CUBE_R
290343,3656,FUN_5,FUN_4
290349,1327,FUN_3,FUN_4
290350,2465,FUN_5,FUN_6
290369,21706,FUN_2,FUN_3
290370,20649,FUN_1,FUN_2
290388,13253,FUN_1,FUN_2
290405,15719,FUN_2,FUN_1
290436,28817,FUN_5,FUN_6
290448,3615,FUN_3,FUN_4
290453,10401,FUN_1,FUN_2
290473,4774,FUN_5,FUN_4
290478,14586,CUBE_R,FUN_6
290483,11895,FUN_4,FUN_5
290483,16721,FUN_4,FUN_3
290488,10424,FUN_2,FUN_3
290506,24945,FUN_2,FUN_3
290508,9968,CUBE_L,FUN_1
290513,17500,FUN_2,FUN_3
290513,19553,FUN_4,FUN_5
290543,9541,FUN_2,FUN_3
290548,17436,CUBE_R,FUN_6
290549,21896,FUN_3,FUN_2
290557,6867,CUBE_L,RET
290563,2899,CUBE_R,RET
290565,19160,FUN_3,FUN_2
290569,18130,FUN_6,CUBE_R
290571,8699,FUN_2,FUN_3
290571,16721,FUN_3,FUN_4
290572,23683,FUN_3,FUN_2
290575,22976,FUN_4,FUN_3
290581,12341,FUN_3,FUN_2
290597,5135,FUN_2,FUN_1
290606,13527,FUN_3,FUN_2
290633,10066,FUN_2,FUN_3
290640,8037,FUN_2,FUN_3
290645,19507,FUN_4,FUN_5
290648,3666,FUN_3,FUN_2
290651,6867,RET,CUBE_L
290655,23099,FUN_5,FUN_6
290667,19308,FUN_6,FUN_5
290673,17140,FUN_4,FUN_3
290676,11367,FUN_2,FUN_1
290692,7995,FUN_1,FUN_2
290696,14136,FUN_4,FUN_5
290707,16367,FUN_3,FUN_2
290711,28032,FUN_2,FUN_1
290715,25077,FUN_1,CUBE_L
290716,15954,CUBE_R,RET
290727,2565,FUN_3,FUN_2
290739,5944,FUN_1,FUN_2
290748,12791,FUN_1,FUN_2
290752,3985,CUBE_R,FUN_6
290756,342,FUN_2,FUN_3
290771,15027,FUN_3,FUN_2
290773,10066,FUN_3,FUN_2
290776,16439,FUN_3,FUN_2
290786,19810,FUN_3,FUN_4
290793,29487,FUN_2,FUN_3
290824,17646,FUN_2,FUN_3
290842,19957,FUN_1,FUN_2
290843,1541,FUN_1,FUN_2
290844,10066,FUN_2,FUN_3
290844,28717,FUN_2,FUN_1
290849,10477,FUN_5,FUN_6
290853,1793,CUBE_R,RET
290861,7624,FUN_6,FUN_5
290864,12408,FUN_1,FUN_2
290901,15079,FUN_5,FUN_4
290909,15916,FUN_3,FUN_2
290928,5242,FUN_2,FUN_3
290938,11367,FUN_1,FUN_2
290942,11523,FUN_5,FUN_4
290965,8320,RET,CUBE_R
290968,2838,FUN_2,FUN_3
290984,1699,FUN_2,FUN_3
290996,14746,CUBE_R,RET
291012,6553,FUN_2,FUN_1
291016,16667,CUBE_R,RET
291029,16084,FUN_6,CUBE_R
291042,9708,CUBE_R,RET
291042,29893,FUN_3,FUN_2
291044,17862,FUN_3,FUN_2
291054,12604,RET,CUBE_R
291056,27813,FUN_4,FUN_3
291070,6867,CUBE_L,RET
291084,4292,FUN_1,FUN_2
291100,25912,FUN_5,FUN_6
291103,27900,FUN_1,FUN_2
291104,5659,FUN_2,FUN_3
291120,9873,CUBE_L,RET
291129,27392,FUN_3,FUN_4
291130,12045,FUN_2,FUN_3
291147,2371,CUBE_R,FUN_6
291151,12045,FUN_3,FUN_2
291158,5135,FUN_1,FUN_2
291161,8675,FUN_1,FUN_2
291165,7354,CUBE_R,RET
291167,661,CUBE_L,RET
291167,2420,FUN_5,FUN_6
291172,27114,FUN_5,FUN_4
291173,22928,FUN_5,FUN_4
291195,4201,FUN_1,CUBE_L
291214,25627,FUN_2,FUN_1
291220,12604,CUBE_R,RET
291227,21781,FUN_2,FUN_3
291236,12925,FUN_1,FUN_2
291250,311,FUN_2,FUN_3
291250,5716,RET,CUBE_L
291255,16856,FUN_5,FUN_4
291259,22316,FUN_3,FUN_2
291262,19308,FUN_5,FUN_6
291263,5249,FUN_5,FUN_4
291267,12803,FUN_3,FUN_2
291272,7897,CUBE_R,RET
291277,5709,FUN_5,FUN_6
291278,6440,FUN_5,FUN_4
291300,21544,FUN_5,FUN_4
291316,19264,CUBE_R,RET
291321,14947,FUN_6,FUN_5
291330,7582,RET,CUBE_R
291331,22040,FUN_2,FUN_1
291343,8864,FUN_3,FUN_2
291343,25198,RET,CUBE_L
291347,26548,FUN_2,FUN_1
291376,14900,FUN_3,FUN_2
291377,14717,FUN_3,FUN_4
291433,2,FUN_4,FUN_5
291434,27905,CUBE_R,FUN_6
291440,3319,FUN_3,FUN_2
291447,28281,FUN_5,FUN_4
291465,16617,CUBE_R,FUN_6
291465,22979,CUBE_R,FUN_6
291469,22092,CUBE_R,FUN_6
291471,10477,FUN_6,FUN_5
291485,4411,FUN_3,FUN_2
291485,29509,FUN_5,FUN_6
291494,4774,FUN_4,FUN_5
291504,17094,FUN_2,FUN_1
291505,5659,FUN_3,FUN_2
291520,25913,FUN_4,FUN_3
291537,21802,FUN_2,FUN_3
291544,2321,FUN_3,FUN_4
291550,12281,FUN_2,FUN_3
291556,19469,FUN_5,FUN_4
291573,19558,FUN_2,FUN_1
291580,27537,FUN_2,FUN_3
291589,7348,FUN_4,FUN_3
291590,11902,FUN_6,FUN_5
291600,27114,FUN_4,FUN_5
291602,5333,FUN_2,FUN_3
291603,17436,FUN_6,CUBE_R
291614,18495,FUN_2,FUN_1
291618,16062,FUN_2,FUN_3
291637,16723,FUN_3,FUN_2
291657,12661,FUN_2,FUN_1
291658,23241,FUN_3,FUN_2
291663,5333,FUN_3,FUN_2
291664,9834,FUN_3,FUN_2
291673,27524,FUN_4,FUN_5
291683,17947,RET,CUBE_R
291686,11459,RET,CUBE_L
291691,19629,FUN_3,FUN_2
291694,10582,FUN_3,FUN_2
291713,1588,FUN_3,FUN_2
291722,10503,FUN_1,FUN_2
291727,13721,FUN_2,FUN_3
291739,10503,FUN_2,FUN_1
291749,10503,FUN_1,FUN_2
291750,24212,FUN_5,FUN_4
291752,6786,FUN_2,FUN_1
291767,14900,FUN_2,FUN_3
291782,20538,CUBE_L,RET
291791,10503,FUN_2,FUN_1
291807,10503,FUN_1,FUN_2
291819,12252,FUN_4,FUN_3
291828,10503,FUN_2,FUN_1
291838,15952,FUN_5,FUN_4
291854,10503,FUN_1,FUN_2
291867,15079,FUN_4,FUN_5
291874,15531,RET,CUBE_L
291890,23881,FUN_4,FUN_5
291891,17500,FUN_3,FUN_2
291895,13723,FUN_4,FUN_5
291926,10503,FUN_2,FUN_1
291946,9539,FUN_6,CUBE_R
291950,22912,FUN_2,FUN_1
291986,14889,CUBE_R,RET
292012,16061,FUN_4,FUN_3
292015,21888,RET,CUBE_L
292023,23631,FUN_1,FUN_2
292038,8496,RET,CUBE_R
292040,10082,FUN_1,FUN_2
292052,22992,FUN_5,FUN_6
292054,5242,FUN_3,FUN_2
292060,11902,FUN_5,FUN_6
292095,14332,FUN_3,FUN_2
292108,18321,FUN_3,FUN_2
292114,22979,FUN_6,CUBE_R
292119,11880,CUBE_L,FUN_1
292119,26180,FUN_2,FUN_1
292121,13155,CUBE_L,RET
292137,24140,FUN_3,FUN_2
292157,28187,FUN_1,CUBE_L
292159,7445,RET,CUBE_R
292167,18295,CUBE_L,FUN_1
292186,5242,FUN_2,FUN_3
292193,21449,FUN_4,FUN_3
292224,23256,FUN_3,FUN_2
292241,16761,FUN_1,FUN_2
292268,5659,FUN_2,FUN_3
292278,21110,FUN_2,FUN_1
292284,13865,FUN_2,FUN_3
292313,13031,FUN_2,FUN_1
292341,6175,FUN_4,FUN_3
292343,21661,FUN_6,FUN_5
292346,26905,FUN_1,FUN_2
292350,773,FUN_4,FUN_5
292356,23099,FUN_6,FUN_5
292358,11523,FUN_4,FUN_5
292369,19033,FUN_6,FUN_5
292382,12045,FUN_2,FUN_3
292389,11315,FUN_3,FUN_2
292392,17094,FUN_1,FUN_2
292394,16286,FUN_1,FUN_2
292412,20660,FUN_1,FUN_2
292422,2898,FUN_6,CUBE_R
292454,15719,FUN_1,FUN_2
292464,11685,FUN_2,FUN_3
292480,9834,FUN_2,FUN_3
292490,12281,FUN_3,FUN_2
292492,27679,FUN_3,FUN_2
292503,18098,CUBE_R,FUN_6
292508,7445,CUBE_R,RET
292520,9661,FUN_5,FUN_6
292521,13591,FUN_1,FUN_2
292530,5479,FUN_2,FUN_1
292539,23683,FUN_2,FUN_3
292550,12235,FUN_3,FUN_2
292556,7619,FUN_1,FUN_2
292559,16439,FUN_2,FUN_3
292591,4485,FUN_1,FUN_2
292594,2978,FUN_2,FUN_1
292602,7728,CUBE_R,RET
292605,19374,FUN_3,FUN_4
292606,3665,FUN_4,FUN_5
292611,9941,FUN_4,FUN_5
292619,27322,FUN_2,FUN_1
292627,1054,FUN_5,FUN_4
292627,23868,FUN_2,FUN_1
292633,25913,FUN_3,FUN_4
292643,1564,FUN_4,FUN_3
292653,27157,FUN_6,CUBE_R
292664,14889,RET,CUBE_R
292682,12341,FUN_2,FUN_3
292683,24284,FUN_4,FUN_3
292715,27858,FUN_2,FUN_1
292724,6085,FUN_2,FUN_1
292737,5910,FUN_2,FUN_3
292805,29893,FUN_2,FUN_3
292816,24676,FUN_4,FUN_5
292821,2434,FUN_1,FUN_2
292853,3686,FUN_4,FUN_3
292869,19831,FUN_2,FUN_1
292873,13723,FUN_5,FUN_4
292874,5242,FUN_3,FUN_2
292883,13447,FUN_3,FUN_2
292885,12908,FUN_1,FUN_2
292889,21502,FUN_2,FUN_3
292909,978,FUN_2,FUN_3
292920,13865,FUN_3,FUN_2
292933,21502,FUN_3,FUN_2
292949,27524,FUN_5,FUN_4
292958,21502,FUN_2,FUN_3
292975,8478,FUN_1,FUN_2
292981,27679,FUN_2,FUN_3
292992,3666,FUN_2,FUN_3
292994,24495,FUN_2,FUN_3
293000,18563,FUN_3,FUN_2
293002,661,RET,CUBE_L
293013,9704,FUN_5,FUN_6
293023,15916,FUN_2,FUN_3
293028,22992,FUN_6,FUN_5
293033,9337,FUN_1,FUN_2
293034,14795,FUN_1,FUN_2
293038,2283,FUN_3,FUN_4
293047,20131,FUN_4,FUN_5
293051,7040,CUBE_L,FUN_1
293060,13212,CUBE_R,FUN_6
293125,12661,FUN_1,FUN_2
293130,28154,FUN_3,FUN_2
293132,22952,CUBE_R,FUN_6
293134,3225,FUN_2,FUN_3
293134,20284,FUN_1,FUN_2
293170,5614,FUN_5,FUN_4
293172,27569,FUN_5,FUN_6
293175,6557,FUN_5,FUN_4
293175,24472,FUN_3,FUN_4
293179,25627,FUN_1,FUN_2
293199,5142,FUN_6,FUN_5
293201,12964,FUN_2,FUN_3
293217,16617,FUN_6,CUBE_R
293229,2925,FUN_2,FUN_1
293240,16561,CUBE_R,RET
293245,621,FUN_3,FUN_4
293262,24992,FUN_1,CUBE_L
293266,11367,FUN_2,FUN_1
293271,12895,FUN_1,FUN_2
293286,9875,FUN_3,FUN_4
293288,14283,FUN_5,FUN_6
293290,25157,FUN_6,CUBE_R
293312,19957,FUN_2,FUN_1
293318,16579,FUN_2,FUN_1
293322,11386,FUN_2,FUN_3
293331,14815,FUN_2,FUN_1
293337,10461,FUN_1,CUBE_L
293349,13155,RET,CUBE_L
293363,22245,CUBE_R,FUN_6
293383,9545,FUN_1,FUN_2
293404,16286,FUN_2,FUN_1
293405,2978,FUN_1,FUN_2
293405,28660,FUN_1,FUN_2
293406,17761,CUBE_R,RET
293418,16850,FUN_4,FUN_3
293420,25912,FUN_6,FUN_5
293422,5944,FUN_2,FUN_1
293445,10740,FUN_1,FUN_2
293451,7138,FUN_5,FUN_4
293454,7138,FUN_4,FUN_5
293463,17808,RET,CUBE_R
293476,9539,CUBE_R,FUN_6
293478,21426,FUN_2,FUN_3
293484,13591,FUN_2,FUN_1
293495,11269,FUN_3,FUN_2
293495,21142,FUN_1,CUBE_L
293499,3302,FUN_3,FUN_2
293500,9398,RET,CUBE_R
293502,2700,FUN_2,FUN_3
293515,23272,RET,CUBE_R
293528,7348,FUN_3,FUN_4
293529,5886,FUN_5,FUN_4
293529,14381,FUN_4,FUN_3
293533,25153,CUBE_R,FUN_6
293546,23103,RET,CUBE_L
293550,7311,RET,CUBE_R
293565,21308,CUBE_R,RET
293585,18881,CUBE_R,FUN_6
293591,11774,FUN_3,FUN_4
293593,13560,FUN_3,FUN_4
293619,10582,FUN_2,FUN_3
293642,11229,FUN_4,FUN_3
293644,1017,FUN_2,FUN_3
293661,7687,RET,CUBE_L
293671,21449,FUN_3,FUN_4
293692,6194,RET,CUBE_R
293719,11206,FUN_3,FUN_4
293738,27322,FUN_1,FUN_2
293757,13237,FUN_6,CUBE_R
293790,3797,FUN_3,FUN_2
293796,10811,FUN_2,FUN_1
293799,17004,FUN_5,FUN_6
293803,4896,FUN_2,FUN_1
293804,22404,FUN_4,FUN_3
293819,2465,FUN_6,FUN_5
293827,16236,FUN_2,FUN_3
293842,27679,FUN_3,FUN_2
293847,7311,CUBE_R,RET
293878,22938,FUN_2,FUN_3
293885,28247,FUN_2,FUN_1
293890,17500,FUN_2,FUN_3
293898,14056,FUN_4,FUN_5
293917,8987,CUBE_L,RET
293933,26908,FUN_4,FUN_5
293938,15965,FUN_5,FUN_6
293940,9215,FUN_3,FUN_2
293943,5142,FUN_5,FUN_6
293943,19090,FUN_2,FUN_1
293956,24706,RET,CUBE_R
293965,21857,FUN_2,FUN_3
293977,25907,FUN_2,FUN_3
293978,14566,FUN_6,FUN_5
293984,19507,FUN_5,FUN_4
294006,2700,FUN_3,FUN_2
294010,29102,FUN_2,FUN_3
294030,18801,FUN_4,FUN_5
294031,25118,FUN_3,FUN_4
294039,21101,FUN_3,FUN_2
294044,15285,FUN_1,FUN_2
294047,2371,FUN_6,CUBE_R
294067,11902,FUN_6,FUN_5
294078,12057,CUBE_R,RET
294093,24495,FUN_3,FUN_2
294097,16367,FUN_2,FUN_3
294104,23719,FUN_2,FUN_1
294113,9748,FUN_2,FUN_3
294117,1196,FUN_3,FUN_2
294123,4991,FUN_3,FUN_4
294159,3476,FUN_2,FUN_1
294184,23272,CUBE_R,RET
294205,8378,FUN_5,FUN_4
294207,16497,FUN_3,FUN_4
294210,23631,FUN_2,FUN_1
294211,3053,FUN_4,FUN_5
294212,29475,FUN_2,FUN_1
294242,15122,FUN_4,FUN_3
294245,19868,RET,CUBE_L
294298,2700,FUN_2,FUN_3
294314,905,FUN_2,FUN_1
294350,7505,FUN_3,FUN_2
294359,11206,FUN_4,FUN_3
294367,19507,FUN_4,FUN_5
294375,7040,FUN_1,CUBE_L
294375,21101,FUN_2,FUN_3
294382,3042,FUN_2,FUN_3
294387,15856,FUN_4,FUN_3
294400,23430,FUN_4,FUN_3
294421,8444,FUN_3,FUN_2
294428,27905,FUN_6,CUBE_R
294434,11489,FUN_3,FUN_2
294449,18406,FUN_3,FUN_2
294456,1543,FUN_5,FUN_6
294468,25913,FUN_4,FUN_3
294477,25084,CUBE_L,FUN_1
294483,15992,FUN_2,FUN_3
294488,22928,FUN_4,FUN_5
294491,16852,FUN_5,FUN_6
294502,11242,FUN_3,FUN_2
294506,9215,FUN_2,FUN_3
294508,763,FUN_1,FUN_2
294515,930,CUBE_L,RET
294518,21199,CUBE_R,FUN_6
294534,22912,FUN_1,FUN_2
294536,10066,FUN_3,FUN_2
294546,29475,FUN_1,FUN_2
294575,8055,FUN_5,FUN_4
294579,29102,FUN_3,FUN_2
294580,14795,FUN_2,FUN_1
294584,17931,FUN_5,FUN_6
294601,3088,FUN_3,FUN_4
294607,4544,CUBE_R,RET
294612,22979,CUBE_R,FUN_6
294635,19566,FUN_3,FUN_2
294643,13723,FUN_4,FUN_5
294646,25775,FUN_3,FUN_4
294653,1054,FUN_4,FUN_5
294667,12181,RET,CUBE_L
294680,7965,FUN_5,FUN_4
294682,8525,FUN_1,FUN_2
294682,13841,FUN_2,FUN_1
294699,6085,FUN_1,FUN_2
294714,13723,FUN_5,FUN_4
294735,15252,CUBE_R,RET
294751,27679,FUN_2,FUN_3
294752,25183,FUN_3,FUN_2
294771,25627,FUN_2,FUN_1
294773,1676,CUBE_L,RET
294774,18225,FUN_5,FUN_4
294776,11685,FUN_3,FUN_2
294781,22797,FUN_3,FUN_2
294791,3937,FUN_1,FUN_2
294796,14332,FUN_2,FUN_3
294805,3658,FUN_6,CUBE_R
294807,23103,CUBE_L,RET
294808,13408,RET,CUBE_R
294815,13723,FUN_4,FUN_5
294833,26042,FUN_4,FUN_3
294834,29305,FUN_2,FUN_1
294842,5615,RET,CUBE_L
294847,9215,FUN_3,FUN_2
294849,699,FUN_1,CUBE_L
294856,22797,FUN_2,FUN_3
294872,4813,FUN_2,FUN_3
294874,12702,FUN_3,FUN_2
294875,6901,FUN_2,FUN_1
294876,7505,FUN_2,FUN_3
294886,19969,FUN_5,FUN_4
294890,14259,FUN_2,FUN_1
294903,15464,FUN_2,FUN_1
294907,25084,FUN_1,CUBE_L
294912,9748,FUN_3,FUN_2
294914,5333,FUN_2,FUN_3
294915,3319,FUN_2,FUN_3
294928,13723,FUN_5,FUN_4
294934,13723,FUN_4,FUN_5
294935,21409,FUN_2,FUN_3
294952,11386,FUN_3,FUN_2
294965,9259,FUN_1,CUBE_L
294967,12964,FUN_3,FUN_2
294973,11386,FUN_2,FUN_3
294973,24992,CUBE_L,FUN_1
294978,447,CUBE_L,RET
294982,11367,FUN_1,FUN_2
294983,14259,FUN_1,FUN_2
294983,26118,FUN_2,FUN_3
294984,25929,FUN_4,FUN_5
294992,21706,FUN_3,FUN_2
294993,6981,CUBE_R,FUN_6
294995,6867,RET,CUBE_L
295012,18787,CUBE_L,FUN_1
295013,19629,FUN_2,FUN_3
295034,11386,FUN_3,FUN_2
295037,4991,FUN_4,FUN_3
295037,13312,FUN_4,FUN_5
295042,9282,CUBE_R,FUN_6
295043,14102,FUN_1,FUN_2
295050,14805,FUN_5,FUN_4
295054,22928,FUN_5,FUN_4
295058,9215,FUN_2,FUN_3
295061,24086,FUN_4,FUN_5
295079,16437,FUN_3,FUN_2
295088,19744,FUN_4,FUN_5
295101,15746,FUN_2,FUN_3
295102,13841,FUN_1,FUN_2
295102,22912,FUN_2,FUN_1
295103,14341,FUN_1,CUBE_L
295111,12089,FUN_6,FUN_5
295122,27295,FUN_2,FUN_1
295135,19670,FUN_3,FUN_2
295149,18231,RET,CUBE_L
295151,24284,FUN_3,FUN_4
295153,334,FUN_4,FUN_5
295153,14200,FUN_2,FUN_1
295165,27327,FUN_3,FUN_4
295166,3053,FUN_5,FUN_4
295167,23171,FUN_3,FUN_4
295184,23171,FUN_4,FUN_3
295192,11955,RET,CUBE_L
295194,316,FUN_5,FUN_4
295198,1969,FUN_6,FUN_5
295238,28160,CUBE_R,RET
295265,13638,CUBE_R,RET
295288,16298,CUBE_R,FUN_6
295293,9215,FUN_3,FUN_2
295297,9215,FUN_2,FUN_3
295324,25279,FUN_3,FUN_2
295325,22797,FUN_3,FUN_2
295338,13866,FUN_2,FUN_1
295339,26782,FUN_3,FUN_2
295349,22928,FUN_4,FUN_5
295359,11875,CUBE_R,RET
295360,9215,FUN_3,FUN_2
295365,24989,FUN_3,FUN_4
295371,18563,FUN_2,FUN_3
295399,27928,FUN_5,FUN_6
295406,12370,FUN_4,FUN_3
295423,27322,FUN_2,FUN_1
295425,7349,FUN_2,FUN_3
295450,28174,FUN_2,FUN_1
295461,26090,FUN_1,FUN_2
295476,3618,FUN_4,FUN_3
295481,19160,FUN_2,FUN_3
295499,4897,FUN_2,FUN_3
295499,8381,FUN_3,FUN_2
295504,3364,FUN_1,FUN_2
295506,27858,FUN_1,FUN_2
295515,23272,RET,CUBE_R
295516,15815,FUN_1,FUN_2
295522,3177,FUN_2,FUN_3
295533,3223,CUBE_L,RET
295543,12964,FUN_2,FUN_3
295549,24636,CUBE_L,FUN_1
295554,4927,FUN_2,FUN_3
295568,6045,RET,CUBE_L
295573,5709,FUN_6,FUN_5
295634,2,FUN_5,FUN_4
295634,9105,RET,CUBE_R
295645,2978,FUN_2,FUN_1
295648,19285,FUN_2,FUN_1
295649,24992,FUN_1,CUBE_L
295676,5604,FUN_2,FUN_3
295678,16956,CUBE_L,RET
295690,14462,CUBE_R,RET
295698,4927,FUN_3,FUN_2
295726,8746,FUN_6,CUBE_R
295727,4052,CUBE_R,RET
295747,21480,FUN_3,FUN_2
295754,14815,FUN_1,FUN_2
295759,6535,CUBE_R,FUN_6
295766,238,FUN_2,FUN_1
295768,14876,FUN_1,FUN_2
295781,22800,FUN_1,FUN_2
295785,21502,FUN_3,FUN_2
295787,11386,FUN_2,FUN_3
295788,23430,FUN_3,FUN_4
295789,15292,FUN_1,FUN_2
295792,11955,CUBE_L,RET
295796,22797,FUN_2,FUN_3
295814,971,FUN_5,FUN_6
295825,11386,FUN_3,FUN_2
295829,5140,FUN_1,FUN_2
295833,15547,FUN_4,FUN_3
295849,20227,FUN_4,FUN_3
295859,19566,FUN_2,FUN_3
295860,6447,FUN_4,FUN_3
295869,5333,FUN_3,FUN_2
295871,142,FUN_2,FUN_3
295892,23683,FUN_3,FUN_2
295935,7505,FUN_3,FUN_2
295950,23719,FUN_1,FUN_2
295951,16586,FUN_1,FUN_2
295958,14702,RET,CUBE_R
295970,27593,FUN_5,FUN_4
295971,18903,FUN_3,FUN_4
295974,11878,RET,CUBE_L
295985,5910,FUN_3,FUN_2
295992,22899,FUN_6,CUBE_R
296035,699,CUBE_L,FUN_1
296057,23838,FUN_1,FUN_2
296062,621,FUN_4,FUN_3
296063,6887,CUBE_L,RET
296063,9249,FUN_5,FUN_4
296116,20197,FUN_2,FUN_3
296126,4485,FUN_2,FUN_1
296163,3665,FUN_5,FUN_4
296166,26782,FUN_2,FUN_3
296173,23430,FUN_4,FUN_3
296173,24922,FUN_4,FUN_3
296177,19744,FUN_5,FUN_4
296193,21857,FUN_3,FUN_2
296196,25195,FUN_3,FUN_4
296218,11315,FUN_2,FUN_3
296231,11582,FUN_1,FUN_2
296243,21480,FUN_2,FUN_3
296248,8444,FUN_2,FUN_3
296249,14027,FUN_4,FUN_5
296254,17931,FUN_6,FUN_5
296267,29893,FUN_3,FUN_2
296281,9238,CUBE_R,RET
296285,20131,FUN_5,FUN_4
296305,20227,FUN_3,FUN_4
296318,8114,FUN_1,FUN_2
296326,16579,FUN_1,FUN_2
296328,1441,FUN_2,FUN_3
296333,11269,FUN_2,FUN_3
296342,21502,FUN_2,FUN_3
296352,14102,FUN_2,FUN_1
296368,11386,FUN_2,FUN_3
296386,27322,FUN_1,FUN_2
296393,22076,FUN_6,CUBE_R
296425,18858,FUN_3,FUN_2
296433,786,FUN_2,FUN_3
296440,16497,FUN_4,FUN_3
296448,23513,FUN_3,FUN_4
296450,29848,FUN_5,FUN_6
296452,14717,FUN_4,FUN_3
296456,5709,FUN_5,FUN_6
296457,24853,CUBE_R,RET
296476,14989,CUBE_R,RET
296486,23137,FUN_1,FUN_2
296488,13560,FUN_4,FUN_3
296496,15464,FUN_1,FUN_2
296502,25809,FUN_4,FUN_5
296507,13527,FUN_2,FUN_3
296540,23838,FUN_2,FUN_1
296566,12757,FUN_3,FUN_2
296580,17040,FUN_3,FUN_2
296583,25118,FUN_4,FUN_3
296589,13031,FUN_1,FUN_2
296594,9259,CUBE_L,FUN_1
296595,12181,CUBE_L,RET
296610,27410,CUBE_L,RET
296611,15795,CUBE_L,FUN_1
296613,10811,FUN_1,FUN_2
296627,12926,FUN_3,FUN_2
296636,15161,RET,CUBE_L
296643,2978,FUN_1,FUN_2
296666,19953,FUN_2,FUN_1
296683,14329,FUN_2,FUN_1
296688,15464,FUN_2,FUN_1
296709,17078,FUN_2,FUN_1
296711,19090,FUN_1,FUN_2
296723,905,FUN_1,FUN_2
296729,17040,FUN_2,FUN_3
296739,1625,FUN_3,FUN_2
296752,971,FUN_6,FUN_5
296755,28278,FUN_5,FUN_4
296757,17111,FUN_3,FUN_2
296775,27231,FUN_1,FUN_2
296783,21544,FUN_4,FUN_5
296793,6889,FUN_3,FUN_4
296803,29475,FUN_2,FUN_1
296823,18752,FUN_3,FUN_2
296835,27755,FUN_1,FUN_2
296850,8525,FUN_2,FUN_1
296851,25775,FUN_4,FUN_3
296861,17040,FUN_3,FUN_2
296866,2420,FUN_6,FUN_5
296869,22040,FUN_1,FUN_2
296880,9478,FUN_3,FUN_2
296883,26908,FUN_5,FUN_4
296885,9263,FUN_4,FUN_5
296901,7505,FUN_2,FUN_3
296918,6535,FUN_6,CUBE_R
296942,10627,FUN_4,FUN_3
296947,27784,FUN_4,FUN_5
296971,12964,FUN_3,FUN_2
296995,25627,FUN_1,FUN_2
296999,3937,FUN_2,FUN_1
297007,18787,FUN_1,CUBE_L
297057,23880,RET,CUBE_R
297069,21527,FUN_5,FUN_6
297076,9215,FUN_2,FUN_3
297089,4583,FUN_2,FUN_3
297096,28187,CUBE_L,FUN_1
297104,8234,CUBE_R,FUN_6
297108,22912,FUN_1,FUN_2
297121,13155,CUBE_L,RET
297132,21474,RET,CUBE_R
297157,9748,FUN_2,FUN_3
297159,24284,FUN_4,FUN_3
297161,11053,CUBE_L,FUN_1
297176,24853,RET,CUBE_R
297198,1196,FUN_2,FUN_3
297208,19196,RET,CUBE_R
297212,12623,FUN_2,FUN_3
297253,15719,FUN_2,FUN_1
297268,3978,CUBE_R,RET
297268,29475,FUN_1,FUN_2
297270,28919,FUN_2,FUN_1
297275,21706,FUN_2,FUN_3
297277,29627,FUN_1,FUN_2
297278,13599,FUN_3,FUN_2
297292,15731,CUBE_R,RET
297318,9438,FUN_3,FUN_2
297319,26897,FUN_3,FUN_2
297327,5715,FUN_2,FUN_1
297335,12700,FUN_2,FUN_1
297335,18881,FUN_6,CUBE_R
297350,23667,FUN_1,FUN_2
297356,27295,FUN_1,FUN_2
297357,19558,FUN_1,FUN_2
297364,7306,FUN_4,FUN_5
297397,971,FUN_5,FUN_6
297404,24033,FUN_2,FUN_3
297417,24224,FUN_4,FUN_5
297419,28779,FUN_1,FUN_2
297438,24086,FUN_5,FUN_4
297444,24738,CUBE_L,FUN_1
297474,10223,FUN_3,FUN_4
297479,22979,FUN_6,CUBE_R
297483,19090,FUN_2,FUN_1
297519,19566,FUN_3,FUN_2
297526,9998,FUN_5,FUN_4
297542,4723,FUN_2,FUN_1
297572,9941,FUN_5,FUN_4
297578,25126,FUN_2,FUN_3
297581,2763,FUN_2,FUN_3
297593,971,FUN_6,FUN_5
297596,19049,FUN_6,CUBE_R
297601,27858,FUN_2,FUN_1
297605,13155,RET,CUBE_L
297609,4995,FUN_4,FUN_3
297610,19670,FUN_2,FUN_3
297613,16579,FUN_2,FUN_1
297637,14717,FUN_3,FUN_4
297670,29893,FUN_2,FUN_3
297678,11880,FUN_1,CUBE_L
297680,22040,FUN_2,FUN_1
297693,26548,FUN_1,FUN_2
297702,531,FUN_5,FUN_6
297705,24989,FUN_4,FUN_3
297743,13605,FUN_6,FUN_5
297754,21546,CUBE_L,FUN_1
297758,22920,FUN_4,FUN_3
297761,24676,FUN_5,FUN_4
297762,25279,FUN_2,FUN_3
297763,19399,FUN_4,FUN_5
297767,4544,RET,CUBE_R
297773,10088,FUN_2,FUN_3
297813,8264,FUN_2,FUN_3
297818,21199,FUN_6,CUBE_R
297825,29591,FUN_5,FUN_4
297826,16579,FUN_1,FUN_2
297829,22963,FUN_5,FUN_4
297873,19507,FUN_5,FUN_4
297895,22040,FUN_1,FUN_2
297895,24578,FUN_3,FUN_2
297899,1684,RET,CUBE_R
297928,10582,FUN_3,FUN_2
297938,11856,FUN_2,FUN_1
297940,6981,FUN_6,CUBE_R
297984,682,CUBE_L,RET
297986,27083,FUN_2,FUN_1
297992,28634,FUN_6,CUBE_R
297994,3985,FUN_6,CUBE_R
297994,19285,FUN_1,FUN_2
297994,28376,FUN_4,FUN_3
298007,15531,CUBE_L,RET
298015,6889,FUN_4,FUN_3
298049,16591,FUN_2,FUN_3
298109,9029,FUN_3,FUN_2
298126,10444,RET,CUBE_L
298136,9747,FUN_2,FUN_1
298156,3571,FUN_4,FUN_3
298158,27295,FUN_2,FUN_1
298174,18752,FUN_2,FUN_3
298176,11523,FUN_5,FUN_4
298188,29893,FUN_3,FUN_2
298201,9287,FUN_3,FUN_2
298228,15823,FUN_2,FUN_1
298240,8290,RET,CUBE_R
298247,16405,CUBE_R,RET
298247,27223,FUN_3,FUN_4
298253,1588,FUN_2,FUN_3
298255,14998,FUN_5,FUN_6
298273,13721,FUN_3,FUN_2
298275,12617,CUBE_R,RET
298291,26049,CUBE_L,RET
298301,8685,FUN_3,FUN_2
298311,22986,FUN_6,FUN_5
298319,5910,FUN_2,FUN_3
298324,8675,FUN_2,FUN_1
298349,5602,FUN_2,FUN_1
298364,23219,FUN_5,FUN_4
298366,21003,FUN_2,FUN_1
298373,12568,RET,CUBE_R
298374,27607,FUN_4,FUN_3
298375,29150,FUN_3,FUN_4
298383,21101,FUN_3,FUN_2
298386,27857,FUN_3,FUN_4
298388,18495,FUN_1,FUN_2
298393,27105,FUN_2,FUN_1
298402,27255,FUN_3,FUN_4
298409,11490,FUN_2,FUN_1
298411,13733,FUN_2,FUN_1
298415,22377,FUN_2,FUN_1
298440,11878,CUBE_L,RET
298441,13547,FUN_2,FUN_3
298454,1964,FUN_2,FUN_1
298478,238,FUN_1,FUN_2
298479,8037,FUN_3,FUN_2
298483,29597,RET,CUBE_L
298534,15006,CUBE_R,FUN_6
298543,27231,FUN_2,FUN_1
298552,28634,CUBE_R,FUN_6
298585,20415,FUN_1,FUN_2
298593,15989,FUN_1,FUN_2
298603,8114,FUN_2,FUN_1
298607,10652,FUN_3,FUN_2
298610,6460,FUN_2,FUN_1
298611,2364,FUN_2,FUN_3
298631,5595,RET,CUBE_L
298656,24578,FUN_2,FUN_3
298661,3319,FUN_3,FUN_2
298662,6560,FUN_6,FUN_5
298680,24676,FUN_4,FUN_5
298684,1625,FUN_2,FUN_3
298710,15292,FUN_2,FUN_1
298716,14722,FUN_3,FUN_4
298723,11955,RET,CUBE_L
298729,16761,FUN_2,FUN_1
298755,15006,FUN_6,CUBE_R
298770,28919,FUN_1,FUN_2
298773,23188,FUN_3,FUN_4
298784,50,FUN_5,FUN_4
298816,18495,FUN_2,FUN_1
298819,11856,FUN_1,FUN_2
298823,27223,FUN_4,FUN_3
298838,13244,FUN_5,FUN_6
298839,28160,RET,CUBE_R
298841,17111,FUN_2,FUN_3
298846,11880,CUBE_L,FUN_1
298848,19374,FUN_4,FUN_3
298851,14717,FUN_4,FUN_3
298858,21040,FUN_3,FUN_4
298892,8178,FUN_5,FUN_6
298894,24284,FUN_3,FUN_4
298896,20227,FUN_4,FUN_3
298899,24061,RET,CUBE_L
298917,27569,FUN_6,FUN_5
298920,28527,CUBE_R,FUN_6
298925,27105,FUN_1,FUN_2
298927,27755,FUN_2,FUN_1
298931,2042,FUN_3,FUN_4
298931,13143,FUN_5,FUN_4
298943,9478,FUN_2,FUN_3
298962,531,FUN_6,FUN_5
298963,11582,FUN_2,FUN_1
298963,15027,FUN_2,FUN_3
298983,22912,FUN_2,FUN_1
298988,7074,FUN_2,FUN_3
298990,29278,FUN_4,FUN_3
298991,19670,FUN_3,FUN_2
298992,12702,FUN_2,FUN_3
298999,11315,FUN_3,FUN_2
298999,14481,FUN_2,FUN_3
299024,8539,RET,CUBE_L
299024,26996,CUBE_L,RET
299030,29284,RET,CUBE_R
299059,25627,FUN_2,FUN_1
299062,1964,FUN_1,FUN_2
299064,15292,FUN_1,FUN_2
299077,9941,FUN_4,FUN_5
299093,3476,FUN_1,FUN_2
299136,21409,FUN_3,FUN_2
299142,14200,FUN_1,FUN_2
299157,19308,FUN_6,FUN_5
299159,27580,CUBE_R,RET
299162,28160,CUBE_R,RET
299167,23513,FUN_4,FUN_3
299169,8675,FUN_1,FUN_2
299175,18965,FUN_3,FUN_2
299187,21457,FUN_6,CUBE_R
299195,8264,FUN_3,FUN_2
299217,27858,FUN_1,FUN_2
299224,16723,FUN_2,FUN_3
299225,19629,FUN_3,FUN_2
299249,14102,FUN_1,FUN_2
299254,2420,FUN_5,FUN_6
299267,28669,FUN_1,FUN_2
299293,15901,FUN_4,FUN_3
299309,786,FUN_3,FUN_2
299310,10798,CUBE_L,FUN_1
299318,26897,FUN_2,FUN_3
299331,10798,FUN_1,CUBE_L
299332,3658,CUBE_R,FUN_6
299344,3888,CUBE_R,RET
299353,14750,FUN_2,FUN_1
299358,6691,FUN_2,FUN_3
299361,28160,RET,CUBE_R
299402,7897,RET,CUBE_R
299415,25691,FUN_2,FUN_3
299423,11685,FUN_2,FUN_3
299432,23838,FUN_1,FUN_2
299433,8864,FUN_2,FUN_3
299437,6901,FUN_1,FUN_2
299437,8746,CUBE_R,FUN_6
299439,15719,FUN_1,FUN_2
299440,10310,FUN_3,FUN_2
299441,24158,RET,CUBE_L
299450,9892,FUN_3,FUN_2
299464,29269,FUN_4,FUN_5
299478,26036,FUN_5,FUN_6
299486,1964,FUN_2,FUN_1
299487,24676,FUN_5,FUN_4
299490,21457,CUBE_R,FUN_6
299490,24874,FUN_4,FUN_5
299492,349,FUN_4,FUN_3
299500,28564,FUN_2,FUN_1
299510,25279,FUN_3,FUN_2
299529,25461,CUBE_L,RET
299559,29893,FUN_2,FUN_3
299563,14722,FUN_4,FUN_3
299571,5236,RET,CUBE_R
299590,25745,FUN_4,FUN_5
299596,12172,FUN_6,FUN_5
299602,24945,FUN_3,FUN_2
299606,2008,FUN_4,FUN_3
299612,4689,FUN_2,FUN_3
299639,10798,CUBE_L,FUN_1
299642,24706,CUBE_R,RET
299656,14259,FUN_2,FUN_1
299688,16286,FUN_1,FUN_2
299697,22912,FUN_1,FUN_2
299701,15823,FUN_1,FUN_2
299717,15292,FUN_2,FUN_1
299725,23513,FUN_3,FUN_4
299734,4481,FUN_4,FUN_3
299745,9780,CUBE_R,FUN_6
299773,2730,FUN_4,FUN_5
299776,3423,CUBE_R,FUN_6
299802,22536,CUBE_R,FUN_6
299805,15631,FUN_2,FUN_1
299811,5881,FUN_4,FUN_3
299816,8320,CUBE_R,RET
299816,21409,FUN_2,FUN_3
299818,17240,FUN_2,FUN_3
299834,25094,CUBE_R,FUN_6
299847,16007,FUN_4,FUN_3
299847,23513,FUN_4,FUN_3
299850,14750,FUN_1,FUN_2
299854,18965,FUN_2,FUN_3
299863,3985,CUBE_R,FUN_6
299865,12281,FUN_2,FUN_3
299865,22280,FUN_1,FUN_2
299881,10310,FUN_2,FUN_3
299884,18130,CUBE_R,FUN_6
299906,7354,RET,CUBE_R
299908,1964,FUN_1,FUN_2
299929,17140,FUN_3,FUN_4
299930,19212,CUBE_L,RET
299931,19090,FUN_1,FUN_2
299954,24988,FUN_4,FUN_3
299964,14136,FUN_5,FUN_4
299970,20108,FUN_3,FUN_2
299970,21266,FUN_6,CUBE_R
